# Non-I-map H0: cold reorientation of G*+spurious is not an I-map of G*.  mode=magspace observed=5 maxSpurious=3 distinctTruePags=24259 (per labelling)
# total: 1033

==== NON-I-MAP H0 (cold reorient of G*+spurious is NOT an I-map of G*) ====
  Under the corrected sepset regime this population is expected EMPTY; an entry
  here is a defect. The witness CI below is the proof of the violation.
  model                 : PAG#15
  extra (spurious) edges: [V1 o-o V4, V2 o-o V4, V4 o-o V5]  (k=3)
  WITNESS (holds in H0, fails in G*): V1 _||_ V2 | [V4, V5]   (m-separated in H0's MAG, m-connected in G*)
  true PAG G* (over observed):
Graph Nodes:
V1;V2;V3;V4;V5

Graph Edges:
1. V2 o-> V3
2. V2 o-o V5
3. V3 <-> V1
4. V3 --> V4
5. V5 o-> V1


  H0 (legal PAG = G* + spurious, cold-reoriented):
Graph Nodes:
V1;V2;V3;V4;V5

Graph Edges:
1. V2 o-> V3
2. V2 o-o V4
3. V2 o-o V5
4. V3 <-> V1
5. V4 o-> V1
6. V4 o-> V3
7. V4 o-o V5
8. V5 o-> V1



==== NON-I-MAP H0 (cold reorient of G*+spurious is NOT an I-map of G*) ====
  Under the corrected sepset regime this population is expected EMPTY; an entry
  here is a defect. The witness CI below is the proof of the violation.
  model                 : PAG#42
  extra (spurious) edges: [V1 o-o V3, V2 o-o V3, V3 o-o V5]  (k=3)
  WITNESS (holds in H0, fails in G*): V1 _||_ V2 | [V3, V5]   (m-separated in H0's MAG, m-connected in G*)
  true PAG G* (over observed):
Graph Nodes:
V1;V2;V3;V4;V5

Graph Edges:
1. V1 --> V4
2. V2 --> V4
3. V2 o-o V5
4. V4 --> V3
5. V5 o-o V1


  H0 (legal PAG = G* + spurious, cold-reoriented):
Graph Nodes:
V1;V2;V3;V4;V5

Graph Edges:
1. V1 o-o V3
2. V1 --> V4
3. V2 o-o V3
4. V2 --> V4
5. V2 o-o V5
6. V3 --> V4
7. V3 o-o V5
8. V5 o-o V1



==== NON-I-MAP H0 (cold reorient of G*+spurious is NOT an I-map of G*) ====
  Under the corrected sepset regime this population is expected EMPTY; an entry
  here is a defect. The witness CI below is the proof of the violation.
  model                 : PAG#66
  extra (spurious) edges: [V1 o-o V3, V3 o-o V4]  (k=2)
  WITNESS (holds in H0, fails in G*): V2 _||_ V4 | [V3]   (m-separated in H0's MAG, m-connected in G*)
  true PAG G* (over observed):
Graph Nodes:
V1;V2;V3;V4;V5

Graph Edges:
1. V1 o-o V2
2. V1 o-o V4
3. V2 o-> V3
4. V4 o-> V5
5. V5 <-> V3


  H0 (legal PAG = G* + spurious, cold-reoriented):
Graph Nodes:
V1;V2;V3;V4;V5

Graph Edges:
1. V2 --> V1
2. V2 o-> V3
3. V3 --> V1
4. V3 --> V4
5. V4 --> V1
6. V5 <-> V3
7. V5 <-> V4



==== NON-I-MAP H0 (cold reorient of G*+spurious is NOT an I-map of G*) ====
  Under the corrected sepset regime this population is expected EMPTY; an entry
  here is a defect. The witness CI below is the proof of the violation.
  model                 : PAG#66
  extra (spurious) edges: [V1 o-o V5, V2 o-o V5]  (k=2)
  WITNESS (holds in H0, fails in G*): V2 _||_ V4 | [V5]   (m-separated in H0's MAG, m-connected in G*)
  true PAG G* (over observed):
Graph Nodes:
V1;V2;V3;V4;V5

Graph Edges:
1. V1 o-o V2
2. V1 o-o V4
3. V2 o-> V3
4. V4 o-> V5
5. V5 <-> V3


  H0 (legal PAG = G* + spurious, cold-reoriented):
Graph Nodes:
V1;V2;V3;V4;V5

Graph Edges:
1. V2 --> V1
2. V3 <-> V2
3. V4 --> V1
4. V4 o-> V5
5. V5 --> V1
6. V5 --> V2
7. V5 <-> V3



==== NON-I-MAP H0 (cold reorient of G*+spurious is NOT an I-map of G*) ====
  Under the corrected sepset regime this population is expected EMPTY; an entry
  here is a defect. The witness CI below is the proof of the violation.
  model                 : PAG#99
  extra (spurious) edges: [V1 o-o V5, V2 o-o V5]  (k=2)
  WITNESS (holds in H0, fails in G*): V2 _||_ V3 | [V4, V5]   (m-separated in H0's MAG, m-connected in G*)
  true PAG G* (over observed):
Graph Nodes:
V1;V2;V3;V4;V5

Graph Edges:
1. V1 o-o V2
2. V2 o-o V4
3. V3 o-o V1
4. V3 --> V5
5. V4 --> V5


  H0 (legal PAG = G* + spurious, cold-reoriented):
Graph Nodes:
V1;V2;V3;V4;V5

Graph Edges:
1. V2 --> V1
2. V3 --> V1
3. V3 o-> V5
4. V4 --> V2
5. V4 o-> V5
6. V5 --> V1
7. V5 --> V2



==== NON-I-MAP H0 (cold reorient of G*+spurious is NOT an I-map of G*) ====
  Under the corrected sepset regime this population is expected EMPTY; an entry
  here is a defect. The witness CI below is the proof of the violation.
  model                 : PAG#168
  extra (spurious) edges: [V1 o-o V2, V4 o-o V5]  (k=2)
  WITNESS (holds in H0, fails in G*): V1 _||_ V3 | [V2]   (m-separated in H0's MAG, m-connected in G*)
  true PAG G* (over observed):
Graph Nodes:
V1;V2;V3;V4;V5

Graph Edges:
1. V1 --> V5
2. V3 <-> V2
3. V3 --> V5
4. V4 o-o V1
5. V4 o-> V3
6. V5 <-> V2


  H0 (legal PAG = G* + spurious, cold-reoriented):
Graph Nodes:
V1;V2;V3;V4;V5

Graph Edges:
1. V1 o-o V2
2. V1 --> V4
3. V1 o-> V5
4. V2 o-> V3
5. V2 o-> V5
6. V3 <-> V4
7. V5 <-> V3
8. V5 --> V4



==== NON-I-MAP H0 (cold reorient of G*+spurious is NOT an I-map of G*) ====
  Under the corrected sepset regime this population is expected EMPTY; an entry
  here is a defect. The witness CI below is the proof of the violation.
  model                 : PAG#171
  extra (spurious) edges: [V1 o-o V5, V2 o-o V3]  (k=2)
  WITNESS (holds in H0, fails in G*): V1 _||_ V3 | [V2, V5]   (m-separated in H0's MAG, m-connected in G*)
  true PAG G* (over observed):
Graph Nodes:
V1;V2;V3;V4;V5

Graph Edges:
1. V2 o-> V1
2. V2 o-> V5
3. V4 <-> V1
4. V4 <-> V3
5. V4 --> V5
6. V5 <-> V3


  H0 (legal PAG = G* + spurious, cold-reoriented):
Graph Nodes:
V1;V2;V3;V4;V5

Graph Edges:
1. V1 <-> V4
2. V2 --> V1
3. V2 o-o V3
4. V2 o-> V5
5. V3 o-> V4
6. V3 o-> V5
7. V5 --> V1
8. V5 <-> V4



==== NON-I-MAP H0 (cold reorient of G*+spurious is NOT an I-map of G*) ====
  Under the corrected sepset regime this population is expected EMPTY; an entry
  here is a defect. The witness CI below is the proof of the violation.
  model                 : PAG#285
  extra (spurious) edges: [V1 o-o V3, V1 o-o V4]  (k=2)
  WITNESS (holds in H0, fails in G*): V4 _||_ V5 | [V1, V3]   (m-separated in H0's MAG, m-connected in G*)
  true PAG G* (over observed):
Graph Nodes:
V1;V2;V3;V4;V5

Graph Edges:
1. V2 --> V1
2. V3 o-> V4
3. V3 o-> V5
4. V4 <-> V2
5. V5 <-> V1
6. V5 <-> V2


  H0 (legal PAG = G* + spurious, cold-reoriented):
Graph Nodes:
V1;V2;V3;V4;V5

Graph Edges:
1. V1 o-> V2
2. V1 o-o V3
3. V1 o-> V4
4. V1 o-> V5
5. V2 <-> V4
6. V3 o-> V4
7. V3 o-> V5
8. V5 <-> V2



==== NON-I-MAP H0 (cold reorient of G*+spurious is NOT an I-map of G*) ====
  Under the corrected sepset regime this population is expected EMPTY; an entry
  here is a defect. The witness CI below is the proof of the violation.
  model                 : PAG#323
  extra (spurious) edges: [V1 o-o V5, V3 o-o V5]  (k=2)
  WITNESS (holds in H0, fails in G*): V2 _||_ V3 | [V1, V5]   (m-separated in H0's MAG, m-connected in G*)
  true PAG G* (over observed):
Graph Nodes:
V1;V2;V3;V4;V5

Graph Edges:
1. V1 o-o V2
2. V1 o-> V3
3. V2 o-> V4
4. V2 --> V5
5. V4 <-> V3
6. V4 --> V5


  H0 (legal PAG = G* + spurious, cold-reoriented):
Graph Nodes:
V1;V2;V3;V4;V5

Graph Edges:
1. V1 o-o V2
2. V1 o-> V3
3. V1 o-o V5
4. V2 o-> V4
5. V2 o-o V5
6. V3 <-> V4
7. V5 o-> V3
8. V5 o-> V4



==== NON-I-MAP H0 (cold reorient of G*+spurious is NOT an I-map of G*) ====
  Under the corrected sepset regime this population is expected EMPTY; an entry
  here is a defect. The witness CI below is the proof of the violation.
  model                 : PAG#403
  extra (spurious) edges: [V1 o-o V2, V4 o-o V5]  (k=2)
  WITNESS (holds in H0, fails in G*): V1 _||_ V5 | [V2, V4]   (m-separated in H0's MAG, m-connected in G*)
  true PAG G* (over observed):
Graph Nodes:
V1;V2;V3;V4;V5

Graph Edges:
1. V2 --> V4
2. V2 o-o V5
3. V3 <-> V1
4. V3 --> V4
5. V4 <-> V1
6. V5 o-> V3


  H0 (legal PAG = G* + spurious, cold-reoriented):
Graph Nodes:
V1;V2;V3;V4;V5

Graph Edges:
1. V1 o-o V2
2. V1 o-> V3
3. V1 o-> V4
4. V2 o-> V4
5. V2 --> V5
6. V3 <-> V5
7. V4 <-> V3
8. V4 --> V5



==== NON-I-MAP H0 (cold reorient of G*+spurious is NOT an I-map of G*) ====
  Under the corrected sepset regime this population is expected EMPTY; an entry
  here is a defect. The witness CI below is the proof of the violation.
  model                 : PAG#437
  extra (spurious) edges: [V2 o-o V3, V3 o-o V4]  (k=2)
  WITNESS (holds in H0, fails in G*): V1 _||_ V4 | [V3, V5]   (m-separated in H0's MAG, m-connected in G*)
  true PAG G* (over observed):
Graph Nodes:
V1;V2;V3;V4;V5

Graph Edges:
1. V1 o-o V2
2. V1 --> V3
3. V2 o-o V4
4. V4 o-o V5
5. V5 --> V3


  H0 (legal PAG = G* + spurious, cold-reoriented):
Graph Nodes:
V1;V2;V3;V4;V5

Graph Edges:
1. V1 --> V2
2. V1 o-> V3
3. V3 --> V2
4. V3 --> V4
5. V4 --> V2
6. V5 o-> V3
7. V5 --> V4



==== NON-I-MAP H0 (cold reorient of G*+spurious is NOT an I-map of G*) ====
  Under the corrected sepset regime this population is expected EMPTY; an entry
  here is a defect. The witness CI below is the proof of the violation.
  model                 : PAG#441
  extra (spurious) edges: [V1 o-o V3, V3 o-o V4]  (k=2)
  WITNESS (holds in H0, fails in G*): V1 _||_ V5 | [V3]   (m-separated in H0's MAG, m-connected in G*)
  true PAG G* (over observed):
Graph Nodes:
V1;V2;V3;V4;V5

Graph Edges:
1. V1 o-> V2
2. V1 o-o V4
3. V2 <-> V3
4. V4 o-o V5
5. V5 o-> V3


  H0 (legal PAG = G* + spurious, cold-reoriented):
Graph Nodes:
V1;V2;V3;V4;V5

Graph Edges:
1. V1 --> V4
2. V2 <-> V1
3. V3 --> V1
4. V3 <-> V2
5. V3 --> V4
6. V5 o-> V3
7. V5 --> V4



==== NON-I-MAP H0 (cold reorient of G*+spurious is NOT an I-map of G*) ====
  Under the corrected sepset regime this population is expected EMPTY; an entry
  here is a defect. The witness CI below is the proof of the violation.
  model                 : PAG#441
  extra (spurious) edges: [V2 o-o V4, V2 o-o V5]  (k=2)
  WITNESS (holds in H0, fails in G*): V1 _||_ V3 | []   (m-separated in H0's MAG, m-connected in G*)
  true PAG G* (over observed):
Graph Nodes:
V1;V2;V3;V4;V5

Graph Edges:
1. V1 o-> V2
2. V1 o-o V4
3. V2 <-> V3
4. V4 o-o V5
5. V5 o-> V3


  H0 (legal PAG = G* + spurious, cold-reoriented):
Graph Nodes:
V1;V2;V3;V4;V5

Graph Edges:
1. V1 o-> V2
2. V1 --> V4
3. V2 --> V4
4. V2 --> V5
5. V3 <-> V2
6. V3 <-> V5
7. V5 --> V4



==== NON-I-MAP H0 (cold reorient of G*+spurious is NOT an I-map of G*) ====
  Under the corrected sepset regime this population is expected EMPTY; an entry
  here is a defect. The witness CI below is the proof of the violation.
  model                 : PAG#452
  extra (spurious) edges: [V2 o-o V5, V3 o-o V4]  (k=2)
  WITNESS (holds in H0, fails in G*): V2 _||_ V4 | [V3, V5]   (m-separated in H0's MAG, m-connected in G*)
  true PAG G* (over observed):
Graph Nodes:
V1;V2;V3;V4;V5

Graph Edges:
1. V1 <-> V2
2. V1 --> V3
3. V3 <-> V2
4. V4 <-> V1
5. V5 o-> V3
6. V5 o-> V4


  H0 (legal PAG = G* + spurious, cold-reoriented):
Graph Nodes:
V1;V2;V3;V4;V5

Graph Edges:
1. V1 <-> V4
2. V2 o-> V1
3. V2 o-> V3
4. V2 o-o V5
5. V3 <-> V1
6. V3 --> V4
7. V5 o-> V3
8. V5 --> V4



==== NON-I-MAP H0 (cold reorient of G*+spurious is NOT an I-map of G*) ====
  Under the corrected sepset regime this population is expected EMPTY; an entry
  here is a defect. The witness CI below is the proof of the violation.
  model                 : PAG#487
  extra (spurious) edges: [V2 o-o V3, V3 o-o V4]  (k=2)
  WITNESS (holds in H0, fails in G*): V4 _||_ V5 | [V2, V3]   (m-separated in H0's MAG, m-connected in G*)
  true PAG G* (over observed):
Graph Nodes:
V1;V2;V3;V4;V5

Graph Edges:
1. V1 --> V3
2. V2 o-o V4
3. V2 o-o V5
4. V4 --> V1
5. V5 --> V1
6. V5 --> V3


  H0 (legal PAG = G* + spurious, cold-reoriented):
Graph Nodes:
V1;V2;V3;V4;V5

Graph Edges:
1. V2 o-o V3
2. V2 o-o V4
3. V2 o-o V5
4. V3 --> V1
5. V3 o-o V4
6. V4 --> V1
7. V5 --> V1
8. V5 o-o V3



==== NON-I-MAP H0 (cold reorient of G*+spurious is NOT an I-map of G*) ====
  Under the corrected sepset regime this population is expected EMPTY; an entry
  here is a defect. The witness CI below is the proof of the violation.
  model                 : PAG#586
  extra (spurious) edges: [V2 o-o V5, V4 o-o V5]  (k=2)
  WITNESS (holds in H0, fails in G*): V1 _||_ V2 | [V4, V5]   (m-separated in H0's MAG, m-connected in G*)
  true PAG G* (over observed):
Graph Nodes:
V1;V2;V3;V4;V5

Graph Edges:
1. V1 o-> V3
2. V1 o-o V4
3. V1 --> V5
4. V3 <-> V2
5. V3 --> V5
6. V4 o-> V2


  H0 (legal PAG = G* + spurious, cold-reoriented):
Graph Nodes:
V1;V2;V3;V4;V5

Graph Edges:
1. V1 o-> V3
2. V1 o-o V4
3. V1 o-o V5
4. V3 <-> V2
5. V4 o-> V2
6. V4 o-o V5
7. V5 o-> V2
8. V5 o-> V3



==== NON-I-MAP H0 (cold reorient of G*+spurious is NOT an I-map of G*) ====
  Under the corrected sepset regime this population is expected EMPTY; an entry
  here is a defect. The witness CI below is the proof of the violation.
  model                 : PAG#594
  extra (spurious) edges: [V1 o-o V3, V2 o-o V5]  (k=2)
  WITNESS (holds in H0, fails in G*): V1 _||_ V2 | [V3, V5]   (m-separated in H0's MAG, m-connected in G*)
  true PAG G* (over observed):
Graph Nodes:
V1;V2;V3;V4;V5

Graph Edges:
1. V3 o-> V2
2. V3 o-> V5
3. V4 <-> V1
4. V4 <-> V2
5. V4 --> V5
6. V5 <-> V1


  H0 (legal PAG = G* + spurious, cold-reoriented):
Graph Nodes:
V1;V2;V3;V4;V5

Graph Edges:
1. V1 o-o V3
2. V1 o-> V4
3. V1 o-> V5
4. V3 --> V2
5. V3 o-> V5
6. V4 <-> V2
7. V5 --> V2
8. V5 <-> V4



==== NON-I-MAP H0 (cold reorient of G*+spurious is NOT an I-map of G*) ====
  Under the corrected sepset regime this population is expected EMPTY; an entry
  here is a defect. The witness CI below is the proof of the violation.
  model                 : PAG#595
  extra (spurious) edges: [V2 o-o V3, V3 o-o V5]  (k=2)
  WITNESS (holds in H0, fails in G*): V1 _||_ V2 | [V3, V5]   (m-separated in H0's MAG, m-connected in G*)
  true PAG G* (over observed):
Graph Nodes:
V1;V2;V3;V4;V5

Graph Edges:
1. V1 --> V3
2. V1 --> V4
3. V2 --> V4
4. V2 o-o V5
5. V4 --> V3
6. V5 o-o V1


  H0 (legal PAG = G* + spurious, cold-reoriented):
Graph Nodes:
V1;V2;V3;V4;V5

Graph Edges:
1. V1 o-o V3
2. V1 --> V4
3. V2 o-o V3
4. V2 --> V4
5. V2 o-o V5
6. V3 --> V4
7. V3 o-o V5
8. V5 o-o V1



==== NON-I-MAP H0 (cold reorient of G*+spurious is NOT an I-map of G*) ====
  Under the corrected sepset regime this population is expected EMPTY; an entry
  here is a defect. The witness CI below is the proof of the violation.
  model                 : PAG#599
  extra (spurious) edges: [V1 o-o V4, V3 o-o V5]  (k=2)
  WITNESS (holds in H0, fails in G*): V1 _||_ V5 | [V3, V4]   (m-separated in H0's MAG, m-connected in G*)
  true PAG G* (over observed):
Graph Nodes:
V1;V2;V3;V4;V5

Graph Edges:
1. V1 <-> V2
2. V2 --> V4
3. V2 <-> V5
4. V3 o-> V1
5. V3 o-> V4
6. V4 <-> V5


  H0 (legal PAG = G* + spurious, cold-reoriented):
Graph Nodes:
V1;V2;V3;V4;V5

Graph Edges:
1. V2 <-> V1
2. V3 --> V1
3. V3 o-> V4
4. V3 o-o V5
5. V4 --> V1
6. V4 <-> V2
7. V5 o-> V2
8. V5 o-> V4



==== NON-I-MAP H0 (cold reorient of G*+spurious is NOT an I-map of G*) ====
  Under the corrected sepset regime this population is expected EMPTY; an entry
  here is a defect. The witness CI below is the proof of the violation.
  model                 : PAG#607
  extra (spurious) edges: [V1 o-o V3, V2 o-o V3]  (k=2)
  WITNESS (holds in H0, fails in G*): V2 _||_ V4 | [V1, V3]   (m-separated in H0's MAG, m-connected in G*)
  true PAG G* (over observed):
Graph Nodes:
V1;V2;V3;V4;V5

Graph Edges:
1. V1 o-o V2
2. V2 --> V5
3. V4 o-o V1
4. V4 --> V3
5. V4 --> V5
6. V5 --> V3


  H0 (legal PAG = G* + spurious, cold-reoriented):
Graph Nodes:
V1;V2;V3;V4;V5

Graph Edges:
1. V1 o-o V2
2. V1 o-o V3
3. V2 o-o V3
4. V2 --> V5
5. V3 --> V5
6. V4 o-o V1
7. V4 o-o V3
8. V4 --> V5



==== NON-I-MAP H0 (cold reorient of G*+spurious is NOT an I-map of G*) ====
  Under the corrected sepset regime this population is expected EMPTY; an entry
  here is a defect. The witness CI below is the proof of the violation.
  model                 : PAG#615
  extra (spurious) edges: [V2 o-o V5, V3 o-o V5, V4 o-o V5]  (k=3)
  WITNESS (holds in H0, fails in G*): V2 _||_ V3 | [V4, V5]   (m-separated in H0's MAG, m-connected in G*)
  true PAG G* (over observed):
Graph Nodes:
V1;V2;V3;V4;V5

Graph Edges:
1. V1 --> V5
2. V2 <-> V1
3. V3 o-> V1
4. V4 o-> V2
5. V4 o-o V3


  H0 (legal PAG = G* + spurious, cold-reoriented):
Graph Nodes:
V1;V2;V3;V4;V5

Graph Edges:
1. V1 <-> V2
2. V3 o-> V1
3. V3 o-o V5
4. V4 o-> V2
5. V4 o-o V3
6. V4 o-o V5
7. V5 o-> V1
8. V5 o-> V2



==== NON-I-MAP H0 (cold reorient of G*+spurious is NOT an I-map of G*) ====
  Under the corrected sepset regime this population is expected EMPTY; an entry
  here is a defect. The witness CI below is the proof of the violation.
  model                 : PAG#668
  extra (spurious) edges: [V1 o-o V2, V2 o-o V4]  (k=2)
  WITNESS (holds in H0, fails in G*): V1 _||_ V3 | [V2, V5]   (m-separated in H0's MAG, m-connected in G*)
  true PAG G* (over observed):
Graph Nodes:
V1;V2;V3;V4;V5

Graph Edges:
1. V1 o-o V4
2. V1 o-o V5
3. V3 --> V2
4. V4 o-o V3
5. V5 --> V2


  H0 (legal PAG = G* + spurious, cold-reoriented):
Graph Nodes:
V1;V2;V3;V4;V5

Graph Edges:
1. V1 --> V4
2. V2 --> V1
3. V2 --> V4
4. V3 o-> V2
5. V3 --> V4
6. V5 --> V1
7. V5 o-> V2



==== NON-I-MAP H0 (cold reorient of G*+spurious is NOT an I-map of G*) ====
  Under the corrected sepset regime this population is expected EMPTY; an entry
  here is a defect. The witness CI below is the proof of the violation.
  model                 : PAG#676
  extra (spurious) edges: [V2 o-o V5, V3 o-o V5]  (k=2)
  WITNESS (holds in H0, fails in G*): V1 _||_ V4 | []   (m-separated in H0's MAG, m-connected in G*)
  true PAG G* (over observed):
Graph Nodes:
V1;V2;V3;V4;V5

Graph Edges:
1. V2 o-o V3
2. V2 o-> V4
3. V3 o-> V1
4. V5 <-> V1
5. V5 <-> V4


  H0 (legal PAG = G* + spurious, cold-reoriented):
Graph Nodes:
V1;V2;V3;V4;V5

Graph Edges:
1. V1 <-> V3
2. V3 --> V2
3. V4 <-> V2
4. V4 <-> V5
5. V5 <-> V1
6. V5 --> V2
7. V5 --> V3



==== NON-I-MAP H0 (cold reorient of G*+spurious is NOT an I-map of G*) ====
  Under the corrected sepset regime this population is expected EMPTY; an entry
  here is a defect. The witness CI below is the proof of the violation.
  model                 : PAG#681
  extra (spurious) edges: [V2 o-o V5, V3 o-o V5]  (k=2)
  WITNESS (holds in H0, fails in G*): V3 _||_ V4 | [V2, V5]   (m-separated in H0's MAG, m-connected in G*)
  true PAG G* (over observed):
Graph Nodes:
V1;V2;V3;V4;V5

Graph Edges:
1. V1 --> V5
2. V2 o-> V3
3. V2 o-> V4
4. V3 <-> V1
5. V4 <-> V1
6. V4 <-> V5


  H0 (legal PAG = G* + spurious, cold-reoriented):
Graph Nodes:
V1;V2;V3;V4;V5

Graph Edges:
1. V2 o-> V3
2. V2 o-> V4
3. V2 o-o V5
4. V3 <-> V1
5. V4 <-> V1
6. V5 o-> V1
7. V5 o-> V3
8. V5 o-> V4



==== NON-I-MAP H0 (cold reorient of G*+spurious is NOT an I-map of G*) ====
  Under the corrected sepset regime this population is expected EMPTY; an entry
  here is a defect. The witness CI below is the proof of the violation.
  model                 : PAG#703
  extra (spurious) edges: [V1 o-o V4, V2 o-o V4]  (k=2)
  WITNESS (holds in H0, fails in G*): V1 _||_ V3 | [V2, V4]   (m-separated in H0's MAG, m-connected in G*)
  true PAG G* (over observed):
Graph Nodes:
V1;V2;V3;V4;V5

Graph Edges:
1. V1 o-o V2
2. V1 --> V5
3. V2 o-o V3
4. V3 --> V4
5. V3 --> V5
6. V5 --> V4


  H0 (legal PAG = G* + spurious, cold-reoriented):
Graph Nodes:
V1;V2;V3;V4;V5

Graph Edges:
1. V1 o-o V2
2. V1 o-o V4
3. V1 --> V5
4. V2 o-o V3
5. V2 o-o V4
6. V3 o-o V4
7. V3 --> V5
8. V4 --> V5



==== NON-I-MAP H0 (cold reorient of G*+spurious is NOT an I-map of G*) ====
  Under the corrected sepset regime this population is expected EMPTY; an entry
  here is a defect. The witness CI below is the proof of the violation.
  model                 : PAG#725
  extra (spurious) edges: [V1 o-o V2, V1 o-o V3]  (k=2)
  WITNESS (holds in H0, fails in G*): V2 _||_ V5 | [V1]   (m-separated in H0's MAG, m-connected in G*)
  true PAG G* (over observed):
Graph Nodes:
V1;V2;V3;V4;V5

Graph Edges:
1. V3 o-> V2
2. V4 --> V1
3. V4 <-> V2
4. V4 <-> V5
5. V5 <-> V1


  H0 (legal PAG = G* + spurious, cold-reoriented):
Graph Nodes:
V1;V2;V3;V4;V5

Graph Edges:
1. V1 o-> V2
2. V1 o-o V3
3. V1 o-> V4
4. V3 o-> V2
5. V4 <-> V2
6. V5 o-o V1
7. V5 o-> V4



==== NON-I-MAP H0 (cold reorient of G*+spurious is NOT an I-map of G*) ====
  Under the corrected sepset regime this population is expected EMPTY; an entry
  here is a defect. The witness CI below is the proof of the violation.
  model                 : PAG#733
  extra (spurious) edges: [V1 o-o V5, V2 o-o V5, V3 o-o V5]  (k=3)
  WITNESS (holds in H0, fails in G*): V2 _||_ V3 | [V1, V5]   (m-separated in H0's MAG, m-connected in G*)
  true PAG G* (over observed):
Graph Nodes:
V1;V2;V3;V4;V5

Graph Edges:
1. V1 o-o V2
2. V1 o-> V3
3. V2 o-> V4
4. V4 <-> V3
5. V4 --> V5


  H0 (legal PAG = G* + spurious, cold-reoriented):
Graph Nodes:
V1;V2;V3;V4;V5

Graph Edges:
1. V1 o-o V2
2. V1 o-> V3
3. V1 o-o V5
4. V2 o-> V4
5. V2 o-o V5
6. V3 <-> V4
7. V5 o-> V3
8. V5 o-> V4



==== NON-I-MAP H0 (cold reorient of G*+spurious is NOT an I-map of G*) ====
  Under the corrected sepset regime this population is expected EMPTY; an entry
  here is a defect. The witness CI below is the proof of the violation.
  model                 : PAG#749
  extra (spurious) edges: [V1 o-o V2, V3 o-o V4]  (k=2)
  WITNESS (holds in H0, fails in G*): V1 _||_ V4 | [V2, V3]   (m-separated in H0's MAG, m-connected in G*)
  true PAG G* (over observed):
Graph Nodes:
V1;V2;V3;V4;V5

Graph Edges:
1. V2 --> V3
2. V2 o-o V4
3. V3 <-> V1
4. V4 o-> V5
5. V5 <-> V1
6. V5 --> V3


  H0 (legal PAG = G* + spurious, cold-reoriented):
Graph Nodes:
V1;V2;V3;V4;V5

Graph Edges:
1. V1 o-o V2
2. V1 o-> V3
3. V1 o-> V5
4. V2 o-> V3
5. V2 --> V4
6. V3 --> V4
7. V3 <-> V5
8. V5 <-> V4



==== NON-I-MAP H0 (cold reorient of G*+spurious is NOT an I-map of G*) ====
  Under the corrected sepset regime this population is expected EMPTY; an entry
  here is a defect. The witness CI below is the proof of the violation.
  model                 : PAG#758
  extra (spurious) edges: [V2 o-o V3, V2 o-o V4, V2 o-o V5]  (k=3)
  WITNESS (holds in H0, fails in G*): V3 _||_ V5 | [V2, V4]   (m-separated in H0's MAG, m-connected in G*)
  true PAG G* (over observed):
Graph Nodes:
V1;V2;V3;V4;V5

Graph Edges:
1. V1 --> V2
2. V3 --> V1
3. V4 o-o V3
4. V5 --> V1
5. V5 o-o V4


  H0 (legal PAG = G* + spurious, cold-reoriented):
Graph Nodes:
V1;V2;V3;V4;V5

Graph Edges:
1. V2 --> V1
2. V2 o-o V3
3. V2 o-o V4
4. V2 o-o V5
5. V3 --> V1
6. V4 o-o V3
7. V5 --> V1
8. V5 o-o V4



==== NON-I-MAP H0 (cold reorient of G*+spurious is NOT an I-map of G*) ====
  Under the corrected sepset regime this population is expected EMPTY; an entry
  here is a defect. The witness CI below is the proof of the violation.
  model                 : PAG#786
  extra (spurious) edges: [V1 o-o V3, V1 o-o V5]  (k=2)
  WITNESS (holds in H0, fails in G*): V3 _||_ V4 | [V1]   (m-separated in H0's MAG, m-connected in G*)
  true PAG G* (over observed):
Graph Nodes:
V1;V2;V3;V4;V5

Graph Edges:
1. V2 --> V1
2. V2 <-> V3
3. V2 <-> V4
4. V4 <-> V1
5. V5 o-> V3


  H0 (legal PAG = G* + spurious, cold-reoriented):
Graph Nodes:
V1;V2;V3;V4;V5

Graph Edges:
1. V1 o-> V2
2. V1 o-> V3
3. V1 o-o V5
4. V3 <-> V2
5. V4 o-o V1
6. V4 o-> V2
7. V5 o-> V3



==== NON-I-MAP H0 (cold reorient of G*+spurious is NOT an I-map of G*) ====
  Under the corrected sepset regime this population is expected EMPTY; an entry
  here is a defect. The witness CI below is the proof of the violation.
  model                 : PAG#931
  extra (spurious) edges: [V1 o-o V3, V1 o-o V4]  (k=2)
  WITNESS (holds in H0, fails in G*): V3 _||_ V5 | [V1]   (m-separated in H0's MAG, m-connected in G*)
  true PAG G* (over observed):
Graph Nodes:
V1;V2;V3;V4;V5

Graph Edges:
1. V2 --> V1
2. V3 <-> V2
3. V4 o-> V3
4. V5 --> V1
5. V5 o-> V2


  H0 (legal PAG = G* + spurious, cold-reoriented):
Graph Nodes:
V1;V2;V3;V4;V5

Graph Edges:
1. V1 o-> V2
2. V1 o-> V3
3. V1 o-o V4
4. V2 <-> V3
5. V4 o-> V3
6. V5 o-o V1
7. V5 o-> V2



==== NON-I-MAP H0 (cold reorient of G*+spurious is NOT an I-map of G*) ====
  Under the corrected sepset regime this population is expected EMPTY; an entry
  here is a defect. The witness CI below is the proof of the violation.
  model                 : PAG#952
  extra (spurious) edges: [V1 o-o V4, V4 o-o V5]  (k=2)
  WITNESS (holds in H0, fails in G*): V1 _||_ V5 | [V4]   (m-separated in H0's MAG, m-connected in G*)
  true PAG G* (over observed):
Graph Nodes:
V1;V2;V3;V4;V5

Graph Edges:
1. V2 <-> V1
2. V3 <-> V1
3. V3 --> V4
4. V4 --> V2
5. V5 <-> V2
6. V5 <-> V3


  H0 (legal PAG = G* + spurious, cold-reoriented):
Graph Nodes:
V1;V2;V3;V4;V5

Graph Edges:
1. V1 <-> V2
2. V3 <-> V1
3. V4 o-> V1
4. V4 o-> V2
5. V4 o-> V3
6. V4 o-> V5
7. V5 <-> V2
8. V5 <-> V3



==== NON-I-MAP H0 (cold reorient of G*+spurious is NOT an I-map of G*) ====
  Under the corrected sepset regime this population is expected EMPTY; an entry
  here is a defect. The witness CI below is the proof of the violation.
  model                 : PAG#1014
  extra (spurious) edges: [V2 o-o V5, V3 o-o V5]  (k=2)
  WITNESS (holds in H0, fails in G*): V1 _||_ V3 | [V2, V5]   (m-separated in H0's MAG, m-connected in G*)
  true PAG G* (over observed):
Graph Nodes:
V1;V2;V3;V4;V5

Graph Edges:
1. V1 --> V4
2. V1 --> V5
3. V2 o-o V1
4. V3 o-o V2
5. V3 --> V4
6. V4 --> V5


  H0 (legal PAG = G* + spurious, cold-reoriented):
Graph Nodes:
V1;V2;V3;V4;V5

Graph Edges:
1. V1 --> V4
2. V1 o-o V5
3. V2 o-o V1
4. V2 o-o V5
5. V3 o-o V2
6. V3 --> V4
7. V3 o-o V5
8. V5 --> V4



==== NON-I-MAP H0 (cold reorient of G*+spurious is NOT an I-map of G*) ====
  Under the corrected sepset regime this population is expected EMPTY; an entry
  here is a defect. The witness CI below is the proof of the violation.
  model                 : PAG#1048
  extra (spurious) edges: [V2 o-o V3, V3 o-o V5]  (k=2)
  WITNESS (holds in H0, fails in G*): V1 _||_ V2 | [V3]   (m-separated in H0's MAG, m-connected in G*)
  true PAG G* (over observed):
Graph Nodes:
V1;V2;V3;V4;V5

Graph Edges:
1. V1 <-> V3
2. V4 <-> V1
3. V4 <-> V2
4. V4 --> V3
5. V5 o-> V2


  H0 (legal PAG = G* + spurious, cold-reoriented):
Graph Nodes:
V1;V2;V3;V4;V5

Graph Edges:
1. V1 o-o V3
2. V1 o-> V4
3. V2 <-> V4
4. V3 o-> V2
5. V3 o-> V4
6. V3 o-o V5
7. V5 o-> V2



==== NON-I-MAP H0 (cold reorient of G*+spurious is NOT an I-map of G*) ====
  Under the corrected sepset regime this population is expected EMPTY; an entry
  here is a defect. The witness CI below is the proof of the violation.
  model                 : PAG#1054
  extra (spurious) edges: [V1 o-o V3, V2 o-o V5]  (k=2)
  WITNESS (holds in H0, fails in G*): V2 _||_ V3 | [V1, V5]   (m-separated in H0's MAG, m-connected in G*)
  true PAG G* (over observed):
Graph Nodes:
V1;V2;V3;V4;V5

Graph Edges:
1. V1 o-> V2
2. V1 o-> V5
3. V4 <-> V2
4. V4 <-> V3
5. V4 --> V5
6. V5 <-> V3


  H0 (legal PAG = G* + spurious, cold-reoriented):
Graph Nodes:
V1;V2;V3;V4;V5

Graph Edges:
1. V1 --> V2
2. V1 o-o V3
3. V1 o-> V5
4. V3 o-> V4
5. V3 o-> V5
6. V4 <-> V2
7. V5 --> V2
8. V5 <-> V4



==== NON-I-MAP H0 (cold reorient of G*+spurious is NOT an I-map of G*) ====
  Under the corrected sepset regime this population is expected EMPTY; an entry
  here is a defect. The witness CI below is the proof of the violation.
  model                 : PAG#1080
  extra (spurious) edges: [V1 o-o V5, V2 o-o V5]  (k=2)
  WITNESS (holds in H0, fails in G*): V1 _||_ V4 | [V5]   (m-separated in H0's MAG, m-connected in G*)
  true PAG G* (over observed):
Graph Nodes:
V1;V2;V3;V4;V5

Graph Edges:
1. V2 o-> V1
2. V3 <-> V1
3. V3 --> V5
4. V4 o-> V3
5. V4 --> V5


  H0 (legal PAG = G* + spurious, cold-reoriented):
Graph Nodes:
V1;V2;V3;V4;V5

Graph Edges:
1. V2 o-> V1
2. V2 o-o V5
3. V3 <-> V1
4. V4 o-> V3
5. V4 o-o V5
6. V5 o-> V1
7. V5 o-> V3



==== NON-I-MAP H0 (cold reorient of G*+spurious is NOT an I-map of G*) ====
  Under the corrected sepset regime this population is expected EMPTY; an entry
  here is a defect. The witness CI below is the proof of the violation.
  model                 : PAG#1082
  extra (spurious) edges: [V2 o-o V5, V3 o-o V5, V4 o-o V5]  (k=3)
  WITNESS (holds in H0, fails in G*): V2 _||_ V4 | [V3, V5]   (m-separated in H0's MAG, m-connected in G*)
  true PAG G* (over observed):
Graph Nodes:
V1;V2;V3;V4;V5

Graph Edges:
1. V1 --> V5
2. V2 <-> V1
3. V3 o-> V2
4. V4 o-> V1
5. V4 o-o V3


  H0 (legal PAG = G* + spurious, cold-reoriented):
Graph Nodes:
V1;V2;V3;V4;V5

Graph Edges:
1. V2 <-> V1
2. V3 o-> V2
3. V3 o-o V5
4. V4 o-> V1
5. V4 o-o V3
6. V4 o-o V5
7. V5 o-> V1
8. V5 o-> V2



==== NON-I-MAP H0 (cold reorient of G*+spurious is NOT an I-map of G*) ====
  Under the corrected sepset regime this population is expected EMPTY; an entry
  here is a defect. The witness CI below is the proof of the violation.
  model                 : PAG#1083
  extra (spurious) edges: [V1 o-o V2, V4 o-o V5]  (k=2)
  WITNESS (holds in H0, fails in G*): V1 _||_ V4 | [V2, V5]   (m-separated in H0's MAG, m-connected in G*)
  true PAG G* (over observed):
Graph Nodes:
V1;V2;V3;V4;V5

Graph Edges:
1. V2 o-> V4
2. V2 o-> V5
3. V3 <-> V1
4. V3 --> V5
5. V4 <-> V3
6. V5 <-> V1


  H0 (legal PAG = G* + spurious, cold-reoriented):
Graph Nodes:
V1;V2;V3;V4;V5

Graph Edges:
1. V1 o-o V2
2. V1 o-> V3
3. V1 o-> V5
4. V2 --> V4
5. V2 o-> V5
6. V3 <-> V4
7. V5 <-> V3
8. V5 --> V4



==== NON-I-MAP H0 (cold reorient of G*+spurious is NOT an I-map of G*) ====
  Under the corrected sepset regime this population is expected EMPTY; an entry
  here is a defect. The witness CI below is the proof of the violation.
  model                 : PAG#1088
  extra (spurious) edges: [V1 o-o V2, V2 o-o V3, V2 o-o V4]  (k=3)
  WITNESS (holds in H0, fails in G*): V1 _||_ V3 | [V2, V4]   (m-separated in H0's MAG, m-connected in G*)
  true PAG G* (over observed):
Graph Nodes:
V1;V2;V3;V4;V5

Graph Edges:
1. V1 --> V5
2. V3 o-o V4
3. V3 --> V5
4. V4 o-o V1
5. V5 --> V2


  H0 (legal PAG = G* + spurious, cold-reoriented):
Graph Nodes:
V1;V2;V3;V4;V5

Graph Edges:
1. V1 o-o V2
2. V1 --> V5
3. V2 o-o V3
4. V2 o-o V4
5. V2 --> V5
6. V3 o-o V4
7. V3 --> V5
8. V4 o-o V1



==== NON-I-MAP H0 (cold reorient of G*+spurious is NOT an I-map of G*) ====
  Under the corrected sepset regime this population is expected EMPTY; an entry
  here is a defect. The witness CI below is the proof of the violation.
  model                 : PAG#1104
  extra (spurious) edges: [V2 o-o V3, V2 o-o V5]  (k=2)
  WITNESS (holds in H0, fails in G*): V1 _||_ V5 | [V2, V3]   (m-separated in H0's MAG, m-connected in G*)
  true PAG G* (over observed):
Graph Nodes:
V1;V2;V3;V4;V5

Graph Edges:
1. V1 <-> V2
2. V3 o-> V1
3. V3 o-> V5
4. V4 <-> V1
5. V4 --> V2
6. V5 <-> V4


  H0 (legal PAG = G* + spurious, cold-reoriented):
Graph Nodes:
V1;V2;V3;V4;V5

Graph Edges:
1. V1 <-> V4
2. V2 o-> V1
3. V2 o-o V3
4. V2 o-> V4
5. V2 o-> V5
6. V3 o-> V1
7. V3 o-> V5
8. V5 <-> V4



==== NON-I-MAP H0 (cold reorient of G*+spurious is NOT an I-map of G*) ====
  Under the corrected sepset regime this population is expected EMPTY; an entry
  here is a defect. The witness CI below is the proof of the violation.
  model                 : PAG#1113
  extra (spurious) edges: [V1 o-o V2, V1 o-o V4]  (k=2)
  WITNESS (holds in H0, fails in G*): V2 _||_ V3 | [V1, V4]   (m-separated in H0's MAG, m-connected in G*)
  true PAG G* (over observed):
Graph Nodes:
V1;V2;V3;V4;V5

Graph Edges:
1. V2 --> V5
2. V3 --> V1
3. V3 o-o V4
4. V3 --> V5
5. V4 o-o V2
6. V5 --> V1


  H0 (legal PAG = G* + spurious, cold-reoriented):
Graph Nodes:
V1;V2;V3;V4;V5

Graph Edges:
1. V1 o-o V2
2. V1 o-o V4
3. V1 --> V5
4. V2 --> V5
5. V3 o-o V1
6. V3 o-o V4
7. V3 --> V5
8. V4 o-o V2



==== NON-I-MAP H0 (cold reorient of G*+spurious is NOT an I-map of G*) ====
  Under the corrected sepset regime this population is expected EMPTY; an entry
  here is a defect. The witness CI below is the proof of the violation.
  model                 : PAG#1127
  extra (spurious) edges: [V1 o-o V3, V1 o-o V5]  (k=2)
  WITNESS (holds in H0, fails in G*): V2 _||_ V4 | []   (m-separated in H0's MAG, m-connected in G*)
  true PAG G* (over observed):
Graph Nodes:
V1;V2;V3;V4;V5

Graph Edges:
1. V2 --> V1
2. V3 o-o V2
3. V4 --> V1
4. V4 o-o V5
5. V5 o-o V3


  H0 (legal PAG = G* + spurious, cold-reoriented):
Graph Nodes:
V1;V2;V3;V4;V5

Graph Edges:
1. V1 --> V3
2. V1 --> V5
3. V2 o-> V1
4. V2 --> V3
5. V4 o-> V1
6. V4 --> V5
7. V5 --> V3



==== NON-I-MAP H0 (cold reorient of G*+spurious is NOT an I-map of G*) ====
  Under the corrected sepset regime this population is expected EMPTY; an entry
  here is a defect. The witness CI below is the proof of the violation.
  model                 : PAG#1140
  extra (spurious) edges: [V1 o-o V4, V2 o-o V4]  (k=2)
  WITNESS (holds in H0, fails in G*): V2 _||_ V3 | [V4]   (m-separated in H0's MAG, m-connected in G*)
  true PAG G* (over observed):
Graph Nodes:
V1;V2;V3;V4;V5

Graph Edges:
1. V1 o-o V2
2. V1 o-o V3
3. V2 o-> V5
4. V3 o-> V4
5. V5 <-> V4


  H0 (legal PAG = G* + spurious, cold-reoriented):
Graph Nodes:
V1;V2;V3;V4;V5

Graph Edges:
1. V2 --> V1
2. V3 --> V1
3. V3 o-> V4
4. V4 --> V1
5. V4 --> V2
6. V4 <-> V5
7. V5 <-> V2



==== NON-I-MAP H0 (cold reorient of G*+spurious is NOT an I-map of G*) ====
  Under the corrected sepset regime this population is expected EMPTY; an entry
  here is a defect. The witness CI below is the proof of the violation.
  model                 : PAG#1140
  extra (spurious) edges: [V1 o-o V5, V3 o-o V5]  (k=2)
  WITNESS (holds in H0, fails in G*): V2 _||_ V3 | [V5]   (m-separated in H0's MAG, m-connected in G*)
  true PAG G* (over observed):
Graph Nodes:
V1;V2;V3;V4;V5

Graph Edges:
1. V1 o-o V2
2. V1 o-o V3
3. V2 o-> V5
4. V3 o-> V4
5. V5 <-> V4


  H0 (legal PAG = G* + spurious, cold-reoriented):
Graph Nodes:
V1;V2;V3;V4;V5

Graph Edges:
1. V2 --> V1
2. V2 o-> V5
3. V3 --> V1
4. V4 <-> V3
5. V4 <-> V5
6. V5 --> V1
7. V5 --> V3



==== NON-I-MAP H0 (cold reorient of G*+spurious is NOT an I-map of G*) ====
  Under the corrected sepset regime this population is expected EMPTY; an entry
  here is a defect. The witness CI below is the proof of the violation.
  model                 : PAG#1148
  extra (spurious) edges: [V2 o-o V3, V3 o-o V5]  (k=2)
  WITNESS (holds in H0, fails in G*): V1 _||_ V4 | []   (m-separated in H0's MAG, m-connected in G*)
  true PAG G* (over observed):
Graph Nodes:
V1;V2;V3;V4;V5

Graph Edges:
1. V1 o-o V2
2. V1 --> V3
3. V2 o-o V5
4. V4 --> V3
5. V5 o-o V4


  H0 (legal PAG = G* + spurious, cold-reoriented):
Graph Nodes:
V1;V2;V3;V4;V5

Graph Edges:
1. V1 --> V2
2. V1 o-> V3
3. V3 --> V2
4. V3 --> V5
5. V4 o-> V3
6. V4 --> V5
7. V5 --> V2



==== NON-I-MAP H0 (cold reorient of G*+spurious is NOT an I-map of G*) ====
  Under the corrected sepset regime this population is expected EMPTY; an entry
  here is a defect. The witness CI below is the proof of the violation.
  model                 : PAG#1178
  extra (spurious) edges: [V1 o-o V2, V2 o-o V4]  (k=2)
  WITNESS (holds in H0, fails in G*): V3 _||_ V4 | [V1, V2]   (m-separated in H0's MAG, m-connected in G*)
  true PAG G* (over observed):
Graph Nodes:
V1;V2;V3;V4;V5

Graph Edges:
1. V1 o-> V3
2. V1 o-> V4
3. V3 <-> V2
4. V3 <-> V5
5. V5 --> V2
6. V5 <-> V4


  H0 (legal PAG = G* + spurious, cold-reoriented):
Graph Nodes:
V1;V2;V3;V4;V5

Graph Edges:
1. V1 o-o V2
2. V1 o-> V3
3. V1 o-> V4
4. V2 o-> V3
5. V2 o-> V4
6. V2 o-> V5
7. V5 <-> V3
8. V5 <-> V4



==== NON-I-MAP H0 (cold reorient of G*+spurious is NOT an I-map of G*) ====
  Under the corrected sepset regime this population is expected EMPTY; an entry
  here is a defect. The witness CI below is the proof of the violation.
  model                 : PAG#1200
  extra (spurious) edges: [V1 o-o V2, V1 o-o V3, V1 o-o V4]  (k=3)
  WITNESS (holds in H0, fails in G*): V2 _||_ V3 | [V1, V4]   (m-separated in H0's MAG, m-connected in G*)
  true PAG G* (over observed):
Graph Nodes:
V1;V2;V3;V4;V5

Graph Edges:
1. V2 --> V5
2. V3 o-o V4
3. V3 --> V5
4. V4 o-o V2
5. V5 --> V1


  H0 (legal PAG = G* + spurious, cold-reoriented):
Graph Nodes:
V1;V2;V3;V4;V5

Graph Edges:
1. V1 o-o V2
2. V1 o-o V3
3. V1 o-o V4
4. V1 --> V5
5. V2 --> V5
6. V3 o-o V4
7. V3 --> V5
8. V4 o-o V2



==== NON-I-MAP H0 (cold reorient of G*+spurious is NOT an I-map of G*) ====
  Under the corrected sepset regime this population is expected EMPTY; an entry
  here is a defect. The witness CI below is the proof of the violation.
  model                 : PAG#1266
  extra (spurious) edges: [V1 o-o V3, V1 o-o V4]  (k=2)
  WITNESS (holds in H0, fails in G*): V2 _||_ V3 | [V1, V4]   (m-separated in H0's MAG, m-connected in G*)
  true PAG G* (over observed):
Graph Nodes:
V1;V2;V3;V4;V5

Graph Edges:
1. V2 <-> V1
2. V3 o-> V4
3. V5 --> V1
4. V5 <-> V2
5. V5 <-> V4


  H0 (legal PAG = G* + spurious, cold-reoriented):
Graph Nodes:
V1;V2;V3;V4;V5

Graph Edges:
1. V1 o-o V3
2. V1 o-> V4
3. V1 o-> V5
4. V2 o-o V1
5. V2 o-> V5
6. V3 o-> V4
7. V4 <-> V5



==== NON-I-MAP H0 (cold reorient of G*+spurious is NOT an I-map of G*) ====
  Under the corrected sepset regime this population is expected EMPTY; an entry
  here is a defect. The witness CI below is the proof of the violation.
  model                 : PAG#1268
  extra (spurious) edges: [V3 o-o V4, V4 o-o V5]  (k=2)
  WITNESS (holds in H0, fails in G*): V1 _||_ V2 | []   (m-separated in H0's MAG, m-connected in G*)
  true PAG G* (over observed):
Graph Nodes:
V1;V2;V3;V4;V5

Graph Edges:
1. V2 o-> V4
2. V3 o-> V1
3. V3 o-o V5
4. V4 <-> V1
5. V5 o-o V2


  H0 (legal PAG = G* + spurious, cold-reoriented):
Graph Nodes:
V1;V2;V3;V4;V5

Graph Edges:
1. V1 <-> V3
2. V2 o-> V4
3. V2 --> V5
4. V3 --> V5
5. V4 <-> V1
6. V4 --> V3
7. V4 --> V5



==== NON-I-MAP H0 (cold reorient of G*+spurious is NOT an I-map of G*) ====
  Under the corrected sepset regime this population is expected EMPTY; an entry
  here is a defect. The witness CI below is the proof of the violation.
  model                 : PAG#1285
  extra (spurious) edges: [V3 o-o V4, V4 o-o V5]  (k=2)
  WITNESS (holds in H0, fails in G*): V1 _||_ V5 | [V3, V4]   (m-separated in H0's MAG, m-connected in G*)
  true PAG G* (over observed):
Graph Nodes:
V1;V2;V3;V4;V5

Graph Edges:
1. V1 --> V4
2. V2 <-> V1
3. V2 --> V4
4. V3 o-> V1
5. V3 o-o V5
6. V5 o-> V2


  H0 (legal PAG = G* + spurious, cold-reoriented):
Graph Nodes:
V1;V2;V3;V4;V5

Graph Edges:
1. V2 <-> V1
2. V3 o-> V1
3. V3 o-o V4
4. V3 o-o V5
5. V4 o-> V1
6. V4 o-> V2
7. V4 o-o V5
8. V5 o-> V2



==== NON-I-MAP H0 (cold reorient of G*+spurious is NOT an I-map of G*) ====
  Under the corrected sepset regime this population is expected EMPTY; an entry
  here is a defect. The witness CI below is the proof of the violation.
  model                 : PAG#1286
  extra (spurious) edges: [V1 o-o V5, V3 o-o V5, V4 o-o V5]  (k=3)
  WITNESS (holds in H0, fails in G*): V1 _||_ V3 | [V4, V5]   (m-separated in H0's MAG, m-connected in G*)
  true PAG G* (over observed):
Graph Nodes:
V1;V2;V3;V4;V5

Graph Edges:
1. V1 o-> V4
2. V2 --> V5
3. V3 o-> V2
4. V4 <-> V2


  H0 (legal PAG = G* + spurious, cold-reoriented):
Graph Nodes:
V1;V2;V3;V4;V5

Graph Edges:
1. V1 o-> V4
2. V1 o-o V5
3. V3 o-> V2
4. V3 o-o V5
5. V4 <-> V2
6. V5 o-> V2
7. V5 o-> V4



==== NON-I-MAP H0 (cold reorient of G*+spurious is NOT an I-map of G*) ====
  Under the corrected sepset regime this population is expected EMPTY; an entry
  here is a defect. The witness CI below is the proof of the violation.
  model                 : PAG#1312
  extra (spurious) edges: [V1 o-o V4, V3 o-o V4]  (k=2)
  WITNESS (holds in H0, fails in G*): V1 _||_ V5 | [V3, V4]   (m-separated in H0's MAG, m-connected in G*)
  true PAG G* (over observed):
Graph Nodes:
V1;V2;V3;V4;V5

Graph Edges:
1. V2 <-> V1
2. V2 --> V4
3. V3 o-> V1
4. V3 o-o V5
5. V5 o-> V2
6. V5 --> V4


  H0 (legal PAG = G* + spurious, cold-reoriented):
Graph Nodes:
V1;V2;V3;V4;V5

Graph Edges:
1. V2 <-> V1
2. V3 o-> V1
3. V3 o-o V4
4. V3 o-o V5
5. V4 o-> V1
6. V4 o-> V2
7. V5 o-> V2
8. V5 o-o V4



==== NON-I-MAP H0 (cold reorient of G*+spurious is NOT an I-map of G*) ====
  Under the corrected sepset regime this population is expected EMPTY; an entry
  here is a defect. The witness CI below is the proof of the violation.
  model                 : PAG#1318
  extra (spurious) edges: [V1 o-o V3, V1 o-o V4]  (k=2)
  WITNESS (holds in H0, fails in G*): V3 _||_ V4 | [V1]   (m-separated in H0's MAG, m-connected in G*)
  true PAG G* (over observed):
Graph Nodes:
V1;V2;V3;V4;V5

Graph Edges:
1. V2 --> V1
2. V3 o-> V2
3. V4 o-> V2
4. V5 o-> V1


  H0 (legal PAG = G* + spurious, cold-reoriented):
Graph Nodes:
V1;V2;V3;V4;V5

Graph Edges:
1. V1 <-> V2
2. V1 --> V3
3. V1 --> V4
4. V2 <-> V3
5. V2 <-> V4
6. V5 o-> V1



==== NON-I-MAP H0 (cold reorient of G*+spurious is NOT an I-map of G*) ====
  Under the corrected sepset regime this population is expected EMPTY; an entry
  here is a defect. The witness CI below is the proof of the violation.
  model                 : PAG#1348
  extra (spurious) edges: [V1 o-o V3, V3 o-o V5]  (k=2)
  WITNESS (holds in H0, fails in G*): V1 _||_ V2 | [V3]   (m-separated in H0's MAG, m-connected in G*)
  true PAG G* (over observed):
Graph Nodes:
V1;V2;V3;V4;V5

Graph Edges:
1. V1 o-> V4
2. V2 o-> V3
3. V4 --> V3
4. V5 o-> V4


  H0 (legal PAG = G* + spurious, cold-reoriented):
Graph Nodes:
V1;V2;V3;V4;V5

Graph Edges:
1. V2 o-> V3
2. V3 --> V1
3. V3 <-> V4
4. V3 --> V5
5. V4 <-> V1
6. V4 <-> V5



==== NON-I-MAP H0 (cold reorient of G*+spurious is NOT an I-map of G*) ====
  Under the corrected sepset regime this population is expected EMPTY; an entry
  here is a defect. The witness CI below is the proof of the violation.
  model                 : PAG#1373
  extra (spurious) edges: [V2 o-o V5, V4 o-o V5]  (k=2)
  WITNESS (holds in H0, fails in G*): V1 _||_ V4 | [V2, V5]   (m-separated in H0's MAG, m-connected in G*)
  true PAG G* (over observed):
Graph Nodes:
V1;V2;V3;V4;V5

Graph Edges:
1. V1 <-> V5
2. V2 o-> V1
3. V2 o-> V4
4. V3 <-> V1
5. V3 --> V5
6. V4 <-> V3


  H0 (legal PAG = G* + spurious, cold-reoriented):
Graph Nodes:
V1;V2;V3;V4;V5

Graph Edges:
1. V2 o-> V1
2. V2 o-> V4
3. V2 o-o V5
4. V3 <-> V1
5. V3 <-> V4
6. V5 o-> V1
7. V5 o-> V3
8. V5 o-> V4



==== NON-I-MAP H0 (cold reorient of G*+spurious is NOT an I-map of G*) ====
  Under the corrected sepset regime this population is expected EMPTY; an entry
  here is a defect. The witness CI below is the proof of the violation.
  model                 : PAG#1385
  extra (spurious) edges: [V2 o-o V4, V4 o-o V5]  (k=2)
  WITNESS (holds in H0, fails in G*): V1 _||_ V5 | [V2, V4]   (m-separated in H0's MAG, m-connected in G*)
  true PAG G* (over observed):
Graph Nodes:
V1;V2;V3;V4;V5

Graph Edges:
1. V1 --> V4
2. V2 o-> V1
3. V2 o-o V5
4. V3 <-> V1
5. V3 --> V4
6. V5 o-> V3


  H0 (legal PAG = G* + spurious, cold-reoriented):
Graph Nodes:
V1;V2;V3;V4;V5

Graph Edges:
1. V2 o-> V1
2. V2 o-o V4
3. V2 o-o V5
4. V3 <-> V1
5. V4 o-> V1
6. V4 o-> V3
7. V4 o-o V5
8. V5 o-> V3



==== NON-I-MAP H0 (cold reorient of G*+spurious is NOT an I-map of G*) ====
  Under the corrected sepset regime this population is expected EMPTY; an entry
  here is a defect. The witness CI below is the proof of the violation.
  model                 : PAG#1404
  extra (spurious) edges: [V3 o-o V5, V4 o-o V5]  (k=2)
  WITNESS (holds in H0, fails in G*): V1 _||_ V3 | [V4, V5]   (m-separated in H0's MAG, m-connected in G*)
  true PAG G* (over observed):
Graph Nodes:
V1;V2;V3;V4;V5

Graph Edges:
1. V1 o-> V2
2. V1 o-o V4
3. V1 --> V5
4. V2 --> V5
5. V3 <-> V2
6. V4 o-> V3


  H0 (legal PAG = G* + spurious, cold-reoriented):
Graph Nodes:
V1;V2;V3;V4;V5

Graph Edges:
1. V1 o-> V2
2. V1 o-o V4
3. V1 o-o V5
4. V2 <-> V3
5. V4 o-> V3
6. V4 o-o V5
7. V5 o-> V2
8. V5 o-> V3



==== NON-I-MAP H0 (cold reorient of G*+spurious is NOT an I-map of G*) ====
  Under the corrected sepset regime this population is expected EMPTY; an entry
  here is a defect. The witness CI below is the proof of the violation.
  model                 : PAG#1429
  extra (spurious) edges: [V3 o-o V4, V3 o-o V5]  (k=2)
  WITNESS (holds in H0, fails in G*): V2 _||_ V5 | [V3, V4]   (m-separated in H0's MAG, m-connected in G*)
  true PAG G* (over observed):
Graph Nodes:
V1;V2;V3;V4;V5

Graph Edges:
1. V1 --> V3
2. V2 --> V1
3. V2 --> V3
4. V2 o-o V4
5. V4 o-o V5
6. V5 --> V1


  H0 (legal PAG = G* + spurious, cold-reoriented):
Graph Nodes:
V1;V2;V3;V4;V5

Graph Edges:
1. V2 --> V1
2. V2 o-o V3
3. V2 o-o V4
4. V3 --> V1
5. V3 o-o V4
6. V3 o-o V5
7. V4 o-o V5
8. V5 --> V1



==== NON-I-MAP H0 (cold reorient of G*+spurious is NOT an I-map of G*) ====
  Under the corrected sepset regime this population is expected EMPTY; an entry
  here is a defect. The witness CI below is the proof of the violation.
  model                 : PAG#1436
  extra (spurious) edges: [V1 o-o V3, V3 o-o V4]  (k=2)
  WITNESS (holds in H0, fails in G*): V1 _||_ V5 | [V3, V4]   (m-separated in H0's MAG, m-connected in G*)
  true PAG G* (over observed):
Graph Nodes:
V1;V2;V3;V4;V5

Graph Edges:
1. V1 --> V2
2. V1 o-o V4
3. V2 --> V3
4. V4 o-o V5
5. V5 --> V2
6. V5 --> V3


  H0 (legal PAG = G* + spurious, cold-reoriented):
Graph Nodes:
V1;V2;V3;V4;V5

Graph Edges:
1. V1 --> V2
2. V1 o-o V3
3. V1 o-o V4
4. V3 --> V2
5. V3 o-o V4
6. V4 o-o V5
7. V5 --> V2
8. V5 o-o V3



==== NON-I-MAP H0 (cold reorient of G*+spurious is NOT an I-map of G*) ====
  Under the corrected sepset regime this population is expected EMPTY; an entry
  here is a defect. The witness CI below is the proof of the violation.
  model                 : PAG#1443
  extra (spurious) edges: [V1 o-o V3, V2 o-o V4]  (k=2)
  WITNESS (holds in H0, fails in G*): V1 _||_ V2 | [V3, V4]   (m-separated in H0's MAG, m-connected in G*)
  true PAG G* (over observed):
Graph Nodes:
V1;V2;V3;V4;V5

Graph Edges:
1. V1 o-o V4
2. V1 o-> V5
3. V3 <-> V2
4. V4 --> V3
5. V5 <-> V2
6. V5 --> V3


  H0 (legal PAG = G* + spurious, cold-reoriented):
Graph Nodes:
V1;V2;V3;V4;V5

Graph Edges:
1. V2 o-> V3
2. V2 o-o V4
3. V2 o-> V5
4. V3 --> V1
5. V3 <-> V5
6. V4 --> V1
7. V4 o-> V3
8. V5 <-> V1



==== NON-I-MAP H0 (cold reorient of G*+spurious is NOT an I-map of G*) ====
  Under the corrected sepset regime this population is expected EMPTY; an entry
  here is a defect. The witness CI below is the proof of the violation.
  model                 : PAG#1445
  extra (spurious) edges: [V1 o-o V2, V1 o-o V4]  (k=2)
  WITNESS (holds in H0, fails in G*): V2 _||_ V3 | [V1]   (m-separated in H0's MAG, m-connected in G*)
  true PAG G* (over observed):
Graph Nodes:
V1;V2;V3;V4;V5

Graph Edges:
1. V1 <-> V3
2. V2 <-> V4
3. V5 --> V1
4. V5 <-> V2
5. V5 <-> V3
6. V5 --> V4


  H0 (legal PAG = G* + spurious, cold-reoriented):
Graph Nodes:
V1;V2;V3;V4;V5

Graph Edges:
1. V1 o-> V2
2. V1 o-o V3
3. V1 --> V4
4. V1 o-> V5
5. V2 <-> V4
6. V3 o-> V5
7. V5 <-> V2
8. V5 --> V4



==== NON-I-MAP H0 (cold reorient of G*+spurious is NOT an I-map of G*) ====
  Under the corrected sepset regime this population is expected EMPTY; an entry
  here is a defect. The witness CI below is the proof of the violation.
  model                 : PAG#1445
  extra (spurious) edges: [V1 o-o V4, V3 o-o V4]  (k=2)
  WITNESS (holds in H0, fails in G*): V2 _||_ V3 | [V4]   (m-separated in H0's MAG, m-connected in G*)
  true PAG G* (over observed):
Graph Nodes:
V1;V2;V3;V4;V5

Graph Edges:
1. V1 <-> V3
2. V2 <-> V4
3. V5 --> V1
4. V5 <-> V2
5. V5 <-> V3
6. V5 --> V4


  H0 (legal PAG = G* + spurious, cold-reoriented):
Graph Nodes:
V1;V2;V3;V4;V5

Graph Edges:
1. V1 <-> V3
2. V2 o-o V4
3. V2 o-> V5
4. V4 --> V1
5. V4 o-> V3
6. V4 o-> V5
7. V5 --> V1
8. V5 <-> V3



==== NON-I-MAP H0 (cold reorient of G*+spurious is NOT an I-map of G*) ====
  Under the corrected sepset regime this population is expected EMPTY; an entry
  here is a defect. The witness CI below is the proof of the violation.
  model                 : PAG#1496
  extra (spurious) edges: [V1 o-o V3, V3 o-o V4, V3 o-o V5]  (k=3)
  WITNESS (holds in H0, fails in G*): V4 _||_ V5 | [V1, V3]   (m-separated in H0's MAG, m-connected in G*)
  true PAG G* (over observed):
Graph Nodes:
V1;V2;V3;V4;V5

Graph Edges:
1. V1 o-o V4
2. V1 o-o V5
3. V2 --> V3
4. V4 --> V2
5. V5 --> V2


  H0 (legal PAG = G* + spurious, cold-reoriented):
Graph Nodes:
V1;V2;V3;V4;V5

Graph Edges:
1. V1 o-o V3
2. V1 o-o V4
3. V1 o-o V5
4. V3 --> V2
5. V3 o-o V4
6. V3 o-o V5
7. V4 --> V2
8. V5 --> V2



==== NON-I-MAP H0 (cold reorient of G*+spurious is NOT an I-map of G*) ====
  Under the corrected sepset regime this population is expected EMPTY; an entry
  here is a defect. The witness CI below is the proof of the violation.
  model                 : PAG#1536
  extra (spurious) edges: [V1 o-o V3, V3 o-o V4]  (k=2)
  WITNESS (holds in H0, fails in G*): V1 _||_ V5 | [V3]   (m-separated in H0's MAG, m-connected in G*)
  true PAG G* (over observed):
Graph Nodes:
V1;V2;V3;V4;V5

Graph Edges:
1. V1 <-> V4
2. V2 <-> V1
3. V2 --> V3
4. V2 --> V4
5. V2 <-> V5
6. V3 <-> V5


  H0 (legal PAG = G* + spurious, cold-reoriented):
Graph Nodes:
V1;V2;V3;V4;V5

Graph Edges:
1. V1 <-> V4
2. V2 <-> V1
3. V2 --> V4
4. V3 o-> V1
5. V3 o-> V2
6. V3 --> V4
7. V3 o-o V5
8. V5 o-> V2



==== NON-I-MAP H0 (cold reorient of G*+spurious is NOT an I-map of G*) ====
  Under the corrected sepset regime this population is expected EMPTY; an entry
  here is a defect. The witness CI below is the proof of the violation.
  model                 : PAG#1536
  extra (spurious) edges: [V3 o-o V4, V4 o-o V5]  (k=2)
  WITNESS (holds in H0, fails in G*): V1 _||_ V5 | [V4]   (m-separated in H0's MAG, m-connected in G*)
  true PAG G* (over observed):
Graph Nodes:
V1;V2;V3;V4;V5

Graph Edges:
1. V1 <-> V4
2. V2 <-> V1
3. V2 --> V3
4. V2 --> V4
5. V2 <-> V5
6. V3 <-> V5


  H0 (legal PAG = G* + spurious, cold-reoriented):
Graph Nodes:
V1;V2;V3;V4;V5

Graph Edges:
1. V1 o-> V2
2. V1 o-o V4
3. V2 --> V3
4. V2 <-> V5
5. V3 <-> V5
6. V4 o-> V2
7. V4 --> V3
8. V4 o-> V5



==== NON-I-MAP H0 (cold reorient of G*+spurious is NOT an I-map of G*) ====
  Under the corrected sepset regime this population is expected EMPTY; an entry
  here is a defect. The witness CI below is the proof of the violation.
  model                 : PAG#1642
  extra (spurious) edges: [V2 o-o V4, V2 o-o V5]  (k=2)
  WITNESS (holds in H0, fails in G*): V4 _||_ V5 | [V2]   (m-separated in H0's MAG, m-connected in G*)
  true PAG G* (over observed):
Graph Nodes:
V1;V2;V3;V4;V5

Graph Edges:
1. V2 --> V1
2. V3 --> V2
3. V4 <-> V1
4. V4 <-> V3
5. V5 <-> V1
6. V5 <-> V3


  H0 (legal PAG = G* + spurious, cold-reoriented):
Graph Nodes:
V1;V2;V3;V4;V5

Graph Edges:
1. V1 <-> V4
2. V1 <-> V5
3. V2 o-> V1
4. V2 o-> V3
5. V2 o-> V4
6. V2 o-> V5
7. V4 <-> V3
8. V5 <-> V3



==== NON-I-MAP H0 (cold reorient of G*+spurious is NOT an I-map of G*) ====
  Under the corrected sepset regime this population is expected EMPTY; an entry
  here is a defect. The witness CI below is the proof of the violation.
  model                 : PAG#1649
  extra (spurious) edges: [V2 o-o V5, V4 o-o V5]  (k=2)
  WITNESS (holds in H0, fails in G*): V1 _||_ V2 | [V4, V5]   (m-separated in H0's MAG, m-connected in G*)
  true PAG G* (over observed):
Graph Nodes:
V1;V2;V3;V4;V5

Graph Edges:
1. V1 <-> V5
2. V2 o-> V4
3. V3 <-> V1
4. V3 --> V5
5. V4 <-> V3


  H0 (legal PAG = G* + spurious, cold-reoriented):
Graph Nodes:
V1;V2;V3;V4;V5

Graph Edges:
1. V1 o-> V3
2. V1 o-o V5
3. V2 o-> V4
4. V2 o-o V5
5. V3 <-> V4
6. V5 o-> V3
7. V5 o-> V4



==== NON-I-MAP H0 (cold reorient of G*+spurious is NOT an I-map of G*) ====
  Under the corrected sepset regime this population is expected EMPTY; an entry
  here is a defect. The witness CI below is the proof of the violation.
  model                 : PAG#1666
  extra (spurious) edges: [V2 o-o V4, V3 o-o V5]  (k=2)
  WITNESS (holds in H0, fails in G*): V2 _||_ V3 | [V4, V5]   (m-separated in H0's MAG, m-connected in G*)
  true PAG G* (over observed):
Graph Nodes:
V1;V2;V3;V4;V5

Graph Edges:
1. V1 <-> V2
2. V1 --> V5
3. V3 <-> V1
4. V4 o-> V3
5. V4 o-> V5
6. V5 <-> V2


  H0 (legal PAG = G* + spurious, cold-reoriented):
Graph Nodes:
V1;V2;V3;V4;V5

Graph Edges:
1. V2 o-> V1
2. V2 o-o V4
3. V2 o-> V5
4. V3 <-> V1
5. V4 --> V3
6. V4 o-> V5
7. V5 <-> V1
8. V5 --> V3



==== NON-I-MAP H0 (cold reorient of G*+spurious is NOT an I-map of G*) ====
  Under the corrected sepset regime this population is expected EMPTY; an entry
  here is a defect. The witness CI below is the proof of the violation.
  model                 : PAG#1667
  extra (spurious) edges: [V1 o-o V2, V1 o-o V3, V1 o-o V5]  (k=3)
  WITNESS (holds in H0, fails in G*): V2 _||_ V3 | [V1, V5]   (m-separated in H0's MAG, m-connected in G*)
  true PAG G* (over observed):
Graph Nodes:
V1;V2;V3;V4;V5

Graph Edges:
1. V2 --> V4
2. V3 --> V4
3. V3 o-o V5
4. V4 --> V1
5. V5 o-o V2


  H0 (legal PAG = G* + spurious, cold-reoriented):
Graph Nodes:
V1;V2;V3;V4;V5

Graph Edges:
1. V1 o-o V2
2. V1 o-o V3
3. V1 --> V4
4. V1 o-o V5
5. V2 --> V4
6. V3 --> V4
7. V3 o-o V5
8. V5 o-o V2



==== NON-I-MAP H0 (cold reorient of G*+spurious is NOT an I-map of G*) ====
  Under the corrected sepset regime this population is expected EMPTY; an entry
  here is a defect. The witness CI below is the proof of the violation.
  model                 : PAG#1673
  extra (spurious) edges: [V1 o-o V3, V1 o-o V4]  (k=2)
  WITNESS (holds in H0, fails in G*): V3 _||_ V5 | [V1]   (m-separated in H0's MAG, m-connected in G*)
  true PAG G* (over observed):
Graph Nodes:
V1;V2;V3;V4;V5

Graph Edges:
1. V1 <-> V5
2. V2 --> V1
3. V2 <-> V5
4. V3 <-> V2
5. V4 o-> V3


  H0 (legal PAG = G* + spurious, cold-reoriented):
Graph Nodes:
V1;V2;V3;V4;V5

Graph Edges:
1. V1 o-> V2
2. V1 o-> V3
3. V1 o-o V4
4. V1 o-o V5
5. V2 <-> V3
6. V4 o-> V3
7. V5 o-> V2



==== NON-I-MAP H0 (cold reorient of G*+spurious is NOT an I-map of G*) ====
  Under the corrected sepset regime this population is expected EMPTY; an entry
  here is a defect. The witness CI below is the proof of the violation.
  model                 : PAG#1709
  extra (spurious) edges: [V1 o-o V2, V2 o-o V3]  (k=2)
  WITNESS (holds in H0, fails in G*): V1 _||_ V5 | [V2, V3]   (m-separated in H0's MAG, m-connected in G*)
  true PAG G* (over observed):
Graph Nodes:
V1;V2;V3;V4;V5

Graph Edges:
1. V1 o-> V3
2. V2 <-> V5
3. V3 <-> V4
4. V4 --> V2
5. V4 <-> V5


  H0 (legal PAG = G* + spurious, cold-reoriented):
Graph Nodes:
V1;V2;V3;V4;V5

Graph Edges:
1. V1 o-o V2
2. V1 o-> V3
3. V2 o-> V3
4. V2 o-> V4
5. V2 o-o V5
6. V4 <-> V3
7. V5 o-> V4



==== NON-I-MAP H0 (cold reorient of G*+spurious is NOT an I-map of G*) ====
  Under the corrected sepset regime this population is expected EMPTY; an entry
  here is a defect. The witness CI below is the proof of the violation.
  model                 : PAG#1745
  extra (spurious) edges: [V2 o-o V5, V3 o-o V5, V4 o-o V5]  (k=3)
  WITNESS (holds in H0, fails in G*): V3 _||_ V4 | [V2, V5]   (m-separated in H0's MAG, m-connected in G*)
  true PAG G* (over observed):
Graph Nodes:
V1;V2;V3;V4;V5

Graph Edges:
1. V1 --> V5
2. V2 o-> V3
3. V2 o-o V4
4. V3 <-> V1
5. V4 o-> V1


  H0 (legal PAG = G* + spurious, cold-reoriented):
Graph Nodes:
V1;V2;V3;V4;V5

Graph Edges:
1. V2 o-> V3
2. V2 o-o V4
3. V2 o-o V5
4. V3 <-> V1
5. V4 o-> V1
6. V4 o-o V5
7. V5 o-> V1
8. V5 o-> V3



==== NON-I-MAP H0 (cold reorient of G*+spurious is NOT an I-map of G*) ====
  Under the corrected sepset regime this population is expected EMPTY; an entry
  here is a defect. The witness CI below is the proof of the violation.
  model                 : PAG#1746
  extra (spurious) edges: [V1 o-o V3, V3 o-o V5]  (k=2)
  WITNESS (holds in H0, fails in G*): V1 _||_ V2 | [V3]   (m-separated in H0's MAG, m-connected in G*)
  true PAG G* (over observed):
Graph Nodes:
V1;V2;V3;V4;V5

Graph Edges:
1. V1 o-> V4
2. V2 o-> V3
3. V2 o-o V5
4. V4 <-> V3
5. V5 o-o V1


  H0 (legal PAG = G* + spurious, cold-reoriented):
Graph Nodes:
V1;V2;V3;V4;V5

Graph Edges:
1. V1 --> V5
2. V2 o-> V3
3. V2 --> V5
4. V3 --> V1
5. V3 <-> V4
6. V3 --> V5
7. V4 <-> V1



==== NON-I-MAP H0 (cold reorient of G*+spurious is NOT an I-map of G*) ====
  Under the corrected sepset regime this population is expected EMPTY; an entry
  here is a defect. The witness CI below is the proof of the violation.
  model                 : PAG#1746
  extra (spurious) edges: [V2 o-o V4, V4 o-o V5]  (k=2)
  WITNESS (holds in H0, fails in G*): V1 _||_ V2 | [V4]   (m-separated in H0's MAG, m-connected in G*)
  true PAG G* (over observed):
Graph Nodes:
V1;V2;V3;V4;V5

Graph Edges:
1. V1 o-> V4
2. V2 o-> V3
3. V2 o-o V5
4. V4 <-> V3
5. V5 o-o V1


  H0 (legal PAG = G* + spurious, cold-reoriented):
Graph Nodes:
V1;V2;V3;V4;V5

Graph Edges:
1. V1 o-> V4
2. V1 --> V5
3. V2 --> V5
4. V3 <-> V2
5. V3 <-> V4
6. V4 --> V2
7. V4 --> V5



==== NON-I-MAP H0 (cold reorient of G*+spurious is NOT an I-map of G*) ====
  Under the corrected sepset regime this population is expected EMPTY; an entry
  here is a defect. The witness CI below is the proof of the violation.
  model                 : PAG#1764
  extra (spurious) edges: [V1 o-o V4, V3 o-o V4]  (k=2)
  WITNESS (holds in H0, fails in G*): V1 _||_ V2 | [V4]   (m-separated in H0's MAG, m-connected in G*)
  true PAG G* (over observed):
Graph Nodes:
V1;V2;V3;V4;V5

Graph Edges:
1. V1 o-> V5
2. V2 o-o V3
3. V2 o-> V4
4. V3 o-o V1
5. V5 <-> V4


  H0 (legal PAG = G* + spurious, cold-reoriented):
Graph Nodes:
V1;V2;V3;V4;V5

Graph Edges:
1. V1 --> V3
2. V2 --> V3
3. V2 o-> V4
4. V4 --> V1
5. V4 --> V3
6. V4 <-> V5
7. V5 <-> V1



==== NON-I-MAP H0 (cold reorient of G*+spurious is NOT an I-map of G*) ====
  Under the corrected sepset regime this population is expected EMPTY; an entry
  here is a defect. The witness CI below is the proof of the violation.
  model                 : PAG#1764
  extra (spurious) edges: [V2 o-o V5, V3 o-o V5]  (k=2)
  WITNESS (holds in H0, fails in G*): V1 _||_ V2 | [V5]   (m-separated in H0's MAG, m-connected in G*)
  true PAG G* (over observed):
Graph Nodes:
V1;V2;V3;V4;V5

Graph Edges:
1. V1 o-> V5
2. V2 o-o V3
3. V2 o-> V4
4. V3 o-o V1
5. V5 <-> V4


  H0 (legal PAG = G* + spurious, cold-reoriented):
Graph Nodes:
V1;V2;V3;V4;V5

Graph Edges:
1. V1 --> V3
2. V1 o-> V5
3. V2 --> V3
4. V4 <-> V2
5. V4 <-> V5
6. V5 --> V2
7. V5 --> V3



==== NON-I-MAP H0 (cold reorient of G*+spurious is NOT an I-map of G*) ====
  Under the corrected sepset regime this population is expected EMPTY; an entry
  here is a defect. The witness CI below is the proof of the violation.
  model                 : PAG#1823
  extra (spurious) edges: [V1 o-o V3, V3 o-o V5]  (k=2)
  WITNESS (holds in H0, fails in G*): V1 _||_ V2 | [V3, V5]   (m-separated in H0's MAG, m-connected in G*)
  true PAG G* (over observed):
Graph Nodes:
V1;V2;V3;V4;V5

Graph Edges:
1. V2 <-> V3
2. V4 <-> V1
3. V4 <-> V2
4. V4 --> V3
5. V5 o-> V1
6. V5 o-> V2


  H0 (legal PAG = G* + spurious, cold-reoriented):
Graph Nodes:
V1;V2;V3;V4;V5

Graph Edges:
1. V2 <-> V4
2. V3 o-> V1
3. V3 o-> V2
4. V3 o-> V4
5. V3 o-o V5
6. V4 <-> V1
7. V5 o-> V1
8. V5 o-> V2



==== NON-I-MAP H0 (cold reorient of G*+spurious is NOT an I-map of G*) ====
  Under the corrected sepset regime this population is expected EMPTY; an entry
  here is a defect. The witness CI below is the proof of the violation.
  model                 : PAG#1845
  extra (spurious) edges: [V1 o-o V5, V3 o-o V5]  (k=2)
  WITNESS (holds in H0, fails in G*): V1 _||_ V2 | [V3, V5]   (m-separated in H0's MAG, m-connected in G*)
  true PAG G* (over observed):
Graph Nodes:
V1;V2;V3;V4;V5

Graph Edges:
1. V1 o-o V3
2. V1 o-> V4
3. V2 --> V5
4. V3 o-> V2
5. V4 <-> V2
6. V4 --> V5


  H0 (legal PAG = G* + spurious, cold-reoriented):
Graph Nodes:
V1;V2;V3;V4;V5

Graph Edges:
1. V1 o-o V3
2. V1 o-> V4
3. V1 o-o V5
4. V3 o-> V2
5. V3 o-o V5
6. V4 <-> V2
7. V5 o-> V2
8. V5 o-> V4



==== NON-I-MAP H0 (cold reorient of G*+spurious is NOT an I-map of G*) ====
  Under the corrected sepset regime this population is expected EMPTY; an entry
  here is a defect. The witness CI below is the proof of the violation.
  model                 : PAG#1887
  extra (spurious) edges: [V2 o-o V3, V2 o-o V4, V2 o-o V5]  (k=3)
  WITNESS (holds in H0, fails in G*): V4 _||_ V5 | [V2, V3]   (m-separated in H0's MAG, m-connected in G*)
  true PAG G* (over observed):
Graph Nodes:
V1;V2;V3;V4;V5

Graph Edges:
1. V1 --> V2
2. V3 o-o V4
3. V3 o-o V5
4. V4 --> V1
5. V5 --> V1


  H0 (legal PAG = G* + spurious, cold-reoriented):
Graph Nodes:
V1;V2;V3;V4;V5

Graph Edges:
1. V2 --> V1
2. V2 o-o V3
3. V2 o-o V4
4. V2 o-o V5
5. V3 o-o V4
6. V3 o-o V5
7. V4 --> V1
8. V5 --> V1



==== NON-I-MAP H0 (cold reorient of G*+spurious is NOT an I-map of G*) ====
  Under the corrected sepset regime this population is expected EMPTY; an entry
  here is a defect. The witness CI below is the proof of the violation.
  model                 : PAG#1981
  extra (spurious) edges: [V2 o-o V3, V3 o-o V4, V3 o-o V5]  (k=3)
  WITNESS (holds in H0, fails in G*): V4 _||_ V5 | [V2, V3]   (m-separated in H0's MAG, m-connected in G*)
  true PAG G* (over observed):
Graph Nodes:
V1;V2;V3;V4;V5

Graph Edges:
1. V1 --> V3
2. V2 o-o V4
3. V2 o-o V5
4. V4 --> V1
5. V5 --> V1


  H0 (legal PAG = G* + spurious, cold-reoriented):
Graph Nodes:
V1;V2;V3;V4;V5

Graph Edges:
1. V2 o-o V3
2. V2 o-o V4
3. V2 o-o V5
4. V3 --> V1
5. V3 o-o V4
6. V3 o-o V5
7. V4 --> V1
8. V5 --> V1



==== NON-I-MAP H0 (cold reorient of G*+spurious is NOT an I-map of G*) ====
  Under the corrected sepset regime this population is expected EMPTY; an entry
  here is a defect. The witness CI below is the proof of the violation.
  model                 : PAG#1987
  extra (spurious) edges: [V1 o-o V5, V3 o-o V5, V4 o-o V5]  (k=3)
  WITNESS (holds in H0, fails in G*): V1 _||_ V4 | [V3, V5]   (m-separated in H0's MAG, m-connected in G*)
  true PAG G* (over observed):
Graph Nodes:
V1;V2;V3;V4;V5

Graph Edges:
1. V2 <-> V1
2. V2 --> V5
3. V3 o-> V1
4. V4 o-> V2
5. V4 o-o V3


  H0 (legal PAG = G* + spurious, cold-reoriented):
Graph Nodes:
V1;V2;V3;V4;V5

Graph Edges:
1. V1 <-> V2
2. V3 o-> V1
3. V3 o-o V5
4. V4 o-> V2
5. V4 o-o V3
6. V4 o-o V5
7. V5 o-> V1
8. V5 o-> V2



==== NON-I-MAP H0 (cold reorient of G*+spurious is NOT an I-map of G*) ====
  Under the corrected sepset regime this population is expected EMPTY; an entry
  here is a defect. The witness CI below is the proof of the violation.
  model                 : PAG#1996
  extra (spurious) edges: [V1 o-o V2, V1 o-o V5]  (k=2)
  WITNESS (holds in H0, fails in G*): V4 _||_ V5 | [V1]   (m-separated in H0's MAG, m-connected in G*)
  true PAG G* (over observed):
Graph Nodes:
V1;V2;V3;V4;V5

Graph Edges:
1. V2 <-> V5
2. V3 --> V1
3. V3 --> V2
4. V3 <-> V5
5. V4 --> V1
6. V4 o-> V3


  H0 (legal PAG = G* + spurious, cold-reoriented):
Graph Nodes:
V1;V2;V3;V4;V5

Graph Edges:
1. V1 --> V2
2. V1 o-> V3
3. V1 o-> V5
4. V3 --> V2
5. V3 <-> V5
6. V4 o-o V1
7. V4 o-> V3
8. V5 <-> V2



==== NON-I-MAP H0 (cold reorient of G*+spurious is NOT an I-map of G*) ====
  Under the corrected sepset regime this population is expected EMPTY; an entry
  here is a defect. The witness CI below is the proof of the violation.
  model                 : PAG#2040
  extra (spurious) edges: [V1 o-o V3, V1 o-o V5]  (k=2)
  WITNESS (holds in H0, fails in G*): V3 _||_ V4 | [V1, V5]   (m-separated in H0's MAG, m-connected in G*)
  true PAG G* (over observed):
Graph Nodes:
V1;V2;V3;V4;V5

Graph Edges:
1. V2 --> V1
2. V2 <-> V3
3. V4 <-> V1
4. V4 <-> V2
5. V5 o-> V3
6. V5 o-> V4


  H0 (legal PAG = G* + spurious, cold-reoriented):
Graph Nodes:
V1;V2;V3;V4;V5

Graph Edges:
1. V1 o-> V2
2. V1 o-> V3
3. V1 o-> V4
4. V1 o-o V5
5. V3 <-> V2
6. V4 <-> V2
7. V5 o-> V3
8. V5 o-> V4



==== NON-I-MAP H0 (cold reorient of G*+spurious is NOT an I-map of G*) ====
  Under the corrected sepset regime this population is expected EMPTY; an entry
  here is a defect. The witness CI below is the proof of the violation.
  model                 : PAG#2058
  extra (spurious) edges: [V1 o-o V5, V2 o-o V5, V3 o-o V5]  (k=3)
  WITNESS (holds in H0, fails in G*): V1 _||_ V2 | [V3, V5]   (m-separated in H0's MAG, m-connected in G*)
  true PAG G* (over observed):
Graph Nodes:
V1;V2;V3;V4;V5

Graph Edges:
1. V2 o-o V3
2. V2 o-> V4
3. V3 o-> V1
4. V4 <-> V1
5. V4 --> V5


  H0 (legal PAG = G* + spurious, cold-reoriented):
Graph Nodes:
V1;V2;V3;V4;V5

Graph Edges:
1. V2 o-o V3
2. V2 o-> V4
3. V2 o-o V5
4. V3 o-> V1
5. V3 o-o V5
6. V4 <-> V1
7. V5 o-> V1
8. V5 o-> V4



==== NON-I-MAP H0 (cold reorient of G*+spurious is NOT an I-map of G*) ====
  Under the corrected sepset regime this population is expected EMPTY; an entry
  here is a defect. The witness CI below is the proof of the violation.
  model                 : PAG#2083
  extra (spurious) edges: [V1 o-o V5, V2 o-o V5]  (k=2)
  WITNESS (holds in H0, fails in G*): V2 _||_ V4 | [V1, V5]   (m-separated in H0's MAG, m-connected in G*)
  true PAG G* (over observed):
Graph Nodes:
V1;V2;V3;V4;V5

Graph Edges:
1. V1 o-> V2
2. V3 <-> V2
3. V3 --> V5
4. V4 o-o V1
5. V4 o-> V3
6. V4 --> V5


  H0 (legal PAG = G* + spurious, cold-reoriented):
Graph Nodes:
V1;V2;V3;V4;V5

Graph Edges:
1. V1 o-> V2
2. V1 o-o V5
3. V2 <-> V3
4. V4 o-o V1
5. V4 o-> V3
6. V4 o-o V5
7. V5 o-> V2
8. V5 o-> V3



==== NON-I-MAP H0 (cold reorient of G*+spurious is NOT an I-map of G*) ====
  Under the corrected sepset regime this population is expected EMPTY; an entry
  here is a defect. The witness CI below is the proof of the violation.
  model                 : PAG#2130
  extra (spurious) edges: [V2 o-o V4, V3 o-o V4, V4 o-o V5]  (k=3)
  WITNESS (holds in H0, fails in G*): V2 _||_ V3 | [V4, V5]   (m-separated in H0's MAG, m-connected in G*)
  true PAG G* (over observed):
Graph Nodes:
V1;V2;V3;V4;V5

Graph Edges:
1. V1 --> V4
2. V2 --> V1
3. V3 --> V1
4. V3 o-o V5
5. V5 o-o V2


  H0 (legal PAG = G* + spurious, cold-reoriented):
Graph Nodes:
V1;V2;V3;V4;V5

Graph Edges:
1. V2 --> V1
2. V2 o-o V4
3. V3 --> V1
4. V3 o-o V4
5. V3 o-o V5
6. V4 --> V1
7. V4 o-o V5
8. V5 o-o V2



==== NON-I-MAP H0 (cold reorient of G*+spurious is NOT an I-map of G*) ====
  Under the corrected sepset regime this population is expected EMPTY; an entry
  here is a defect. The witness CI below is the proof of the violation.
  model                 : PAG#2199
  extra (spurious) edges: [V1 o-o V4, V4 o-o V5]  (k=2)
  WITNESS (holds in H0, fails in G*): V1 _||_ V5 | [V4]   (m-separated in H0's MAG, m-connected in G*)
  true PAG G* (over observed):
Graph Nodes:
V1;V2;V3;V4;V5

Graph Edges:
1. V2 <-> V1
2. V2 --> V4
3. V3 <-> V1
4. V4 --> V3
5. V5 <-> V2
6. V5 <-> V3


  H0 (legal PAG = G* + spurious, cold-reoriented):
Graph Nodes:
V1;V2;V3;V4;V5

Graph Edges:
1. V2 <-> V1
2. V3 <-> V1
3. V4 o-> V1
4. V4 o-> V2
5. V4 o-> V3
6. V4 o-> V5
7. V5 <-> V2
8. V5 <-> V3



==== NON-I-MAP H0 (cold reorient of G*+spurious is NOT an I-map of G*) ====
  Under the corrected sepset regime this population is expected EMPTY; an entry
  here is a defect. The witness CI below is the proof of the violation.
  model                 : PAG#2201
  extra (spurious) edges: [V1 o-o V2, V1 o-o V4]  (k=2)
  WITNESS (holds in H0, fails in G*): V2 _||_ V5 | [V1]   (m-separated in H0's MAG, m-connected in G*)
  true PAG G* (over observed):
Graph Nodes:
V1;V2;V3;V4;V5

Graph Edges:
1. V2 <-> V3
2. V3 --> V1
3. V4 o-> V2
4. V5 --> V1
5. V5 o-> V3


  H0 (legal PAG = G* + spurious, cold-reoriented):
Graph Nodes:
V1;V2;V3;V4;V5

Graph Edges:
1. V1 o-> V2
2. V1 o-> V3
3. V1 o-o V4
4. V3 <-> V2
5. V4 o-> V2
6. V5 o-o V1
7. V5 o-> V3



==== NON-I-MAP H0 (cold reorient of G*+spurious is NOT an I-map of G*) ====
  Under the corrected sepset regime this population is expected EMPTY; an entry
  here is a defect. The witness CI below is the proof of the violation.
  model                 : PAG#2210
  extra (spurious) edges: [V1 o-o V4, V4 o-o V5]  (k=2)
  WITNESS (holds in H0, fails in G*): V1 _||_ V2 | [V4]   (m-separated in H0's MAG, m-connected in G*)
  true PAG G* (over observed):
Graph Nodes:
V1;V2;V3;V4;V5

Graph Edges:
1. V1 <-> V5
2. V3 <-> V1
3. V3 <-> V2
4. V3 --> V4
5. V3 --> V5
6. V4 <-> V2


  H0 (legal PAG = G* + spurious, cold-reoriented):
Graph Nodes:
V1;V2;V3;V4;V5

Graph Edges:
1. V1 <-> V5
2. V2 o-> V3
3. V3 <-> V1
4. V3 --> V5
5. V4 o-> V1
6. V4 o-o V2
7. V4 o-> V3
8. V4 --> V5



==== NON-I-MAP H0 (cold reorient of G*+spurious is NOT an I-map of G*) ====
  Under the corrected sepset regime this population is expected EMPTY; an entry
  here is a defect. The witness CI below is the proof of the violation.
  model                 : PAG#2210
  extra (spurious) edges: [V2 o-o V5, V4 o-o V5]  (k=2)
  WITNESS (holds in H0, fails in G*): V1 _||_ V2 | [V5]   (m-separated in H0's MAG, m-connected in G*)
  true PAG G* (over observed):
Graph Nodes:
V1;V2;V3;V4;V5

Graph Edges:
1. V1 <-> V5
2. V3 <-> V1
3. V3 <-> V2
4. V3 --> V4
5. V3 --> V5
6. V4 <-> V2


  H0 (legal PAG = G* + spurious, cold-reoriented):
Graph Nodes:
V1;V2;V3;V4;V5

Graph Edges:
1. V1 o-> V3
2. V1 o-o V5
3. V3 <-> V2
4. V3 --> V4
5. V4 <-> V2
6. V5 o-> V2
7. V5 o-> V3
8. V5 --> V4



==== NON-I-MAP H0 (cold reorient of G*+spurious is NOT an I-map of G*) ====
  Under the corrected sepset regime this population is expected EMPTY; an entry
  here is a defect. The witness CI below is the proof of the violation.
  model                 : PAG#2214
  extra (spurious) edges: [V1 o-o V5, V2 o-o V5, V4 o-o V5]  (k=3)
  WITNESS (holds in H0, fails in G*): V1 _||_ V2 | [V4, V5]   (m-separated in H0's MAG, m-connected in G*)
  true PAG G* (over observed):
Graph Nodes:
V1;V2;V3;V4;V5

Graph Edges:
1. V1 o-> V3
2. V1 o-o V4
3. V3 <-> V2
4. V3 --> V5
5. V4 o-> V2


  H0 (legal PAG = G* + spurious, cold-reoriented):
Graph Nodes:
V1;V2;V3;V4;V5

Graph Edges:
1. V1 o-> V3
2. V1 o-o V4
3. V1 o-o V5
4. V3 <-> V2
5. V4 o-> V2
6. V4 o-o V5
7. V5 o-> V2
8. V5 o-> V3



==== NON-I-MAP H0 (cold reorient of G*+spurious is NOT an I-map of G*) ====
  Under the corrected sepset regime this population is expected EMPTY; an entry
  here is a defect. The witness CI below is the proof of the violation.
  model                 : PAG#2218
  extra (spurious) edges: [V1 o-o V3, V3 o-o V5]  (k=2)
  WITNESS (holds in H0, fails in G*): V2 _||_ V5 | [V1, V3]   (m-separated in H0's MAG, m-connected in G*)
  true PAG G* (over observed):
Graph Nodes:
V1;V2;V3;V4;V5

Graph Edges:
1. V1 o-o V2
2. V1 o-o V5
3. V2 --> V3
4. V2 --> V4
5. V4 --> V3
6. V5 --> V4


  H0 (legal PAG = G* + spurious, cold-reoriented):
Graph Nodes:
V1;V2;V3;V4;V5

Graph Edges:
1. V1 o-o V2
2. V1 o-o V3
3. V1 o-o V5
4. V2 o-o V3
5. V2 --> V4
6. V3 --> V4
7. V3 o-o V5
8. V5 --> V4



==== NON-I-MAP H0 (cold reorient of G*+spurious is NOT an I-map of G*) ====
  Under the corrected sepset regime this population is expected EMPTY; an entry
  here is a defect. The witness CI below is the proof of the violation.
  model                 : PAG#2227
  extra (spurious) edges: [V1 o-o V2, V1 o-o V5]  (k=2)
  WITNESS (holds in H0, fails in G*): V3 _||_ V4 | []   (m-separated in H0's MAG, m-connected in G*)
  true PAG G* (over observed):
Graph Nodes:
V1;V2;V3;V4;V5

Graph Edges:
1. V2 o-> V3
2. V2 o-o V5
3. V3 <-> V1
4. V4 <-> V1
5. V5 o-> V4


  H0 (legal PAG = G* + spurious, cold-reoriented):
Graph Nodes:
V1;V2;V3;V4;V5

Graph Edges:
1. V1 --> V2
2. V1 <-> V4
3. V1 --> V5
4. V3 <-> V1
5. V3 <-> V2
6. V4 <-> V5
7. V5 --> V2



==== NON-I-MAP H0 (cold reorient of G*+spurious is NOT an I-map of G*) ====
  Under the corrected sepset regime this population is expected EMPTY; an entry
  here is a defect. The witness CI below is the proof of the violation.
  model                 : PAG#2284
  extra (spurious) edges: [V1 o-o V4, V4 o-o V5]  (k=2)
  WITNESS (holds in H0, fails in G*): V1 _||_ V3 | [V4, V5]   (m-separated in H0's MAG, m-connected in G*)
  true PAG G* (over observed):
Graph Nodes:
V1;V2;V3;V4;V5

Graph Edges:
1. V2 <-> V1
2. V2 --> V4
3. V3 o-> V2
4. V3 --> V4
5. V3 o-o V5
6. V5 o-> V1


  H0 (legal PAG = G* + spurious, cold-reoriented):
Graph Nodes:
V1;V2;V3;V4;V5

Graph Edges:
1. V1 <-> V2
2. V3 o-> V2
3. V3 o-o V4
4. V3 o-o V5
5. V4 o-> V1
6. V4 o-> V2
7. V4 o-o V5
8. V5 o-> V1



==== NON-I-MAP H0 (cold reorient of G*+spurious is NOT an I-map of G*) ====
  Under the corrected sepset regime this population is expected EMPTY; an entry
  here is a defect. The witness CI below is the proof of the violation.
  model                 : PAG#2300
  extra (spurious) edges: [V2 o-o V3, V3 o-o V4]  (k=2)
  WITNESS (holds in H0, fails in G*): V1 _||_ V2 | [V3, V5]   (m-separated in H0's MAG, m-connected in G*)
  true PAG G* (over observed):
Graph Nodes:
V1;V2;V3;V4;V5

Graph Edges:
1. V1 --> V3
2. V2 o-o V4
3. V2 o-o V5
4. V4 o-o V1
5. V5 --> V3


  H0 (legal PAG = G* + spurious, cold-reoriented):
Graph Nodes:
V1;V2;V3;V4;V5

Graph Edges:
1. V1 o-> V3
2. V1 --> V4
3. V2 --> V4
4. V3 --> V2
5. V3 --> V4
6. V5 --> V2
7. V5 o-> V3



==== NON-I-MAP H0 (cold reorient of G*+spurious is NOT an I-map of G*) ====
  Under the corrected sepset regime this population is expected EMPTY; an entry
  here is a defect. The witness CI below is the proof of the violation.
  model                 : PAG#2352
  extra (spurious) edges: [V1 o-o V3, V2 o-o V5]  (k=2)
  WITNESS (holds in H0, fails in G*): V3 _||_ V5 | [V1, V2]   (m-separated in H0's MAG, m-connected in G*)
  true PAG G* (over observed):
Graph Nodes:
V1;V2;V3;V4;V5

Graph Edges:
1. V1 o-> V2
2. V1 o-> V5
3. V2 <-> V3
4. V4 --> V2
5. V4 <-> V3
6. V5 <-> V4


  H0 (legal PAG = G* + spurious, cold-reoriented):
Graph Nodes:
V1;V2;V3;V4;V5

Graph Edges:
1. V1 o-> V2
2. V1 o-o V3
3. V1 --> V5
4. V2 <-> V4
5. V2 --> V5
6. V3 o-> V2
7. V3 o-> V4
8. V4 <-> V5



==== NON-I-MAP H0 (cold reorient of G*+spurious is NOT an I-map of G*) ====
  Under the corrected sepset regime this population is expected EMPTY; an entry
  here is a defect. The witness CI below is the proof of the violation.
  model                 : PAG#2353
  extra (spurious) edges: [V1 o-o V2, V2 o-o V5]  (k=2)
  WITNESS (holds in H0, fails in G*): V3 _||_ V5 | []   (m-separated in H0's MAG, m-connected in G*)
  true PAG G* (over observed):
Graph Nodes:
V1;V2;V3;V4;V5

Graph Edges:
1. V2 o-> V4
2. V3 <-> V1
3. V4 <-> V3
4. V4 --> V5
5. V5 <-> V1


  H0 (legal PAG = G* + spurious, cold-reoriented):
Graph Nodes:
V1;V2;V3;V4;V5

Graph Edges:
1. V1 --> V2
2. V2 --> V4
3. V2 <-> V5
4. V3 <-> V1
5. V3 <-> V4
6. V5 <-> V1
7. V5 <-> V4



==== NON-I-MAP H0 (cold reorient of G*+spurious is NOT an I-map of G*) ====
  Under the corrected sepset regime this population is expected EMPTY; an entry
  here is a defect. The witness CI below is the proof of the violation.
  model                 : PAG#2377
  extra (spurious) edges: [V1 o-o V2, V1 o-o V3]  (k=2)
  WITNESS (holds in H0, fails in G*): V3 _||_ V5 | [V1, V2]   (m-separated in H0's MAG, m-connected in G*)
  true PAG G* (over observed):
Graph Nodes:
V1;V2;V3;V4;V5

Graph Edges:
1. V2 o-o V5
2. V3 o-o V2
3. V3 --> V4
4. V4 --> V1
5. V5 --> V1
6. V5 --> V4


  H0 (legal PAG = G* + spurious, cold-reoriented):
Graph Nodes:
V1;V2;V3;V4;V5

Graph Edges:
1. V1 o-o V2
2. V1 o-o V3
3. V1 --> V4
4. V2 o-o V5
5. V3 o-o V2
6. V3 --> V4
7. V5 o-o V1
8. V5 --> V4



==== NON-I-MAP H0 (cold reorient of G*+spurious is NOT an I-map of G*) ====
  Under the corrected sepset regime this population is expected EMPTY; an entry
  here is a defect. The witness CI below is the proof of the violation.
  model                 : PAG#2429
  extra (spurious) edges: [V1 o-o V3, V3 o-o V5]  (k=2)
  WITNESS (holds in H0, fails in G*): V4 _||_ V5 | [V1, V3]   (m-separated in H0's MAG, m-connected in G*)
  true PAG G* (over observed):
Graph Nodes:
V1;V2;V3;V4;V5

Graph Edges:
1. V1 o-o V4
2. V1 o-o V5
3. V2 --> V3
4. V4 --> V2
5. V4 --> V3
6. V5 --> V2


  H0 (legal PAG = G* + spurious, cold-reoriented):
Graph Nodes:
V1;V2;V3;V4;V5

Graph Edges:
1. V1 o-o V3
2. V1 o-o V4
3. V1 o-o V5
4. V3 --> V2
5. V3 o-o V5
6. V4 --> V2
7. V4 o-o V3
8. V5 --> V2



==== NON-I-MAP H0 (cold reorient of G*+spurious is NOT an I-map of G*) ====
  Under the corrected sepset regime this population is expected EMPTY; an entry
  here is a defect. The witness CI below is the proof of the violation.
  model                 : PAG#2434
  extra (spurious) edges: [V1 o-o V5, V4 o-o V5]  (k=2)
  WITNESS (holds in H0, fails in G*): V1 _||_ V2 | [V4, V5]   (m-separated in H0's MAG, m-connected in G*)
  true PAG G* (over observed):
Graph Nodes:
V1;V2;V3;V4;V5

Graph Edges:
1. V2 o-> V3
2. V2 o-o V4
3. V2 --> V5
4. V3 <-> V1
5. V3 --> V5
6. V4 o-> V1


  H0 (legal PAG = G* + spurious, cold-reoriented):
Graph Nodes:
V1;V2;V3;V4;V5

Graph Edges:
1. V2 o-> V3
2. V2 o-o V4
3. V2 o-o V5
4. V3 <-> V1
5. V4 o-> V1
6. V4 o-o V5
7. V5 o-> V1
8. V5 o-> V3



==== NON-I-MAP H0 (cold reorient of G*+spurious is NOT an I-map of G*) ====
  Under the corrected sepset regime this population is expected EMPTY; an entry
  here is a defect. The witness CI below is the proof of the violation.
  model                 : PAG#2486
  extra (spurious) edges: [V2 o-o V4, V4 o-o V5]  (k=2)
  WITNESS (holds in H0, fails in G*): V2 _||_ V5 | [V4]   (m-separated in H0's MAG, m-connected in G*)
  true PAG G* (over observed):
Graph Nodes:
V1;V2;V3;V4;V5

Graph Edges:
1. V1 --> V4
2. V2 <-> V1
3. V2 <-> V3
4. V4 --> V3
5. V5 <-> V1
6. V5 <-> V3


  H0 (legal PAG = G* + spurious, cold-reoriented):
Graph Nodes:
V1;V2;V3;V4;V5

Graph Edges:
1. V1 <-> V2
2. V1 <-> V5
3. V2 <-> V3
4. V4 o-> V1
5. V4 o-> V2
6. V4 o-> V3
7. V4 o-> V5
8. V5 <-> V3



==== NON-I-MAP H0 (cold reorient of G*+spurious is NOT an I-map of G*) ====
  Under the corrected sepset regime this population is expected EMPTY; an entry
  here is a defect. The witness CI below is the proof of the violation.
  model                 : PAG#2500
  extra (spurious) edges: [V2 o-o V5, V4 o-o V5]  (k=2)
  WITNESS (holds in H0, fails in G*): V1 _||_ V2 | [V4, V5]   (m-separated in H0's MAG, m-connected in G*)
  true PAG G* (over observed):
Graph Nodes:
V1;V2;V3;V4;V5

Graph Edges:
1. V1 <-> V5
2. V3 <-> V1
3. V3 <-> V2
4. V3 --> V5
5. V4 o-> V1
6. V4 o-> V2


  H0 (legal PAG = G* + spurious, cold-reoriented):
Graph Nodes:
V1;V2;V3;V4;V5

Graph Edges:
1. V3 <-> V1
2. V3 <-> V2
3. V4 o-> V1
4. V4 o-> V2
5. V4 o-o V5
6. V5 o-> V1
7. V5 o-> V2
8. V5 o-> V3



==== NON-I-MAP H0 (cold reorient of G*+spurious is NOT an I-map of G*) ====
  Under the corrected sepset regime this population is expected EMPTY; an entry
  here is a defect. The witness CI below is the proof of the violation.
  model                 : PAG#2505
  extra (spurious) edges: [V1 o-o V5, V2 o-o V5, V4 o-o V5]  (k=3)
  WITNESS (holds in H0, fails in G*): V1 _||_ V2 | [V5]   (m-separated in H0's MAG, m-connected in G*)
  true PAG G* (over observed):
Graph Nodes:
V1;V2;V3;V4;V5

Graph Edges:
1. V2 o-> V3
2. V3 <-> V1
3. V3 --> V5
4. V4 o-> V1


  H0 (legal PAG = G* + spurious, cold-reoriented):
Graph Nodes:
V1;V2;V3;V4;V5

Graph Edges:
1. V2 o-> V3
2. V2 o-o V5
3. V3 <-> V1
4. V4 o-> V1
5. V4 o-o V5
6. V5 o-> V1
7. V5 o-> V3



==== NON-I-MAP H0 (cold reorient of G*+spurious is NOT an I-map of G*) ====
  Under the corrected sepset regime this population is expected EMPTY; an entry
  here is a defect. The witness CI below is the proof of the violation.
  model                 : PAG#2519
  extra (spurious) edges: [V2 o-o V5, V3 o-o V5]  (k=2)
  WITNESS (holds in H0, fails in G*): V2 _||_ V3 | [V5]   (m-separated in H0's MAG, m-connected in G*)
  true PAG G* (over observed):
Graph Nodes:
V1;V2;V3;V4;V5

Graph Edges:
1. V1 --> V5
2. V2 <-> V1
3. V3 <-> V1
4. V3 <-> V4
5. V4 <-> V2
6. V5 --> V4


  H0 (legal PAG = G* + spurious, cold-reoriented):
Graph Nodes:
V1;V2;V3;V4;V5

Graph Edges:
1. V1 <-> V2
2. V3 <-> V1
3. V3 <-> V4
4. V4 <-> V2
5. V5 o-> V1
6. V5 o-> V2
7. V5 o-> V3
8. V5 o-> V4



==== NON-I-MAP H0 (cold reorient of G*+spurious is NOT an I-map of G*) ====
  Under the corrected sepset regime this population is expected EMPTY; an entry
  here is a defect. The witness CI below is the proof of the violation.
  model                 : PAG#2530
  extra (spurious) edges: [V1 o-o V3, V1 o-o V4]  (k=2)
  WITNESS (holds in H0, fails in G*): V2 _||_ V3 | [V1]   (m-separated in H0's MAG, m-connected in G*)
  true PAG G* (over observed):
Graph Nodes:
V1;V2;V3;V4;V5

Graph Edges:
1. V2 <-> V1
2. V4 o-> V3
3. V5 --> V1
4. V5 <-> V2
5. V5 <-> V3


  H0 (legal PAG = G* + spurious, cold-reoriented):
Graph Nodes:
V1;V2;V3;V4;V5

Graph Edges:
1. V1 o-> V3
2. V1 o-o V4
3. V1 o-> V5
4. V2 o-o V1
5. V2 o-> V5
6. V4 o-> V3
7. V5 <-> V3



==== NON-I-MAP H0 (cold reorient of G*+spurious is NOT an I-map of G*) ====
  Under the corrected sepset regime this population is expected EMPTY; an entry
  here is a defect. The witness CI below is the proof of the violation.
  model                 : PAG#2533
  extra (spurious) edges: [V1 o-o V2, V1 o-o V3]  (k=2)
  WITNESS (holds in H0, fails in G*): V3 _||_ V5 | [V1]   (m-separated in H0's MAG, m-connected in G*)
  true PAG G* (over observed):
Graph Nodes:
V1;V2;V3;V4;V5

Graph Edges:
1. V1 <-> V5
2. V3 <-> V2
3. V4 --> V1
4. V4 --> V2
5. V4 <-> V3
6. V4 <-> V5


  H0 (legal PAG = G* + spurious, cold-reoriented):
Graph Nodes:
V1;V2;V3;V4;V5

Graph Edges:
1. V1 --> V2
2. V1 o-> V3
3. V1 o-> V4
4. V1 o-o V5
5. V3 <-> V2
6. V4 --> V2
7. V4 <-> V3
8. V5 o-> V4



==== NON-I-MAP H0 (cold reorient of G*+spurious is NOT an I-map of G*) ====
  Under the corrected sepset regime this population is expected EMPTY; an entry
  here is a defect. The witness CI below is the proof of the violation.
  model                 : PAG#2533
  extra (spurious) edges: [V1 o-o V2, V2 o-o V5]  (k=2)
  WITNESS (holds in H0, fails in G*): V3 _||_ V5 | [V2]   (m-separated in H0's MAG, m-connected in G*)
  true PAG G* (over observed):
Graph Nodes:
V1;V2;V3;V4;V5

Graph Edges:
1. V1 <-> V5
2. V3 <-> V2
3. V4 --> V1
4. V4 --> V2
5. V4 <-> V3
6. V4 <-> V5


  H0 (legal PAG = G* + spurious, cold-reoriented):
Graph Nodes:
V1;V2;V3;V4;V5

Graph Edges:
1. V1 <-> V5
2. V2 --> V1
3. V2 o-> V4
4. V2 o-> V5
5. V3 o-o V2
6. V3 o-> V4
7. V4 --> V1
8. V4 <-> V5



==== NON-I-MAP H0 (cold reorient of G*+spurious is NOT an I-map of G*) ====
  Under the corrected sepset regime this population is expected EMPTY; an entry
  here is a defect. The witness CI below is the proof of the violation.
  model                 : PAG#2559
  extra (spurious) edges: [V1 o-o V3, V3 o-o V4]  (k=2)
  WITNESS (holds in H0, fails in G*): V1 _||_ V2 | [V3, V4]   (m-separated in H0's MAG, m-connected in G*)
  true PAG G* (over observed):
Graph Nodes:
V1;V2;V3;V4;V5

Graph Edges:
1. V1 o-> V4
2. V2 <-> V3
3. V5 <-> V2
4. V5 --> V3
5. V5 <-> V4


  H0 (legal PAG = G* + spurious, cold-reoriented):
Graph Nodes:
V1;V2;V3;V4;V5

Graph Edges:
1. V1 o-o V3
2. V1 o-> V4
3. V2 o-o V3
4. V2 o-> V5
5. V3 o-> V4
6. V3 o-> V5
7. V4 <-> V5



==== NON-I-MAP H0 (cold reorient of G*+spurious is NOT an I-map of G*) ====
  Under the corrected sepset regime this population is expected EMPTY; an entry
  here is a defect. The witness CI below is the proof of the violation.
  model                 : PAG#2580
  extra (spurious) edges: [V1 o-o V5, V4 o-o V5]  (k=2)
  WITNESS (holds in H0, fails in G*): V3 _||_ V4 | [V1, V5]   (m-separated in H0's MAG, m-connected in G*)
  true PAG G* (over observed):
Graph Nodes:
V1;V2;V3;V4;V5

Graph Edges:
1. V1 o-o V3
2. V1 o-> V4
3. V2 --> V5
4. V3 o-> V2
5. V3 --> V5
6. V4 <-> V2


  H0 (legal PAG = G* + spurious, cold-reoriented):
Graph Nodes:
V1;V2;V3;V4;V5

Graph Edges:
1. V1 o-o V3
2. V1 o-> V4
3. V1 o-o V5
4. V3 o-> V2
5. V3 o-o V5
6. V4 <-> V2
7. V5 o-> V2
8. V5 o-> V4



==== NON-I-MAP H0 (cold reorient of G*+spurious is NOT an I-map of G*) ====
  Under the corrected sepset regime this population is expected EMPTY; an entry
  here is a defect. The witness CI below is the proof of the violation.
  model                 : PAG#2587
  extra (spurious) edges: [V1 o-o V5, V3 o-o V5]  (k=2)
  WITNESS (holds in H0, fails in G*): V3 _||_ V4 | [V1, V5]   (m-separated in H0's MAG, m-connected in G*)
  true PAG G* (over observed):
Graph Nodes:
V1;V2;V3;V4;V5

Graph Edges:
1. V1 o-> V3
2. V1 o-> V4
3. V2 --> V5
4. V3 <-> V2
5. V4 <-> V2
6. V4 <-> V5


  H0 (legal PAG = G* + spurious, cold-reoriented):
Graph Nodes:
V1;V2;V3;V4;V5

Graph Edges:
1. V1 o-> V3
2. V1 o-> V4
3. V1 o-o V5
4. V3 <-> V2
5. V4 <-> V2
6. V5 o-> V2
7. V5 o-> V3
8. V5 o-> V4



==== NON-I-MAP H0 (cold reorient of G*+spurious is NOT an I-map of G*) ====
  Under the corrected sepset regime this population is expected EMPTY; an entry
  here is a defect. The witness CI below is the proof of the violation.
  model                 : PAG#2609
  extra (spurious) edges: [V1 o-o V2, V1 o-o V4]  (k=2)
  WITNESS (holds in H0, fails in G*): V4 _||_ V5 | [V1, V2]   (m-separated in H0's MAG, m-connected in G*)
  true PAG G* (over observed):
Graph Nodes:
V1;V2;V3;V4;V5

Graph Edges:
1. V2 o-o V4
2. V2 o-o V5
3. V3 --> V1
4. V4 --> V3
5. V5 --> V1
6. V5 --> V3


  H0 (legal PAG = G* + spurious, cold-reoriented):
Graph Nodes:
V1;V2;V3;V4;V5

Graph Edges:
1. V1 o-o V2
2. V1 --> V3
3. V1 o-o V4
4. V2 o-o V4
5. V2 o-o V5
6. V4 --> V3
7. V5 o-o V1
8. V5 --> V3



==== NON-I-MAP H0 (cold reorient of G*+spurious is NOT an I-map of G*) ====
  Under the corrected sepset regime this population is expected EMPTY; an entry
  here is a defect. The witness CI below is the proof of the violation.
  model                 : PAG#2637
  extra (spurious) edges: [V2 o-o V3, V3 o-o V4]  (k=2)
  WITNESS (holds in H0, fails in G*): V2 _||_ V5 | [V3, V4]   (m-separated in H0's MAG, m-connected in G*)
  true PAG G* (over observed):
Graph Nodes:
V1;V2;V3;V4;V5

Graph Edges:
1. V1 --> V3
2. V2 --> V1
3. V2 o-o V4
4. V4 o-o V5
5. V5 --> V1
6. V5 --> V3


  H0 (legal PAG = G* + spurious, cold-reoriented):
Graph Nodes:
V1;V2;V3;V4;V5

Graph Edges:
1. V2 --> V1
2. V2 o-o V3
3. V2 o-o V4
4. V3 --> V1
5. V3 o-o V4
6. V4 o-o V5
7. V5 --> V1
8. V5 o-o V3



==== NON-I-MAP H0 (cold reorient of G*+spurious is NOT an I-map of G*) ====
  Under the corrected sepset regime this population is expected EMPTY; an entry
  here is a defect. The witness CI below is the proof of the violation.
  model                 : PAG#2643
  extra (spurious) edges: [V1 o-o V3, V2 o-o V5]  (k=2)
  WITNESS (holds in H0, fails in G*): V1 _||_ V2 | [V3, V5]   (m-separated in H0's MAG, m-connected in G*)
  true PAG G* (over observed):
Graph Nodes:
V1;V2;V3;V4;V5

Graph Edges:
1. V1 o-> V4
2. V3 <-> V2
3. V4 <-> V2
4. V4 --> V3
5. V5 o-o V1
6. V5 --> V3


  H0 (legal PAG = G* + spurious, cold-reoriented):
Graph Nodes:
V1;V2;V3;V4;V5

Graph Edges:
1. V2 o-> V3
2. V2 o-> V4
3. V2 o-o V5
4. V3 --> V1
5. V3 <-> V4
6. V4 <-> V1
7. V5 --> V1
8. V5 o-> V3



==== NON-I-MAP H0 (cold reorient of G*+spurious is NOT an I-map of G*) ====
  Under the corrected sepset regime this population is expected EMPTY; an entry
  here is a defect. The witness CI below is the proof of the violation.
  model                 : PAG#2645
  extra (spurious) edges: [V1 o-o V5, V3 o-o V5, V4 o-o V5]  (k=3)
  WITNESS (holds in H0, fails in G*): V1 _||_ V3 | [V4, V5]   (m-separated in H0's MAG, m-connected in G*)
  true PAG G* (over observed):
Graph Nodes:
V1;V2;V3;V4;V5

Graph Edges:
1. V2 <-> V1
2. V2 --> V5
3. V3 o-> V2
4. V4 o-> V1
5. V4 o-o V3


  H0 (legal PAG = G* + spurious, cold-reoriented):
Graph Nodes:
V1;V2;V3;V4;V5

Graph Edges:
1. V2 <-> V1
2. V3 o-> V2
3. V3 o-o V5
4. V4 o-> V1
5. V4 o-o V3
6. V4 o-o V5
7. V5 o-> V1
8. V5 o-> V2



==== NON-I-MAP H0 (cold reorient of G*+spurious is NOT an I-map of G*) ====
  Under the corrected sepset regime this population is expected EMPTY; an entry
  here is a defect. The witness CI below is the proof of the violation.
  model                 : PAG#2666
  extra (spurious) edges: [V1 o-o V2, V2 o-o V5]  (k=2)
  WITNESS (holds in H0, fails in G*): V1 _||_ V3 | [V2]   (m-separated in H0's MAG, m-connected in G*)
  true PAG G* (over observed):
Graph Nodes:
V1;V2;V3;V4;V5

Graph Edges:
1. V1 o-> V4
2. V3 o-> V2
3. V3 o-o V5
4. V4 <-> V2
5. V5 o-o V1


  H0 (legal PAG = G* + spurious, cold-reoriented):
Graph Nodes:
V1;V2;V3;V4;V5

Graph Edges:
1. V1 --> V5
2. V2 --> V1
3. V2 --> V5
4. V3 o-> V2
5. V3 --> V5
6. V4 <-> V1
7. V4 <-> V2



==== NON-I-MAP H0 (cold reorient of G*+spurious is NOT an I-map of G*) ====
  Under the corrected sepset regime this population is expected EMPTY; an entry
  here is a defect. The witness CI below is the proof of the violation.
  model                 : PAG#2666
  extra (spurious) edges: [V3 o-o V4, V4 o-o V5]  (k=2)
  WITNESS (holds in H0, fails in G*): V1 _||_ V2 | []   (m-separated in H0's MAG, m-connected in G*)
  true PAG G* (over observed):
Graph Nodes:
V1;V2;V3;V4;V5

Graph Edges:
1. V1 o-> V4
2. V3 o-> V2
3. V3 o-o V5
4. V4 <-> V2
5. V5 o-o V1


  H0 (legal PAG = G* + spurious, cold-reoriented):
Graph Nodes:
V1;V2;V3;V4;V5

Graph Edges:
1. V1 o-> V4
2. V1 --> V5
3. V2 <-> V3
4. V3 --> V5
5. V4 <-> V2
6. V4 --> V3
7. V4 --> V5



==== NON-I-MAP H0 (cold reorient of G*+spurious is NOT an I-map of G*) ====
  Under the corrected sepset regime this population is expected EMPTY; an entry
  here is a defect. The witness CI below is the proof of the violation.
  model                 : PAG#2675
  extra (spurious) edges: [V1 o-o V5, V2 o-o V5, V3 o-o V5]  (k=3)
  WITNESS (holds in H0, fails in G*): V1 _||_ V2 | [V3, V5]   (m-separated in H0's MAG, m-connected in G*)
  true PAG G* (over observed):
Graph Nodes:
V1;V2;V3;V4;V5

Graph Edges:
1. V1 --> V4
2. V2 o-o V3
3. V2 --> V4
4. V3 o-o V1
5. V4 --> V5


  H0 (legal PAG = G* + spurious, cold-reoriented):
Graph Nodes:
V1;V2;V3;V4;V5

Graph Edges:
1. V1 --> V4
2. V1 o-o V5
3. V2 o-o V3
4. V2 --> V4
5. V2 o-o V5
6. V3 o-o V1
7. V3 o-o V5
8. V5 --> V4



==== NON-I-MAP H0 (cold reorient of G*+spurious is NOT an I-map of G*) ====
  Under the corrected sepset regime this population is expected EMPTY; an entry
  here is a defect. The witness CI below is the proof of the violation.
  model                 : PAG#2678
  extra (spurious) edges: [V1 o-o V3, V3 o-o V5]  (k=2)
  WITNESS (holds in H0, fails in G*): V1 _||_ V2 | [V3, V5]   (m-separated in H0's MAG, m-connected in G*)
  true PAG G* (over observed):
Graph Nodes:
V1;V2;V3;V4;V5

Graph Edges:
1. V2 --> V3
2. V2 o-> V4
3. V2 o-o V5
4. V4 <-> V1
5. V4 --> V3
6. V5 o-> V1


  H0 (legal PAG = G* + spurious, cold-reoriented):
Graph Nodes:
V1;V2;V3;V4;V5

Graph Edges:
1. V2 o-o V3
2. V2 o-> V4
3. V2 o-o V5
4. V3 o-> V1
5. V3 o-> V4
6. V3 o-o V5
7. V4 <-> V1
8. V5 o-> V1



==== NON-I-MAP H0 (cold reorient of G*+spurious is NOT an I-map of G*) ====
  Under the corrected sepset regime this population is expected EMPTY; an entry
  here is a defect. The witness CI below is the proof of the violation.
  model                 : PAG#2721
  extra (spurious) edges: [V2 o-o V4, V2 o-o V5]  (k=2)
  WITNESS (holds in H0, fails in G*): V1 _||_ V5 | [V2, V4]   (m-separated in H0's MAG, m-connected in G*)
  true PAG G* (over observed):
Graph Nodes:
V1;V2;V3;V4;V5

Graph Edges:
1. V1 --> V2
2. V1 --> V3
3. V1 o-o V4
4. V3 --> V2
5. V4 o-o V5
6. V5 --> V3


  H0 (legal PAG = G* + spurious, cold-reoriented):
Graph Nodes:
V1;V2;V3;V4;V5

Graph Edges:
1. V1 o-o V2
2. V1 --> V3
3. V1 o-o V4
4. V2 --> V3
5. V2 o-o V4
6. V2 o-o V5
7. V4 o-o V5
8. V5 --> V3



==== NON-I-MAP H0 (cold reorient of G*+spurious is NOT an I-map of G*) ====
  Under the corrected sepset regime this population is expected EMPTY; an entry
  here is a defect. The witness CI below is the proof of the violation.
  model                 : PAG#2734
  extra (spurious) edges: [V2 o-o V5, V3 o-o V5]  (k=2)
  WITNESS (holds in H0, fails in G*): V2 _||_ V4 | [V3, V5]   (m-separated in H0's MAG, m-connected in G*)
  true PAG G* (over observed):
Graph Nodes:
V1;V2;V3;V4;V5

Graph Edges:
1. V1 --> V5
2. V2 <-> V1
3. V3 o-> V2
4. V4 o-> V1
5. V4 o-o V3
6. V4 --> V5


  H0 (legal PAG = G* + spurious, cold-reoriented):
Graph Nodes:
V1;V2;V3;V4;V5

Graph Edges:
1. V2 <-> V1
2. V3 o-> V2
3. V3 o-o V5
4. V4 o-> V1
5. V4 o-o V3
6. V4 o-o V5
7. V5 o-> V1
8. V5 o-> V2



==== NON-I-MAP H0 (cold reorient of G*+spurious is NOT an I-map of G*) ====
  Under the corrected sepset regime this population is expected EMPTY; an entry
  here is a defect. The witness CI below is the proof of the violation.
  model                 : PAG#2743
  extra (spurious) edges: [V1 o-o V5, V2 o-o V5]  (k=2)
  WITNESS (holds in H0, fails in G*): V1 _||_ V2 | [V5]   (m-separated in H0's MAG, m-connected in G*)
  true PAG G* (over observed):
Graph Nodes:
V1;V2;V3;V4;V5

Graph Edges:
1. V2 <-> V3
2. V3 <-> V1
3. V4 <-> V1
4. V4 <-> V2
5. V4 --> V5
6. V5 --> V3


  H0 (legal PAG = G* + spurious, cold-reoriented):
Graph Nodes:
V1;V2;V3;V4;V5

Graph Edges:
1. V3 <-> V1
2. V3 <-> V2
3. V4 <-> V1
4. V4 <-> V2
5. V5 o-> V1
6. V5 o-> V2
7. V5 o-> V3
8. V5 o-> V4



==== NON-I-MAP H0 (cold reorient of G*+spurious is NOT an I-map of G*) ====
  Under the corrected sepset regime this population is expected EMPTY; an entry
  here is a defect. The witness CI below is the proof of the violation.
  model                 : PAG#2755
  extra (spurious) edges: [V1 o-o V3, V1 o-o V4, V1 o-o V5]  (k=3)
  WITNESS (holds in H0, fails in G*): V3 _||_ V4 | [V1, V5]   (m-separated in H0's MAG, m-connected in G*)
  true PAG G* (over observed):
Graph Nodes:
V1;V2;V3;V4;V5

Graph Edges:
1. V2 --> V1
2. V3 --> V2
3. V4 --> V2
4. V4 o-o V5
5. V5 o-o V3


  H0 (legal PAG = G* + spurious, cold-reoriented):
Graph Nodes:
V1;V2;V3;V4;V5

Graph Edges:
1. V1 --> V2
2. V1 o-o V3
3. V1 o-o V4
4. V1 o-o V5
5. V3 --> V2
6. V4 --> V2
7. V4 o-o V5
8. V5 o-o V3



==== NON-I-MAP H0 (cold reorient of G*+spurious is NOT an I-map of G*) ====
  Under the corrected sepset regime this population is expected EMPTY; an entry
  here is a defect. The witness CI below is the proof of the violation.
  model                 : PAG#2774
  extra (spurious) edges: [V1 o-o V4, V3 o-o V5]  (k=2)
  WITNESS (holds in H0, fails in G*): V4 _||_ V5 | [V1, V3]   (m-separated in H0's MAG, m-connected in G*)
  true PAG G* (over observed):
Graph Nodes:
V1;V2;V3;V4;V5

Graph Edges:
1. V1 o-> V3
2. V1 o-> V5
3. V2 --> V3
4. V2 <-> V4
5. V3 <-> V4
6. V5 <-> V2


  H0 (legal PAG = G* + spurious, cold-reoriented):
Graph Nodes:
V1;V2;V3;V4;V5

Graph Edges:
1. V1 o-> V3
2. V1 o-o V4
3. V1 --> V5
4. V2 <-> V5
5. V3 <-> V2
6. V3 --> V5
7. V4 o-> V2
8. V4 o-> V3



==== NON-I-MAP H0 (cold reorient of G*+spurious is NOT an I-map of G*) ====
  Under the corrected sepset regime this population is expected EMPTY; an entry
  here is a defect. The witness CI below is the proof of the violation.
  model                 : PAG#2837
  extra (spurious) edges: [V1 o-o V5, V2 o-o V5, V4 o-o V5]  (k=3)
  WITNESS (holds in H0, fails in G*): V1 _||_ V4 | [V2, V5]   (m-separated in H0's MAG, m-connected in G*)
  true PAG G* (over observed):
Graph Nodes:
V1;V2;V3;V4;V5

Graph Edges:
1. V1 o-o V2
2. V1 o-> V3
3. V2 o-> V4
4. V3 --> V5
5. V4 <-> V3


  H0 (legal PAG = G* + spurious, cold-reoriented):
Graph Nodes:
V1;V2;V3;V4;V5

Graph Edges:
1. V1 o-o V2
2. V1 o-> V3
3. V1 o-o V5
4. V2 o-> V4
5. V2 o-o V5
6. V3 <-> V4
7. V5 o-> V3
8. V5 o-> V4



==== NON-I-MAP H0 (cold reorient of G*+spurious is NOT an I-map of G*) ====
  Under the corrected sepset regime this population is expected EMPTY; an entry
  here is a defect. The witness CI below is the proof of the violation.
  model                 : PAG#2859
  extra (spurious) edges: [V2 o-o V5, V4 o-o V5]  (k=2)
  WITNESS (holds in H0, fails in G*): V1 _||_ V3 | []   (m-separated in H0's MAG, m-connected in G*)
  true PAG G* (over observed):
Graph Nodes:
V1;V2;V3;V4;V5

Graph Edges:
1. V2 o-> V1
2. V2 o-o V4
3. V4 o-> V3
4. V5 <-> V1
5. V5 <-> V3


  H0 (legal PAG = G* + spurious, cold-reoriented):
Graph Nodes:
V1;V2;V3;V4;V5

Graph Edges:
1. V1 <-> V2
2. V1 <-> V5
3. V3 <-> V4
4. V4 --> V2
5. V5 --> V2
6. V5 <-> V3
7. V5 --> V4



==== NON-I-MAP H0 (cold reorient of G*+spurious is NOT an I-map of G*) ====
  Under the corrected sepset regime this population is expected EMPTY; an entry
  here is a defect. The witness CI below is the proof of the violation.
  model                 : PAG#2892
  extra (spurious) edges: [V1 o-o V2, V1 o-o V3]  (k=2)
  WITNESS (holds in H0, fails in G*): V2 _||_ V4 | [V1, V3]   (m-separated in H0's MAG, m-connected in G*)
  true PAG G* (over observed):
Graph Nodes:
V1;V2;V3;V4;V5

Graph Edges:
1. V3 o-> V2
2. V3 o-> V4
3. V4 <-> V1
4. V5 --> V1
5. V5 <-> V2
6. V5 <-> V4


  H0 (legal PAG = G* + spurious, cold-reoriented):
Graph Nodes:
V1;V2;V3;V4;V5

Graph Edges:
1. V1 o-> V2
2. V1 o-o V3
3. V1 o-> V4
4. V1 o-> V5
5. V2 <-> V5
6. V3 o-> V2
7. V3 o-> V4
8. V4 <-> V5



==== NON-I-MAP H0 (cold reorient of G*+spurious is NOT an I-map of G*) ====
  Under the corrected sepset regime this population is expected EMPTY; an entry
  here is a defect. The witness CI below is the proof of the violation.
  model                 : PAG#2958
  extra (spurious) edges: [V1 o-o V5, V3 o-o V5]  (k=2)
  WITNESS (holds in H0, fails in G*): V1 _||_ V4 | [V3, V5]   (m-separated in H0's MAG, m-connected in G*)
  true PAG G* (over observed):
Graph Nodes:
V1;V2;V3;V4;V5

Graph Edges:
1. V1 o-> V2
2. V2 --> V5
3. V3 o-o V1
4. V3 o-> V4
5. V4 <-> V2
6. V4 --> V5


  H0 (legal PAG = G* + spurious, cold-reoriented):
Graph Nodes:
V1;V2;V3;V4;V5

Graph Edges:
1. V1 o-> V2
2. V1 o-o V5
3. V3 o-o V1
4. V3 o-> V4
5. V3 o-o V5
6. V4 <-> V2
7. V5 o-> V2
8. V5 o-> V4



==== NON-I-MAP H0 (cold reorient of G*+spurious is NOT an I-map of G*) ====
  Under the corrected sepset regime this population is expected EMPTY; an entry
  here is a defect. The witness CI below is the proof of the violation.
  model                 : PAG#2974
  extra (spurious) edges: [V1 o-o V4, V1 o-o V5]  (k=2)
  WITNESS (holds in H0, fails in G*): V3 _||_ V4 | [V1, V5]   (m-separated in H0's MAG, m-connected in G*)
  true PAG G* (over observed):
Graph Nodes:
V1;V2;V3;V4;V5

Graph Edges:
1. V2 --> V1
2. V2 <-> V3
3. V3 <-> V1
4. V4 o-> V5
5. V5 <-> V2


  H0 (legal PAG = G* + spurious, cold-reoriented):
Graph Nodes:
V1;V2;V3;V4;V5

Graph Edges:
1. V1 o-> V2
2. V1 o-o V4
3. V1 o-> V5
4. V2 <-> V5
5. V3 o-o V1
6. V3 o-> V2
7. V4 o-> V5



==== NON-I-MAP H0 (cold reorient of G*+spurious is NOT an I-map of G*) ====
  Under the corrected sepset regime this population is expected EMPTY; an entry
  here is a defect. The witness CI below is the proof of the violation.
  model                 : PAG#2978
  extra (spurious) edges: [V2 o-o V3, V3 o-o V5]  (k=2)
  WITNESS (holds in H0, fails in G*): V1 _||_ V2 | [V3, V5]   (m-separated in H0's MAG, m-connected in G*)
  true PAG G* (over observed):
Graph Nodes:
V1;V2;V3;V4;V5

Graph Edges:
1. V1 <-> V3
2. V4 <-> V1
3. V4 <-> V2
4. V4 --> V3
5. V5 o-> V1
6. V5 o-> V2


  H0 (legal PAG = G* + spurious, cold-reoriented):
Graph Nodes:
V1;V2;V3;V4;V5

Graph Edges:
1. V2 <-> V4
2. V3 o-> V1
3. V3 o-> V2
4. V3 o-> V4
5. V3 o-o V5
6. V4 <-> V1
7. V5 o-> V1
8. V5 o-> V2



==== NON-I-MAP H0 (cold reorient of G*+spurious is NOT an I-map of G*) ====
  Under the corrected sepset regime this population is expected EMPTY; an entry
  here is a defect. The witness CI below is the proof of the violation.
  model                 : PAG#3064
  extra (spurious) edges: [V1 o-o V2, V1 o-o V5]  (k=2)
  WITNESS (holds in H0, fails in G*): V3 _||_ V4 | []   (m-separated in H0's MAG, m-connected in G*)
  true PAG G* (over observed):
Graph Nodes:
V1;V2;V3;V4;V5

Graph Edges:
1. V2 o-o V3
2. V2 o-o V5
3. V3 --> V1
4. V4 --> V1
5. V5 o-o V4


  H0 (legal PAG = G* + spurious, cold-reoriented):
Graph Nodes:
V1;V2;V3;V4;V5

Graph Edges:
1. V1 --> V2
2. V1 --> V5
3. V3 o-> V1
4. V3 --> V2
5. V4 o-> V1
6. V4 --> V5
7. V5 --> V2



==== NON-I-MAP H0 (cold reorient of G*+spurious is NOT an I-map of G*) ====
  Under the corrected sepset regime this population is expected EMPTY; an entry
  here is a defect. The witness CI below is the proof of the violation.
  model                 : PAG#3065
  extra (spurious) edges: [V1 o-o V4, V4 o-o V5]  (k=2)
  WITNESS (holds in H0, fails in G*): V1 _||_ V3 | [V4, V5]   (m-separated in H0's MAG, m-connected in G*)
  true PAG G* (over observed):
Graph Nodes:
V1;V2;V3;V4;V5

Graph Edges:
1. V1 --> V2
2. V2 --> V4
3. V3 --> V2
4. V3 --> V4
5. V3 o-o V5
6. V5 o-o V1


  H0 (legal PAG = G* + spurious, cold-reoriented):
Graph Nodes:
V1;V2;V3;V4;V5

Graph Edges:
1. V1 --> V2
2. V1 o-o V4
3. V3 --> V2
4. V3 o-o V4
5. V3 o-o V5
6. V4 --> V2
7. V4 o-o V5
8. V5 o-o V1



==== NON-I-MAP H0 (cold reorient of G*+spurious is NOT an I-map of G*) ====
  Under the corrected sepset regime this population is expected EMPTY; an entry
  here is a defect. The witness CI below is the proof of the violation.
  model                 : PAG#3123
  extra (spurious) edges: [V1 o-o V3, V1 o-o V5]  (k=2)
  WITNESS (holds in H0, fails in G*): V4 _||_ V5 | [V1]   (m-separated in H0's MAG, m-connected in G*)
  true PAG G* (over observed):
Graph Nodes:
V1;V2;V3;V4;V5

Graph Edges:
1. V2 --> V1
2. V2 --> V3
3. V2 <-> V4
4. V2 <-> V5
5. V3 <-> V5
6. V4 <-> V1


  H0 (legal PAG = G* + spurious, cold-reoriented):
Graph Nodes:
V1;V2;V3;V4;V5

Graph Edges:
1. V1 o-> V2
2. V1 --> V3
3. V1 o-> V5
4. V2 --> V3
5. V2 <-> V5
6. V3 <-> V5
7. V4 o-o V1
8. V4 o-> V2



==== NON-I-MAP H0 (cold reorient of G*+spurious is NOT an I-map of G*) ====
  Under the corrected sepset regime this population is expected EMPTY; an entry
  here is a defect. The witness CI below is the proof of the violation.
  model                 : PAG#3123
  extra (spurious) edges: [V1 o-o V3, V3 o-o V4]  (k=2)
  WITNESS (holds in H0, fails in G*): V4 _||_ V5 | [V3]   (m-separated in H0's MAG, m-connected in G*)
  true PAG G* (over observed):
Graph Nodes:
V1;V2;V3;V4;V5

Graph Edges:
1. V2 --> V1
2. V2 --> V3
3. V2 <-> V4
4. V2 <-> V5
5. V3 <-> V5
6. V4 <-> V1


  H0 (legal PAG = G* + spurious, cold-reoriented):
Graph Nodes:
V1;V2;V3;V4;V5

Graph Edges:
1. V2 --> V1
2. V2 <-> V4
3. V3 --> V1
4. V3 o-> V2
5. V3 o-> V4
6. V3 o-o V5
7. V4 <-> V1
8. V5 o-> V2



==== NON-I-MAP H0 (cold reorient of G*+spurious is NOT an I-map of G*) ====
  Under the corrected sepset regime this population is expected EMPTY; an entry
  here is a defect. The witness CI below is the proof of the violation.
  model                 : PAG#3146
  extra (spurious) edges: [V1 o-o V2, V1 o-o V3]  (k=2)
  WITNESS (holds in H0, fails in G*): V2 _||_ V4 | [V1]   (m-separated in H0's MAG, m-connected in G*)
  true PAG G* (over observed):
Graph Nodes:
V1;V2;V3;V4;V5

Graph Edges:
1. V1 <-> V4
2. V2 <-> V3
3. V5 --> V1
4. V5 <-> V2
5. V5 --> V3
6. V5 <-> V4


  H0 (legal PAG = G* + spurious, cold-reoriented):
Graph Nodes:
V1;V2;V3;V4;V5

Graph Edges:
1. V1 o-> V2
2. V1 --> V3
3. V1 o-o V4
4. V1 o-> V5
5. V2 <-> V3
6. V4 o-> V5
7. V5 <-> V2
8. V5 --> V3



==== NON-I-MAP H0 (cold reorient of G*+spurious is NOT an I-map of G*) ====
  Under the corrected sepset regime this population is expected EMPTY; an entry
  here is a defect. The witness CI below is the proof of the violation.
  model                 : PAG#3146
  extra (spurious) edges: [V1 o-o V3, V3 o-o V4]  (k=2)
  WITNESS (holds in H0, fails in G*): V2 _||_ V4 | [V3]   (m-separated in H0's MAG, m-connected in G*)
  true PAG G* (over observed):
Graph Nodes:
V1;V2;V3;V4;V5

Graph Edges:
1. V1 <-> V4
2. V2 <-> V3
3. V5 --> V1
4. V5 <-> V2
5. V5 --> V3
6. V5 <-> V4


  H0 (legal PAG = G* + spurious, cold-reoriented):
Graph Nodes:
V1;V2;V3;V4;V5

Graph Edges:
1. V1 <-> V4
2. V2 o-o V3
3. V2 o-> V5
4. V3 --> V1
5. V3 o-> V4
6. V3 o-> V5
7. V5 --> V1
8. V5 <-> V4



==== NON-I-MAP H0 (cold reorient of G*+spurious is NOT an I-map of G*) ====
  Under the corrected sepset regime this population is expected EMPTY; an entry
  here is a defect. The witness CI below is the proof of the violation.
  model                 : PAG#3151
  extra (spurious) edges: [V1 o-o V5, V2 o-o V4]  (k=2)
  WITNESS (holds in H0, fails in G*): V1 _||_ V3 | [V5]   (m-separated in H0's MAG, m-connected in G*)
  true PAG G* (over observed):
Graph Nodes:
V1;V2;V3;V4;V5

Graph Edges:
1. V1 o-o V2
2. V1 --> V4
3. V2 o-> V3
4. V3 --> V4
5. V3 <-> V5
6. V4 <-> V5


  H0 (legal PAG = G* + spurious, cold-reoriented):
Graph Nodes:
V1;V2;V3;V4;V5

Graph Edges:
1. V1 --> V2
2. V1 o-> V4
3. V1 o-o V5
4. V3 <-> V2
5. V4 --> V2
6. V4 <-> V3
7. V5 o-> V3
8. V5 o-> V4



==== NON-I-MAP H0 (cold reorient of G*+spurious is NOT an I-map of G*) ====
  Under the corrected sepset regime this population is expected EMPTY; an entry
  here is a defect. The witness CI below is the proof of the violation.
  model                 : PAG#3158
  extra (spurious) edges: [V1 o-o V2, V1 o-o V5]  (k=2)
  WITNESS (holds in H0, fails in G*): V2 _||_ V3 | [V1, V5]   (m-separated in H0's MAG, m-connected in G*)
  true PAG G* (over observed):
Graph Nodes:
V1;V2;V3;V4;V5

Graph Edges:
1. V2 --> V4
2. V3 --> V1
3. V3 --> V4
4. V3 o-o V5
5. V4 --> V1
6. V5 o-o V2


  H0 (legal PAG = G* + spurious, cold-reoriented):
Graph Nodes:
V1;V2;V3;V4;V5

Graph Edges:
1. V1 o-o V2
2. V1 --> V4
3. V1 o-o V5
4. V2 --> V4
5. V3 o-o V1
6. V3 --> V4
7. V3 o-o V5
8. V5 o-o V2



==== NON-I-MAP H0 (cold reorient of G*+spurious is NOT an I-map of G*) ====
  Under the corrected sepset regime this population is expected EMPTY; an entry
  here is a defect. The witness CI below is the proof of the violation.
  model                 : PAG#3161
  extra (spurious) edges: [V2 o-o V4, V3 o-o V5]  (k=2)
  WITNESS (holds in H0, fails in G*): V4 _||_ V5 | [V2, V3]   (m-separated in H0's MAG, m-connected in G*)
  true PAG G* (over observed):
Graph Nodes:
V1;V2;V3;V4;V5

Graph Edges:
1. V1 --> V3
2. V1 <-> V4
3. V2 o-> V3
4. V2 o-> V5
5. V3 <-> V4
6. V5 <-> V1


  H0 (legal PAG = G* + spurious, cold-reoriented):
Graph Nodes:
V1;V2;V3;V4;V5

Graph Edges:
1. V1 <-> V5
2. V2 o-> V3
3. V2 o-o V4
4. V2 --> V5
5. V3 <-> V1
6. V3 --> V5
7. V4 o-> V1
8. V4 o-> V3



==== NON-I-MAP H0 (cold reorient of G*+spurious is NOT an I-map of G*) ====
  Under the corrected sepset regime this population is expected EMPTY; an entry
  here is a defect. The witness CI below is the proof of the violation.
  model                 : PAG#3190
  extra (spurious) edges: [V1 o-o V2, V3 o-o V5]  (k=2)
  WITNESS (holds in H0, fails in G*): V1 _||_ V4 | [V2]   (m-separated in H0's MAG, m-connected in G*)
  true PAG G* (over observed):
Graph Nodes:
V1;V2;V3;V4;V5

Graph Edges:
1. V1 --> V5
2. V3 o-o V1
3. V3 o-> V4
4. V4 <-> V2
5. V4 --> V5
6. V5 <-> V2


  H0 (legal PAG = G* + spurious, cold-reoriented):
Graph Nodes:
V1;V2;V3;V4;V5

Graph Edges:
1. V1 o-o V2
2. V1 --> V3
3. V1 o-> V5
4. V2 o-> V4
5. V2 o-> V5
6. V4 <-> V3
7. V5 --> V3
8. V5 <-> V4



==== NON-I-MAP H0 (cold reorient of G*+spurious is NOT an I-map of G*) ====
  Under the corrected sepset regime this population is expected EMPTY; an entry
  here is a defect. The witness CI below is the proof of the violation.
  model                 : PAG#3219
  extra (spurious) edges: [V2 o-o V3, V3 o-o V4]  (k=2)
  WITNESS (holds in H0, fails in G*): V1 _||_ V4 | []   (m-separated in H0's MAG, m-connected in G*)
  true PAG G* (over observed):
Graph Nodes:
V1;V2;V3;V4;V5

Graph Edges:
1. V2 <-> V1
2. V3 o-> V5
3. V4 <-> V2
4. V5 <-> V1
5. V5 --> V4


  H0 (legal PAG = G* + spurious, cold-reoriented):
Graph Nodes:
V1;V2;V3;V4;V5

Graph Edges:
1. V1 <-> V2
2. V1 <-> V5
3. V2 --> V3
4. V3 <-> V4
5. V3 --> V5
6. V4 <-> V2
7. V4 <-> V5



==== NON-I-MAP H0 (cold reorient of G*+spurious is NOT an I-map of G*) ====
  Under the corrected sepset regime this population is expected EMPTY; an entry
  here is a defect. The witness CI below is the proof of the violation.
  model                 : PAG#3301
  extra (spurious) edges: [V2 o-o V3, V3 o-o V5]  (k=2)
  WITNESS (holds in H0, fails in G*): V1 _||_ V2 | [V3]   (m-separated in H0's MAG, m-connected in G*)
  true PAG G* (over observed):
Graph Nodes:
V1;V2;V3;V4;V5

Graph Edges:
1. V1 --> V3
2. V1 o-> V4
3. V4 <-> V2
4. V4 --> V3
5. V5 o-> V2


  H0 (legal PAG = G* + spurious, cold-reoriented):
Graph Nodes:
V1;V2;V3;V4;V5

Graph Edges:
1. V1 o-o V3
2. V1 o-> V4
3. V2 <-> V4
4. V3 o-> V2
5. V3 o-> V4
6. V3 o-o V5
7. V5 o-> V2



==== NON-I-MAP H0 (cold reorient of G*+spurious is NOT an I-map of G*) ====
  Under the corrected sepset regime this population is expected EMPTY; an entry
  here is a defect. The witness CI below is the proof of the violation.
  model                 : PAG#3302
  extra (spurious) edges: [V1 o-o V3, V2 o-o V3]  (k=2)
  WITNESS (holds in H0, fails in G*): V1 _||_ V5 | [V2, V3]   (m-separated in H0's MAG, m-connected in G*)
  true PAG G* (over observed):
Graph Nodes:
V1;V2;V3;V4;V5

Graph Edges:
1. V2 o-> V1
2. V2 o-o V5
3. V4 <-> V1
4. V4 --> V3
5. V5 --> V3
6. V5 o-> V4


  H0 (legal PAG = G* + spurious, cold-reoriented):
Graph Nodes:
V1;V2;V3;V4;V5

Graph Edges:
1. V1 <-> V4
2. V2 o-> V1
3. V2 o-o V3
4. V2 o-o V5
5. V3 o-> V1
6. V3 o-> V4
7. V5 o-o V3
8. V5 o-> V4



==== NON-I-MAP H0 (cold reorient of G*+spurious is NOT an I-map of G*) ====
  Under the corrected sepset regime this population is expected EMPTY; an entry
  here is a defect. The witness CI below is the proof of the violation.
  model                 : PAG#3305
  extra (spurious) edges: [V1 o-o V5, V2 o-o V5, V3 o-o V5]  (k=3)
  WITNESS (holds in H0, fails in G*): V2 _||_ V3 | [V1, V5]   (m-separated in H0's MAG, m-connected in G*)
  true PAG G* (over observed):
Graph Nodes:
V1;V2;V3;V4;V5

Graph Edges:
1. V1 o-o V2
2. V2 --> V4
3. V3 o-o V1
4. V3 --> V4
5. V4 --> V5


  H0 (legal PAG = G* + spurious, cold-reoriented):
Graph Nodes:
V1;V2;V3;V4;V5

Graph Edges:
1. V1 o-o V2
2. V1 o-o V5
3. V2 --> V4
4. V2 o-o V5
5. V3 o-o V1
6. V3 --> V4
7. V3 o-o V5
8. V5 --> V4



==== NON-I-MAP H0 (cold reorient of G*+spurious is NOT an I-map of G*) ====
  Under the corrected sepset regime this population is expected EMPTY; an entry
  here is a defect. The witness CI below is the proof of the violation.
  model                 : PAG#3387
  extra (spurious) edges: [V1 o-o V3, V3 o-o V4]  (k=2)
  WITNESS (holds in H0, fails in G*): V1 _||_ V2 | [V3]   (m-separated in H0's MAG, m-connected in G*)
  true PAG G* (over observed):
Graph Nodes:
V1;V2;V3;V4;V5

Graph Edges:
1. V2 --> V3
2. V2 o-> V5
3. V4 o-> V1
4. V5 <-> V1
5. V5 --> V3


  H0 (legal PAG = G* + spurious, cold-reoriented):
Graph Nodes:
V1;V2;V3;V4;V5

Graph Edges:
1. V1 <-> V5
2. V2 o-o V3
3. V2 o-> V5
4. V3 o-> V1
5. V3 o-o V4
6. V3 o-> V5
7. V4 o-> V1



==== NON-I-MAP H0 (cold reorient of G*+spurious is NOT an I-map of G*) ====
  Under the corrected sepset regime this population is expected EMPTY; an entry
  here is a defect. The witness CI below is the proof of the violation.
  model                 : PAG#3420
  extra (spurious) edges: [V3 o-o V4, V4 o-o V5]  (k=2)
  WITNESS (holds in H0, fails in G*): V2 _||_ V3 | [V4, V5]   (m-separated in H0's MAG, m-connected in G*)
  true PAG G* (over observed):
Graph Nodes:
V1;V2;V3;V4;V5

Graph Edges:
1. V1 --> V4
2. V2 o-> V1
3. V2 --> V4
4. V2 o-o V5
5. V3 <-> V1
6. V5 o-> V3


  H0 (legal PAG = G* + spurious, cold-reoriented):
Graph Nodes:
V1;V2;V3;V4;V5

Graph Edges:
1. V2 o-> V1
2. V2 o-o V4
3. V2 o-o V5
4. V3 <-> V1
5. V4 o-> V1
6. V4 o-> V3
7. V4 o-o V5
8. V5 o-> V3



==== NON-I-MAP H0 (cold reorient of G*+spurious is NOT an I-map of G*) ====
  Under the corrected sepset regime this population is expected EMPTY; an entry
  here is a defect. The witness CI below is the proof of the violation.
  model                 : PAG#3430
  extra (spurious) edges: [V1 o-o V2, V2 o-o V4]  (k=2)
  WITNESS (holds in H0, fails in G*): V3 _||_ V4 | [V1, V2]   (m-separated in H0's MAG, m-connected in G*)
  true PAG G* (over observed):
Graph Nodes:
V1;V2;V3;V4;V5

Graph Edges:
1. V1 o-o V4
2. V3 o-o V1
3. V3 --> V2
4. V3 --> V5
5. V4 --> V5
6. V5 --> V2


  H0 (legal PAG = G* + spurious, cold-reoriented):
Graph Nodes:
V1;V2;V3;V4;V5

Graph Edges:
1. V1 o-o V2
2. V1 o-o V4
3. V2 o-o V4
4. V2 --> V5
5. V3 o-o V1
6. V3 o-o V2
7. V3 --> V5
8. V4 --> V5



==== NON-I-MAP H0 (cold reorient of G*+spurious is NOT an I-map of G*) ====
  Under the corrected sepset regime this population is expected EMPTY; an entry
  here is a defect. The witness CI below is the proof of the violation.
  model                 : PAG#3473
  extra (spurious) edges: [V2 o-o V4, V4 o-o V5]  (k=2)
  WITNESS (holds in H0, fails in G*): V1 _||_ V3 | []   (m-separated in H0's MAG, m-connected in G*)
  true PAG G* (over observed):
Graph Nodes:
V1;V2;V3;V4;V5

Graph Edges:
1. V2 o-> V1
2. V3 o-> V4
3. V3 o-o V5
4. V4 <-> V1
5. V5 o-o V2


  H0 (legal PAG = G* + spurious, cold-reoriented):
Graph Nodes:
V1;V2;V3;V4;V5

Graph Edges:
1. V1 <-> V2
2. V1 <-> V4
3. V2 --> V5
4. V3 o-> V4
5. V3 --> V5
6. V4 --> V2
7. V4 --> V5



==== NON-I-MAP H0 (cold reorient of G*+spurious is NOT an I-map of G*) ====
  Under the corrected sepset regime this population is expected EMPTY; an entry
  here is a defect. The witness CI below is the proof of the violation.
  model                 : PAG#3478
  extra (spurious) edges: [V1 o-o V5, V2 o-o V5, V3 o-o V5]  (k=3)
  WITNESS (holds in H0, fails in G*): V1 _||_ V3 | [V2, V5]   (m-separated in H0's MAG, m-connected in G*)
  true PAG G* (over observed):
Graph Nodes:
V1;V2;V3;V4;V5

Graph Edges:
1. V1 --> V4
2. V2 o-o V1
3. V3 o-o V2
4. V3 --> V4
5. V4 --> V5


  H0 (legal PAG = G* + spurious, cold-reoriented):
Graph Nodes:
V1;V2;V3;V4;V5

Graph Edges:
1. V1 --> V4
2. V1 o-o V5
3. V2 o-o V1
4. V2 o-o V5
5. V3 o-o V2
6. V3 --> V4
7. V3 o-o V5
8. V5 --> V4



==== NON-I-MAP H0 (cold reorient of G*+spurious is NOT an I-map of G*) ====
  Under the corrected sepset regime this population is expected EMPTY; an entry
  here is a defect. The witness CI below is the proof of the violation.
  model                 : PAG#3507
  extra (spurious) edges: [V1 o-o V4, V3 o-o V5]  (k=2)
  WITNESS (holds in H0, fails in G*): V1 _||_ V2 | [V4]   (m-separated in H0's MAG, m-connected in G*)
  true PAG G* (over observed):
Graph Nodes:
V1;V2;V3;V4;V5

Graph Edges:
1. V1 --> V3
2. V1 o-o V5
3. V2 --> V3
4. V2 <-> V4
5. V3 <-> V4
6. V5 o-> V2


  H0 (legal PAG = G* + spurious, cold-reoriented):
Graph Nodes:
V1;V2;V3;V4;V5

Graph Edges:
1. V1 o-> V3
2. V1 o-o V4
3. V1 --> V5
4. V2 <-> V5
5. V3 <-> V2
6. V3 --> V5
7. V4 o-> V2
8. V4 o-> V3



==== NON-I-MAP H0 (cold reorient of G*+spurious is NOT an I-map of G*) ====
  Under the corrected sepset regime this population is expected EMPTY; an entry
  here is a defect. The witness CI below is the proof of the violation.
  model                 : PAG#3527
  extra (spurious) edges: [V1 o-o V4, V3 o-o V4]  (k=2)
  WITNESS (holds in H0, fails in G*): V1 _||_ V2 | [V3, V4]   (m-separated in H0's MAG, m-connected in G*)
  true PAG G* (over observed):
Graph Nodes:
V1;V2;V3;V4;V5

Graph Edges:
1. V2 <-> V4
2. V3 o-> V1
3. V3 o-> V2
4. V5 <-> V1
5. V5 <-> V2
6. V5 --> V4


  H0 (legal PAG = G* + spurious, cold-reoriented):
Graph Nodes:
V1;V2;V3;V4;V5

Graph Edges:
1. V1 <-> V5
2. V2 <-> V5
3. V3 o-> V1
4. V3 o-> V2
5. V3 o-o V4
6. V4 o-> V1
7. V4 o-> V2
8. V4 o-> V5



==== NON-I-MAP H0 (cold reorient of G*+spurious is NOT an I-map of G*) ====
  Under the corrected sepset regime this population is expected EMPTY; an entry
  here is a defect. The witness CI below is the proof of the violation.
  model                 : PAG#3530
  extra (spurious) edges: [V1 o-o V4, V4 o-o V5]  (k=2)
  WITNESS (holds in H0, fails in G*): V1 _||_ V2 | [V4]   (m-separated in H0's MAG, m-connected in G*)
  true PAG G* (over observed):
Graph Nodes:
V1;V2;V3;V4;V5

Graph Edges:
1. V1 o-> V3
2. V2 o-> V4
3. V2 o-o V5
4. V4 <-> V3
5. V5 o-o V1


  H0 (legal PAG = G* + spurious, cold-reoriented):
Graph Nodes:
V1;V2;V3;V4;V5

Graph Edges:
1. V1 --> V5
2. V2 o-> V4
3. V2 --> V5
4. V3 <-> V1
5. V3 <-> V4
6. V4 --> V1
7. V4 --> V5



==== NON-I-MAP H0 (cold reorient of G*+spurious is NOT an I-map of G*) ====
  Under the corrected sepset regime this population is expected EMPTY; an entry
  here is a defect. The witness CI below is the proof of the violation.
  model                 : PAG#3530
  extra (spurious) edges: [V2 o-o V3, V3 o-o V5]  (k=2)
  WITNESS (holds in H0, fails in G*): V1 _||_ V2 | [V3]   (m-separated in H0's MAG, m-connected in G*)
  true PAG G* (over observed):
Graph Nodes:
V1;V2;V3;V4;V5

Graph Edges:
1. V1 o-> V3
2. V2 o-> V4
3. V2 o-o V5
4. V4 <-> V3
5. V5 o-o V1


  H0 (legal PAG = G* + spurious, cold-reoriented):
Graph Nodes:
V1;V2;V3;V4;V5

Graph Edges:
1. V1 o-> V3
2. V1 --> V5
3. V2 --> V5
4. V3 --> V2
5. V3 <-> V4
6. V3 --> V5
7. V4 <-> V2



==== NON-I-MAP H0 (cold reorient of G*+spurious is NOT an I-map of G*) ====
  Under the corrected sepset regime this population is expected EMPTY; an entry
  here is a defect. The witness CI below is the proof of the violation.
  model                 : PAG#3538
  extra (spurious) edges: [V1 o-o V2, V1 o-o V3]  (k=2)
  WITNESS (holds in H0, fails in G*): V2 _||_ V5 | [V1, V3]   (m-separated in H0's MAG, m-connected in G*)
  true PAG G* (over observed):
Graph Nodes:
V1;V2;V3;V4;V5

Graph Edges:
1. V1 <-> V5
2. V2 o-> V3
3. V3 <-> V4
4. V4 --> V1
5. V4 <-> V5


  H0 (legal PAG = G* + spurious, cold-reoriented):
Graph Nodes:
V1;V2;V3;V4;V5

Graph Edges:
1. V1 o-o V2
2. V1 o-> V3
3. V1 o-> V4
4. V1 o-o V5
5. V2 o-> V3
6. V4 <-> V3
7. V5 o-> V4



==== NON-I-MAP H0 (cold reorient of G*+spurious is NOT an I-map of G*) ====
  Under the corrected sepset regime this population is expected EMPTY; an entry
  here is a defect. The witness CI below is the proof of the violation.
  model                 : PAG#3540
  extra (spurious) edges: [V1 o-o V5, V4 o-o V5]  (k=2)
  WITNESS (holds in H0, fails in G*): V1 _||_ V3 | [V4, V5]   (m-separated in H0's MAG, m-connected in G*)
  true PAG G* (over observed):
Graph Nodes:
V1;V2;V3;V4;V5

Graph Edges:
1. V1 o-> V2
2. V2 --> V5
3. V3 <-> V2
4. V3 --> V5
5. V4 o-o V1
6. V4 o-> V3


  H0 (legal PAG = G* + spurious, cold-reoriented):
Graph Nodes:
V1;V2;V3;V4;V5

Graph Edges:
1. V1 o-> V2
2. V1 o-o V5
3. V2 <-> V3
4. V4 o-o V1
5. V4 o-> V3
6. V4 o-o V5
7. V5 o-> V2
8. V5 o-> V3



==== NON-I-MAP H0 (cold reorient of G*+spurious is NOT an I-map of G*) ====
  Under the corrected sepset regime this population is expected EMPTY; an entry
  here is a defect. The witness CI below is the proof of the violation.
  model                 : PAG#3589
  extra (spurious) edges: [V1 o-o V5, V2 o-o V5]  (k=2)
  WITNESS (holds in H0, fails in G*): V2 _||_ V4 | [V1, V5]   (m-separated in H0's MAG, m-connected in G*)
  true PAG G* (over observed):
Graph Nodes:
V1;V2;V3;V4;V5

Graph Edges:
1. V1 o-o V2
2. V2 --> V3
3. V3 --> V5
4. V4 o-o V1
5. V4 --> V3
6. V4 --> V5


  H0 (legal PAG = G* + spurious, cold-reoriented):
Graph Nodes:
V1;V2;V3;V4;V5

Graph Edges:
1. V1 o-o V2
2. V1 o-o V5
3. V2 --> V3
4. V2 o-o V5
5. V4 o-o V1
6. V4 --> V3
7. V4 o-o V5
8. V5 --> V3



==== NON-I-MAP H0 (cold reorient of G*+spurious is NOT an I-map of G*) ====
  Under the corrected sepset regime this population is expected EMPTY; an entry
  here is a defect. The witness CI below is the proof of the violation.
  model                 : PAG#3661
  extra (spurious) edges: [V1 o-o V2, V1 o-o V5]  (k=2)
  WITNESS (holds in H0, fails in G*): V2 _||_ V3 | [V1]   (m-separated in H0's MAG, m-connected in G*)
  true PAG G* (over observed):
Graph Nodes:
V1;V2;V3;V4;V5

Graph Edges:
1. V3 <-> V1
2. V4 --> V1
3. V4 <-> V2
4. V4 <-> V3
5. V5 o-> V2


  H0 (legal PAG = G* + spurious, cold-reoriented):
Graph Nodes:
V1;V2;V3;V4;V5

Graph Edges:
1. V1 o-> V2
2. V1 o-> V4
3. V1 o-o V5
4. V2 <-> V4
5. V3 o-o V1
6. V3 o-> V4
7. V5 o-> V2



==== NON-I-MAP H0 (cold reorient of G*+spurious is NOT an I-map of G*) ====
  Under the corrected sepset regime this population is expected EMPTY; an entry
  here is a defect. The witness CI below is the proof of the violation.
  model                 : PAG#3731
  extra (spurious) edges: [V2 o-o V5, V3 o-o V5, V4 o-o V5]  (k=3)
  WITNESS (holds in H0, fails in G*): V2 _||_ V4 | [V5]   (m-separated in H0's MAG, m-connected in G*)
  true PAG G* (over observed):
Graph Nodes:
V1;V2;V3;V4;V5

Graph Edges:
1. V1 --> V5
2. V2 <-> V1
3. V3 o-> V2
4. V4 o-> V1


  H0 (legal PAG = G* + spurious, cold-reoriented):
Graph Nodes:
V1;V2;V3;V4;V5

Graph Edges:
1. V2 <-> V1
2. V3 o-> V2
3. V3 o-o V5
4. V4 o-> V1
5. V4 o-o V5
6. V5 o-> V1
7. V5 o-> V2



==== NON-I-MAP H0 (cold reorient of G*+spurious is NOT an I-map of G*) ====
  Under the corrected sepset regime this population is expected EMPTY; an entry
  here is a defect. The witness CI below is the proof of the violation.
  model                 : PAG#3740
  extra (spurious) edges: [V1 o-o V5, V2 o-o V4]  (k=2)
  WITNESS (holds in H0, fails in G*): V1 _||_ V2 | [V4, V5]   (m-separated in H0's MAG, m-connected in G*)
  true PAG G* (over observed):
Graph Nodes:
V1;V2;V3;V4;V5

Graph Edges:
1. V1 o-> V3
2. V1 o-o V4
3. V3 <-> V2
4. V3 --> V5
5. V4 --> V5
6. V5 <-> V2


  H0 (legal PAG = G* + spurious, cold-reoriented):
Graph Nodes:
V1;V2;V3;V4;V5

Graph Edges:
1. V2 o-> V3
2. V2 o-o V4
3. V2 o-> V5
4. V3 <-> V1
5. V4 --> V1
6. V4 o-> V5
7. V5 --> V1
8. V5 <-> V3



==== NON-I-MAP H0 (cold reorient of G*+spurious is NOT an I-map of G*) ====
  Under the corrected sepset regime this population is expected EMPTY; an entry
  here is a defect. The witness CI below is the proof of the violation.
  model                 : PAG#3758
  extra (spurious) edges: [V2 o-o V4, V4 o-o V5]  (k=2)
  WITNESS (holds in H0, fails in G*): V2 _||_ V3 | [V4]   (m-separated in H0's MAG, m-connected in G*)
  true PAG G* (over observed):
Graph Nodes:
V1;V2;V3;V4;V5

Graph Edges:
1. V1 --> V4
2. V2 <-> V1
3. V3 o-> V1
4. V3 --> V4
5. V5 o-> V2


  H0 (legal PAG = G* + spurious, cold-reoriented):
Graph Nodes:
V1;V2;V3;V4;V5

Graph Edges:
1. V2 <-> V1
2. V3 o-> V1
3. V3 o-o V4
4. V4 o-> V1
5. V4 o-> V2
6. V4 o-o V5
7. V5 o-> V2



==== NON-I-MAP H0 (cold reorient of G*+spurious is NOT an I-map of G*) ====
  Under the corrected sepset regime this population is expected EMPTY; an entry
  here is a defect. The witness CI below is the proof of the violation.
  model                 : PAG#3783
  extra (spurious) edges: [V1 o-o V2, V2 o-o V4]  (k=2)
  WITNESS (holds in H0, fails in G*): V1 _||_ V5 | [V2, V4]   (m-separated in H0's MAG, m-connected in G*)
  true PAG G* (over observed):
Graph Nodes:
V1;V2;V3;V4;V5

Graph Edges:
1. V1 o-> V4
2. V2 <-> V5
3. V3 --> V2
4. V3 <-> V5
5. V4 <-> V3


  H0 (legal PAG = G* + spurious, cold-reoriented):
Graph Nodes:
V1;V2;V3;V4;V5

Graph Edges:
1. V1 o-o V2
2. V1 o-> V4
3. V2 o-> V3
4. V2 o-> V4
5. V2 o-o V5
6. V4 <-> V3
7. V5 o-> V3



==== NON-I-MAP H0 (cold reorient of G*+spurious is NOT an I-map of G*) ====
  Under the corrected sepset regime this population is expected EMPTY; an entry
  here is a defect. The witness CI below is the proof of the violation.
  model                 : PAG#3797
  extra (spurious) edges: [V1 o-o V2, V2 o-o V3]  (k=2)
  WITNESS (holds in H0, fails in G*): V1 _||_ V5 | [V2, V3]   (m-separated in H0's MAG, m-connected in G*)
  true PAG G* (over observed):
Graph Nodes:
V1;V2;V3;V4;V5

Graph Edges:
1. V3 o-> V1
2. V3 o-o V5
3. V4 <-> V1
4. V4 --> V2
5. V5 --> V2
6. V5 o-> V4


  H0 (legal PAG = G* + spurious, cold-reoriented):
Graph Nodes:
V1;V2;V3;V4;V5

Graph Edges:
1. V1 <-> V4
2. V2 o-> V1
3. V2 o-o V3
4. V2 o-> V4
5. V3 o-> V1
6. V3 o-o V5
7. V5 o-o V2
8. V5 o-> V4



==== NON-I-MAP H0 (cold reorient of G*+spurious is NOT an I-map of G*) ====
  Under the corrected sepset regime this population is expected EMPTY; an entry
  here is a defect. The witness CI below is the proof of the violation.
  model                 : PAG#3827
  extra (spurious) edges: [V2 o-o V4, V2 o-o V5]  (k=2)
  WITNESS (holds in H0, fails in G*): V3 _||_ V4 | [V2, V5]   (m-separated in H0's MAG, m-connected in G*)
  true PAG G* (over observed):
Graph Nodes:
V1;V2;V3;V4;V5

Graph Edges:
1. V1 --> V2
2. V3 --> V1
3. V3 --> V2
4. V4 --> V1
5. V4 o-o V5
6. V5 o-o V3


  H0 (legal PAG = G* + spurious, cold-reoriented):
Graph Nodes:
V1;V2;V3;V4;V5

Graph Edges:
1. V2 --> V1
2. V2 o-o V4
3. V2 o-o V5
4. V3 --> V1
5. V3 o-o V2
6. V4 --> V1
7. V4 o-o V5
8. V5 o-o V3



==== NON-I-MAP H0 (cold reorient of G*+spurious is NOT an I-map of G*) ====
  Under the corrected sepset regime this population is expected EMPTY; an entry
  here is a defect. The witness CI below is the proof of the violation.
  model                 : PAG#3852
  extra (spurious) edges: [V2 o-o V3, V2 o-o V5]  (k=2)
  WITNESS (holds in H0, fails in G*): V1 _||_ V4 | []   (m-separated in H0's MAG, m-connected in G*)
  true PAG G* (over observed):
Graph Nodes:
V1;V2;V3;V4;V5

Graph Edges:
1. V1 --> V2
2. V3 o-o V1
3. V4 --> V2
4. V4 o-o V5
5. V5 o-o V3


  H0 (legal PAG = G* + spurious, cold-reoriented):
Graph Nodes:
V1;V2;V3;V4;V5

Graph Edges:
1. V1 o-> V2
2. V1 --> V3
3. V2 --> V3
4. V2 --> V5
5. V4 o-> V2
6. V4 --> V5
7. V5 --> V3



==== NON-I-MAP H0 (cold reorient of G*+spurious is NOT an I-map of G*) ====
  Under the corrected sepset regime this population is expected EMPTY; an entry
  here is a defect. The witness CI below is the proof of the violation.
  model                 : PAG#3862
  extra (spurious) edges: [V1 o-o V4, V4 o-o V5]  (k=2)
  WITNESS (holds in H0, fails in G*): V3 _||_ V5 | [V1, V4]   (m-separated in H0's MAG, m-connected in G*)
  true PAG G* (over observed):
Graph Nodes:
V1;V2;V3;V4;V5

Graph Edges:
1. V1 o-o V3
2. V1 o-o V5
3. V2 --> V4
4. V3 --> V2
5. V3 --> V4
6. V5 --> V2


  H0 (legal PAG = G* + spurious, cold-reoriented):
Graph Nodes:
V1;V2;V3;V4;V5

Graph Edges:
1. V1 o-o V3
2. V1 o-o V4
3. V1 o-o V5
4. V3 --> V2
5. V3 o-o V4
6. V4 --> V2
7. V4 o-o V5
8. V5 --> V2



==== NON-I-MAP H0 (cold reorient of G*+spurious is NOT an I-map of G*) ====
  Under the corrected sepset regime this population is expected EMPTY; an entry
  here is a defect. The witness CI below is the proof of the violation.
  model                 : PAG#4000
  extra (spurious) edges: [V1 o-o V4, V4 o-o V5]  (k=2)
  WITNESS (holds in H0, fails in G*): V1 _||_ V3 | [V4, V5]   (m-separated in H0's MAG, m-connected in G*)
  true PAG G* (over observed):
Graph Nodes:
V1;V2;V3;V4;V5

Graph Edges:
1. V1 o-> V2
2. V2 <-> V3
3. V2 --> V4
4. V3 --> V4
5. V5 o-o V1
6. V5 o-> V3


  H0 (legal PAG = G* + spurious, cold-reoriented):
Graph Nodes:
V1;V2;V3;V4;V5

Graph Edges:
1. V1 o-> V2
2. V1 o-o V4
3. V3 <-> V2
4. V4 o-> V2
5. V4 o-> V3
6. V4 o-o V5
7. V5 o-o V1
8. V5 o-> V3



==== NON-I-MAP H0 (cold reorient of G*+spurious is NOT an I-map of G*) ====
  Under the corrected sepset regime this population is expected EMPTY; an entry
  here is a defect. The witness CI below is the proof of the violation.
  model                 : PAG#4028
  extra (spurious) edges: [V3 o-o V4, V4 o-o V5]  (k=2)
  WITNESS (holds in H0, fails in G*): V3 _||_ V5 | [V4]   (m-separated in H0's MAG, m-connected in G*)
  true PAG G* (over observed):
Graph Nodes:
V1;V2;V3;V4;V5

Graph Edges:
1. V1 --> V4
2. V3 <-> V1
3. V3 <-> V2
4. V4 --> V2
5. V5 <-> V1
6. V5 <-> V2


  H0 (legal PAG = G* + spurious, cold-reoriented):
Graph Nodes:
V1;V2;V3;V4;V5

Graph Edges:
1. V1 <-> V5
2. V2 <-> V5
3. V3 <-> V1
4. V3 <-> V2
5. V4 o-> V1
6. V4 o-> V2
7. V4 o-> V3
8. V4 o-> V5



==== NON-I-MAP H0 (cold reorient of G*+spurious is NOT an I-map of G*) ====
  Under the corrected sepset regime this population is expected EMPTY; an entry
  here is a defect. The witness CI below is the proof of the violation.
  model                 : PAG#4134
  extra (spurious) edges: [V3 o-o V5, V4 o-o V5]  (k=2)
  WITNESS (holds in H0, fails in G*): V1 _||_ V4 | [V3, V5]   (m-separated in H0's MAG, m-connected in G*)
  true PAG G* (over observed):
Graph Nodes:
V1;V2;V3;V4;V5

Graph Edges:
1. V1 o-> V2
2. V1 o-o V3
3. V1 --> V5
4. V2 --> V5
5. V3 o-> V4
6. V4 <-> V2


  H0 (legal PAG = G* + spurious, cold-reoriented):
Graph Nodes:
V1;V2;V3;V4;V5

Graph Edges:
1. V1 o-> V2
2. V1 o-o V3
3. V1 o-o V5
4. V3 o-> V4
5. V3 o-o V5
6. V4 <-> V2
7. V5 o-> V2
8. V5 o-> V4



==== NON-I-MAP H0 (cold reorient of G*+spurious is NOT an I-map of G*) ====
  Under the corrected sepset regime this population is expected EMPTY; an entry
  here is a defect. The witness CI below is the proof of the violation.
  model                 : PAG#4202
  extra (spurious) edges: [V1 o-o V3, V3 o-o V4]  (k=2)
  WITNESS (holds in H0, fails in G*): V1 _||_ V2 | [V3]   (m-separated in H0's MAG, m-connected in G*)
  true PAG G* (over observed):
Graph Nodes:
V1;V2;V3;V4;V5

Graph Edges:
1. V1 o-> V5
2. V2 o-> V3
3. V2 o-o V4
4. V4 o-o V1
5. V5 <-> V3


  H0 (legal PAG = G* + spurious, cold-reoriented):
Graph Nodes:
V1;V2;V3;V4;V5

Graph Edges:
1. V1 --> V4
2. V2 o-> V3
3. V2 --> V4
4. V3 --> V1
5. V3 --> V4
6. V3 <-> V5
7. V5 <-> V1



==== NON-I-MAP H0 (cold reorient of G*+spurious is NOT an I-map of G*) ====
  Under the corrected sepset regime this population is expected EMPTY; an entry
  here is a defect. The witness CI below is the proof of the violation.
  model                 : PAG#4202
  extra (spurious) edges: [V2 o-o V5, V4 o-o V5]  (k=2)
  WITNESS (holds in H0, fails in G*): V1 _||_ V2 | [V5]   (m-separated in H0's MAG, m-connected in G*)
  true PAG G* (over observed):
Graph Nodes:
V1;V2;V3;V4;V5

Graph Edges:
1. V1 o-> V5
2. V2 o-> V3
3. V2 o-o V4
4. V4 o-o V1
5. V5 <-> V3


  H0 (legal PAG = G* + spurious, cold-reoriented):
Graph Nodes:
V1;V2;V3;V4;V5

Graph Edges:
1. V1 --> V4
2. V1 o-> V5
3. V2 --> V4
4. V3 <-> V2
5. V3 <-> V5
6. V5 --> V2
7. V5 --> V4



==== NON-I-MAP H0 (cold reorient of G*+spurious is NOT an I-map of G*) ====
  Under the corrected sepset regime this population is expected EMPTY; an entry
  here is a defect. The witness CI below is the proof of the violation.
  model                 : PAG#4220
  extra (spurious) edges: [V2 o-o V5, V4 o-o V5]  (k=2)
  WITNESS (holds in H0, fails in G*): V1 _||_ V2 | [V4, V5]   (m-separated in H0's MAG, m-connected in G*)
  true PAG G* (over observed):
Graph Nodes:
V1;V2;V3;V4;V5

Graph Edges:
1. V1 --> V5
2. V2 o-> V3
3. V2 o-o V4
4. V3 <-> V1
5. V3 --> V5
6. V4 o-> V1


  H0 (legal PAG = G* + spurious, cold-reoriented):
Graph Nodes:
V1;V2;V3;V4;V5

Graph Edges:
1. V2 o-> V3
2. V2 o-o V4
3. V2 o-o V5
4. V3 <-> V1
5. V4 o-> V1
6. V4 o-o V5
7. V5 o-> V1
8. V5 o-> V3



==== NON-I-MAP H0 (cold reorient of G*+spurious is NOT an I-map of G*) ====
  Under the corrected sepset regime this population is expected EMPTY; an entry
  here is a defect. The witness CI below is the proof of the violation.
  model                 : PAG#4228
  extra (spurious) edges: [V1 o-o V5, V3 o-o V5, V4 o-o V5]  (k=3)
  WITNESS (holds in H0, fails in G*): V1 _||_ V3 | [V4, V5]   (m-separated in H0's MAG, m-connected in G*)
  true PAG G* (over observed):
Graph Nodes:
V1;V2;V3;V4;V5

Graph Edges:
1. V1 o-> V2
2. V2 --> V5
3. V3 o-> V4
4. V4 <-> V2


  H0 (legal PAG = G* + spurious, cold-reoriented):
Graph Nodes:
V1;V2;V3;V4;V5

Graph Edges:
1. V1 o-> V2
2. V1 o-o V5
3. V3 o-> V4
4. V3 o-o V5
5. V4 <-> V2
6. V5 o-> V2
7. V5 o-> V4



==== NON-I-MAP H0 (cold reorient of G*+spurious is NOT an I-map of G*) ====
  Under the corrected sepset regime this population is expected EMPTY; an entry
  here is a defect. The witness CI below is the proof of the violation.
  model                 : PAG#4267
  extra (spurious) edges: [V1 o-o V5, V2 o-o V5]  (k=2)
  WITNESS (holds in H0, fails in G*): V1 _||_ V3 | [V2, V5]   (m-separated in H0's MAG, m-connected in G*)
  true PAG G* (over observed):
Graph Nodes:
V1;V2;V3;V4;V5

Graph Edges:
1. V1 --> V4
2. V2 o-o V1
3. V3 o-o V2
4. V3 --> V4
5. V3 --> V5
6. V4 --> V5


  H0 (legal PAG = G* + spurious, cold-reoriented):
Graph Nodes:
V1;V2;V3;V4;V5

Graph Edges:
1. V1 --> V4
2. V1 o-o V5
3. V2 o-o V1
4. V2 o-o V5
5. V3 o-o V2
6. V3 --> V4
7. V3 o-o V5
8. V5 --> V4



==== NON-I-MAP H0 (cold reorient of G*+spurious is NOT an I-map of G*) ====
  Under the corrected sepset regime this population is expected EMPTY; an entry
  here is a defect. The witness CI below is the proof of the violation.
  model                 : PAG#4268
  extra (spurious) edges: [V1 o-o V3, V4 o-o V5]  (k=2)
  WITNESS (holds in H0, fails in G*): V1 _||_ V5 | [V3, V4]   (m-separated in H0's MAG, m-connected in G*)
  true PAG G* (over observed):
Graph Nodes:
V1;V2;V3;V4;V5

Graph Edges:
1. V1 <-> V2
2. V2 --> V3
3. V2 <-> V5
4. V3 <-> V5
5. V4 o-> V1
6. V4 o-> V3


  H0 (legal PAG = G* + spurious, cold-reoriented):
Graph Nodes:
V1;V2;V3;V4;V5

Graph Edges:
1. V2 <-> V1
2. V3 --> V1
3. V3 <-> V2
4. V4 --> V1
5. V4 o-> V3
6. V4 o-o V5
7. V5 o-> V2
8. V5 o-> V3



==== NON-I-MAP H0 (cold reorient of G*+spurious is NOT an I-map of G*) ====
  Under the corrected sepset regime this population is expected EMPTY; an entry
  here is a defect. The witness CI below is the proof of the violation.
  model                 : PAG#4279
  extra (spurious) edges: [V1 o-o V2, V1 o-o V4]  (k=2)
  WITNESS (holds in H0, fails in G*): V4 _||_ V5 | [V1, V2]   (m-separated in H0's MAG, m-connected in G*)
  true PAG G* (over observed):
Graph Nodes:
V1;V2;V3;V4;V5

Graph Edges:
1. V2 o-> V4
2. V2 o-> V5
3. V3 --> V1
4. V4 <-> V3
5. V5 <-> V1
6. V5 <-> V3


  H0 (legal PAG = G* + spurious, cold-reoriented):
Graph Nodes:
V1;V2;V3;V4;V5

Graph Edges:
1. V1 o-o V2
2. V1 o-> V3
3. V1 o-> V4
4. V1 o-> V5
5. V2 o-> V4
6. V2 o-> V5
7. V4 <-> V3
8. V5 <-> V3



==== NON-I-MAP H0 (cold reorient of G*+spurious is NOT an I-map of G*) ====
  Under the corrected sepset regime this population is expected EMPTY; an entry
  here is a defect. The witness CI below is the proof of the violation.
  model                 : PAG#4314
  extra (spurious) edges: [V1 o-o V5, V2 o-o V3]  (k=2)
  WITNESS (holds in H0, fails in G*): V2 _||_ V5 | [V1, V3]   (m-separated in H0's MAG, m-connected in G*)
  true PAG G* (over observed):
Graph Nodes:
V1;V2;V3;V4;V5

Graph Edges:
1. V1 o-> V2
2. V1 o-> V3
3. V3 <-> V5
4. V4 <-> V2
5. V4 --> V3
6. V4 <-> V5


  H0 (legal PAG = G* + spurious, cold-reoriented):
Graph Nodes:
V1;V2;V3;V4;V5

Graph Edges:
1. V1 --> V2
2. V1 o-> V3
3. V1 o-o V5
4. V3 --> V2
5. V3 <-> V4
6. V4 <-> V2
7. V5 o-> V3
8. V5 o-> V4



==== NON-I-MAP H0 (cold reorient of G*+spurious is NOT an I-map of G*) ====
  Under the corrected sepset regime this population is expected EMPTY; an entry
  here is a defect. The witness CI below is the proof of the violation.
  model                 : PAG#4392
  extra (spurious) edges: [V2 o-o V3, V3 o-o V4]  (k=2)
  WITNESS (holds in H0, fails in G*): V2 _||_ V4 | [V3]   (m-separated in H0's MAG, m-connected in G*)
  true PAG G* (over observed):
Graph Nodes:
V1;V2;V3;V4;V5

Graph Edges:
1. V2 <-> V1
2. V3 --> V1
3. V4 <-> V1
4. V5 <-> V2
5. V5 --> V3
6. V5 <-> V4


  H0 (legal PAG = G* + spurious, cold-reoriented):
Graph Nodes:
V1;V2;V3;V4;V5

Graph Edges:
1. V1 <-> V4
2. V2 <-> V1
3. V2 <-> V5
4. V3 o-> V1
5. V3 o-> V2
6. V3 o-> V4
7. V3 o-> V5
8. V4 <-> V5



==== NON-I-MAP H0 (cold reorient of G*+spurious is NOT an I-map of G*) ====
  Under the corrected sepset regime this population is expected EMPTY; an entry
  here is a defect. The witness CI below is the proof of the violation.
  model                 : PAG#4416
  extra (spurious) edges: [V1 o-o V2, V1 o-o V5]  (k=2)
  WITNESS (holds in H0, fails in G*): V3 _||_ V5 | [V1, V2]   (m-separated in H0's MAG, m-connected in G*)
  true PAG G* (over observed):
Graph Nodes:
V1;V2;V3;V4;V5

Graph Edges:
1. V2 o-> V3
2. V2 o-> V5
3. V3 <-> V1
4. V3 <-> V4
5. V4 --> V1
6. V5 <-> V4


  H0 (legal PAG = G* + spurious, cold-reoriented):
Graph Nodes:
V1;V2;V3;V4;V5

Graph Edges:
1. V1 o-o V2
2. V1 o-> V3
3. V1 o-> V4
4. V1 o-> V5
5. V2 o-> V3
6. V2 o-> V5
7. V4 <-> V3
8. V4 <-> V5



==== NON-I-MAP H0 (cold reorient of G*+spurious is NOT an I-map of G*) ====
  Under the corrected sepset regime this population is expected EMPTY; an entry
  here is a defect. The witness CI below is the proof of the violation.
  model                 : PAG#4497
  extra (spurious) edges: [V1 o-o V5, V2 o-o V5]  (k=2)
  WITNESS (holds in H0, fails in G*): V1 _||_ V4 | [V2, V5]   (m-separated in H0's MAG, m-connected in G*)
  true PAG G* (over observed):
Graph Nodes:
V1;V2;V3;V4;V5

Graph Edges:
1. V1 o-> V2
2. V3 <-> V2
3. V3 --> V5
4. V4 o-> V3
5. V4 --> V5


  H0 (legal PAG = G* + spurious, cold-reoriented):
Graph Nodes:
V1;V2;V3;V4;V5

Graph Edges:
1. V1 o-> V2
2. V1 o-o V5
3. V2 <-> V3
4. V4 o-> V3
5. V4 o-o V5
6. V5 o-> V2
7. V5 o-> V3



==== NON-I-MAP H0 (cold reorient of G*+spurious is NOT an I-map of G*) ====
  Under the corrected sepset regime this population is expected EMPTY; an entry
  here is a defect. The witness CI below is the proof of the violation.
  model                 : PAG#4516
  extra (spurious) edges: [V1 o-o V5, V2 o-o V5]  (k=2)
  WITNESS (holds in H0, fails in G*): V1 _||_ V4 | [V2, V5]   (m-separated in H0's MAG, m-connected in G*)
  true PAG G* (over observed):
Graph Nodes:
V1;V2;V3;V4;V5

Graph Edges:
1. V2 o-> V1
2. V3 <-> V1
3. V3 --> V5
4. V4 o-o V2
5. V4 o-> V3
6. V4 --> V5


  H0 (legal PAG = G* + spurious, cold-reoriented):
Graph Nodes:
V1;V2;V3;V4;V5

Graph Edges:
1. V2 o-> V1
2. V2 o-o V5
3. V3 <-> V1
4. V4 o-o V2
5. V4 o-> V3
6. V4 o-o V5
7. V5 o-> V1
8. V5 o-> V3



==== NON-I-MAP H0 (cold reorient of G*+spurious is NOT an I-map of G*) ====
  Under the corrected sepset regime this population is expected EMPTY; an entry
  here is a defect. The witness CI below is the proof of the violation.
  model                 : PAG#4530
  extra (spurious) edges: [V1 o-o V2, V1 o-o V4]  (k=2)
  WITNESS (holds in H0, fails in G*): V2 _||_ V5 | [V1, V4]   (m-separated in H0's MAG, m-connected in G*)
  true PAG G* (over observed):
Graph Nodes:
V1;V2;V3;V4;V5

Graph Edges:
1. V2 --> V3
2. V2 o-o V4
3. V3 --> V1
4. V4 o-o V5
5. V5 --> V1
6. V5 --> V3


  H0 (legal PAG = G* + spurious, cold-reoriented):
Graph Nodes:
V1;V2;V3;V4;V5

Graph Edges:
1. V1 o-o V2
2. V1 --> V3
3. V1 o-o V4
4. V2 --> V3
5. V2 o-o V4
6. V4 o-o V5
7. V5 o-o V1
8. V5 --> V3



==== NON-I-MAP H0 (cold reorient of G*+spurious is NOT an I-map of G*) ====
  Under the corrected sepset regime this population is expected EMPTY; an entry
  here is a defect. The witness CI below is the proof of the violation.
  model                 : PAG#4534
  extra (spurious) edges: [V1 o-o V4, V4 o-o V5]  (k=2)
  WITNESS (holds in H0, fails in G*): V3 _||_ V5 | [V4]   (m-separated in H0's MAG, m-connected in G*)
  true PAG G* (over observed):
Graph Nodes:
V1;V2;V3;V4;V5

Graph Edges:
1. V1 <-> V5
2. V2 --> V1
3. V2 --> V4
4. V2 <-> V5
5. V3 o-> V2
6. V3 --> V4


  H0 (legal PAG = G* + spurious, cold-reoriented):
Graph Nodes:
V1;V2;V3;V4;V5

Graph Edges:
1. V2 --> V1
2. V2 <-> V5
3. V3 o-> V2
4. V3 o-o V4
5. V4 --> V1
6. V4 o-> V2
7. V4 o-> V5
8. V5 <-> V1



==== NON-I-MAP H0 (cold reorient of G*+spurious is NOT an I-map of G*) ====
  Under the corrected sepset regime this population is expected EMPTY; an entry
  here is a defect. The witness CI below is the proof of the violation.
  model                 : PAG#4543
  extra (spurious) edges: [V1 o-o V2, V4 o-o V5]  (k=2)
  WITNESS (holds in H0, fails in G*): V1 _||_ V4 | [V2, V5]   (m-separated in H0's MAG, m-connected in G*)
  true PAG G* (over observed):
Graph Nodes:
V1;V2;V3;V4;V5

Graph Edges:
1. V2 <-> V4
2. V3 <-> V1
3. V3 --> V2
4. V3 <-> V4
5. V5 o-> V1
6. V5 o-> V2


  H0 (legal PAG = G* + spurious, cold-reoriented):
Graph Nodes:
V1;V2;V3;V4;V5

Graph Edges:
1. V2 --> V1
2. V2 <-> V3
3. V3 <-> V1
4. V4 o-> V2
5. V4 o-> V3
6. V4 o-o V5
7. V5 --> V1
8. V5 o-> V2



==== NON-I-MAP H0 (cold reorient of G*+spurious is NOT an I-map of G*) ====
  Under the corrected sepset regime this population is expected EMPTY; an entry
  here is a defect. The witness CI below is the proof of the violation.
  model                 : PAG#4552
  extra (spurious) edges: [V1 o-o V5, V4 o-o V5]  (k=2)
  WITNESS (holds in H0, fails in G*): V1 _||_ V3 | [V5]   (m-separated in H0's MAG, m-connected in G*)
  true PAG G* (over observed):
Graph Nodes:
V1;V2;V3;V4;V5

Graph Edges:
1. V1 o-> V2
2. V3 o-o V4
3. V3 o-> V5
4. V4 o-o V1
5. V5 <-> V2


  H0 (legal PAG = G* + spurious, cold-reoriented):
Graph Nodes:
V1;V2;V3;V4;V5

Graph Edges:
1. V1 --> V4
2. V2 <-> V1
3. V3 --> V4
4. V3 o-> V5
5. V5 --> V1
6. V5 <-> V2
7. V5 --> V4



==== NON-I-MAP H0 (cold reorient of G*+spurious is NOT an I-map of G*) ====
  Under the corrected sepset regime this population is expected EMPTY; an entry
  here is a defect. The witness CI below is the proof of the violation.
  model                 : PAG#4576
  extra (spurious) edges: [V1 o-o V4, V2 o-o V4]  (k=2)
  WITNESS (holds in H0, fails in G*): V2 _||_ V3 | [V1, V4]   (m-separated in H0's MAG, m-connected in G*)
  true PAG G* (over observed):
Graph Nodes:
V1;V2;V3;V4;V5

Graph Edges:
1. V1 o-> V2
2. V1 o-o V3
3. V3 --> V4
4. V3 o-> V5
5. V5 <-> V2
6. V5 --> V4


  H0 (legal PAG = G* + spurious, cold-reoriented):
Graph Nodes:
V1;V2;V3;V4;V5

Graph Edges:
1. V1 o-> V2
2. V1 o-o V3
3. V1 o-o V4
4. V3 o-o V4
5. V3 o-> V5
6. V4 o-> V2
7. V4 o-> V5
8. V5 <-> V2



==== NON-I-MAP H0 (cold reorient of G*+spurious is NOT an I-map of G*) ====
  Under the corrected sepset regime this population is expected EMPTY; an entry
  here is a defect. The witness CI below is the proof of the violation.
  model                 : PAG#4599
  extra (spurious) edges: [V1 o-o V2, V3 o-o V5]  (k=2)
  WITNESS (holds in H0, fails in G*): V2 _||_ V3 | [V1, V5]   (m-separated in H0's MAG, m-connected in G*)
  true PAG G* (over observed):
Graph Nodes:
V1;V2;V3;V4;V5

Graph Edges:
1. V1 o-> V3
2. V1 o-> V5
3. V4 <-> V2
4. V4 <-> V3
5. V4 --> V5
6. V5 <-> V2


  H0 (legal PAG = G* + spurious, cold-reoriented):
Graph Nodes:
V1;V2;V3;V4;V5

Graph Edges:
1. V1 o-o V2
2. V1 --> V3
3. V1 o-> V5
4. V2 o-> V4
5. V2 o-> V5
6. V3 <-> V4
7. V5 --> V3
8. V5 <-> V4



==== NON-I-MAP H0 (cold reorient of G*+spurious is NOT an I-map of G*) ====
  Under the corrected sepset regime this population is expected EMPTY; an entry
  here is a defect. The witness CI below is the proof of the violation.
  model                 : PAG#4641
  extra (spurious) edges: [V1 o-o V5, V4 o-o V5]  (k=2)
  WITNESS (holds in H0, fails in G*): V2 _||_ V4 | [V1, V5]   (m-separated in H0's MAG, m-connected in G*)
  true PAG G* (over observed):
Graph Nodes:
V1;V2;V3;V4;V5

Graph Edges:
1. V1 o-o V2
2. V1 o-> V4
3. V2 o-> V3
4. V2 --> V5
5. V3 --> V5
6. V4 <-> V3


  H0 (legal PAG = G* + spurious, cold-reoriented):
Graph Nodes:
V1;V2;V3;V4;V5

Graph Edges:
1. V1 o-o V2
2. V1 o-> V4
3. V1 o-o V5
4. V2 o-> V3
5. V2 o-o V5
6. V3 <-> V4
7. V5 o-> V3
8. V5 o-> V4



==== NON-I-MAP H0 (cold reorient of G*+spurious is NOT an I-map of G*) ====
  Under the corrected sepset regime this population is expected EMPTY; an entry
  here is a defect. The witness CI below is the proof of the violation.
  model                 : PAG#4655
  extra (spurious) edges: [V1 o-o V2, V1 o-o V3]  (k=2)
  WITNESS (holds in H0, fails in G*): V3 _||_ V4 | [V1, V5]   (m-separated in H0's MAG, m-connected in G*)
  true PAG G* (over observed):
Graph Nodes:
V1;V2;V3;V4;V5

Graph Edges:
1. V2 o-o V3
2. V2 o-o V4
3. V3 o-o V5
4. V4 --> V1
5. V5 --> V1


  H0 (legal PAG = G* + spurious, cold-reoriented):
Graph Nodes:
V1;V2;V3;V4;V5

Graph Edges:
1. V1 --> V2
2. V1 --> V3
3. V3 --> V2
4. V4 o-> V1
5. V4 --> V2
6. V5 o-> V1
7. V5 --> V3



==== NON-I-MAP H0 (cold reorient of G*+spurious is NOT an I-map of G*) ====
  Under the corrected sepset regime this population is expected EMPTY; an entry
  here is a defect. The witness CI below is the proof of the violation.
  model                 : PAG#4681
  extra (spurious) edges: [V3 o-o V4, V4 o-o V5]  (k=2)
  WITNESS (holds in H0, fails in G*): V2 _||_ V3 | [V4, V5]   (m-separated in H0's MAG, m-connected in G*)
  true PAG G* (over observed):
Graph Nodes:
V1;V2;V3;V4;V5

Graph Edges:
1. V1 --> V4
2. V2 --> V1
3. V2 --> V4
4. V3 --> V1
5. V3 o-o V5
6. V5 o-o V2


  H0 (legal PAG = G* + spurious, cold-reoriented):
Graph Nodes:
V1;V2;V3;V4;V5

Graph Edges:
1. V2 --> V1
2. V2 o-o V4
3. V3 --> V1
4. V3 o-o V4
5. V3 o-o V5
6. V4 --> V1
7. V4 o-o V5
8. V5 o-o V2



==== NON-I-MAP H0 (cold reorient of G*+spurious is NOT an I-map of G*) ====
  Under the corrected sepset regime this population is expected EMPTY; an entry
  here is a defect. The witness CI below is the proof of the violation.
  model                 : PAG#4683
  extra (spurious) edges: [V1 o-o V2, V1 o-o V4]  (k=2)
  WITNESS (holds in H0, fails in G*): V3 _||_ V4 | [V1, V5]   (m-separated in H0's MAG, m-connected in G*)
  true PAG G* (over observed):
Graph Nodes:
V1;V2;V3;V4;V5

Graph Edges:
1. V2 o-o V3
2. V2 o-o V4
3. V3 --> V1
4. V4 o-o V5
5. V5 --> V1


  H0 (legal PAG = G* + spurious, cold-reoriented):
Graph Nodes:
V1;V2;V3;V4;V5

Graph Edges:
1. V1 --> V2
2. V1 --> V4
3. V3 o-> V1
4. V3 --> V2
5. V4 --> V2
6. V5 o-> V1
7. V5 --> V4



==== NON-I-MAP H0 (cold reorient of G*+spurious is NOT an I-map of G*) ====
  Under the corrected sepset regime this population is expected EMPTY; an entry
  here is a defect. The witness CI below is the proof of the violation.
  model                 : PAG#4688
  extra (spurious) edges: [V1 o-o V4, V2 o-o V4]  (k=2)
  WITNESS (holds in H0, fails in G*): V1 _||_ V3 | [V2, V4]   (m-separated in H0's MAG, m-connected in G*)
  true PAG G* (over observed):
Graph Nodes:
V1;V2;V3;V4;V5

Graph Edges:
1. V2 o-> V1
2. V2 o-o V3
3. V3 --> V4
4. V3 o-> V5
5. V5 <-> V1
6. V5 --> V4


  H0 (legal PAG = G* + spurious, cold-reoriented):
Graph Nodes:
V1;V2;V3;V4;V5

Graph Edges:
1. V1 <-> V5
2. V2 o-> V1
3. V2 o-o V3
4. V2 o-o V4
5. V3 o-o V4
6. V3 o-> V5
7. V4 o-> V1
8. V4 o-> V5



==== NON-I-MAP H0 (cold reorient of G*+spurious is NOT an I-map of G*) ====
  Under the corrected sepset regime this population is expected EMPTY; an entry
  here is a defect. The witness CI below is the proof of the violation.
  model                 : PAG#4690
  extra (spurious) edges: [V2 o-o V5, V3 o-o V5]  (k=2)
  WITNESS (holds in H0, fails in G*): V1 _||_ V2 | [V3, V5]   (m-separated in H0's MAG, m-connected in G*)
  true PAG G* (over observed):
Graph Nodes:
V1;V2;V3;V4;V5

Graph Edges:
1. V1 o-o V3
2. V1 o-> V4
3. V1 --> V5
4. V3 o-> V2
5. V4 <-> V2
6. V4 --> V5


  H0 (legal PAG = G* + spurious, cold-reoriented):
Graph Nodes:
V1;V2;V3;V4;V5

Graph Edges:
1. V1 o-o V3
2. V1 o-> V4
3. V1 o-o V5
4. V3 o-> V2
5. V3 o-o V5
6. V4 <-> V2
7. V5 o-> V2
8. V5 o-> V4



==== NON-I-MAP H0 (cold reorient of G*+spurious is NOT an I-map of G*) ====
  Under the corrected sepset regime this population is expected EMPTY; an entry
  here is a defect. The witness CI below is the proof of the violation.
  model                 : PAG#4736
  extra (spurious) edges: [V1 o-o V3, V2 o-o V3]  (k=2)
  WITNESS (holds in H0, fails in G*): V2 _||_ V4 | [V3]   (m-separated in H0's MAG, m-connected in G*)
  true PAG G* (over observed):
Graph Nodes:
V1;V2;V3;V4;V5

Graph Edges:
1. V1 o-o V2
2. V1 o-> V4
3. V2 o-> V5
4. V4 <-> V3
5. V5 <-> V3


  H0 (legal PAG = G* + spurious, cold-reoriented):
Graph Nodes:
V1;V2;V3;V4;V5

Graph Edges:
1. V2 --> V1
2. V3 --> V1
3. V3 --> V2
4. V4 <-> V1
5. V4 <-> V3
6. V5 <-> V2
7. V5 <-> V3



==== NON-I-MAP H0 (cold reorient of G*+spurious is NOT an I-map of G*) ====
  Under the corrected sepset regime this population is expected EMPTY; an entry
  here is a defect. The witness CI below is the proof of the violation.
  model                 : PAG#4749
  extra (spurious) edges: [V1 o-o V4, V2 o-o V4]  (k=2)
  WITNESS (holds in H0, fails in G*): V1 _||_ V3 | [V4, V5]   (m-separated in H0's MAG, m-connected in G*)
  true PAG G* (over observed):
Graph Nodes:
V1;V2;V3;V4;V5

Graph Edges:
1. V1 o-o V5
2. V2 o-o V1
3. V3 o-o V2
4. V3 --> V4
5. V5 --> V4


  H0 (legal PAG = G* + spurious, cold-reoriented):
Graph Nodes:
V1;V2;V3;V4;V5

Graph Edges:
1. V1 --> V2
2. V3 --> V2
3. V3 o-> V4
4. V4 --> V1
5. V4 --> V2
6. V5 --> V1
7. V5 o-> V4



==== NON-I-MAP H0 (cold reorient of G*+spurious is NOT an I-map of G*) ====
  Under the corrected sepset regime this population is expected EMPTY; an entry
  here is a defect. The witness CI below is the proof of the violation.
  model                 : PAG#4752
  extra (spurious) edges: [V3 o-o V5, V4 o-o V5]  (k=2)
  WITNESS (holds in H0, fails in G*): V2 _||_ V3 | [V5]   (m-separated in H0's MAG, m-connected in G*)
  true PAG G* (over observed):
Graph Nodes:
V1;V2;V3;V4;V5

Graph Edges:
1. V1 <-> V2
2. V1 --> V5
3. V2 <-> V5
4. V3 <-> V1
5. V4 o-> V3


  H0 (legal PAG = G* + spurious, cold-reoriented):
Graph Nodes:
V1;V2;V3;V4;V5

Graph Edges:
1. V2 o-> V1
2. V2 o-o V5
3. V3 <-> V1
4. V4 o-> V3
5. V4 o-o V5
6. V5 o-> V1
7. V5 o-> V3



==== NON-I-MAP H0 (cold reorient of G*+spurious is NOT an I-map of G*) ====
  Under the corrected sepset regime this population is expected EMPTY; an entry
  here is a defect. The witness CI below is the proof of the violation.
  model                 : PAG#4848
  extra (spurious) edges: [V1 o-o V5, V3 o-o V5, V4 o-o V5]  (k=3)
  WITNESS (holds in H0, fails in G*): V1 _||_ V3 | [V4, V5]   (m-separated in H0's MAG, m-connected in G*)
  true PAG G* (over observed):
Graph Nodes:
V1;V2;V3;V4;V5

Graph Edges:
1. V1 --> V2
2. V1 o-o V4
3. V2 --> V5
4. V3 --> V2
5. V4 o-o V3


  H0 (legal PAG = G* + spurious, cold-reoriented):
Graph Nodes:
V1;V2;V3;V4;V5

Graph Edges:
1. V1 --> V2
2. V1 o-o V4
3. V1 o-o V5
4. V3 --> V2
5. V3 o-o V5
6. V4 o-o V3
7. V4 o-o V5
8. V5 --> V2



==== NON-I-MAP H0 (cold reorient of G*+spurious is NOT an I-map of G*) ====
  Under the corrected sepset regime this population is expected EMPTY; an entry
  here is a defect. The witness CI below is the proof of the violation.
  model                 : PAG#4856
  extra (spurious) edges: [V1 o-o V3, V2 o-o V5]  (k=2)
  WITNESS (holds in H0, fails in G*): V1 _||_ V2 | [V3, V5]   (m-separated in H0's MAG, m-connected in G*)
  true PAG G* (over observed):
Graph Nodes:
V1;V2;V3;V4;V5

Graph Edges:
1. V3 <-> V2
2. V4 <-> V1
3. V4 <-> V2
4. V4 --> V3
5. V5 o-> V1
6. V5 o-> V3


  H0 (legal PAG = G* + spurious, cold-reoriented):
Graph Nodes:
V1;V2;V3;V4;V5

Graph Edges:
1. V2 o-> V3
2. V2 o-> V4
3. V2 o-o V5
4. V3 --> V1
5. V3 <-> V4
6. V4 <-> V1
7. V5 --> V1
8. V5 o-> V3



==== NON-I-MAP H0 (cold reorient of G*+spurious is NOT an I-map of G*) ====
  Under the corrected sepset regime this population is expected EMPTY; an entry
  here is a defect. The witness CI below is the proof of the violation.
  model                 : PAG#4891
  extra (spurious) edges: [V3 o-o V4, V4 o-o V5]  (k=2)
  WITNESS (holds in H0, fails in G*): V1 _||_ V3 | [V4]   (m-separated in H0's MAG, m-connected in G*)
  true PAG G* (over observed):
Graph Nodes:
V1;V2;V3;V4;V5

Graph Edges:
1. V1 o-> V2
2. V1 --> V4
3. V2 <-> V3
4. V2 --> V4
5. V5 o-> V3


  H0 (legal PAG = G* + spurious, cold-reoriented):
Graph Nodes:
V1;V2;V3;V4;V5

Graph Edges:
1. V1 o-> V2
2. V1 o-o V4
3. V3 <-> V2
4. V4 o-> V2
5. V4 o-> V3
6. V4 o-o V5
7. V5 o-> V3



==== NON-I-MAP H0 (cold reorient of G*+spurious is NOT an I-map of G*) ====
  Under the corrected sepset regime this population is expected EMPTY; an entry
  here is a defect. The witness CI below is the proof of the violation.
  model                 : PAG#4900
  extra (spurious) edges: [V1 o-o V2, V1 o-o V4]  (k=2)
  WITNESS (holds in H0, fails in G*): V4 _||_ V5 | [V1]   (m-separated in H0's MAG, m-connected in G*)
  true PAG G* (over observed):
Graph Nodes:
V1;V2;V3;V4;V5

Graph Edges:
1. V1 <-> V5
2. V3 --> V1
3. V3 --> V2
4. V3 <-> V4
5. V3 <-> V5
6. V4 <-> V2


  H0 (legal PAG = G* + spurious, cold-reoriented):
Graph Nodes:
V1;V2;V3;V4;V5

Graph Edges:
1. V1 --> V2
2. V1 o-> V3
3. V1 o-> V4
4. V1 o-o V5
5. V3 --> V2
6. V3 <-> V4
7. V4 <-> V2
8. V5 o-> V3



==== NON-I-MAP H0 (cold reorient of G*+spurious is NOT an I-map of G*) ====
  Under the corrected sepset regime this population is expected EMPTY; an entry
  here is a defect. The witness CI below is the proof of the violation.
  model                 : PAG#4900
  extra (spurious) edges: [V1 o-o V2, V2 o-o V5]  (k=2)
  WITNESS (holds in H0, fails in G*): V4 _||_ V5 | [V2]   (m-separated in H0's MAG, m-connected in G*)
  true PAG G* (over observed):
Graph Nodes:
V1;V2;V3;V4;V5

Graph Edges:
1. V1 <-> V5
2. V3 --> V1
3. V3 --> V2
4. V3 <-> V4
5. V3 <-> V5
6. V4 <-> V2


  H0 (legal PAG = G* + spurious, cold-reoriented):
Graph Nodes:
V1;V2;V3;V4;V5

Graph Edges:
1. V1 <-> V5
2. V2 --> V1
3. V2 o-> V3
4. V2 o-> V5
5. V3 --> V1
6. V3 <-> V5
7. V4 o-o V2
8. V4 o-> V3



==== NON-I-MAP H0 (cold reorient of G*+spurious is NOT an I-map of G*) ====
  Under the corrected sepset regime this population is expected EMPTY; an entry
  here is a defect. The witness CI below is the proof of the violation.
  model                 : PAG#4907
  extra (spurious) edges: [V2 o-o V5, V3 o-o V5]  (k=2)
  WITNESS (holds in H0, fails in G*): V3 _||_ V4 | [V2, V5]   (m-separated in H0's MAG, m-connected in G*)
  true PAG G* (over observed):
Graph Nodes:
V1;V2;V3;V4;V5

Graph Edges:
1. V1 --> V5
2. V2 o-> V3
3. V2 o-o V4
4. V3 <-> V1
5. V4 o-> V1
6. V4 --> V5


  H0 (legal PAG = G* + spurious, cold-reoriented):
Graph Nodes:
V1;V2;V3;V4;V5

Graph Edges:
1. V2 o-> V3
2. V2 o-o V4
3. V2 o-o V5
4. V3 <-> V1
5. V4 o-> V1
6. V4 o-o V5
7. V5 o-> V1
8. V5 o-> V3



==== NON-I-MAP H0 (cold reorient of G*+spurious is NOT an I-map of G*) ====
  Under the corrected sepset regime this population is expected EMPTY; an entry
  here is a defect. The witness CI below is the proof of the violation.
  model                 : PAG#4921
  extra (spurious) edges: [V2 o-o V3, V3 o-o V5]  (k=2)
  WITNESS (holds in H0, fails in G*): V1 _||_ V4 | []   (m-separated in H0's MAG, m-connected in G*)
  true PAG G* (over observed):
Graph Nodes:
V1;V2;V3;V4;V5

Graph Edges:
1. V2 o-o V4
2. V2 o-o V5
3. V3 <-> V1
4. V4 o-> V3
5. V5 o-> V1


  H0 (legal PAG = G* + spurious, cold-reoriented):
Graph Nodes:
V1;V2;V3;V4;V5

Graph Edges:
1. V1 <-> V5
2. V3 <-> V1
3. V3 --> V2
4. V3 --> V5
5. V4 --> V2
6. V4 o-> V3
7. V5 --> V2



==== NON-I-MAP H0 (cold reorient of G*+spurious is NOT an I-map of G*) ====
  Under the corrected sepset regime this population is expected EMPTY; an entry
  here is a defect. The witness CI below is the proof of the violation.
  model                 : PAG#4975
  extra (spurious) edges: [V1 o-o V4, V3 o-o V4]  (k=2)
  WITNESS (holds in H0, fails in G*): V1 _||_ V2 | [V4]   (m-separated in H0's MAG, m-connected in G*)
  true PAG G* (over observed):
Graph Nodes:
V1;V2;V3;V4;V5

Graph Edges:
1. V2 --> V4
2. V2 o-> V5
3. V3 o-> V1
4. V5 <-> V1
5. V5 --> V4


  H0 (legal PAG = G* + spurious, cold-reoriented):
Graph Nodes:
V1;V2;V3;V4;V5

Graph Edges:
1. V1 <-> V5
2. V2 o-o V4
3. V2 o-> V5
4. V3 o-> V1
5. V3 o-o V4
6. V4 o-> V1
7. V4 o-> V5



==== NON-I-MAP H0 (cold reorient of G*+spurious is NOT an I-map of G*) ====
  Under the corrected sepset regime this population is expected EMPTY; an entry
  here is a defect. The witness CI below is the proof of the violation.
  model                 : PAG#5023
  extra (spurious) edges: [V1 o-o V2, V1 o-o V4, V1 o-o V5]  (k=3)
  WITNESS (holds in H0, fails in G*): V2 _||_ V5 | [V1, V4]   (m-separated in H0's MAG, m-connected in G*)
  true PAG G* (over observed):
Graph Nodes:
V1;V2;V3;V4;V5

Graph Edges:
1. V2 --> V3
2. V2 o-o V4
3. V3 --> V1
4. V4 o-o V5
5. V5 --> V3


  H0 (legal PAG = G* + spurious, cold-reoriented):
Graph Nodes:
V1;V2;V3;V4;V5

Graph Edges:
1. V1 o-o V2
2. V1 --> V3
3. V1 o-o V4
4. V1 o-o V5
5. V2 --> V3
6. V2 o-o V4
7. V4 o-o V5
8. V5 --> V3



==== NON-I-MAP H0 (cold reorient of G*+spurious is NOT an I-map of G*) ====
  Under the corrected sepset regime this population is expected EMPTY; an entry
  here is a defect. The witness CI below is the proof of the violation.
  model                 : PAG#5044
  extra (spurious) edges: [V2 o-o V3, V2 o-o V4, V2 o-o V5]  (k=3)
  WITNESS (holds in H0, fails in G*): V3 _||_ V4 | [V2, V5]   (m-separated in H0's MAG, m-connected in G*)
  true PAG G* (over observed):
Graph Nodes:
V1;V2;V3;V4;V5

Graph Edges:
1. V1 --> V2
2. V3 o-> V1
3. V3 o-o V5
4. V4 <-> V1
5. V5 o-> V4


  H0 (legal PAG = G* + spurious, cold-reoriented):
Graph Nodes:
V1;V2;V3;V4;V5

Graph Edges:
1. V1 <-> V4
2. V2 o-> V1
3. V2 o-o V3
4. V2 o-> V4
5. V2 o-o V5
6. V3 o-> V1
7. V3 o-o V5
8. V5 o-> V4



==== NON-I-MAP H0 (cold reorient of G*+spurious is NOT an I-map of G*) ====
  Under the corrected sepset regime this population is expected EMPTY; an entry
  here is a defect. The witness CI below is the proof of the violation.
  model                 : PAG#5069
  extra (spurious) edges: [V2 o-o V3, V4 o-o V5]  (k=2)
  WITNESS (holds in H0, fails in G*): V3 _||_ V5 | [V2, V4]   (m-separated in H0's MAG, m-connected in G*)
  true PAG G* (over observed):
Graph Nodes:
V1;V2;V3;V4;V5

Graph Edges:
1. V1 <-> V3
2. V1 --> V4
3. V2 o-> V4
4. V2 o-> V5
5. V4 <-> V3
6. V5 <-> V1


  H0 (legal PAG = G* + spurious, cold-reoriented):
Graph Nodes:
V1;V2;V3;V4;V5

Graph Edges:
1. V1 <-> V5
2. V2 o-o V3
3. V2 o-> V4
4. V2 --> V5
5. V3 o-> V1
6. V3 o-> V4
7. V4 <-> V1
8. V4 --> V5



==== NON-I-MAP H0 (cold reorient of G*+spurious is NOT an I-map of G*) ====
  Under the corrected sepset regime this population is expected EMPTY; an entry
  here is a defect. The witness CI below is the proof of the violation.
  model                 : PAG#5117
  extra (spurious) edges: [V2 o-o V4, V4 o-o V5]  (k=2)
  WITNESS (holds in H0, fails in G*): V1 _||_ V3 | []   (m-separated in H0's MAG, m-connected in G*)
  true PAG G* (over observed):
Graph Nodes:
V1;V2;V3;V4;V5

Graph Edges:
1. V1 --> V4
2. V2 o-o V1
3. V3 --> V4
4. V3 o-o V5
5. V5 o-o V2


  H0 (legal PAG = G* + spurious, cold-reoriented):
Graph Nodes:
V1;V2;V3;V4;V5

Graph Edges:
1. V1 --> V2
2. V1 o-> V4
3. V3 o-> V4
4. V3 --> V5
5. V4 --> V2
6. V4 --> V5
7. V5 --> V2



==== NON-I-MAP H0 (cold reorient of G*+spurious is NOT an I-map of G*) ====
  Under the corrected sepset regime this population is expected EMPTY; an entry
  here is a defect. The witness CI below is the proof of the violation.
  model                 : PAG#5138
  extra (spurious) edges: [V2 o-o V3, V2 o-o V5]  (k=2)
  WITNESS (holds in H0, fails in G*): V1 _||_ V3 | [V2, V5]   (m-separated in H0's MAG, m-connected in G*)
  true PAG G* (over observed):
Graph Nodes:
V1;V2;V3;V4;V5

Graph Edges:
1. V1 --> V2
2. V1 o-> V4
3. V1 o-o V5
4. V4 --> V2
5. V4 <-> V3
6. V5 o-> V3


  H0 (legal PAG = G* + spurious, cold-reoriented):
Graph Nodes:
V1;V2;V3;V4;V5

Graph Edges:
1. V1 o-o V2
2. V1 o-> V4
3. V1 o-o V5
4. V2 o-> V3
5. V2 o-> V4
6. V2 o-o V5
7. V4 <-> V3
8. V5 o-> V3



==== NON-I-MAP H0 (cold reorient of G*+spurious is NOT an I-map of G*) ====
  Under the corrected sepset regime this population is expected EMPTY; an entry
  here is a defect. The witness CI below is the proof of the violation.
  model                 : PAG#5171
  extra (spurious) edges: [V1 o-o V3, V2 o-o V3]  (k=2)
  WITNESS (holds in H0, fails in G*): V1 _||_ V2 | [V3]   (m-separated in H0's MAG, m-connected in G*)
  true PAG G* (over observed):
Graph Nodes:
V1;V2;V3;V4;V5

Graph Edges:
1. V1 o-> V5
2. V2 o-> V5
3. V4 o-> V3
4. V5 --> V3


  H0 (legal PAG = G* + spurious, cold-reoriented):
Graph Nodes:
V1;V2;V3;V4;V5

Graph Edges:
1. V3 --> V1
2. V3 --> V2
3. V3 <-> V5
4. V4 o-> V3
5. V5 <-> V1
6. V5 <-> V2



==== NON-I-MAP H0 (cold reorient of G*+spurious is NOT an I-map of G*) ====
  Under the corrected sepset regime this population is expected EMPTY; an entry
  here is a defect. The witness CI below is the proof of the violation.
  model                 : PAG#5177
  extra (spurious) edges: [V1 o-o V5, V2 o-o V5]  (k=2)
  WITNESS (holds in H0, fails in G*): V1 _||_ V3 | [V2, V5]   (m-separated in H0's MAG, m-connected in G*)
  true PAG G* (over observed):
Graph Nodes:
V1;V2;V3;V4;V5

Graph Edges:
1. V1 o-> V2
2. V3 o-> V4
3. V3 --> V5
4. V4 <-> V2
5. V4 --> V5


  H0 (legal PAG = G* + spurious, cold-reoriented):
Graph Nodes:
V1;V2;V3;V4;V5

Graph Edges:
1. V1 o-> V2
2. V1 o-o V5
3. V3 o-> V4
4. V3 o-o V5
5. V4 <-> V2
6. V5 o-> V2
7. V5 o-> V4



==== NON-I-MAP H0 (cold reorient of G*+spurious is NOT an I-map of G*) ====
  Under the corrected sepset regime this population is expected EMPTY; an entry
  here is a defect. The witness CI below is the proof of the violation.
  model                 : PAG#5197
  extra (spurious) edges: [V2 o-o V3, V2 o-o V5]  (k=2)
  WITNESS (holds in H0, fails in G*): V3 _||_ V4 | [V2]   (m-separated in H0's MAG, m-connected in G*)
  true PAG G* (over observed):
Graph Nodes:
V1;V2;V3;V4;V5

Graph Edges:
1. V1 --> V2
2. V1 <-> V3
3. V1 --> V5
4. V3 <-> V5
5. V4 o-> V1
6. V4 --> V2


  H0 (legal PAG = G* + spurious, cold-reoriented):
Graph Nodes:
V1;V2;V3;V4;V5

Graph Edges:
1. V1 <-> V3
2. V1 --> V5
3. V2 o-> V1
4. V2 o-> V3
5. V2 --> V5
6. V3 <-> V5
7. V4 o-> V1
8. V4 o-o V2



==== NON-I-MAP H0 (cold reorient of G*+spurious is NOT an I-map of G*) ====
  Under the corrected sepset regime this population is expected EMPTY; an entry
  here is a defect. The witness CI below is the proof of the violation.
  model                 : PAG#5238
  extra (spurious) edges: [V1 o-o V2, V1 o-o V3]  (k=2)
  WITNESS (holds in H0, fails in G*): V3 _||_ V4 | [V1]   (m-separated in H0's MAG, m-connected in G*)
  true PAG G* (over observed):
Graph Nodes:
V1;V2;V3;V4;V5

Graph Edges:
1. V1 <-> V4
2. V3 <-> V2
3. V5 --> V1
4. V5 --> V2
5. V5 <-> V3
6. V5 <-> V4


  H0 (legal PAG = G* + spurious, cold-reoriented):
Graph Nodes:
V1;V2;V3;V4;V5

Graph Edges:
1. V1 --> V2
2. V1 o-> V3
3. V1 o-o V4
4. V1 o-> V5
5. V3 <-> V2
6. V4 o-> V5
7. V5 --> V2
8. V5 <-> V3



==== NON-I-MAP H0 (cold reorient of G*+spurious is NOT an I-map of G*) ====
  Under the corrected sepset regime this population is expected EMPTY; an entry
  here is a defect. The witness CI below is the proof of the violation.
  model                 : PAG#5238
  extra (spurious) edges: [V1 o-o V2, V2 o-o V4]  (k=2)
  WITNESS (holds in H0, fails in G*): V3 _||_ V4 | [V2]   (m-separated in H0's MAG, m-connected in G*)
  true PAG G* (over observed):
Graph Nodes:
V1;V2;V3;V4;V5

Graph Edges:
1. V1 <-> V4
2. V3 <-> V2
3. V5 --> V1
4. V5 --> V2
5. V5 <-> V3
6. V5 <-> V4


  H0 (legal PAG = G* + spurious, cold-reoriented):
Graph Nodes:
V1;V2;V3;V4;V5

Graph Edges:
1. V1 <-> V4
2. V2 --> V1
3. V2 o-> V4
4. V2 o-> V5
5. V3 o-o V2
6. V3 o-> V5
7. V5 --> V1
8. V5 <-> V4



==== NON-I-MAP H0 (cold reorient of G*+spurious is NOT an I-map of G*) ====
  Under the corrected sepset regime this population is expected EMPTY; an entry
  here is a defect. The witness CI below is the proof of the violation.
  model                 : PAG#5249
  extra (spurious) edges: [V1 o-o V4, V2 o-o V4]  (k=2)
  WITNESS (holds in H0, fails in G*): V2 _||_ V5 | [V1, V4]   (m-separated in H0's MAG, m-connected in G*)
  true PAG G* (over observed):
Graph Nodes:
V1;V2;V3;V4;V5

Graph Edges:
1. V1 o-o V2
2. V2 --> V3
3. V3 --> V4
4. V5 o-o V1
5. V5 --> V3
6. V5 --> V4


  H0 (legal PAG = G* + spurious, cold-reoriented):
Graph Nodes:
V1;V2;V3;V4;V5

Graph Edges:
1. V1 o-o V2
2. V1 o-o V4
3. V2 --> V3
4. V2 o-o V4
5. V4 --> V3
6. V5 o-o V1
7. V5 --> V3
8. V5 o-o V4



==== NON-I-MAP H0 (cold reorient of G*+spurious is NOT an I-map of G*) ====
  Under the corrected sepset regime this population is expected EMPTY; an entry
  here is a defect. The witness CI below is the proof of the violation.
  model                 : PAG#5289
  extra (spurious) edges: [V2 o-o V3, V2 o-o V4]  (k=2)
  WITNESS (holds in H0, fails in G*): V1 _||_ V3 | [V2, V4]   (m-separated in H0's MAG, m-connected in G*)
  true PAG G* (over observed):
Graph Nodes:
V1;V2;V3;V4;V5

Graph Edges:
1. V1 <-> V2
2. V4 o-> V1
3. V4 o-> V3
4. V5 <-> V1
5. V5 --> V2
6. V5 <-> V3


  H0 (legal PAG = G* + spurious, cold-reoriented):
Graph Nodes:
V1;V2;V3;V4;V5

Graph Edges:
1. V1 <-> V5
2. V2 o-> V1
3. V2 o-> V3
4. V2 o-o V4
5. V2 o-> V5
6. V4 o-> V1
7. V4 o-> V3
8. V5 <-> V3



==== NON-I-MAP H0 (cold reorient of G*+spurious is NOT an I-map of G*) ====
  Under the corrected sepset regime this population is expected EMPTY; an entry
  here is a defect. The witness CI below is the proof of the violation.
  model                 : PAG#5338
  extra (spurious) edges: [V1 o-o V5, V3 o-o V5, V4 o-o V5]  (k=3)
  WITNESS (holds in H0, fails in G*): V1 _||_ V3 | [V4, V5]   (m-separated in H0's MAG, m-connected in G*)
  true PAG G* (over observed):
Graph Nodes:
V1;V2;V3;V4;V5

Graph Edges:
1. V1 o-> V2
2. V1 o-o V4
3. V2 --> V5
4. V3 <-> V2
5. V4 o-> V3


  H0 (legal PAG = G* + spurious, cold-reoriented):
Graph Nodes:
V1;V2;V3;V4;V5

Graph Edges:
1. V1 o-> V2
2. V1 o-o V4
3. V1 o-o V5
4. V2 <-> V3
5. V4 o-> V3
6. V4 o-o V5
7. V5 o-> V2
8. V5 o-> V3



==== NON-I-MAP H0 (cold reorient of G*+spurious is NOT an I-map of G*) ====
  Under the corrected sepset regime this population is expected EMPTY; an entry
  here is a defect. The witness CI below is the proof of the violation.
  model                 : PAG#5357
  extra (spurious) edges: [V1 o-o V2, V2 o-o V5]  (k=2)
  WITNESS (holds in H0, fails in G*): V1 _||_ V5 | [V2]   (m-separated in H0's MAG, m-connected in G*)
  true PAG G* (over observed):
Graph Nodes:
V1;V2;V3;V4;V5

Graph Edges:
1. V2 --> V3
2. V3 <-> V1
3. V4 <-> V1
4. V4 --> V2
5. V5 <-> V3
6. V5 <-> V4


  H0 (legal PAG = G* + spurious, cold-reoriented):
Graph Nodes:
V1;V2;V3;V4;V5

Graph Edges:
1. V1 <-> V4
2. V2 o-> V1
3. V2 o-> V3
4. V2 o-> V4
5. V2 o-> V5
6. V3 <-> V1
7. V5 <-> V3
8. V5 <-> V4



==== NON-I-MAP H0 (cold reorient of G*+spurious is NOT an I-map of G*) ====
  Under the corrected sepset regime this population is expected EMPTY; an entry
  here is a defect. The witness CI below is the proof of the violation.
  model                 : PAG#5367
  extra (spurious) edges: [V1 o-o V2, V2 o-o V5]  (k=2)
  WITNESS (holds in H0, fails in G*): V3 _||_ V5 | [V1, V2]   (m-separated in H0's MAG, m-connected in G*)
  true PAG G* (over observed):
Graph Nodes:
V1;V2;V3;V4;V5

Graph Edges:
1. V1 o-> V3
2. V1 o-> V5
3. V3 <-> V2
4. V3 <-> V4
5. V4 --> V2
6. V5 <-> V4


  H0 (legal PAG = G* + spurious, cold-reoriented):
Graph Nodes:
V1;V2;V3;V4;V5

Graph Edges:
1. V1 o-o V2
2. V1 o-> V3
3. V1 o-> V5
4. V2 o-> V3
5. V2 o-> V4
6. V2 o-> V5
7. V4 <-> V3
8. V4 <-> V5



==== NON-I-MAP H0 (cold reorient of G*+spurious is NOT an I-map of G*) ====
  Under the corrected sepset regime this population is expected EMPTY; an entry
  here is a defect. The witness CI below is the proof of the violation.
  model                 : PAG#5422
  extra (spurious) edges: [V1 o-o V2, V2 o-o V4]  (k=2)
  WITNESS (holds in H0, fails in G*): V3 _||_ V4 | [V2]   (m-separated in H0's MAG, m-connected in G*)
  true PAG G* (over observed):
Graph Nodes:
V1;V2;V3;V4;V5

Graph Edges:
1. V1 o-o V3
2. V1 o-o V4
3. V3 o-> V2
4. V4 o-> V5
5. V5 <-> V2


  H0 (legal PAG = G* + spurious, cold-reoriented):
Graph Nodes:
V1;V2;V3;V4;V5

Graph Edges:
1. V2 --> V1
2. V2 --> V4
3. V2 <-> V5
4. V3 --> V1
5. V3 o-> V2
6. V4 --> V1
7. V5 <-> V4



==== NON-I-MAP H0 (cold reorient of G*+spurious is NOT an I-map of G*) ====
  Under the corrected sepset regime this population is expected EMPTY; an entry
  here is a defect. The witness CI below is the proof of the violation.
  model                 : PAG#5422
  extra (spurious) edges: [V1 o-o V5, V3 o-o V5]  (k=2)
  WITNESS (holds in H0, fails in G*): V2 _||_ V4 | []   (m-separated in H0's MAG, m-connected in G*)
  true PAG G* (over observed):
Graph Nodes:
V1;V2;V3;V4;V5

Graph Edges:
1. V1 o-o V3
2. V1 o-o V4
3. V3 o-> V2
4. V4 o-> V5
5. V5 <-> V2


  H0 (legal PAG = G* + spurious, cold-reoriented):
Graph Nodes:
V1;V2;V3;V4;V5

Graph Edges:
1. V2 <-> V3
2. V2 <-> V5
3. V3 --> V1
4. V4 --> V1
5. V4 o-> V5
6. V5 --> V1
7. V5 --> V3



==== NON-I-MAP H0 (cold reorient of G*+spurious is NOT an I-map of G*) ====
  Under the corrected sepset regime this population is expected EMPTY; an entry
  here is a defect. The witness CI below is the proof of the violation.
  model                 : PAG#5434
  extra (spurious) edges: [V3 o-o V4, V3 o-o V5]  (k=2)
  WITNESS (holds in H0, fails in G*): V2 _||_ V4 | [V3, V5]   (m-separated in H0's MAG, m-connected in G*)
  true PAG G* (over observed):
Graph Nodes:
V1;V2;V3;V4;V5

Graph Edges:
1. V1 --> V3
2. V2 --> V1
3. V2 --> V3
4. V2 o-o V5
5. V4 --> V1
6. V5 o-o V4


  H0 (legal PAG = G* + spurious, cold-reoriented):
Graph Nodes:
V1;V2;V3;V4;V5

Graph Edges:
1. V2 --> V1
2. V2 o-o V3
3. V2 o-o V5
4. V3 --> V1
5. V3 o-o V4
6. V3 o-o V5
7. V4 --> V1
8. V5 o-o V4



==== NON-I-MAP H0 (cold reorient of G*+spurious is NOT an I-map of G*) ====
  Under the corrected sepset regime this population is expected EMPTY; an entry
  here is a defect. The witness CI below is the proof of the violation.
  model                 : PAG#5547
  extra (spurious) edges: [V2 o-o V4, V2 o-o V5]  (k=2)
  WITNESS (holds in H0, fails in G*): V3 _||_ V4 | [V2]   (m-separated in H0's MAG, m-connected in G*)
  true PAG G* (over observed):
Graph Nodes:
V1;V2;V3;V4;V5

Graph Edges:
1. V1 --> V2
2. V1 <-> V3
3. V3 <-> V2
4. V4 <-> V1
5. V5 o-> V4


  H0 (legal PAG = G* + spurious, cold-reoriented):
Graph Nodes:
V1;V2;V3;V4;V5

Graph Edges:
1. V1 <-> V4
2. V2 o-> V1
3. V2 o-> V4
4. V2 o-o V5
5. V3 o-> V1
6. V3 o-o V2
7. V5 o-> V4



==== NON-I-MAP H0 (cold reorient of G*+spurious is NOT an I-map of G*) ====
  Under the corrected sepset regime this population is expected EMPTY; an entry
  here is a defect. The witness CI below is the proof of the violation.
  model                 : PAG#5568
  extra (spurious) edges: [V1 o-o V4, V4 o-o V5]  (k=2)
  WITNESS (holds in H0, fails in G*): V1 _||_ V3 | [V4]   (m-separated in H0's MAG, m-connected in G*)
  true PAG G* (over observed):
Graph Nodes:
V1;V2;V3;V4;V5

Graph Edges:
1. V1 <-> V5
2. V2 <-> V1
3. V2 <-> V3
4. V2 --> V4
5. V2 --> V5
6. V4 <-> V3


  H0 (legal PAG = G* + spurious, cold-reoriented):
Graph Nodes:
V1;V2;V3;V4;V5

Graph Edges:
1. V1 <-> V5
2. V2 <-> V1
3. V2 --> V5
4. V3 o-> V2
5. V4 o-> V1
6. V4 o-> V2
7. V4 o-o V3
8. V4 --> V5



==== NON-I-MAP H0 (cold reorient of G*+spurious is NOT an I-map of G*) ====
  Under the corrected sepset regime this population is expected EMPTY; an entry
  here is a defect. The witness CI below is the proof of the violation.
  model                 : PAG#5568
  extra (spurious) edges: [V3 o-o V5, V4 o-o V5]  (k=2)
  WITNESS (holds in H0, fails in G*): V1 _||_ V3 | [V5]   (m-separated in H0's MAG, m-connected in G*)
  true PAG G* (over observed):
Graph Nodes:
V1;V2;V3;V4;V5

Graph Edges:
1. V1 <-> V5
2. V2 <-> V1
3. V2 <-> V3
4. V2 --> V4
5. V2 --> V5
6. V4 <-> V3


  H0 (legal PAG = G* + spurious, cold-reoriented):
Graph Nodes:
V1;V2;V3;V4;V5

Graph Edges:
1. V1 o-> V2
2. V1 o-o V5
3. V2 <-> V3
4. V2 --> V4
5. V4 <-> V3
6. V5 o-> V2
7. V5 o-> V3
8. V5 --> V4



==== NON-I-MAP H0 (cold reorient of G*+spurious is NOT an I-map of G*) ====
  Under the corrected sepset regime this population is expected EMPTY; an entry
  here is a defect. The witness CI below is the proof of the violation.
  model                 : PAG#5637
  extra (spurious) edges: [V1 o-o V4, V1 o-o V5]  (k=2)
  WITNESS (holds in H0, fails in G*): V2 _||_ V4 | [V1, V5]   (m-separated in H0's MAG, m-connected in G*)
  true PAG G* (over observed):
Graph Nodes:
V1;V2;V3;V4;V5

Graph Edges:
1. V2 <-> V1
2. V3 --> V1
3. V3 <-> V2
4. V3 <-> V4
5. V5 o-> V2
6. V5 o-> V4


  H0 (legal PAG = G* + spurious, cold-reoriented):
Graph Nodes:
V1;V2;V3;V4;V5

Graph Edges:
1. V1 o-> V2
2. V1 o-> V3
3. V1 o-> V4
4. V1 o-o V5
5. V2 <-> V3
6. V4 <-> V3
7. V5 o-> V2
8. V5 o-> V4



==== NON-I-MAP H0 (cold reorient of G*+spurious is NOT an I-map of G*) ====
  Under the corrected sepset regime this population is expected EMPTY; an entry
  here is a defect. The witness CI below is the proof of the violation.
  model                 : PAG#5645
  extra (spurious) edges: [V3 o-o V4, V4 o-o V5]  (k=2)
  WITNESS (holds in H0, fails in G*): V3 _||_ V5 | [V4]   (m-separated in H0's MAG, m-connected in G*)
  true PAG G* (over observed):
Graph Nodes:
V1;V2;V3;V4;V5

Graph Edges:
1. V2 --> V4
2. V3 <-> V1
3. V3 <-> V2
4. V4 --> V1
5. V5 <-> V1
6. V5 <-> V2


  H0 (legal PAG = G* + spurious, cold-reoriented):
Graph Nodes:
V1;V2;V3;V4;V5

Graph Edges:
1. V1 <-> V5
2. V2 <-> V3
3. V2 <-> V5
4. V3 <-> V1
5. V4 o-> V1
6. V4 o-> V2
7. V4 o-> V3
8. V4 o-> V5



==== NON-I-MAP H0 (cold reorient of G*+spurious is NOT an I-map of G*) ====
  Under the corrected sepset regime this population is expected EMPTY; an entry
  here is a defect. The witness CI below is the proof of the violation.
  model                 : PAG#5655
  extra (spurious) edges: [V2 o-o V5, V4 o-o V5]  (k=2)
  WITNESS (holds in H0, fails in G*): V1 _||_ V4 | [V2, V5]   (m-separated in H0's MAG, m-connected in G*)
  true PAG G* (over observed):
Graph Nodes:
V1;V2;V3;V4;V5

Graph Edges:
1. V1 o-o V2
2. V1 o-> V3
3. V1 --> V5
4. V2 o-> V4
5. V3 --> V5
6. V4 <-> V3


  H0 (legal PAG = G* + spurious, cold-reoriented):
Graph Nodes:
V1;V2;V3;V4;V5

Graph Edges:
1. V1 o-o V2
2. V1 o-> V3
3. V1 o-o V5
4. V2 o-> V4
5. V2 o-o V5
6. V3 <-> V4
7. V5 o-> V3
8. V5 o-> V4



==== NON-I-MAP H0 (cold reorient of G*+spurious is NOT an I-map of G*) ====
  Under the corrected sepset regime this population is expected EMPTY; an entry
  here is a defect. The witness CI below is the proof of the violation.
  model                 : PAG#5673
  extra (spurious) edges: [V1 o-o V2, V1 o-o V3]  (k=2)
  WITNESS (holds in H0, fails in G*): V2 _||_ V4 | [V1, V3]   (m-separated in H0's MAG, m-connected in G*)
  true PAG G* (over observed):
Graph Nodes:
V1;V2;V3;V4;V5

Graph Edges:
1. V2 o-> V3
2. V4 <-> V1
3. V5 --> V1
4. V5 <-> V3
5. V5 <-> V4


  H0 (legal PAG = G* + spurious, cold-reoriented):
Graph Nodes:
V1;V2;V3;V4;V5

Graph Edges:
1. V1 o-o V2
2. V1 o-> V3
3. V1 o-> V5
4. V2 o-> V3
5. V4 o-o V1
6. V4 o-> V5
7. V5 <-> V3



==== NON-I-MAP H0 (cold reorient of G*+spurious is NOT an I-map of G*) ====
  Under the corrected sepset regime this population is expected EMPTY; an entry
  here is a defect. The witness CI below is the proof of the violation.
  model                 : PAG#5683
  extra (spurious) edges: [V2 o-o V5, V3 o-o V5, V4 o-o V5]  (k=3)
  WITNESS (holds in H0, fails in G*): V2 _||_ V4 | [V3, V5]   (m-separated in H0's MAG, m-connected in G*)
  true PAG G* (over observed):
Graph Nodes:
V1;V2;V3;V4;V5

Graph Edges:
1. V1 --> V5
2. V2 o-> V1
3. V2 o-o V3
4. V3 o-> V4
5. V4 <-> V1


  H0 (legal PAG = G* + spurious, cold-reoriented):
Graph Nodes:
V1;V2;V3;V4;V5

Graph Edges:
1. V1 <-> V4
2. V2 o-> V1
3. V2 o-o V3
4. V2 o-o V5
5. V3 o-> V4
6. V3 o-o V5
7. V5 o-> V1
8. V5 o-> V4



==== NON-I-MAP H0 (cold reorient of G*+spurious is NOT an I-map of G*) ====
  Under the corrected sepset regime this population is expected EMPTY; an entry
  here is a defect. The witness CI below is the proof of the violation.
  model                 : PAG#5684
  extra (spurious) edges: [V2 o-o V4, V3 o-o V4, V4 o-o V5]  (k=3)
  WITNESS (holds in H0, fails in G*): V3 _||_ V5 | [V2, V4]   (m-separated in H0's MAG, m-connected in G*)
  true PAG G* (over observed):
Graph Nodes:
V1;V2;V3;V4;V5

Graph Edges:
1. V1 --> V4
2. V2 o-> V3
3. V2 o-o V5
4. V3 <-> V1
5. V5 o-> V1


  H0 (legal PAG = G* + spurious, cold-reoriented):
Graph Nodes:
V1;V2;V3;V4;V5

Graph Edges:
1. V2 o-> V3
2. V2 o-o V4
3. V2 o-o V5
4. V3 <-> V1
5. V4 o-> V1
6. V4 o-> V3
7. V4 o-o V5
8. V5 o-> V1



==== NON-I-MAP H0 (cold reorient of G*+spurious is NOT an I-map of G*) ====
  Under the corrected sepset regime this population is expected EMPTY; an entry
  here is a defect. The witness CI below is the proof of the violation.
  model                 : PAG#5743
  extra (spurious) edges: [V1 o-o V3, V4 o-o V5]  (k=2)
  WITNESS (holds in H0, fails in G*): V3 _||_ V5 | [V1, V4]   (m-separated in H0's MAG, m-connected in G*)
  true PAG G* (over observed):
Graph Nodes:
V1;V2;V3;V4;V5

Graph Edges:
1. V1 o-> V4
2. V1 o-> V5
3. V2 <-> V3
4. V2 --> V4
5. V4 <-> V3
6. V5 <-> V2


  H0 (legal PAG = G* + spurious, cold-reoriented):
Graph Nodes:
V1;V2;V3;V4;V5

Graph Edges:
1. V1 o-o V3
2. V1 o-> V4
3. V1 --> V5
4. V2 <-> V5
5. V3 o-> V2
6. V3 o-> V4
7. V4 <-> V2
8. V4 --> V5



==== NON-I-MAP H0 (cold reorient of G*+spurious is NOT an I-map of G*) ====
  Under the corrected sepset regime this population is expected EMPTY; an entry
  here is a defect. The witness CI below is the proof of the violation.
  model                 : PAG#5776
  extra (spurious) edges: [V2 o-o V3, V2 o-o V5]  (k=2)
  WITNESS (holds in H0, fails in G*): V3 _||_ V5 | [V2]   (m-separated in H0's MAG, m-connected in G*)
  true PAG G* (over observed):
Graph Nodes:
V1;V2;V3;V4;V5

Graph Edges:
1. V2 --> V1
2. V3 <-> V1
3. V3 <-> V4
4. V4 --> V2
5. V5 <-> V1
6. V5 <-> V4


  H0 (legal PAG = G* + spurious, cold-reoriented):
Graph Nodes:
V1;V2;V3;V4;V5

Graph Edges:
1. V2 o-> V1
2. V2 o-> V3
3. V2 o-> V4
4. V2 o-> V5
5. V3 <-> V1
6. V4 <-> V3
7. V4 <-> V5
8. V5 <-> V1



==== NON-I-MAP H0 (cold reorient of G*+spurious is NOT an I-map of G*) ====
  Under the corrected sepset regime this population is expected EMPTY; an entry
  here is a defect. The witness CI below is the proof of the violation.
  model                 : PAG#5802
  extra (spurious) edges: [V2 o-o V4, V3 o-o V5]  (k=2)
  WITNESS (holds in H0, fails in G*): V4 _||_ V5 | [V2, V3]   (m-separated in H0's MAG, m-connected in G*)
  true PAG G* (over observed):
Graph Nodes:
V1;V2;V3;V4;V5

Graph Edges:
1. V1 --> V2
2. V1 <-> V5
3. V2 <-> V5
4. V3 o-> V2
5. V3 o-> V4
6. V4 <-> V1


  H0 (legal PAG = G* + spurious, cold-reoriented):
Graph Nodes:
V1;V2;V3;V4;V5

Graph Edges:
1. V1 <-> V4
2. V2 <-> V1
3. V2 --> V4
4. V3 o-> V2
5. V3 --> V4
6. V3 o-o V5
7. V5 o-> V1
8. V5 o-> V2



==== NON-I-MAP H0 (cold reorient of G*+spurious is NOT an I-map of G*) ====
  Under the corrected sepset regime this population is expected EMPTY; an entry
  here is a defect. The witness CI below is the proof of the violation.
  model                 : PAG#5818
  extra (spurious) edges: [V1 o-o V4, V2 o-o V5]  (k=2)
  WITNESS (holds in H0, fails in G*): V1 _||_ V2 | [V4, V5]   (m-separated in H0's MAG, m-connected in G*)
  true PAG G* (over observed):
Graph Nodes:
V1;V2;V3;V4;V5

Graph Edges:
1. V1 o-> V3
2. V1 o-o V5
3. V3 <-> V2
4. V3 --> V4
5. V4 <-> V2
6. V5 --> V4


  H0 (legal PAG = G* + spurious, cold-reoriented):
Graph Nodes:
V1;V2;V3;V4;V5

Graph Edges:
1. V2 o-> V3
2. V2 o-> V4
3. V2 o-o V5
4. V3 <-> V1
5. V4 --> V1
6. V4 <-> V3
7. V5 --> V1
8. V5 o-> V4



==== NON-I-MAP H0 (cold reorient of G*+spurious is NOT an I-map of G*) ====
  Under the corrected sepset regime this population is expected EMPTY; an entry
  here is a defect. The witness CI below is the proof of the violation.
  model                 : PAG#5861
  extra (spurious) edges: [V3 o-o V4, V3 o-o V5]  (k=2)
  WITNESS (holds in H0, fails in G*): V2 _||_ V4 | [V3]   (m-separated in H0's MAG, m-connected in G*)
  true PAG G* (over observed):
Graph Nodes:
V1;V2;V3;V4;V5

Graph Edges:
1. V1 --> V3
2. V2 o-> V1
3. V2 --> V3
4. V4 <-> V1
5. V5 o-> V4


  H0 (legal PAG = G* + spurious, cold-reoriented):
Graph Nodes:
V1;V2;V3;V4;V5

Graph Edges:
1. V1 <-> V4
2. V2 o-> V1
3. V2 o-o V3
4. V3 o-> V1
5. V3 o-> V4
6. V3 o-o V5
7. V5 o-> V4



==== NON-I-MAP H0 (cold reorient of G*+spurious is NOT an I-map of G*) ====
  Under the corrected sepset regime this population is expected EMPTY; an entry
  here is a defect. The witness CI below is the proof of the violation.
  model                 : PAG#5862
  extra (spurious) edges: [V1 o-o V5, V3 o-o V5]  (k=2)
  WITNESS (holds in H0, fails in G*): V1 _||_ V4 | [V3, V5]   (m-separated in H0's MAG, m-connected in G*)
  true PAG G* (over observed):
Graph Nodes:
V1;V2;V3;V4;V5

Graph Edges:
1. V1 o-> V3
2. V2 <-> V4
3. V2 --> V5
4. V3 <-> V2
5. V5 <-> V4


  H0 (legal PAG = G* + spurious, cold-reoriented):
Graph Nodes:
V1;V2;V3;V4;V5

Graph Edges:
1. V1 o-> V3
2. V1 o-o V5
3. V3 <-> V2
4. V4 o-> V2
5. V5 o-> V2
6. V5 o-> V3
7. V5 o-o V4



==== NON-I-MAP H0 (cold reorient of G*+spurious is NOT an I-map of G*) ====
  Under the corrected sepset regime this population is expected EMPTY; an entry
  here is a defect. The witness CI below is the proof of the violation.
  model                 : PAG#5863
  extra (spurious) edges: [V2 o-o V4, V4 o-o V5]  (k=2)
  WITNESS (holds in H0, fails in G*): V2 _||_ V3 | [V4, V5]   (m-separated in H0's MAG, m-connected in G*)
  true PAG G* (over observed):
Graph Nodes:
V1;V2;V3;V4;V5

Graph Edges:
1. V1 --> V4
2. V2 <-> V1
3. V3 o-> V1
4. V3 --> V4
5. V3 o-o V5
6. V5 o-> V2


  H0 (legal PAG = G* + spurious, cold-reoriented):
Graph Nodes:
V1;V2;V3;V4;V5

Graph Edges:
1. V2 <-> V1
2. V3 o-> V1
3. V3 o-o V4
4. V3 o-o V5
5. V4 o-> V1
6. V4 o-> V2
7. V4 o-o V5
8. V5 o-> V2



==== NON-I-MAP H0 (cold reorient of G*+spurious is NOT an I-map of G*) ====
  Under the corrected sepset regime this population is expected EMPTY; an entry
  here is a defect. The witness CI below is the proof of the violation.
  model                 : PAG#5894
  extra (spurious) edges: [V1 o-o V5, V3 o-o V4]  (k=2)
  WITNESS (holds in H0, fails in G*): V1 _||_ V4 | [V3, V5]   (m-separated in H0's MAG, m-connected in G*)
  true PAG G* (over observed):
Graph Nodes:
V1;V2;V3;V4;V5

Graph Edges:
1. V2 <-> V1
2. V2 <-> V4
3. V2 --> V5
4. V3 o-> V1
5. V3 o-> V5
6. V5 <-> V4


  H0 (legal PAG = G* + spurious, cold-reoriented):
Graph Nodes:
V1;V2;V3;V4;V5

Graph Edges:
1. V1 <-> V2
2. V3 --> V1
3. V3 o-o V4
4. V3 o-> V5
5. V4 o-> V2
6. V4 o-> V5
7. V5 --> V1
8. V5 <-> V2



==== NON-I-MAP H0 (cold reorient of G*+spurious is NOT an I-map of G*) ====
  Under the corrected sepset regime this population is expected EMPTY; an entry
  here is a defect. The witness CI below is the proof of the violation.
  model                 : PAG#5899
  extra (spurious) edges: [V2 o-o V4, V2 o-o V5]  (k=2)
  WITNESS (holds in H0, fails in G*): V3 _||_ V4 | [V2, V5]   (m-separated in H0's MAG, m-connected in G*)
  true PAG G* (over observed):
Graph Nodes:
V1;V2;V3;V4;V5

Graph Edges:
1. V1 --> V2
2. V3 <-> V1
3. V3 <-> V2
4. V4 <-> V1
5. V5 o-> V3
6. V5 o-> V4


  H0 (legal PAG = G* + spurious, cold-reoriented):
Graph Nodes:
V1;V2;V3;V4;V5

Graph Edges:
1. V1 <-> V4
2. V2 o-> V1
3. V2 o-> V3
4. V2 o-> V4
5. V2 o-o V5
6. V3 <-> V1
7. V5 o-> V3
8. V5 o-> V4



==== NON-I-MAP H0 (cold reorient of G*+spurious is NOT an I-map of G*) ====
  Under the corrected sepset regime this population is expected EMPTY; an entry
  here is a defect. The witness CI below is the proof of the violation.
  model                 : PAG#5917
  extra (spurious) edges: [V1 o-o V4, V3 o-o V4, V4 o-o V5]  (k=3)
  WITNESS (holds in H0, fails in G*): V1 _||_ V3 | [V4, V5]   (m-separated in H0's MAG, m-connected in G*)
  true PAG G* (over observed):
Graph Nodes:
V1;V2;V3;V4;V5

Graph Edges:
1. V1 o-> V2
2. V2 <-> V3
3. V2 --> V4
4. V5 o-o V1
5. V5 o-> V3


  H0 (legal PAG = G* + spurious, cold-reoriented):
Graph Nodes:
V1;V2;V3;V4;V5

Graph Edges:
1. V1 o-> V2
2. V1 o-o V4
3. V3 <-> V2
4. V4 o-> V2
5. V4 o-> V3
6. V4 o-o V5
7. V5 o-o V1
8. V5 o-> V3



==== NON-I-MAP H0 (cold reorient of G*+spurious is NOT an I-map of G*) ====
  Under the corrected sepset regime this population is expected EMPTY; an entry
  here is a defect. The witness CI below is the proof of the violation.
  model                 : PAG#5950
  extra (spurious) edges: [V2 o-o V5, V3 o-o V5, V4 o-o V5]  (k=3)
  WITNESS (holds in H0, fails in G*): V2 _||_ V4 | [V3, V5]   (m-separated in H0's MAG, m-connected in G*)
  true PAG G* (over observed):
Graph Nodes:
V1;V2;V3;V4;V5

Graph Edges:
1. V1 --> V5
2. V2 o-> V3
3. V3 <-> V1
4. V4 o-> V1


  H0 (legal PAG = G* + spurious, cold-reoriented):
Graph Nodes:
V1;V2;V3;V4;V5

Graph Edges:
1. V2 o-> V3
2. V2 o-o V5
3. V3 <-> V1
4. V4 o-> V1
5. V4 o-o V5
6. V5 o-> V1
7. V5 o-> V3



==== NON-I-MAP H0 (cold reorient of G*+spurious is NOT an I-map of G*) ====
  Under the corrected sepset regime this population is expected EMPTY; an entry
  here is a defect. The witness CI below is the proof of the violation.
  model                 : PAG#6049
  extra (spurious) edges: [V1 o-o V2, V2 o-o V5]  (k=2)
  WITNESS (holds in H0, fails in G*): V1 _||_ V3 | [V2]   (m-separated in H0's MAG, m-connected in G*)
  true PAG G* (over observed):
Graph Nodes:
V1;V2;V3;V4;V5

Graph Edges:
1. V1 o-> V4
2. V3 o-> V2
3. V4 --> V2
4. V5 o-> V4


  H0 (legal PAG = G* + spurious, cold-reoriented):
Graph Nodes:
V1;V2;V3;V4;V5

Graph Edges:
1. V2 --> V1
2. V2 <-> V4
3. V2 --> V5
4. V3 o-> V2
5. V4 <-> V1
6. V4 <-> V5



==== NON-I-MAP H0 (cold reorient of G*+spurious is NOT an I-map of G*) ====
  Under the corrected sepset regime this population is expected EMPTY; an entry
  here is a defect. The witness CI below is the proof of the violation.
  model                 : PAG#6055
  extra (spurious) edges: [V1 o-o V3, V3 o-o V5]  (k=2)
  WITNESS (holds in H0, fails in G*): V1 _||_ V2 | [V3, V5]   (m-separated in H0's MAG, m-connected in G*)
  true PAG G* (over observed):
Graph Nodes:
V1;V2;V3;V4;V5

Graph Edges:
1. V1 o-> V5
2. V2 <-> V3
3. V4 <-> V2
4. V4 --> V3
5. V5 <-> V4


  H0 (legal PAG = G* + spurious, cold-reoriented):
Graph Nodes:
V1;V2;V3;V4;V5

Graph Edges:
1. V1 o-o V3
2. V1 o-> V5
3. V2 o-o V3
4. V2 o-> V4
5. V3 o-> V4
6. V3 o-> V5
7. V4 <-> V5



==== NON-I-MAP H0 (cold reorient of G*+spurious is NOT an I-map of G*) ====
  Under the corrected sepset regime this population is expected EMPTY; an entry
  here is a defect. The witness CI below is the proof of the violation.
  model                 : PAG#6075
  extra (spurious) edges: [V1 o-o V2, V2 o-o V4]  (k=2)
  WITNESS (holds in H0, fails in G*): V1 _||_ V3 | [V2, V4]   (m-separated in H0's MAG, m-connected in G*)
  true PAG G* (over observed):
Graph Nodes:
V1;V2;V3;V4;V5

Graph Edges:
1. V1 o-> V4
2. V3 <-> V2
3. V5 --> V2
4. V5 <-> V3
5. V5 <-> V4


  H0 (legal PAG = G* + spurious, cold-reoriented):
Graph Nodes:
V1;V2;V3;V4;V5

Graph Edges:
1. V1 o-o V2
2. V1 o-> V4
3. V2 o-> V4
4. V2 o-> V5
5. V3 o-o V2
6. V3 o-> V5
7. V5 <-> V4



==== NON-I-MAP H0 (cold reorient of G*+spurious is NOT an I-map of G*) ====
  Under the corrected sepset regime this population is expected EMPTY; an entry
  here is a defect. The witness CI below is the proof of the violation.
  model                 : PAG#6082
  extra (spurious) edges: [V1 o-o V3, V1 o-o V4]  (k=2)
  WITNESS (holds in H0, fails in G*): V2 _||_ V5 | []   (m-separated in H0's MAG, m-connected in G*)
  true PAG G* (over observed):
Graph Nodes:
V1;V2;V3;V4;V5

Graph Edges:
1. V2 <-> V1
2. V3 o-o V4
3. V3 o-> V5
4. V4 o-> V2
5. V5 <-> V1


  H0 (legal PAG = G* + spurious, cold-reoriented):
Graph Nodes:
V1;V2;V3;V4;V5

Graph Edges:
1. V1 <-> V2
2. V1 --> V3
3. V1 --> V4
4. V1 <-> V5
5. V2 <-> V4
6. V4 --> V3
7. V5 <-> V3



==== NON-I-MAP H0 (cold reorient of G*+spurious is NOT an I-map of G*) ====
  Under the corrected sepset regime this population is expected EMPTY; an entry
  here is a defect. The witness CI below is the proof of the violation.
  model                 : PAG#6083
  extra (spurious) edges: [V1 o-o V5, V2 o-o V5, V4 o-o V5]  (k=3)
  WITNESS (holds in H0, fails in G*): V1 _||_ V2 | [V5]   (m-separated in H0's MAG, m-connected in G*)
  true PAG G* (over observed):
Graph Nodes:
V1;V2;V3;V4;V5

Graph Edges:
1. V1 o-> V3
2. V3 <-> V2
3. V3 --> V5
4. V4 o-> V2


  H0 (legal PAG = G* + spurious, cold-reoriented):
Graph Nodes:
V1;V2;V3;V4;V5

Graph Edges:
1. V1 o-> V3
2. V1 o-o V5
3. V3 <-> V2
4. V4 o-> V2
5. V4 o-o V5
6. V5 o-> V2
7. V5 o-> V3



==== NON-I-MAP H0 (cold reorient of G*+spurious is NOT an I-map of G*) ====
  Under the corrected sepset regime this population is expected EMPTY; an entry
  here is a defect. The witness CI below is the proof of the violation.
  model                 : PAG#6093
  extra (spurious) edges: [V2 o-o V5, V3 o-o V4]  (k=2)
  WITNESS (holds in H0, fails in G*): V2 _||_ V4 | [V3, V5]   (m-separated in H0's MAG, m-connected in G*)
  true PAG G* (over observed):
Graph Nodes:
V1;V2;V3;V4;V5

Graph Edges:
1. V1 <-> V4
2. V1 --> V5
3. V2 <-> V1
4. V3 o-> V2
5. V3 o-> V5
6. V5 <-> V4


  H0 (legal PAG = G* + spurious, cold-reoriented):
Graph Nodes:
V1;V2;V3;V4;V5

Graph Edges:
1. V2 <-> V1
2. V3 --> V2
3. V3 o-o V4
4. V3 o-> V5
5. V4 o-> V1
6. V4 o-> V5
7. V5 <-> V1
8. V5 --> V2



==== NON-I-MAP H0 (cold reorient of G*+spurious is NOT an I-map of G*) ====
  Under the corrected sepset regime this population is expected EMPTY; an entry
  here is a defect. The witness CI below is the proof of the violation.
  model                 : PAG#6139
  extra (spurious) edges: [V2 o-o V4, V4 o-o V5]  (k=2)
  WITNESS (holds in H0, fails in G*): V1 _||_ V2 | [V4, V5]   (m-separated in H0's MAG, m-connected in G*)
  true PAG G* (over observed):
Graph Nodes:
V1;V2;V3;V4;V5

Graph Edges:
1. V1 <-> V4
2. V3 <-> V1
3. V3 <-> V2
4. V3 --> V4
5. V5 o-> V1
6. V5 o-> V2


  H0 (legal PAG = G* + spurious, cold-reoriented):
Graph Nodes:
V1;V2;V3;V4;V5

Graph Edges:
1. V2 <-> V3
2. V3 <-> V1
3. V4 o-> V1
4. V4 o-> V2
5. V4 o-> V3
6. V4 o-o V5
7. V5 o-> V1
8. V5 o-> V2



==== NON-I-MAP H0 (cold reorient of G*+spurious is NOT an I-map of G*) ====
  Under the corrected sepset regime this population is expected EMPTY; an entry
  here is a defect. The witness CI below is the proof of the violation.
  model                 : PAG#6142
  extra (spurious) edges: [V1 o-o V3, V2 o-o V3]  (k=2)
  WITNESS (holds in H0, fails in G*): V1 _||_ V4 | [V2, V3]   (m-separated in H0's MAG, m-connected in G*)
  true PAG G* (over observed):
Graph Nodes:
V1;V2;V3;V4;V5

Graph Edges:
1. V1 o-o V2
2. V1 --> V5
3. V2 o-o V4
4. V4 --> V3
5. V4 --> V5
6. V5 --> V3


  H0 (legal PAG = G* + spurious, cold-reoriented):
Graph Nodes:
V1;V2;V3;V4;V5

Graph Edges:
1. V1 o-o V2
2. V1 o-o V3
3. V1 --> V5
4. V2 o-o V3
5. V2 o-o V4
6. V3 --> V5
7. V4 o-o V3
8. V4 --> V5



==== NON-I-MAP H0 (cold reorient of G*+spurious is NOT an I-map of G*) ====
  Under the corrected sepset regime this population is expected EMPTY; an entry
  here is a defect. The witness CI below is the proof of the violation.
  model                 : PAG#6185
  extra (spurious) edges: [V1 o-o V5, V4 o-o V5]  (k=2)
  WITNESS (holds in H0, fails in G*): V1 _||_ V2 | [V4, V5]   (m-separated in H0's MAG, m-connected in G*)
  true PAG G* (over observed):
Graph Nodes:
V1;V2;V3;V4;V5

Graph Edges:
1. V1 o-> V4
2. V2 <-> V5
3. V3 <-> V2
4. V3 --> V5
5. V4 <-> V3


  H0 (legal PAG = G* + spurious, cold-reoriented):
Graph Nodes:
V1;V2;V3;V4;V5

Graph Edges:
1. V1 o-> V4
2. V1 o-o V5
3. V2 o-> V3
4. V2 o-o V5
5. V3 <-> V4
6. V5 o-> V3
7. V5 o-> V4



==== NON-I-MAP H0 (cold reorient of G*+spurious is NOT an I-map of G*) ====
  Under the corrected sepset regime this population is expected EMPTY; an entry
  here is a defect. The witness CI below is the proof of the violation.
  model                 : PAG#6225
  extra (spurious) edges: [V2 o-o V5, V3 o-o V5]  (k=2)
  WITNESS (holds in H0, fails in G*): V1 _||_ V2 | [V3, V5]   (m-separated in H0's MAG, m-connected in G*)
  true PAG G* (over observed):
Graph Nodes:
V1;V2;V3;V4;V5

Graph Edges:
1. V1 <-> V5
2. V3 o-> V1
3. V3 o-> V2
4. V4 <-> V1
5. V4 <-> V2
6. V4 --> V5


  H0 (legal PAG = G* + spurious, cold-reoriented):
Graph Nodes:
V1;V2;V3;V4;V5

Graph Edges:
1. V3 o-> V1
2. V3 o-> V2
3. V3 o-o V5
4. V4 <-> V1
5. V4 <-> V2
6. V5 o-> V1
7. V5 o-> V2
8. V5 o-> V4



==== NON-I-MAP H0 (cold reorient of G*+spurious is NOT an I-map of G*) ====
  Under the corrected sepset regime this population is expected EMPTY; an entry
  here is a defect. The witness CI below is the proof of the violation.
  model                 : PAG#6247
  extra (spurious) edges: [V1 o-o V5, V2 o-o V5]  (k=2)
  WITNESS (holds in H0, fails in G*): V1 _||_ V3 | [V5]   (m-separated in H0's MAG, m-connected in G*)
  true PAG G* (over observed):
Graph Nodes:
V1;V2;V3;V4;V5

Graph Edges:
1. V2 o-> V1
2. V3 <-> V5
3. V4 <-> V1
4. V4 <-> V3
5. V4 --> V5


  H0 (legal PAG = G* + spurious, cold-reoriented):
Graph Nodes:
V1;V2;V3;V4;V5

Graph Edges:
1. V1 <-> V4
2. V2 o-> V1
3. V2 o-o V5
4. V3 o-> V4
5. V3 o-o V5
6. V5 o-> V1
7. V5 o-> V4



==== NON-I-MAP H0 (cold reorient of G*+spurious is NOT an I-map of G*) ====
  Under the corrected sepset regime this population is expected EMPTY; an entry
  here is a defect. The witness CI below is the proof of the violation.
  model                 : PAG#6258
  extra (spurious) edges: [V2 o-o V3, V3 o-o V4, V3 o-o V5]  (k=3)
  WITNESS (holds in H0, fails in G*): V2 _||_ V4 | [V3, V5]   (m-separated in H0's MAG, m-connected in G*)
  true PAG G* (over observed):
Graph Nodes:
V1;V2;V3;V4;V5

Graph Edges:
1. V1 --> V3
2. V2 --> V1
3. V2 o-o V5
4. V4 --> V1
5. V5 o-o V4


  H0 (legal PAG = G* + spurious, cold-reoriented):
Graph Nodes:
V1;V2;V3;V4;V5

Graph Edges:
1. V2 --> V1
2. V2 o-o V3
3. V2 o-o V5
4. V3 --> V1
5. V3 o-o V4
6. V3 o-o V5
7. V4 --> V1
8. V5 o-o V4



==== NON-I-MAP H0 (cold reorient of G*+spurious is NOT an I-map of G*) ====
  Under the corrected sepset regime this population is expected EMPTY; an entry
  here is a defect. The witness CI below is the proof of the violation.
  model                 : PAG#6264
  extra (spurious) edges: [V1 o-o V5, V4 o-o V5]  (k=2)
  WITNESS (holds in H0, fails in G*): V1 _||_ V2 | [V5]   (m-separated in H0's MAG, m-connected in G*)
  true PAG G* (over observed):
Graph Nodes:
V1;V2;V3;V4;V5

Graph Edges:
1. V2 o-> V3
2. V2 --> V5
3. V3 <-> V1
4. V3 --> V5
5. V4 o-> V1


  H0 (legal PAG = G* + spurious, cold-reoriented):
Graph Nodes:
V1;V2;V3;V4;V5

Graph Edges:
1. V2 o-> V3
2. V2 o-o V5
3. V3 <-> V1
4. V4 o-> V1
5. V4 o-o V5
6. V5 o-> V1
7. V5 o-> V3



==== NON-I-MAP H0 (cold reorient of G*+spurious is NOT an I-map of G*) ====
  Under the corrected sepset regime this population is expected EMPTY; an entry
  here is a defect. The witness CI below is the proof of the violation.
  model                 : PAG#6278
  extra (spurious) edges: [V1 o-o V5, V4 o-o V5]  (k=2)
  WITNESS (holds in H0, fails in G*): V1 _||_ V3 | [V5]   (m-separated in H0's MAG, m-connected in G*)
  true PAG G* (over observed):
Graph Nodes:
V1;V2;V3;V4;V5

Graph Edges:
1. V2 <-> V1
2. V2 <-> V3
3. V2 --> V5
4. V3 <-> V5
5. V4 o-> V1


  H0 (legal PAG = G* + spurious, cold-reoriented):
Graph Nodes:
V1;V2;V3;V4;V5

Graph Edges:
1. V2 <-> V1
2. V3 o-> V2
3. V3 o-o V5
4. V4 o-> V1
5. V4 o-o V5
6. V5 o-> V1
7. V5 o-> V2



==== NON-I-MAP H0 (cold reorient of G*+spurious is NOT an I-map of G*) ====
  Under the corrected sepset regime this population is expected EMPTY; an entry
  here is a defect. The witness CI below is the proof of the violation.
  model                 : PAG#6314
  extra (spurious) edges: [V1 o-o V3, V3 o-o V5]  (k=2)
  WITNESS (holds in H0, fails in G*): V1 _||_ V4 | [V3]   (m-separated in H0's MAG, m-connected in G*)
  true PAG G* (over observed):
Graph Nodes:
V1;V2;V3;V4;V5

Graph Edges:
1. V1 <-> V5
2. V2 <-> V1
3. V2 --> V3
4. V2 <-> V4
5. V2 --> V5
6. V3 <-> V4


  H0 (legal PAG = G* + spurious, cold-reoriented):
Graph Nodes:
V1;V2;V3;V4;V5

Graph Edges:
1. V1 <-> V5
2. V2 <-> V1
3. V2 --> V5
4. V3 o-> V1
5. V3 o-> V2
6. V3 o-o V4
7. V3 --> V5
8. V4 o-> V2



==== NON-I-MAP H0 (cold reorient of G*+spurious is NOT an I-map of G*) ====
  Under the corrected sepset regime this population is expected EMPTY; an entry
  here is a defect. The witness CI below is the proof of the violation.
  model                 : PAG#6314
  extra (spurious) edges: [V3 o-o V5, V4 o-o V5]  (k=2)
  WITNESS (holds in H0, fails in G*): V1 _||_ V4 | [V5]   (m-separated in H0's MAG, m-connected in G*)
  true PAG G* (over observed):
Graph Nodes:
V1;V2;V3;V4;V5

Graph Edges:
1. V1 <-> V5
2. V2 <-> V1
3. V2 --> V3
4. V2 <-> V4
5. V2 --> V5
6. V3 <-> V4


  H0 (legal PAG = G* + spurious, cold-reoriented):
Graph Nodes:
V1;V2;V3;V4;V5

Graph Edges:
1. V1 o-> V2
2. V1 o-o V5
3. V2 --> V3
4. V2 <-> V4
5. V3 <-> V4
6. V5 o-> V2
7. V5 --> V3
8. V5 o-> V4



==== NON-I-MAP H0 (cold reorient of G*+spurious is NOT an I-map of G*) ====
  Under the corrected sepset regime this population is expected EMPTY; an entry
  here is a defect. The witness CI below is the proof of the violation.
  model                 : PAG#6315
  extra (spurious) edges: [V3 o-o V4, V3 o-o V5]  (k=2)
  WITNESS (holds in H0, fails in G*): V2 _||_ V5 | [V3]   (m-separated in H0's MAG, m-connected in G*)
  true PAG G* (over observed):
Graph Nodes:
V1;V2;V3;V4;V5

Graph Edges:
1. V1 --> V3
2. V1 --> V4
3. V1 <-> V5
4. V2 o-> V1
5. V2 --> V3
6. V4 <-> V5


  H0 (legal PAG = G* + spurious, cold-reoriented):
Graph Nodes:
V1;V2;V3;V4;V5

Graph Edges:
1. V1 --> V4
2. V1 <-> V5
3. V2 o-> V1
4. V2 o-o V3
5. V3 o-> V1
6. V3 --> V4
7. V3 o-> V5
8. V5 <-> V4



==== NON-I-MAP H0 (cold reorient of G*+spurious is NOT an I-map of G*) ====
  Under the corrected sepset regime this population is expected EMPTY; an entry
  here is a defect. The witness CI below is the proof of the violation.
  model                 : PAG#6342
  extra (spurious) edges: [V1 o-o V5, V2 o-o V3]  (k=2)
  WITNESS (holds in H0, fails in G*): V1 _||_ V2 | [V3, V5]   (m-separated in H0's MAG, m-connected in G*)
  true PAG G* (over observed):
Graph Nodes:
V1;V2;V3;V4;V5

Graph Edges:
1. V3 <-> V1
2. V4 <-> V1
3. V4 <-> V2
4. V4 --> V3
5. V5 o-> V2
6. V5 o-> V3


  H0 (legal PAG = G* + spurious, cold-reoriented):
Graph Nodes:
V1;V2;V3;V4;V5

Graph Edges:
1. V1 o-> V3
2. V1 o-> V4
3. V1 o-o V5
4. V2 <-> V4
5. V3 --> V2
6. V3 <-> V4
7. V5 --> V2
8. V5 o-> V3



==== NON-I-MAP H0 (cold reorient of G*+spurious is NOT an I-map of G*) ====
  Under the corrected sepset regime this population is expected EMPTY; an entry
  here is a defect. The witness CI below is the proof of the violation.
  model                 : PAG#6355
  extra (spurious) edges: [V3 o-o V5, V4 o-o V5]  (k=2)
  WITNESS (holds in H0, fails in G*): V2 _||_ V4 | [V3, V5]   (m-separated in H0's MAG, m-connected in G*)
  true PAG G* (over observed):
Graph Nodes:
V1;V2;V3;V4;V5

Graph Edges:
1. V1 --> V5
2. V2 o-> V1
3. V2 o-o V3
4. V2 --> V5
5. V3 o-> V4
6. V4 <-> V1


  H0 (legal PAG = G* + spurious, cold-reoriented):
Graph Nodes:
V1;V2;V3;V4;V5

Graph Edges:
1. V1 <-> V4
2. V2 o-> V1
3. V2 o-o V3
4. V2 o-o V5
5. V3 o-> V4
6. V3 o-o V5
7. V5 o-> V1
8. V5 o-> V4



==== NON-I-MAP H0 (cold reorient of G*+spurious is NOT an I-map of G*) ====
  Under the corrected sepset regime this population is expected EMPTY; an entry
  here is a defect. The witness CI below is the proof of the violation.
  model                 : PAG#6381
  extra (spurious) edges: [V2 o-o V3, V3 o-o V5]  (k=2)
  WITNESS (holds in H0, fails in G*): V1 _||_ V2 | [V3]   (m-separated in H0's MAG, m-connected in G*)
  true PAG G* (over observed):
Graph Nodes:
V1;V2;V3;V4;V5

Graph Edges:
1. V2 o-> V4
2. V2 o-o V5
3. V3 <-> V1
4. V4 <-> V3
5. V5 o-> V1


  H0 (legal PAG = G* + spurious, cold-reoriented):
Graph Nodes:
V1;V2;V3;V4;V5

Graph Edges:
1. V1 <-> V5
2. V2 --> V5
3. V3 <-> V1
4. V3 --> V2
5. V3 <-> V4
6. V3 --> V5
7. V4 <-> V2



==== NON-I-MAP H0 (cold reorient of G*+spurious is NOT an I-map of G*) ====
  Under the corrected sepset regime this population is expected EMPTY; an entry
  here is a defect. The witness CI below is the proof of the violation.
  model                 : PAG#6393
  extra (spurious) edges: [V1 o-o V2, V2 o-o V4]  (k=2)
  WITNESS (holds in H0, fails in G*): V1 _||_ V3 | [V2, V4]   (m-separated in H0's MAG, m-connected in G*)
  true PAG G* (over observed):
Graph Nodes:
V1;V2;V3;V4;V5

Graph Edges:
1. V1 --> V5
2. V3 --> V2
3. V3 o-o V4
4. V3 --> V5
5. V4 o-o V1
6. V5 --> V2


  H0 (legal PAG = G* + spurious, cold-reoriented):
Graph Nodes:
V1;V2;V3;V4;V5

Graph Edges:
1. V1 o-o V2
2. V1 --> V5
3. V2 o-o V4
4. V2 --> V5
5. V3 o-o V2
6. V3 o-o V4
7. V3 --> V5
8. V4 o-o V1



==== NON-I-MAP H0 (cold reorient of G*+spurious is NOT an I-map of G*) ====
  Under the corrected sepset regime this population is expected EMPTY; an entry
  here is a defect. The witness CI below is the proof of the violation.
  model                 : PAG#6424
  extra (spurious) edges: [V1 o-o V5, V3 o-o V4]  (k=2)
  WITNESS (holds in H0, fails in G*): V1 _||_ V4 | [V3, V5]   (m-separated in H0's MAG, m-connected in G*)
  true PAG G* (over observed):
Graph Nodes:
V1;V2;V3;V4;V5

Graph Edges:
1. V2 <-> V1
2. V2 --> V3
3. V3 <-> V1
4. V4 o-> V2
5. V4 o-o V5
6. V5 --> V3


  H0 (legal PAG = G* + spurious, cold-reoriented):
Graph Nodes:
V1;V2;V3;V4;V5

Graph Edges:
1. V1 o-> V2
2. V1 o-> V3
3. V1 o-o V5
4. V2 <-> V4
5. V3 <-> V2
6. V3 --> V4
7. V5 o-> V3
8. V5 --> V4



==== NON-I-MAP H0 (cold reorient of G*+spurious is NOT an I-map of G*) ====
  Under the corrected sepset regime this population is expected EMPTY; an entry
  here is a defect. The witness CI below is the proof of the violation.
  model                 : PAG#6474
  extra (spurious) edges: [V1 o-o V5, V2 o-o V4]  (k=2)
  WITNESS (holds in H0, fails in G*): V2 _||_ V5 | [V1, V4]   (m-separated in H0's MAG, m-connected in G*)
  true PAG G* (over observed):
Graph Nodes:
V1;V2;V3;V4;V5

Graph Edges:
1. V1 o-> V2
2. V1 o-> V4
3. V2 <-> V3
4. V3 --> V4
5. V3 <-> V5
6. V4 <-> V5


  H0 (legal PAG = G* + spurious, cold-reoriented):
Graph Nodes:
V1;V2;V3;V4;V5

Graph Edges:
1. V1 --> V2
2. V1 o-> V4
3. V1 o-o V5
4. V3 <-> V2
5. V4 --> V2
6. V4 <-> V3
7. V5 o-> V3
8. V5 o-> V4



==== NON-I-MAP H0 (cold reorient of G*+spurious is NOT an I-map of G*) ====
  Under the corrected sepset regime this population is expected EMPTY; an entry
  here is a defect. The witness CI below is the proof of the violation.
  model                 : PAG#6487
  extra (spurious) edges: [V1 o-o V3, V4 o-o V5]  (k=2)
  WITNESS (holds in H0, fails in G*): V1 _||_ V4 | [V3, V5]   (m-separated in H0's MAG, m-connected in G*)
  true PAG G* (over observed):
Graph Nodes:
V1;V2;V3;V4;V5

Graph Edges:
1. V2 <-> V1
2. V2 --> V3
3. V2 <-> V4
4. V3 <-> V4
5. V5 o-> V1
6. V5 o-> V3


  H0 (legal PAG = G* + spurious, cold-reoriented):
Graph Nodes:
V1;V2;V3;V4;V5

Graph Edges:
1. V1 <-> V2
2. V3 --> V1
3. V3 <-> V2
4. V4 o-> V2
5. V4 o-> V3
6. V4 o-o V5
7. V5 --> V1
8. V5 o-> V3



==== NON-I-MAP H0 (cold reorient of G*+spurious is NOT an I-map of G*) ====
  Under the corrected sepset regime this population is expected EMPTY; an entry
  here is a defect. The witness CI below is the proof of the violation.
  model                 : PAG#6523
  extra (spurious) edges: [V1 o-o V5, V4 o-o V5]  (k=2)
  WITNESS (holds in H0, fails in G*): V1 _||_ V3 | [V4, V5]   (m-separated in H0's MAG, m-connected in G*)
  true PAG G* (over observed):
Graph Nodes:
V1;V2;V3;V4;V5

Graph Edges:
1. V2 <-> V1
2. V2 --> V5
3. V3 <-> V2
4. V3 <-> V5
5. V4 o-> V1
6. V4 o-> V3


  H0 (legal PAG = G* + spurious, cold-reoriented):
Graph Nodes:
V1;V2;V3;V4;V5

Graph Edges:
1. V2 <-> V1
2. V2 <-> V3
3. V4 o-> V1
4. V4 o-> V3
5. V4 o-o V5
6. V5 o-> V1
7. V5 o-> V2
8. V5 o-> V3



==== NON-I-MAP H0 (cold reorient of G*+spurious is NOT an I-map of G*) ====
  Under the corrected sepset regime this population is expected EMPTY; an entry
  here is a defect. The witness CI below is the proof of the violation.
  model                 : PAG#6536
  extra (spurious) edges: [V1 o-o V4, V4 o-o V5]  (k=2)
  WITNESS (holds in H0, fails in G*): V1 _||_ V2 | [V4, V5]   (m-separated in H0's MAG, m-connected in G*)
  true PAG G* (over observed):
Graph Nodes:
V1;V2;V3;V4;V5

Graph Edges:
1. V1 --> V3
2. V2 --> V3
3. V2 --> V4
4. V2 o-o V5
5. V3 --> V4
6. V5 o-o V1


  H0 (legal PAG = G* + spurious, cold-reoriented):
Graph Nodes:
V1;V2;V3;V4;V5

Graph Edges:
1. V1 --> V3
2. V1 o-o V4
3. V2 --> V3
4. V2 o-o V4
5. V2 o-o V5
6. V4 --> V3
7. V4 o-o V5
8. V5 o-o V1



==== NON-I-MAP H0 (cold reorient of G*+spurious is NOT an I-map of G*) ====
  Under the corrected sepset regime this population is expected EMPTY; an entry
  here is a defect. The witness CI below is the proof of the violation.
  model                 : PAG#6552
  extra (spurious) edges: [V2 o-o V5, V3 o-o V5, V4 o-o V5]  (k=3)
  WITNESS (holds in H0, fails in G*): V2 _||_ V3 | [V5]   (m-separated in H0's MAG, m-connected in G*)
  true PAG G* (over observed):
Graph Nodes:
V1;V2;V3;V4;V5

Graph Edges:
1. V1 --> V5
2. V2 <-> V1
3. V3 o-> V1
4. V4 o-> V2


  H0 (legal PAG = G* + spurious, cold-reoriented):
Graph Nodes:
V1;V2;V3;V4;V5

Graph Edges:
1. V1 <-> V2
2. V3 o-> V1
3. V3 o-o V5
4. V4 o-> V2
5. V4 o-o V5
6. V5 o-> V1
7. V5 o-> V2



==== NON-I-MAP H0 (cold reorient of G*+spurious is NOT an I-map of G*) ====
  Under the corrected sepset regime this population is expected EMPTY; an entry
  here is a defect. The witness CI below is the proof of the violation.
  model                 : PAG#6577
  extra (spurious) edges: [V1 o-o V2, V1 o-o V4]  (k=2)
  WITNESS (holds in H0, fails in G*): V2 _||_ V3 | [V1, V4]   (m-separated in H0's MAG, m-connected in G*)
  true PAG G* (over observed):
Graph Nodes:
V1;V2;V3;V4;V5

Graph Edges:
1. V3 <-> V1
2. V4 o-> V2
3. V4 o-> V3
4. V5 --> V1
5. V5 <-> V2
6. V5 <-> V3


  H0 (legal PAG = G* + spurious, cold-reoriented):
Graph Nodes:
V1;V2;V3;V4;V5

Graph Edges:
1. V1 o-> V2
2. V1 o-> V3
3. V1 o-o V4
4. V1 o-> V5
5. V4 o-> V2
6. V4 o-> V3
7. V5 <-> V2
8. V5 <-> V3



==== NON-I-MAP H0 (cold reorient of G*+spurious is NOT an I-map of G*) ====
  Under the corrected sepset regime this population is expected EMPTY; an entry
  here is a defect. The witness CI below is the proof of the violation.
  model                 : PAG#6592
  extra (spurious) edges: [V1 o-o V2, V4 o-o V5]  (k=2)
  WITNESS (holds in H0, fails in G*): V1 _||_ V4 | [V2, V5]   (m-separated in H0's MAG, m-connected in G*)
  true PAG G* (over observed):
Graph Nodes:
V1;V2;V3;V4;V5

Graph Edges:
1. V2 --> V5
2. V3 <-> V1
3. V3 --> V5
4. V4 o-o V2
5. V4 o-> V3
6. V5 <-> V1


  H0 (legal PAG = G* + spurious, cold-reoriented):
Graph Nodes:
V1;V2;V3;V4;V5

Graph Edges:
1. V1 o-o V2
2. V1 o-> V3
3. V1 o-> V5
4. V2 --> V4
5. V2 o-> V5
6. V3 <-> V4
7. V5 <-> V3
8. V5 --> V4



==== NON-I-MAP H0 (cold reorient of G*+spurious is NOT an I-map of G*) ====
  Under the corrected sepset regime this population is expected EMPTY; an entry
  here is a defect. The witness CI below is the proof of the violation.
  model                 : PAG#6606
  extra (spurious) edges: [V1 o-o V3, V1 o-o V5]  (k=2)
  WITNESS (holds in H0, fails in G*): V2 _||_ V4 | []   (m-separated in H0's MAG, m-connected in G*)
  true PAG G* (over observed):
Graph Nodes:
V1;V2;V3;V4;V5

Graph Edges:
1. V2 <-> V1
2. V3 o-> V2
3. V3 o-o V5
4. V4 <-> V1
5. V5 o-> V4


  H0 (legal PAG = G* + spurious, cold-reoriented):
Graph Nodes:
V1;V2;V3;V4;V5

Graph Edges:
1. V1 --> V3
2. V1 <-> V4
3. V1 --> V5
4. V2 <-> V1
5. V2 <-> V3
6. V4 <-> V5
7. V5 --> V3



==== NON-I-MAP H0 (cold reorient of G*+spurious is NOT an I-map of G*) ====
  Under the corrected sepset regime this population is expected EMPTY; an entry
  here is a defect. The witness CI below is the proof of the violation.
  model                 : PAG#6617
  extra (spurious) edges: [V2 o-o V3, V3 o-o V4]  (k=2)
  WITNESS (holds in H0, fails in G*): V1 _||_ V2 | [V3, V4]   (m-separated in H0's MAG, m-connected in G*)
  true PAG G* (over observed):
Graph Nodes:
V1;V2;V3;V4;V5

Graph Edges:
1. V1 <-> V3
2. V2 o-> V4
3. V5 <-> V1
4. V5 --> V3
5. V5 <-> V4


  H0 (legal PAG = G* + spurious, cold-reoriented):
Graph Nodes:
V1;V2;V3;V4;V5

Graph Edges:
1. V1 o-o V3
2. V1 o-> V5
3. V2 o-o V3
4. V2 o-> V4
5. V3 o-> V4
6. V3 o-> V5
7. V4 <-> V5



==== NON-I-MAP H0 (cold reorient of G*+spurious is NOT an I-map of G*) ====
  Under the corrected sepset regime this population is expected EMPTY; an entry
  here is a defect. The witness CI below is the proof of the violation.
  model                 : PAG#6622
  extra (spurious) edges: [V2 o-o V5, V3 o-o V5, V4 o-o V5]  (k=3)
  WITNESS (holds in H0, fails in G*): V2 _||_ V3 | [V5]   (m-separated in H0's MAG, m-connected in G*)
  true PAG G* (over observed):
Graph Nodes:
V1;V2;V3;V4;V5

Graph Edges:
1. V1 --> V5
2. V2 o-> V1
3. V3 <-> V1
4. V4 o-> V3


  H0 (legal PAG = G* + spurious, cold-reoriented):
Graph Nodes:
V1;V2;V3;V4;V5

Graph Edges:
1. V2 o-> V1
2. V2 o-o V5
3. V3 <-> V1
4. V4 o-> V3
5. V4 o-o V5
6. V5 o-> V1
7. V5 o-> V3



==== NON-I-MAP H0 (cold reorient of G*+spurious is NOT an I-map of G*) ====
  Under the corrected sepset regime this population is expected EMPTY; an entry
  here is a defect. The witness CI below is the proof of the violation.
  model                 : PAG#6743
  extra (spurious) edges: [V1 o-o V3, V1 o-o V4]  (k=2)
  WITNESS (holds in H0, fails in G*): V3 _||_ V4 | [V1]   (m-separated in H0's MAG, m-connected in G*)
  true PAG G* (over observed):
Graph Nodes:
V1;V2;V3;V4;V5

Graph Edges:
1. V1 --> V5
2. V2 --> V1
3. V2 <-> V3
4. V4 <-> V2
5. V4 <-> V5
6. V5 <-> V3


  H0 (legal PAG = G* + spurious, cold-reoriented):
Graph Nodes:
V1;V2;V3;V4;V5

Graph Edges:
1. V1 o-> V2
2. V1 o-> V3
3. V1 o-> V4
4. V1 o-> V5
5. V3 <-> V2
6. V3 <-> V5
7. V4 <-> V2
8. V4 <-> V5



==== NON-I-MAP H0 (cold reorient of G*+spurious is NOT an I-map of G*) ====
  Under the corrected sepset regime this population is expected EMPTY; an entry
  here is a defect. The witness CI below is the proof of the violation.
  model                 : PAG#6747
  extra (spurious) edges: [V1 o-o V4, V3 o-o V5]  (k=2)
  WITNESS (holds in H0, fails in G*): V1 _||_ V5 | [V3, V4]   (m-separated in H0's MAG, m-connected in G*)
  true PAG G* (over observed):
Graph Nodes:
V1;V2;V3;V4;V5

Graph Edges:
1. V2 <-> V1
2. V2 --> V3
3. V3 <-> V1
4. V4 --> V3
5. V5 o-> V2
6. V5 o-o V4


  H0 (legal PAG = G* + spurious, cold-reoriented):
Graph Nodes:
V1;V2;V3;V4;V5

Graph Edges:
1. V1 o-> V2
2. V1 o-> V3
3. V1 o-o V4
4. V2 <-> V5
5. V3 <-> V2
6. V3 --> V5
7. V4 o-> V3
8. V4 --> V5



==== NON-I-MAP H0 (cold reorient of G*+spurious is NOT an I-map of G*) ====
  Under the corrected sepset regime this population is expected EMPTY; an entry
  here is a defect. The witness CI below is the proof of the violation.
  model                 : PAG#6770
  extra (spurious) edges: [V1 o-o V2, V2 o-o V4]  (k=2)
  WITNESS (holds in H0, fails in G*): V1 _||_ V3 | [V2]   (m-separated in H0's MAG, m-connected in G*)
  true PAG G* (over observed):
Graph Nodes:
V1;V2;V3;V4;V5

Graph Edges:
1. V1 <-> V4
2. V2 <-> V3
3. V5 <-> V1
4. V5 --> V2
5. V5 <-> V3
6. V5 --> V4


  H0 (legal PAG = G* + spurious, cold-reoriented):
Graph Nodes:
V1;V2;V3;V4;V5

Graph Edges:
1. V1 <-> V4
2. V2 o-> V1
3. V2 o-o V3
4. V2 --> V4
5. V2 o-> V5
6. V3 o-> V5
7. V5 <-> V1
8. V5 --> V4



==== NON-I-MAP H0 (cold reorient of G*+spurious is NOT an I-map of G*) ====
  Under the corrected sepset regime this population is expected EMPTY; an entry
  here is a defect. The witness CI below is the proof of the violation.
  model                 : PAG#6770
  extra (spurious) edges: [V2 o-o V4, V3 o-o V4]  (k=2)
  WITNESS (holds in H0, fails in G*): V1 _||_ V3 | [V4]   (m-separated in H0's MAG, m-connected in G*)
  true PAG G* (over observed):
Graph Nodes:
V1;V2;V3;V4;V5

Graph Edges:
1. V1 <-> V4
2. V2 <-> V3
3. V5 <-> V1
4. V5 --> V2
5. V5 <-> V3
6. V5 --> V4


  H0 (legal PAG = G* + spurious, cold-reoriented):
Graph Nodes:
V1;V2;V3;V4;V5

Graph Edges:
1. V1 o-o V4
2. V1 o-> V5
3. V2 <-> V3
4. V4 --> V2
5. V4 o-> V3
6. V4 o-> V5
7. V5 --> V2
8. V5 <-> V3



==== NON-I-MAP H0 (cold reorient of G*+spurious is NOT an I-map of G*) ====
  Under the corrected sepset regime this population is expected EMPTY; an entry
  here is a defect. The witness CI below is the proof of the violation.
  model                 : PAG#6827
  extra (spurious) edges: [V2 o-o V3, V2 o-o V5]  (k=2)
  WITNESS (holds in H0, fails in G*): V4 _||_ V5 | [V2, V3]   (m-separated in H0's MAG, m-connected in G*)
  true PAG G* (over observed):
Graph Nodes:
V1;V2;V3;V4;V5

Graph Edges:
1. V1 --> V2
2. V3 o-o V4
3. V3 o-o V5
4. V4 --> V1
5. V4 --> V2
6. V5 --> V1


  H0 (legal PAG = G* + spurious, cold-reoriented):
Graph Nodes:
V1;V2;V3;V4;V5

Graph Edges:
1. V2 --> V1
2. V2 o-o V3
3. V2 o-o V5
4. V3 o-o V4
5. V3 o-o V5
6. V4 --> V1
7. V4 o-o V2
8. V5 --> V1



==== NON-I-MAP H0 (cold reorient of G*+spurious is NOT an I-map of G*) ====
  Under the corrected sepset regime this population is expected EMPTY; an entry
  here is a defect. The witness CI below is the proof of the violation.
  model                 : PAG#6848
  extra (spurious) edges: [V1 o-o V4, V2 o-o V4]  (k=2)
  WITNESS (holds in H0, fails in G*): V2 _||_ V3 | [V1, V4]   (m-separated in H0's MAG, m-connected in G*)
  true PAG G* (over observed):
Graph Nodes:
V1;V2;V3;V4;V5

Graph Edges:
1. V1 o-> V2
2. V1 o-> V3
3. V3 <-> V4
4. V5 <-> V2
5. V5 <-> V3
6. V5 --> V4


  H0 (legal PAG = G* + spurious, cold-reoriented):
Graph Nodes:
V1;V2;V3;V4;V5

Graph Edges:
1. V1 o-> V2
2. V1 o-> V3
3. V1 o-o V4
4. V4 o-> V2
5. V4 o-> V3
6. V4 o-> V5
7. V5 <-> V2
8. V5 <-> V3



==== NON-I-MAP H0 (cold reorient of G*+spurious is NOT an I-map of G*) ====
  Under the corrected sepset regime this population is expected EMPTY; an entry
  here is a defect. The witness CI below is the proof of the violation.
  model                 : PAG#6885
  extra (spurious) edges: [V2 o-o V5, V3 o-o V5]  (k=2)
  WITNESS (holds in H0, fails in G*): V1 _||_ V3 | [V2, V5]   (m-separated in H0's MAG, m-connected in G*)
  true PAG G* (over observed):
Graph Nodes:
V1;V2;V3;V4;V5

Graph Edges:
1. V1 o-o V2
2. V1 o-> V4
3. V1 --> V5
4. V2 o-> V3
5. V4 <-> V3
6. V4 --> V5


  H0 (legal PAG = G* + spurious, cold-reoriented):
Graph Nodes:
V1;V2;V3;V4;V5

Graph Edges:
1. V1 o-o V2
2. V1 o-> V4
3. V1 o-o V5
4. V2 o-> V3
5. V2 o-o V5
6. V3 <-> V4
7. V5 o-> V3
8. V5 o-> V4



==== NON-I-MAP H0 (cold reorient of G*+spurious is NOT an I-map of G*) ====
  Under the corrected sepset regime this population is expected EMPTY; an entry
  here is a defect. The witness CI below is the proof of the violation.
  model                 : PAG#6886
  extra (spurious) edges: [V2 o-o V5, V3 o-o V5]  (k=2)
  WITNESS (holds in H0, fails in G*): V2 _||_ V3 | [V5]   (m-separated in H0's MAG, m-connected in G*)
  true PAG G* (over observed):
Graph Nodes:
V1;V2;V3;V4;V5

Graph Edges:
1. V2 <-> V1
2. V3 <-> V1
3. V4 <-> V2
4. V4 <-> V3
5. V4 --> V5
6. V5 --> V1


  H0 (legal PAG = G* + spurious, cold-reoriented):
Graph Nodes:
V1;V2;V3;V4;V5

Graph Edges:
1. V1 <-> V2
2. V3 <-> V1
3. V3 <-> V4
4. V4 <-> V2
5. V5 o-> V1
6. V5 o-> V2
7. V5 o-> V3
8. V5 o-> V4



==== NON-I-MAP H0 (cold reorient of G*+spurious is NOT an I-map of G*) ====
  Under the corrected sepset regime this population is expected EMPTY; an entry
  here is a defect. The witness CI below is the proof of the violation.
  model                 : PAG#6896
  extra (spurious) edges: [V2 o-o V5, V4 o-o V5]  (k=2)
  WITNESS (holds in H0, fails in G*): V1 _||_ V2 | [V4, V5]   (m-separated in H0's MAG, m-connected in G*)
  true PAG G* (over observed):
Graph Nodes:
V1;V2;V3;V4;V5

Graph Edges:
1. V1 --> V3
2. V1 --> V5
3. V2 --> V3
4. V2 o-o V4
5. V3 --> V5
6. V4 o-o V1


  H0 (legal PAG = G* + spurious, cold-reoriented):
Graph Nodes:
V1;V2;V3;V4;V5

Graph Edges:
1. V1 --> V3
2. V1 o-o V5
3. V2 --> V3
4. V2 o-o V4
5. V2 o-o V5
6. V4 o-o V1
7. V4 o-o V5
8. V5 --> V3



==== NON-I-MAP H0 (cold reorient of G*+spurious is NOT an I-map of G*) ====
  Under the corrected sepset regime this population is expected EMPTY; an entry
  here is a defect. The witness CI below is the proof of the violation.
  model                 : PAG#6954
  extra (spurious) edges: [V1 o-o V2, V2 o-o V4]  (k=2)
  WITNESS (holds in H0, fails in G*): V4 _||_ V5 | [V1, V2]   (m-separated in H0's MAG, m-connected in G*)
  true PAG G* (over observed):
Graph Nodes:
V1;V2;V3;V4;V5

Graph Edges:
1. V1 o-> V4
2. V1 o-> V5
3. V3 --> V2
4. V4 <-> V3
5. V5 <-> V2
6. V5 <-> V3


  H0 (legal PAG = G* + spurious, cold-reoriented):
Graph Nodes:
V1;V2;V3;V4;V5

Graph Edges:
1. V1 o-o V2
2. V1 o-> V4
3. V1 o-> V5
4. V2 o-> V3
5. V2 o-> V4
6. V2 o-> V5
7. V4 <-> V3
8. V5 <-> V3



==== NON-I-MAP H0 (cold reorient of G*+spurious is NOT an I-map of G*) ====
  Under the corrected sepset regime this population is expected EMPTY; an entry
  here is a defect. The witness CI below is the proof of the violation.
  model                 : PAG#6958
  extra (spurious) edges: [V1 o-o V4, V2 o-o V3]  (k=2)
  WITNESS (holds in H0, fails in G*): V1 _||_ V3 | [V2, V4]   (m-separated in H0's MAG, m-connected in G*)
  true PAG G* (over observed):
Graph Nodes:
V1;V2;V3;V4;V5

Graph Edges:
1. V2 o-> V1
2. V2 o-> V4
3. V4 <-> V3
4. V5 <-> V1
5. V5 <-> V3
6. V5 --> V4


  H0 (legal PAG = G* + spurious, cold-reoriented):
Graph Nodes:
V1;V2;V3;V4;V5

Graph Edges:
1. V1 <-> V5
2. V2 --> V1
3. V2 o-o V3
4. V2 o-> V4
5. V3 o-> V4
6. V3 o-> V5
7. V4 --> V1
8. V4 <-> V5



==== NON-I-MAP H0 (cold reorient of G*+spurious is NOT an I-map of G*) ====
  Under the corrected sepset regime this population is expected EMPTY; an entry
  here is a defect. The witness CI below is the proof of the violation.
  model                 : PAG#6997
  extra (spurious) edges: [V2 o-o V3, V3 o-o V5]  (k=2)
  WITNESS (holds in H0, fails in G*): V1 _||_ V2 | [V3, V4]   (m-separated in H0's MAG, m-connected in G*)
  true PAG G* (over observed):
Graph Nodes:
V1;V2;V3;V4;V5

Graph Edges:
1. V1 --> V3
2. V2 o-o V4
3. V2 o-o V5
4. V4 --> V3
5. V5 o-o V1


  H0 (legal PAG = G* + spurious, cold-reoriented):
Graph Nodes:
V1;V2;V3;V4;V5

Graph Edges:
1. V1 o-> V3
2. V1 --> V5
3. V2 --> V5
4. V3 --> V2
5. V3 --> V5
6. V4 --> V2
7. V4 o-> V3



==== NON-I-MAP H0 (cold reorient of G*+spurious is NOT an I-map of G*) ====
  Under the corrected sepset regime this population is expected EMPTY; an entry
  here is a defect. The witness CI below is the proof of the violation.
  model                 : PAG#7026
  extra (spurious) edges: [V1 o-o V3, V3 o-o V4]  (k=2)
  WITNESS (holds in H0, fails in G*): V2 _||_ V4 | [V1, V3]   (m-separated in H0's MAG, m-connected in G*)
  true PAG G* (over observed):
Graph Nodes:
V1;V2;V3;V4;V5

Graph Edges:
1. V1 o-o V2
2. V1 o-o V4
3. V2 --> V3
4. V2 --> V5
5. V4 --> V5
6. V5 --> V3


  H0 (legal PAG = G* + spurious, cold-reoriented):
Graph Nodes:
V1;V2;V3;V4;V5

Graph Edges:
1. V1 o-o V2
2. V1 o-o V3
3. V1 o-o V4
4. V2 o-o V3
5. V2 --> V5
6. V3 o-o V4
7. V3 --> V5
8. V4 --> V5



==== NON-I-MAP H0 (cold reorient of G*+spurious is NOT an I-map of G*) ====
  Under the corrected sepset regime this population is expected EMPTY; an entry
  here is a defect. The witness CI below is the proof of the violation.
  model                 : PAG#7061
  extra (spurious) edges: [V1 o-o V5, V3 o-o V5]  (k=2)
  WITNESS (holds in H0, fails in G*): V1 _||_ V2 | [V3, V5]   (m-separated in H0's MAG, m-connected in G*)
  true PAG G* (over observed):
Graph Nodes:
V1;V2;V3;V4;V5

Graph Edges:
1. V1 o-> V3
2. V2 <-> V5
3. V4 <-> V2
4. V4 <-> V3
5. V4 --> V5


  H0 (legal PAG = G* + spurious, cold-reoriented):
Graph Nodes:
V1;V2;V3;V4;V5

Graph Edges:
1. V1 o-> V3
2. V1 o-o V5
3. V2 o-> V4
4. V2 o-o V5
5. V3 <-> V4
6. V5 o-> V3
7. V5 o-> V4



==== NON-I-MAP H0 (cold reorient of G*+spurious is NOT an I-map of G*) ====
  Under the corrected sepset regime this population is expected EMPTY; an entry
  here is a defect. The witness CI below is the proof of the violation.
  model                 : PAG#7104
  extra (spurious) edges: [V1 o-o V5, V2 o-o V5]  (k=2)
  WITNESS (holds in H0, fails in G*): V1 _||_ V4 | [V5]   (m-separated in H0's MAG, m-connected in G*)
  true PAG G* (over observed):
Graph Nodes:
V1;V2;V3;V4;V5

Graph Edges:
1. V1 <-> V2
2. V3 <-> V1
3. V3 --> V2
4. V3 <-> V4
5. V3 --> V5
6. V5 <-> V4


  H0 (legal PAG = G* + spurious, cold-reoriented):
Graph Nodes:
V1;V2;V3;V4;V5

Graph Edges:
1. V1 <-> V2
2. V3 <-> V1
3. V3 --> V2
4. V4 o-> V3
5. V5 o-> V1
6. V5 --> V2
7. V5 o-> V3
8. V5 o-o V4



==== NON-I-MAP H0 (cold reorient of G*+spurious is NOT an I-map of G*) ====
  Under the corrected sepset regime this population is expected EMPTY; an entry
  here is a defect. The witness CI below is the proof of the violation.
  model                 : PAG#7104
  extra (spurious) edges: [V2 o-o V4, V2 o-o V5]  (k=2)
  WITNESS (holds in H0, fails in G*): V1 _||_ V4 | [V2]   (m-separated in H0's MAG, m-connected in G*)
  true PAG G* (over observed):
Graph Nodes:
V1;V2;V3;V4;V5

Graph Edges:
1. V1 <-> V2
2. V3 <-> V1
3. V3 --> V2
4. V3 <-> V4
5. V3 --> V5
6. V5 <-> V4


  H0 (legal PAG = G* + spurious, cold-reoriented):
Graph Nodes:
V1;V2;V3;V4;V5

Graph Edges:
1. V1 o-o V2
2. V1 o-> V3
3. V2 o-> V3
4. V2 o-> V4
5. V2 --> V5
6. V3 <-> V4
7. V3 --> V5
8. V5 <-> V4



==== NON-I-MAP H0 (cold reorient of G*+spurious is NOT an I-map of G*) ====
  Under the corrected sepset regime this population is expected EMPTY; an entry
  here is a defect. The witness CI below is the proof of the violation.
  model                 : PAG#7105
  extra (spurious) edges: [V2 o-o V4, V2 o-o V5]  (k=2)
  WITNESS (holds in H0, fails in G*): V1 _||_ V4 | [V2]   (m-separated in H0's MAG, m-connected in G*)
  true PAG G* (over observed):
Graph Nodes:
V1;V2;V3;V4;V5

Graph Edges:
1. V1 o-> V2
2. V3 --> V2
3. V4 o-> V3
4. V5 o-> V3


  H0 (legal PAG = G* + spurious, cold-reoriented):
Graph Nodes:
V1;V2;V3;V4;V5

Graph Edges:
1. V1 o-> V2
2. V2 <-> V3
3. V2 --> V4
4. V2 --> V5
5. V3 <-> V4
6. V3 <-> V5



==== NON-I-MAP H0 (cold reorient of G*+spurious is NOT an I-map of G*) ====
  Under the corrected sepset regime this population is expected EMPTY; an entry
  here is a defect. The witness CI below is the proof of the violation.
  model                 : PAG#7138
  extra (spurious) edges: [V1 o-o V2, V3 o-o V5]  (k=2)
  WITNESS (holds in H0, fails in G*): V1 _||_ V3 | [V2, V5]   (m-separated in H0's MAG, m-connected in G*)
  true PAG G* (over observed):
Graph Nodes:
V1;V2;V3;V4;V5

Graph Edges:
1. V2 o-> V3
2. V2 o-> V5
3. V4 <-> V1
4. V4 <-> V3
5. V4 --> V5
6. V5 <-> V1


  H0 (legal PAG = G* + spurious, cold-reoriented):
Graph Nodes:
V1;V2;V3;V4;V5

Graph Edges:
1. V1 o-o V2
2. V1 o-> V4
3. V1 o-> V5
4. V2 --> V3
5. V2 o-> V5
6. V3 <-> V4
7. V5 --> V3
8. V5 <-> V4



==== NON-I-MAP H0 (cold reorient of G*+spurious is NOT an I-map of G*) ====
  Under the corrected sepset regime this population is expected EMPTY; an entry
  here is a defect. The witness CI below is the proof of the violation.
  model                 : PAG#7166
  extra (spurious) edges: [V1 o-o V2, V1 o-o V3]  (k=2)
  WITNESS (holds in H0, fails in G*): V2 _||_ V4 | [V1, V3]   (m-separated in H0's MAG, m-connected in G*)
  true PAG G* (over observed):
Graph Nodes:
V1;V2;V3;V4;V5

Graph Edges:
1. V2 --> V5
2. V3 o-o V2
3. V4 --> V1
4. V4 o-o V3
5. V4 --> V5
6. V5 --> V1


  H0 (legal PAG = G* + spurious, cold-reoriented):
Graph Nodes:
V1;V2;V3;V4;V5

Graph Edges:
1. V1 o-o V2
2. V1 o-o V3
3. V1 --> V5
4. V2 --> V5
5. V3 o-o V2
6. V4 o-o V1
7. V4 o-o V3
8. V4 --> V5



==== NON-I-MAP H0 (cold reorient of G*+spurious is NOT an I-map of G*) ====
  Under the corrected sepset regime this population is expected EMPTY; an entry
  here is a defect. The witness CI below is the proof of the violation.
  model                 : PAG#7184
  extra (spurious) edges: [V1 o-o V5, V4 o-o V5]  (k=2)
  WITNESS (holds in H0, fails in G*): V1 _||_ V4 | [V5]   (m-separated in H0's MAG, m-connected in G*)
  true PAG G* (over observed):
Graph Nodes:
V1;V2;V3;V4;V5

Graph Edges:
1. V2 <-> V1
2. V3 <-> V1
3. V3 --> V5
4. V4 <-> V2
5. V4 <-> V3
6. V5 --> V2


  H0 (legal PAG = G* + spurious, cold-reoriented):
Graph Nodes:
V1;V2;V3;V4;V5

Graph Edges:
1. V1 <-> V2
2. V3 <-> V1
3. V3 <-> V4
4. V4 <-> V2
5. V5 o-> V1
6. V5 o-> V2
7. V5 o-> V3
8. V5 o-> V4



==== NON-I-MAP H0 (cold reorient of G*+spurious is NOT an I-map of G*) ====
  Under the corrected sepset regime this population is expected EMPTY; an entry
  here is a defect. The witness CI below is the proof of the violation.
  model                 : PAG#7200
  extra (spurious) edges: [V1 o-o V4, V2 o-o V4, V3 o-o V4]  (k=3)
  WITNESS (holds in H0, fails in G*): V1 _||_ V3 | [V2, V4]   (m-separated in H0's MAG, m-connected in G*)
  true PAG G* (over observed):
Graph Nodes:
V1;V2;V3;V4;V5

Graph Edges:
1. V1 o-o V2
2. V1 --> V5
3. V2 o-o V3
4. V3 --> V5
5. V5 --> V4


  H0 (legal PAG = G* + spurious, cold-reoriented):
Graph Nodes:
V1;V2;V3;V4;V5

Graph Edges:
1. V1 o-o V2
2. V1 o-o V4
3. V1 --> V5
4. V2 o-o V3
5. V2 o-o V4
6. V3 o-o V4
7. V3 --> V5
8. V4 --> V5



==== NON-I-MAP H0 (cold reorient of G*+spurious is NOT an I-map of G*) ====
  Under the corrected sepset regime this population is expected EMPTY; an entry
  here is a defect. The witness CI below is the proof of the violation.
  model                 : PAG#7203
  extra (spurious) edges: [V1 o-o V5, V2 o-o V4]  (k=2)
  WITNESS (holds in H0, fails in G*): V1 _||_ V4 | [V2, V5]   (m-separated in H0's MAG, m-connected in G*)
  true PAG G* (over observed):
Graph Nodes:
V1;V2;V3;V4;V5

Graph Edges:
1. V2 o-> V1
2. V2 o-> V5
3. V3 <-> V1
4. V3 <-> V4
5. V3 --> V5
6. V5 <-> V4


  H0 (legal PAG = G* + spurious, cold-reoriented):
Graph Nodes:
V1;V2;V3;V4;V5

Graph Edges:
1. V2 --> V1
2. V2 o-o V4
3. V2 o-> V5
4. V3 <-> V1
5. V4 o-> V3
6. V4 o-> V5
7. V5 --> V1
8. V5 <-> V3



==== NON-I-MAP H0 (cold reorient of G*+spurious is NOT an I-map of G*) ====
  Under the corrected sepset regime this population is expected EMPTY; an entry
  here is a defect. The witness CI below is the proof of the violation.
  model                 : PAG#7232
  extra (spurious) edges: [V1 o-o V4, V2 o-o V3]  (k=2)
  WITNESS (holds in H0, fails in G*): V1 _||_ V3 | [V2, V4]   (m-separated in H0's MAG, m-connected in G*)
  true PAG G* (over observed):
Graph Nodes:
V1;V2;V3;V4;V5

Graph Edges:
1. V1 o-o V2
2. V1 o-> V5
3. V2 --> V4
4. V4 <-> V3
5. V5 <-> V3
6. V5 --> V4


  H0 (legal PAG = G* + spurious, cold-reoriented):
Graph Nodes:
V1;V2;V3;V4;V5

Graph Edges:
1. V2 --> V1
2. V2 o-o V3
3. V2 o-> V4
4. V3 o-> V4
5. V3 o-> V5
6. V4 --> V1
7. V4 <-> V5
8. V5 <-> V1



==== NON-I-MAP H0 (cold reorient of G*+spurious is NOT an I-map of G*) ====
  Under the corrected sepset regime this population is expected EMPTY; an entry
  here is a defect. The witness CI below is the proof of the violation.
  model                 : PAG#7248
  extra (spurious) edges: [V1 o-o V5, V2 o-o V4]  (k=2)
  WITNESS (holds in H0, fails in G*): V1 _||_ V2 | [V4, V5]   (m-separated in H0's MAG, m-connected in G*)
  true PAG G* (over observed):
Graph Nodes:
V1;V2;V3;V4;V5

Graph Edges:
1. V3 <-> V1
2. V3 <-> V2
3. V3 --> V4
4. V4 <-> V1
5. V5 o-> V2
6. V5 o-> V4


  H0 (legal PAG = G* + spurious, cold-reoriented):
Graph Nodes:
V1;V2;V3;V4;V5

Graph Edges:
1. V1 o-> V3
2. V1 o-> V4
3. V1 o-o V5
4. V2 <-> V3
5. V4 --> V2
6. V4 <-> V3
7. V5 --> V2
8. V5 o-> V4



==== NON-I-MAP H0 (cold reorient of G*+spurious is NOT an I-map of G*) ====
  Under the corrected sepset regime this population is expected EMPTY; an entry
  here is a defect. The witness CI below is the proof of the violation.
  model                 : PAG#7249
  extra (spurious) edges: [V1 o-o V2, V3 o-o V4]  (k=2)
  WITNESS (holds in H0, fails in G*): V1 _||_ V4 | [V2, V3]   (m-separated in H0's MAG, m-connected in G*)
  true PAG G* (over observed):
Graph Nodes:
V1;V2;V3;V4;V5

Graph Edges:
1. V2 o-> V3
2. V2 o-> V4
3. V3 <-> V1
4. V5 <-> V1
5. V5 --> V3
6. V5 <-> V4


  H0 (legal PAG = G* + spurious, cold-reoriented):
Graph Nodes:
V1;V2;V3;V4;V5

Graph Edges:
1. V1 o-o V2
2. V1 o-> V3
3. V1 o-> V5
4. V2 o-> V3
5. V2 --> V4
6. V3 --> V4
7. V3 <-> V5
8. V4 <-> V5



==== NON-I-MAP H0 (cold reorient of G*+spurious is NOT an I-map of G*) ====
  Under the corrected sepset regime this population is expected EMPTY; an entry
  here is a defect. The witness CI below is the proof of the violation.
  model                 : PAG#7253
  extra (spurious) edges: [V3 o-o V4, V4 o-o V5]  (k=2)
  WITNESS (holds in H0, fails in G*): V2 _||_ V3 | [V4]   (m-separated in H0's MAG, m-connected in G*)
  true PAG G* (over observed):
Graph Nodes:
V1;V2;V3;V4;V5

Graph Edges:
1. V1 <-> V3
2. V1 --> V4
3. V1 --> V5
4. V2 o-> V1
5. V2 --> V4
6. V5 <-> V3


  H0 (legal PAG = G* + spurious, cold-reoriented):
Graph Nodes:
V1;V2;V3;V4;V5

Graph Edges:
1. V1 <-> V3
2. V1 --> V5
3. V2 o-> V1
4. V2 o-o V4
5. V3 <-> V5
6. V4 o-> V1
7. V4 o-> V3
8. V4 --> V5



==== NON-I-MAP H0 (cold reorient of G*+spurious is NOT an I-map of G*) ====
  Under the corrected sepset regime this population is expected EMPTY; an entry
  here is a defect. The witness CI below is the proof of the violation.
  model                 : PAG#7260
  extra (spurious) edges: [V1 o-o V5, V2 o-o V5]  (k=2)
  WITNESS (holds in H0, fails in G*): V1 _||_ V4 | [V2, V5]   (m-separated in H0's MAG, m-connected in G*)
  true PAG G* (over observed):
Graph Nodes:
V1;V2;V3;V4;V5

Graph Edges:
1. V1 o-> V2
2. V3 <-> V2
3. V3 <-> V4
4. V3 --> V5
5. V4 <-> V5


  H0 (legal PAG = G* + spurious, cold-reoriented):
Graph Nodes:
V1;V2;V3;V4;V5

Graph Edges:
1. V1 o-> V2
2. V1 o-o V5
3. V2 <-> V3
4. V4 o-> V3
5. V4 o-o V5
6. V5 o-> V2
7. V5 o-> V3



==== NON-I-MAP H0 (cold reorient of G*+spurious is NOT an I-map of G*) ====
  Under the corrected sepset regime this population is expected EMPTY; an entry
  here is a defect. The witness CI below is the proof of the violation.
  model                 : PAG#7296
  extra (spurious) edges: [V1 o-o V3, V1 o-o V5]  (k=2)
  WITNESS (holds in H0, fails in G*): V2 _||_ V5 | [V1, V3]   (m-separated in H0's MAG, m-connected in G*)
  true PAG G* (over observed):
Graph Nodes:
V1;V2;V3;V4;V5

Graph Edges:
1. V2 <-> V1
2. V3 o-> V2
3. V3 o-> V5
4. V4 --> V1
5. V4 <-> V2
6. V4 <-> V5


  H0 (legal PAG = G* + spurious, cold-reoriented):
Graph Nodes:
V1;V2;V3;V4;V5

Graph Edges:
1. V1 o-> V2
2. V1 o-o V3
3. V1 o-> V4
4. V1 o-> V5
5. V3 o-> V2
6. V3 o-> V5
7. V4 <-> V2
8. V5 <-> V4



==== NON-I-MAP H0 (cold reorient of G*+spurious is NOT an I-map of G*) ====
  Under the corrected sepset regime this population is expected EMPTY; an entry
  here is a defect. The witness CI below is the proof of the violation.
  model                 : PAG#7307
  extra (spurious) edges: [V2 o-o V5, V3 o-o V5]  (k=2)
  WITNESS (holds in H0, fails in G*): V2 _||_ V4 | [V3, V5]   (m-separated in H0's MAG, m-connected in G*)
  true PAG G* (over observed):
Graph Nodes:
V1;V2;V3;V4;V5

Graph Edges:
1. V1 --> V5
2. V2 o-> V3
3. V3 <-> V1
4. V4 o-> V1
5. V4 --> V5


  H0 (legal PAG = G* + spurious, cold-reoriented):
Graph Nodes:
V1;V2;V3;V4;V5

Graph Edges:
1. V2 o-> V3
2. V2 o-o V5
3. V3 <-> V1
4. V4 o-> V1
5. V4 o-o V5
6. V5 o-> V1
7. V5 o-> V3



==== NON-I-MAP H0 (cold reorient of G*+spurious is NOT an I-map of G*) ====
  Under the corrected sepset regime this population is expected EMPTY; an entry
  here is a defect. The witness CI below is the proof of the violation.
  model                 : PAG#7343
  extra (spurious) edges: [V2 o-o V3, V3 o-o V4]  (k=2)
  WITNESS (holds in H0, fails in G*): V1 _||_ V4 | [V2, V3]   (m-separated in H0's MAG, m-connected in G*)
  true PAG G* (over observed):
Graph Nodes:
V1;V2;V3;V4;V5

Graph Edges:
1. V1 <-> V3
2. V2 o-> V1
3. V2 o-> V4
4. V5 <-> V1
5. V5 --> V3
6. V5 <-> V4


  H0 (legal PAG = G* + spurious, cold-reoriented):
Graph Nodes:
V1;V2;V3;V4;V5

Graph Edges:
1. V2 o-> V1
2. V2 o-o V3
3. V2 o-> V4
4. V3 o-> V1
5. V3 o-> V4
6. V3 o-> V5
7. V4 <-> V5
8. V5 <-> V1



==== NON-I-MAP H0 (cold reorient of G*+spurious is NOT an I-map of G*) ====
  Under the corrected sepset regime this population is expected EMPTY; an entry
  here is a defect. The witness CI below is the proof of the violation.
  model                 : PAG#7378
  extra (spurious) edges: [V1 o-o V5, V3 o-o V5, V4 o-o V5]  (k=3)
  WITNESS (holds in H0, fails in G*): V1 _||_ V4 | [V3, V5]   (m-separated in H0's MAG, m-connected in G*)
  true PAG G* (over observed):
Graph Nodes:
V1;V2;V3;V4;V5

Graph Edges:
1. V1 --> V2
2. V2 --> V5
3. V3 o-o V1
4. V4 --> V2
5. V4 o-o V3


  H0 (legal PAG = G* + spurious, cold-reoriented):
Graph Nodes:
V1;V2;V3;V4;V5

Graph Edges:
1. V1 --> V2
2. V1 o-o V5
3. V3 o-o V1
4. V3 o-o V5
5. V4 --> V2
6. V4 o-o V3
7. V4 o-o V5
8. V5 --> V2



==== NON-I-MAP H0 (cold reorient of G*+spurious is NOT an I-map of G*) ====
  Under the corrected sepset regime this population is expected EMPTY; an entry
  here is a defect. The witness CI below is the proof of the violation.
  model                 : PAG#7446
  extra (spurious) edges: [V1 o-o V3, V2 o-o V5]  (k=2)
  WITNESS (holds in H0, fails in G*): V1 _||_ V5 | [V2, V3]   (m-separated in H0's MAG, m-connected in G*)
  true PAG G* (over observed):
Graph Nodes:
V1;V2;V3;V4;V5

Graph Edges:
1. V2 o-> V1
2. V2 o-> V3
3. V3 <-> V5
4. V4 <-> V1
5. V4 --> V3
6. V4 <-> V5


  H0 (legal PAG = G* + spurious, cold-reoriented):
Graph Nodes:
V1;V2;V3;V4;V5

Graph Edges:
1. V1 <-> V4
2. V2 --> V1
3. V2 o-> V3
4. V2 o-o V5
5. V3 --> V1
6. V3 <-> V4
7. V5 o-> V3
8. V5 o-> V4



==== NON-I-MAP H0 (cold reorient of G*+spurious is NOT an I-map of G*) ====
  Under the corrected sepset regime this population is expected EMPTY; an entry
  here is a defect. The witness CI below is the proof of the violation.
  model                 : PAG#7482
  extra (spurious) edges: [V1 o-o V4, V3 o-o V4]  (k=2)
  WITNESS (holds in H0, fails in G*): V3 _||_ V5 | [V4]   (m-separated in H0's MAG, m-connected in G*)
  true PAG G* (over observed):
Graph Nodes:
V1;V2;V3;V4;V5

Graph Edges:
1. V2 --> V1
2. V2 <-> V3
3. V2 --> V4
4. V3 <-> V1
5. V5 o-> V2
6. V5 --> V4


  H0 (legal PAG = G* + spurious, cold-reoriented):
Graph Nodes:
V1;V2;V3;V4;V5

Graph Edges:
1. V2 --> V1
2. V2 <-> V3
3. V3 <-> V1
4. V4 --> V1
5. V4 o-> V2
6. V4 o-> V3
7. V5 o-> V2
8. V5 o-o V4



==== NON-I-MAP H0 (cold reorient of G*+spurious is NOT an I-map of G*) ====
  Under the corrected sepset regime this population is expected EMPTY; an entry
  here is a defect. The witness CI below is the proof of the violation.
  model                 : PAG#7486
  extra (spurious) edges: [V1 o-o V5, V4 o-o V5]  (k=2)
  WITNESS (holds in H0, fails in G*): V1 _||_ V2 | [V5]   (m-separated in H0's MAG, m-connected in G*)
  true PAG G* (over observed):
Graph Nodes:
V1;V2;V3;V4;V5

Graph Edges:
1. V1 <-> V4
2. V2 o-> V3
3. V2 --> V5
4. V3 <-> V1
5. V3 --> V4
6. V3 --> V5


  H0 (legal PAG = G* + spurious, cold-reoriented):
Graph Nodes:
V1;V2;V3;V4;V5

Graph Edges:
1. V2 o-> V3
2. V2 o-o V5
3. V3 <-> V1
4. V3 --> V4
5. V4 <-> V1
6. V5 o-> V1
7. V5 o-> V3
8. V5 --> V4



==== NON-I-MAP H0 (cold reorient of G*+spurious is NOT an I-map of G*) ====
  Under the corrected sepset regime this population is expected EMPTY; an entry
  here is a defect. The witness CI below is the proof of the violation.
  model                 : PAG#7500
  extra (spurious) edges: [V1 o-o V4, V2 o-o V4, V4 o-o V5]  (k=3)
  WITNESS (holds in H0, fails in G*): V1 _||_ V5 | [V2, V4]   (m-separated in H0's MAG, m-connected in G*)
  true PAG G* (over observed):
Graph Nodes:
V1;V2;V3;V4;V5

Graph Edges:
1. V1 o-o V2
2. V1 --> V3
3. V2 o-o V5
4. V3 --> V4
5. V5 --> V3


  H0 (legal PAG = G* + spurious, cold-reoriented):
Graph Nodes:
V1;V2;V3;V4;V5

Graph Edges:
1. V1 o-o V2
2. V1 --> V3
3. V1 o-o V4
4. V2 o-o V4
5. V2 o-o V5
6. V4 --> V3
7. V4 o-o V5
8. V5 --> V3



==== NON-I-MAP H0 (cold reorient of G*+spurious is NOT an I-map of G*) ====
  Under the corrected sepset regime this population is expected EMPTY; an entry
  here is a defect. The witness CI below is the proof of the violation.
  model                 : PAG#7547
  extra (spurious) edges: [V1 o-o V3, V2 o-o V3]  (k=2)
  WITNESS (holds in H0, fails in G*): V2 _||_ V4 | [V3, V5]   (m-separated in H0's MAG, m-connected in G*)
  true PAG G* (over observed):
Graph Nodes:
V1;V2;V3;V4;V5

Graph Edges:
1. V1 o-o V2
2. V1 o-o V4
3. V2 o-o V5
4. V4 --> V3
5. V5 --> V3


  H0 (legal PAG = G* + spurious, cold-reoriented):
Graph Nodes:
V1;V2;V3;V4;V5

Graph Edges:
1. V2 --> V1
2. V3 --> V1
3. V3 --> V2
4. V4 --> V1
5. V4 o-> V3
6. V5 --> V2
7. V5 o-> V3



==== NON-I-MAP H0 (cold reorient of G*+spurious is NOT an I-map of G*) ====
  Under the corrected sepset regime this population is expected EMPTY; an entry
  here is a defect. The witness CI below is the proof of the violation.
  model                 : PAG#7559
  extra (spurious) edges: [V2 o-o V4, V3 o-o V4, V4 o-o V5]  (k=3)
  WITNESS (holds in H0, fails in G*): V2 _||_ V3 | [V4, V5]   (m-separated in H0's MAG, m-connected in G*)
  true PAG G* (over observed):
Graph Nodes:
V1;V2;V3;V4;V5

Graph Edges:
1. V1 --> V4
2. V2 o-> V1
3. V2 o-o V5
4. V3 <-> V1
5. V5 o-> V3


  H0 (legal PAG = G* + spurious, cold-reoriented):
Graph Nodes:
V1;V2;V3;V4;V5

Graph Edges:
1. V2 o-> V1
2. V2 o-o V4
3. V2 o-o V5
4. V3 <-> V1
5. V4 o-> V1
6. V4 o-> V3
7. V4 o-o V5
8. V5 o-> V3



==== NON-I-MAP H0 (cold reorient of G*+spurious is NOT an I-map of G*) ====
  Under the corrected sepset regime this population is expected EMPTY; an entry
  here is a defect. The witness CI below is the proof of the violation.
  model                 : PAG#7561
  extra (spurious) edges: [V1 o-o V4, V2 o-o V4, V4 o-o V5]  (k=3)
  WITNESS (holds in H0, fails in G*): V1 _||_ V2 | [V4, V5]   (m-separated in H0's MAG, m-connected in G*)
  true PAG G* (over observed):
Graph Nodes:
V1;V2;V3;V4;V5

Graph Edges:
1. V1 o-> V3
2. V1 o-o V5
3. V3 <-> V2
4. V3 --> V4
5. V5 o-> V2


  H0 (legal PAG = G* + spurious, cold-reoriented):
Graph Nodes:
V1;V2;V3;V4;V5

Graph Edges:
1. V1 o-> V3
2. V1 o-o V4
3. V1 o-o V5
4. V2 <-> V3
5. V4 o-> V2
6. V4 o-> V3
7. V4 o-o V5
8. V5 o-> V2



==== NON-I-MAP H0 (cold reorient of G*+spurious is NOT an I-map of G*) ====
  Under the corrected sepset regime this population is expected EMPTY; an entry
  here is a defect. The witness CI below is the proof of the violation.
  model                 : PAG#7569
  extra (spurious) edges: [V2 o-o V3, V3 o-o V4]  (k=2)
  WITNESS (holds in H0, fails in G*): V2 _||_ V5 | [V3]   (m-separated in H0's MAG, m-connected in G*)
  true PAG G* (over observed):
Graph Nodes:
V1;V2;V3;V4;V5

Graph Edges:
1. V1 <-> V2
2. V1 --> V3
3. V1 --> V4
4. V2 <-> V4
5. V5 o-> V1
6. V5 --> V3


  H0 (legal PAG = G* + spurious, cold-reoriented):
Graph Nodes:
V1;V2;V3;V4;V5

Graph Edges:
1. V1 <-> V2
2. V1 --> V4
3. V2 <-> V4
4. V3 o-> V1
5. V3 o-> V2
6. V3 --> V4
7. V5 o-> V1
8. V5 o-o V3



==== NON-I-MAP H0 (cold reorient of G*+spurious is NOT an I-map of G*) ====
  Under the corrected sepset regime this population is expected EMPTY; an entry
  here is a defect. The witness CI below is the proof of the violation.
  model                 : PAG#7583
  extra (spurious) edges: [V1 o-o V3, V3 o-o V4, V3 o-o V5]  (k=3)
  WITNESS (holds in H0, fails in G*): V1 _||_ V5 | [V3, V4]   (m-separated in H0's MAG, m-connected in G*)
  true PAG G* (over observed):
Graph Nodes:
V1;V2;V3;V4;V5

Graph Edges:
1. V1 <-> V2
2. V2 --> V3
3. V4 o-> V1
4. V5 o-> V2
5. V5 o-o V4


  H0 (legal PAG = G* + spurious, cold-reoriented):
Graph Nodes:
V1;V2;V3;V4;V5

Graph Edges:
1. V2 <-> V1
2. V3 o-> V1
3. V3 o-> V2
4. V3 o-o V4
5. V3 o-o V5
6. V4 o-> V1
7. V5 o-> V2
8. V5 o-o V4



==== NON-I-MAP H0 (cold reorient of G*+spurious is NOT an I-map of G*) ====
  Under the corrected sepset regime this population is expected EMPTY; an entry
  here is a defect. The witness CI below is the proof of the violation.
  model                 : PAG#7599
  extra (spurious) edges: [V1 o-o V3, V3 o-o V5]  (k=2)
  WITNESS (holds in H0, fails in G*): V1 _||_ V2 | [V3]   (m-separated in H0's MAG, m-connected in G*)
  true PAG G* (over observed):
Graph Nodes:
V1;V2;V3;V4;V5

Graph Edges:
1. V2 <-> V3
2. V4 <-> V1
3. V4 <-> V2
4. V4 --> V3
5. V5 o-> V1


  H0 (legal PAG = G* + spurious, cold-reoriented):
Graph Nodes:
V1;V2;V3;V4;V5

Graph Edges:
1. V2 o-o V3
2. V2 o-> V4
3. V3 o-> V1
4. V3 o-> V4
5. V3 o-o V5
6. V4 <-> V1
7. V5 o-> V1



==== NON-I-MAP H0 (cold reorient of G*+spurious is NOT an I-map of G*) ====
  Under the corrected sepset regime this population is expected EMPTY; an entry
  here is a defect. The witness CI below is the proof of the violation.
  model                 : PAG#7601
  extra (spurious) edges: [V2 o-o V4, V3 o-o V4, V4 o-o V5]  (k=3)
  WITNESS (holds in H0, fails in G*): V2 _||_ V5 | [V3, V4]   (m-separated in H0's MAG, m-connected in G*)
  true PAG G* (over observed):
Graph Nodes:
V1;V2;V3;V4;V5

Graph Edges:
1. V1 --> V4
2. V2 --> V1
3. V2 o-o V3
4. V3 o-o V5
5. V5 --> V1


  H0 (legal PAG = G* + spurious, cold-reoriented):
Graph Nodes:
V1;V2;V3;V4;V5

Graph Edges:
1. V2 --> V1
2. V2 o-o V3
3. V2 o-o V4
4. V3 o-o V4
5. V3 o-o V5
6. V4 --> V1
7. V4 o-o V5
8. V5 --> V1



==== NON-I-MAP H0 (cold reorient of G*+spurious is NOT an I-map of G*) ====
  Under the corrected sepset regime this population is expected EMPTY; an entry
  here is a defect. The witness CI below is the proof of the violation.
  model                 : PAG#7605
  extra (spurious) edges: [V1 o-o V4, V4 o-o V5]  (k=2)
  WITNESS (holds in H0, fails in G*): V1 _||_ V3 | [V4]   (m-separated in H0's MAG, m-connected in G*)
  true PAG G* (over observed):
Graph Nodes:
V1;V2;V3;V4;V5

Graph Edges:
1. V2 <-> V1
2. V2 <-> V3
3. V2 --> V4
4. V3 <-> V4
5. V5 o-> V1


  H0 (legal PAG = G* + spurious, cold-reoriented):
Graph Nodes:
V1;V2;V3;V4;V5

Graph Edges:
1. V1 <-> V2
2. V3 o-> V2
3. V3 o-o V4
4. V4 o-> V1
5. V4 o-> V2
6. V4 o-o V5
7. V5 o-> V1



==== NON-I-MAP H0 (cold reorient of G*+spurious is NOT an I-map of G*) ====
  Under the corrected sepset regime this population is expected EMPTY; an entry
  here is a defect. The witness CI below is the proof of the violation.
  model                 : PAG#7701
  extra (spurious) edges: [V1 o-o V5, V4 o-o V5]  (k=2)
  WITNESS (holds in H0, fails in G*): V1 _||_ V3 | [V4, V5]   (m-separated in H0's MAG, m-connected in G*)
  true PAG G* (over observed):
Graph Nodes:
V1;V2;V3;V4;V5

Graph Edges:
1. V1 o-> V4
2. V2 --> V5
3. V3 o-> V2
4. V3 --> V5
5. V4 <-> V2


  H0 (legal PAG = G* + spurious, cold-reoriented):
Graph Nodes:
V1;V2;V3;V4;V5

Graph Edges:
1. V1 o-> V4
2. V1 o-o V5
3. V3 o-> V2
4. V3 o-o V5
5. V4 <-> V2
6. V5 o-> V2
7. V5 o-> V4



==== NON-I-MAP H0 (cold reorient of G*+spurious is NOT an I-map of G*) ====
  Under the corrected sepset regime this population is expected EMPTY; an entry
  here is a defect. The witness CI below is the proof of the violation.
  model                 : PAG#7711
  extra (spurious) edges: [V3 o-o V5, V4 o-o V5]  (k=2)
  WITNESS (holds in H0, fails in G*): V1 _||_ V2 | []   (m-separated in H0's MAG, m-connected in G*)
  true PAG G* (over observed):
Graph Nodes:
V1;V2;V3;V4;V5

Graph Edges:
1. V2 o-> V5
2. V3 o-o V2
3. V4 o-> V1
4. V4 o-o V3
5. V5 <-> V1


  H0 (legal PAG = G* + spurious, cold-reoriented):
Graph Nodes:
V1;V2;V3;V4;V5

Graph Edges:
1. V1 <-> V4
2. V1 <-> V5
3. V2 --> V3
4. V2 o-> V5
5. V4 --> V3
6. V5 --> V3
7. V5 --> V4



==== NON-I-MAP H0 (cold reorient of G*+spurious is NOT an I-map of G*) ====
  Under the corrected sepset regime this population is expected EMPTY; an entry
  here is a defect. The witness CI below is the proof of the violation.
  model                 : PAG#7712
  extra (spurious) edges: [V3 o-o V5, V4 o-o V5]  (k=2)
  WITNESS (holds in H0, fails in G*): V1 _||_ V3 | [V5]   (m-separated in H0's MAG, m-connected in G*)
  true PAG G* (over observed):
Graph Nodes:
V1;V2;V3;V4;V5

Graph Edges:
1. V1 o-> V2
2. V1 --> V5
3. V2 <-> V3
4. V2 --> V4
5. V2 --> V5
6. V4 <-> V3


  H0 (legal PAG = G* + spurious, cold-reoriented):
Graph Nodes:
V1;V2;V3;V4;V5

Graph Edges:
1. V1 o-> V2
2. V1 o-o V5
3. V2 <-> V3
4. V2 --> V4
5. V4 <-> V3
6. V5 o-> V2
7. V5 o-> V3
8. V5 --> V4



==== NON-I-MAP H0 (cold reorient of G*+spurious is NOT an I-map of G*) ====
  Under the corrected sepset regime this population is expected EMPTY; an entry
  here is a defect. The witness CI below is the proof of the violation.
  model                 : PAG#7740
  extra (spurious) edges: [V1 o-o V5, V3 o-o V5, V4 o-o V5]  (k=3)
  WITNESS (holds in H0, fails in G*): V3 _||_ V4 | [V1, V5]   (m-separated in H0's MAG, m-connected in G*)
  true PAG G* (over observed):
Graph Nodes:
V1;V2;V3;V4;V5

Graph Edges:
1. V1 o-o V3
2. V1 o-o V4
3. V2 --> V5
4. V3 --> V2
5. V4 --> V2


  H0 (legal PAG = G* + spurious, cold-reoriented):
Graph Nodes:
V1;V2;V3;V4;V5

Graph Edges:
1. V1 o-o V3
2. V1 o-o V4
3. V1 o-o V5
4. V3 --> V2
5. V3 o-o V5
6. V4 --> V2
7. V4 o-o V5
8. V5 --> V2



==== NON-I-MAP H0 (cold reorient of G*+spurious is NOT an I-map of G*) ====
  Under the corrected sepset regime this population is expected EMPTY; an entry
  here is a defect. The witness CI below is the proof of the violation.
  model                 : PAG#7834
  extra (spurious) edges: [V2 o-o V4, V3 o-o V4]  (k=2)
  WITNESS (holds in H0, fails in G*): V2 _||_ V5 | [V3, V4]   (m-separated in H0's MAG, m-connected in G*)
  true PAG G* (over observed):
Graph Nodes:
V1;V2;V3;V4;V5

Graph Edges:
1. V1 --> V4
2. V2 --> V1
3. V2 o-o V3
4. V3 o-o V5
5. V5 --> V1
6. V5 --> V4


  H0 (legal PAG = G* + spurious, cold-reoriented):
Graph Nodes:
V1;V2;V3;V4;V5

Graph Edges:
1. V2 --> V1
2. V2 o-o V3
3. V2 o-o V4
4. V3 o-o V4
5. V3 o-o V5
6. V4 --> V1
7. V5 --> V1
8. V5 o-o V4



==== NON-I-MAP H0 (cold reorient of G*+spurious is NOT an I-map of G*) ====
  Under the corrected sepset regime this population is expected EMPTY; an entry
  here is a defect. The witness CI below is the proof of the violation.
  model                 : PAG#7907
  extra (spurious) edges: [V1 o-o V3, V1 o-o V4]  (k=2)
  WITNESS (holds in H0, fails in G*): V3 _||_ V5 | [V1, V4]   (m-separated in H0's MAG, m-connected in G*)
  true PAG G* (over observed):
Graph Nodes:
V1;V2;V3;V4;V5

Graph Edges:
1. V2 --> V1
2. V3 --> V2
3. V4 o-o V3
4. V5 --> V1
5. V5 --> V2
6. V5 o-o V4


  H0 (legal PAG = G* + spurious, cold-reoriented):
Graph Nodes:
V1;V2;V3;V4;V5

Graph Edges:
1. V1 --> V2
2. V1 o-o V3
3. V1 o-o V4
4. V3 --> V2
5. V4 o-o V3
6. V5 o-o V1
7. V5 --> V2
8. V5 o-o V4



==== NON-I-MAP H0 (cold reorient of G*+spurious is NOT an I-map of G*) ====
  Under the corrected sepset regime this population is expected EMPTY; an entry
  here is a defect. The witness CI below is the proof of the violation.
  model                 : PAG#7953
  extra (spurious) edges: [V1 o-o V5, V2 o-o V4]  (k=2)
  WITNESS (holds in H0, fails in G*): V4 _||_ V5 | [V1, V2]   (m-separated in H0's MAG, m-connected in G*)
  true PAG G* (over observed):
Graph Nodes:
V1;V2;V3;V4;V5

Graph Edges:
1. V1 o-> V2
2. V1 o-> V4
3. V2 <-> V5
4. V3 --> V2
5. V3 <-> V5
6. V4 <-> V3


  H0 (legal PAG = G* + spurious, cold-reoriented):
Graph Nodes:
V1;V2;V3;V4;V5

Graph Edges:
1. V1 o-> V2
2. V1 --> V4
3. V1 o-o V5
4. V2 <-> V3
5. V2 --> V4
6. V4 <-> V3
7. V5 o-> V2
8. V5 o-> V3



==== NON-I-MAP H0 (cold reorient of G*+spurious is NOT an I-map of G*) ====
  Under the corrected sepset regime this population is expected EMPTY; an entry
  here is a defect. The witness CI below is the proof of the violation.
  model                 : PAG#7968
  extra (spurious) edges: [V2 o-o V3, V2 o-o V4]  (k=2)
  WITNESS (holds in H0, fails in G*): V1 _||_ V5 | []   (m-separated in H0's MAG, m-connected in G*)
  true PAG G* (over observed):
Graph Nodes:
V1;V2;V3;V4;V5

Graph Edges:
1. V1 <-> V2
2. V3 o-o V4
3. V3 o-o V5
4. V4 o-> V1
5. V5 o-> V2


  H0 (legal PAG = G* + spurious, cold-reoriented):
Graph Nodes:
V1;V2;V3;V4;V5

Graph Edges:
1. V1 <-> V4
2. V2 <-> V1
3. V2 --> V3
4. V2 --> V4
5. V4 --> V3
6. V5 o-> V2
7. V5 --> V3



==== NON-I-MAP H0 (cold reorient of G*+spurious is NOT an I-map of G*) ====
  Under the corrected sepset regime this population is expected EMPTY; an entry
  here is a defect. The witness CI below is the proof of the violation.
  model                 : PAG#7984
  extra (spurious) edges: [V1 o-o V4, V1 o-o V5]  (k=2)
  WITNESS (holds in H0, fails in G*): V2 _||_ V3 | []   (m-separated in H0's MAG, m-connected in G*)
  true PAG G* (over observed):
Graph Nodes:
V1;V2;V3;V4;V5

Graph Edges:
1. V2 o-> V1
2. V2 o-o V4
3. V3 <-> V1
4. V4 o-o V5
5. V5 o-> V3


  H0 (legal PAG = G* + spurious, cold-reoriented):
Graph Nodes:
V1;V2;V3;V4;V5

Graph Edges:
1. V1 --> V4
2. V1 --> V5
3. V2 o-> V1
4. V2 --> V4
5. V3 <-> V1
6. V3 <-> V5
7. V5 --> V4



==== NON-I-MAP H0 (cold reorient of G*+spurious is NOT an I-map of G*) ====
  Under the corrected sepset regime this population is expected EMPTY; an entry
  here is a defect. The witness CI below is the proof of the violation.
  model                 : PAG#7984
  extra (spurious) edges: [V2 o-o V3, V3 o-o V4]  (k=2)
  WITNESS (holds in H0, fails in G*): V1 _||_ V5 | []   (m-separated in H0's MAG, m-connected in G*)
  true PAG G* (over observed):
Graph Nodes:
V1;V2;V3;V4;V5

Graph Edges:
1. V2 o-> V1
2. V2 o-o V4
3. V3 <-> V1
4. V4 o-o V5
5. V5 o-> V3


  H0 (legal PAG = G* + spurious, cold-reoriented):
Graph Nodes:
V1;V2;V3;V4;V5

Graph Edges:
1. V1 <-> V2
2. V2 --> V4
3. V3 <-> V1
4. V3 --> V2
5. V3 --> V4
6. V5 o-> V3
7. V5 --> V4



==== NON-I-MAP H0 (cold reorient of G*+spurious is NOT an I-map of G*) ====
  Under the corrected sepset regime this population is expected EMPTY; an entry
  here is a defect. The witness CI below is the proof of the violation.
  model                 : PAG#8009
  extra (spurious) edges: [V2 o-o V5, V4 o-o V5]  (k=2)
  WITNESS (holds in H0, fails in G*): V1 _||_ V2 | [V5]   (m-separated in H0's MAG, m-connected in G*)
  true PAG G* (over observed):
Graph Nodes:
V1;V2;V3;V4;V5

Graph Edges:
1. V1 --> V5
2. V2 o-> V3
3. V3 <-> V1
4. V3 --> V5
5. V4 o-> V1


  H0 (legal PAG = G* + spurious, cold-reoriented):
Graph Nodes:
V1;V2;V3;V4;V5

Graph Edges:
1. V2 o-> V3
2. V2 o-o V5
3. V3 <-> V1
4. V4 o-> V1
5. V4 o-o V5
6. V5 o-> V1
7. V5 o-> V3



==== NON-I-MAP H0 (cold reorient of G*+spurious is NOT an I-map of G*) ====
  Under the corrected sepset regime this population is expected EMPTY; an entry
  here is a defect. The witness CI below is the proof of the violation.
  model                 : PAG#8042
  extra (spurious) edges: [V1 o-o V4, V2 o-o V4]  (k=2)
  WITNESS (holds in H0, fails in G*): V2 _||_ V5 | [V4]   (m-separated in H0's MAG, m-connected in G*)
  true PAG G* (over observed):
Graph Nodes:
V1;V2;V3;V4;V5

Graph Edges:
1. V1 o-o V2
2. V1 o-> V5
3. V2 o-> V3
4. V3 <-> V4
5. V5 <-> V4


  H0 (legal PAG = G* + spurious, cold-reoriented):
Graph Nodes:
V1;V2;V3;V4;V5

Graph Edges:
1. V2 --> V1
2. V3 <-> V2
3. V4 --> V1
4. V4 --> V2
5. V4 <-> V3
6. V4 <-> V5
7. V5 <-> V1



==== NON-I-MAP H0 (cold reorient of G*+spurious is NOT an I-map of G*) ====
  Under the corrected sepset regime this population is expected EMPTY; an entry
  here is a defect. The witness CI below is the proof of the violation.
  model                 : PAG#8093
  extra (spurious) edges: [V3 o-o V5, V4 o-o V5]  (k=2)
  WITNESS (holds in H0, fails in G*): V2 _||_ V3 | [V4, V5]   (m-separated in H0's MAG, m-connected in G*)
  true PAG G* (over observed):
Graph Nodes:
V1;V2;V3;V4;V5

Graph Edges:
1. V1 <-> V2
2. V1 --> V5
3. V2 <-> V5
4. V3 o-> V4
5. V4 <-> V1


  H0 (legal PAG = G* + spurious, cold-reoriented):
Graph Nodes:
V1;V2;V3;V4;V5

Graph Edges:
1. V1 <-> V4
2. V2 o-> V1
3. V2 o-o V5
4. V3 o-> V4
5. V3 o-o V5
6. V5 o-> V1
7. V5 o-> V4



==== NON-I-MAP H0 (cold reorient of G*+spurious is NOT an I-map of G*) ====
  Under the corrected sepset regime this population is expected EMPTY; an entry
  here is a defect. The witness CI below is the proof of the violation.
  model                 : PAG#8145
  extra (spurious) edges: [V1 o-o V3, V1 o-o V4]  (k=2)
  WITNESS (holds in H0, fails in G*): V2 _||_ V4 | [V1]   (m-separated in H0's MAG, m-connected in G*)
  true PAG G* (over observed):
Graph Nodes:
V1;V2;V3;V4;V5

Graph Edges:
1. V2 o-> V1
2. V3 o-o V2
3. V4 o-o V3
4. V4 o-> V5
5. V5 <-> V1


  H0 (legal PAG = G* + spurious, cold-reoriented):
Graph Nodes:
V1;V2;V3;V4;V5

Graph Edges:
1. V1 --> V3
2. V1 --> V4
3. V2 o-> V1
4. V2 --> V3
5. V4 --> V3
6. V5 <-> V1
7. V5 <-> V4



==== NON-I-MAP H0 (cold reorient of G*+spurious is NOT an I-map of G*) ====
  Under the corrected sepset regime this population is expected EMPTY; an entry
  here is a defect. The witness CI below is the proof of the violation.
  model                 : PAG#8145
  extra (spurious) edges: [V2 o-o V5, V3 o-o V5]  (k=2)
  WITNESS (holds in H0, fails in G*): V1 _||_ V4 | []   (m-separated in H0's MAG, m-connected in G*)
  true PAG G* (over observed):
Graph Nodes:
V1;V2;V3;V4;V5

Graph Edges:
1. V2 o-> V1
2. V3 o-o V2
3. V4 o-o V3
4. V4 o-> V5
5. V5 <-> V1


  H0 (legal PAG = G* + spurious, cold-reoriented):
Graph Nodes:
V1;V2;V3;V4;V5

Graph Edges:
1. V1 <-> V2
2. V2 --> V3
3. V4 --> V3
4. V4 o-> V5
5. V5 <-> V1
6. V5 --> V2
7. V5 --> V3



==== NON-I-MAP H0 (cold reorient of G*+spurious is NOT an I-map of G*) ====
  Under the corrected sepset regime this population is expected EMPTY; an entry
  here is a defect. The witness CI below is the proof of the violation.
  model                 : PAG#8149
  extra (spurious) edges: [V1 o-o V3, V1 o-o V4]  (k=2)
  WITNESS (holds in H0, fails in G*): V2 _||_ V3 | [V1, V4]   (m-separated in H0's MAG, m-connected in G*)
  true PAG G* (over observed):
Graph Nodes:
V1;V2;V3;V4;V5

Graph Edges:
1. V2 --> V1
2. V2 --> V5
3. V3 o-o V4
4. V3 --> V5
5. V4 o-o V2
6. V5 --> V1


  H0 (legal PAG = G* + spurious, cold-reoriented):
Graph Nodes:
V1;V2;V3;V4;V5

Graph Edges:
1. V1 o-o V3
2. V1 o-o V4
3. V1 --> V5
4. V2 o-o V1
5. V2 --> V5
6. V3 o-o V4
7. V3 --> V5
8. V4 o-o V2



==== NON-I-MAP H0 (cold reorient of G*+spurious is NOT an I-map of G*) ====
  Under the corrected sepset regime this population is expected EMPTY; an entry
  here is a defect. The witness CI below is the proof of the violation.
  model                 : PAG#8155
  extra (spurious) edges: [V1 o-o V2, V2 o-o V5]  (k=2)
  WITNESS (holds in H0, fails in G*): V4 _||_ V5 | [V1, V2]   (m-separated in H0's MAG, m-connected in G*)
  true PAG G* (over observed):
Graph Nodes:
V1;V2;V3;V4;V5

Graph Edges:
1. V1 o-o V4
2. V3 --> V2
3. V4 --> V2
4. V4 --> V3
5. V5 o-o V1
6. V5 --> V3


  H0 (legal PAG = G* + spurious, cold-reoriented):
Graph Nodes:
V1;V2;V3;V4;V5

Graph Edges:
1. V1 o-o V2
2. V1 o-o V4
3. V2 --> V3
4. V2 o-o V5
5. V4 o-o V2
6. V4 --> V3
7. V5 o-o V1
8. V5 --> V3



==== NON-I-MAP H0 (cold reorient of G*+spurious is NOT an I-map of G*) ====
  Under the corrected sepset regime this population is expected EMPTY; an entry
  here is a defect. The witness CI below is the proof of the violation.
  model                 : PAG#8169
  extra (spurious) edges: [V1 o-o V3, V1 o-o V5]  (k=2)
  WITNESS (holds in H0, fails in G*): V2 _||_ V4 | []   (m-separated in H0's MAG, m-connected in G*)
  true PAG G* (over observed):
Graph Nodes:
V1;V2;V3;V4;V5

Graph Edges:
1. V2 <-> V1
2. V3 o-> V2
3. V4 o-> V1
4. V4 o-o V5
5. V5 o-o V3


  H0 (legal PAG = G* + spurious, cold-reoriented):
Graph Nodes:
V1;V2;V3;V4;V5

Graph Edges:
1. V1 --> V3
2. V1 --> V5
3. V2 <-> V1
4. V2 <-> V3
5. V4 o-> V1
6. V4 --> V5
7. V5 --> V3



==== NON-I-MAP H0 (cold reorient of G*+spurious is NOT an I-map of G*) ====
  Under the corrected sepset regime this population is expected EMPTY; an entry
  here is a defect. The witness CI below is the proof of the violation.
  model                 : PAG#8222
  extra (spurious) edges: [V1 o-o V2, V2 o-o V3]  (k=2)
  WITNESS (holds in H0, fails in G*): V1 _||_ V5 | [V2]   (m-separated in H0's MAG, m-connected in G*)
  true PAG G* (over observed):
Graph Nodes:
V1;V2;V3;V4;V5

Graph Edges:
1. V1 o-o V3
2. V1 o-> V4
3. V3 o-o V5
4. V4 <-> V2
5. V5 o-> V2


  H0 (legal PAG = G* + spurious, cold-reoriented):
Graph Nodes:
V1;V2;V3;V4;V5

Graph Edges:
1. V1 --> V3
2. V2 --> V1
3. V2 --> V3
4. V2 <-> V4
5. V4 <-> V1
6. V5 o-> V2
7. V5 --> V3



==== NON-I-MAP H0 (cold reorient of G*+spurious is NOT an I-map of G*) ====
  Under the corrected sepset regime this population is expected EMPTY; an entry
  here is a defect. The witness CI below is the proof of the violation.
  model                 : PAG#8222
  extra (spurious) edges: [V3 o-o V4, V4 o-o V5]  (k=2)
  WITNESS (holds in H0, fails in G*): V1 _||_ V2 | []   (m-separated in H0's MAG, m-connected in G*)
  true PAG G* (over observed):
Graph Nodes:
V1;V2;V3;V4;V5

Graph Edges:
1. V1 o-o V3
2. V1 o-> V4
3. V3 o-o V5
4. V4 <-> V2
5. V5 o-> V2


  H0 (legal PAG = G* + spurious, cold-reoriented):
Graph Nodes:
V1;V2;V3;V4;V5

Graph Edges:
1. V1 --> V3
2. V1 o-> V4
3. V2 <-> V4
4. V2 <-> V5
5. V4 --> V3
6. V4 --> V5
7. V5 --> V3



==== NON-I-MAP H0 (cold reorient of G*+spurious is NOT an I-map of G*) ====
  Under the corrected sepset regime this population is expected EMPTY; an entry
  here is a defect. The witness CI below is the proof of the violation.
  model                 : PAG#8341
  extra (spurious) edges: [V1 o-o V4, V2 o-o V4]  (k=2)
  WITNESS (holds in H0, fails in G*): V1 _||_ V3 | [V2, V4]   (m-separated in H0's MAG, m-connected in G*)
  true PAG G* (over observed):
Graph Nodes:
V1;V2;V3;V4;V5

Graph Edges:
1. V1 o-> V2
2. V3 <-> V4
3. V5 <-> V2
4. V5 <-> V3
5. V5 --> V4


  H0 (legal PAG = G* + spurious, cold-reoriented):
Graph Nodes:
V1;V2;V3;V4;V5

Graph Edges:
1. V1 o-> V2
2. V1 o-o V4
3. V3 o-o V4
4. V3 o-> V5
5. V4 o-> V2
6. V4 o-> V5
7. V5 <-> V2



==== NON-I-MAP H0 (cold reorient of G*+spurious is NOT an I-map of G*) ====
  Under the corrected sepset regime this population is expected EMPTY; an entry
  here is a defect. The witness CI below is the proof of the violation.
  model                 : PAG#8345
  extra (spurious) edges: [V1 o-o V2, V1 o-o V4, V1 o-o V5]  (k=3)
  WITNESS (holds in H0, fails in G*): V2 _||_ V4 | [V1, V5]   (m-separated in H0's MAG, m-connected in G*)
  true PAG G* (over observed):
Graph Nodes:
V1;V2;V3;V4;V5

Graph Edges:
1. V2 --> V3
2. V2 o-o V5
3. V3 --> V1
4. V4 --> V3
5. V5 o-o V4


  H0 (legal PAG = G* + spurious, cold-reoriented):
Graph Nodes:
V1;V2;V3;V4;V5

Graph Edges:
1. V1 o-o V2
2. V1 --> V3
3. V1 o-o V4
4. V1 o-o V5
5. V2 --> V3
6. V2 o-o V5
7. V4 --> V3
8. V5 o-o V4



==== NON-I-MAP H0 (cold reorient of G*+spurious is NOT an I-map of G*) ====
  Under the corrected sepset regime this population is expected EMPTY; an entry
  here is a defect. The witness CI below is the proof of the violation.
  model                 : PAG#8346
  extra (spurious) edges: [V1 o-o V3, V2 o-o V3, V3 o-o V5]  (k=3)
  WITNESS (holds in H0, fails in G*): V2 _||_ V5 | [V1, V3]   (m-separated in H0's MAG, m-connected in G*)
  true PAG G* (over observed):
Graph Nodes:
V1;V2;V3;V4;V5

Graph Edges:
1. V1 o-o V2
2. V1 o-o V5
3. V2 --> V4
4. V4 --> V3
5. V5 --> V4


  H0 (legal PAG = G* + spurious, cold-reoriented):
Graph Nodes:
V1;V2;V3;V4;V5

Graph Edges:
1. V1 o-o V2
2. V1 o-o V3
3. V1 o-o V5
4. V2 o-o V3
5. V2 --> V4
6. V3 --> V4
7. V3 o-o V5
8. V5 --> V4



==== NON-I-MAP H0 (cold reorient of G*+spurious is NOT an I-map of G*) ====
  Under the corrected sepset regime this population is expected EMPTY; an entry
  here is a defect. The witness CI below is the proof of the violation.
  model                 : PAG#8353
  extra (spurious) edges: [V2 o-o V4, V3 o-o V4, V4 o-o V5]  (k=3)
  WITNESS (holds in H0, fails in G*): V2 _||_ V5 | [V3, V4]   (m-separated in H0's MAG, m-connected in G*)
  true PAG G* (over observed):
Graph Nodes:
V1;V2;V3;V4;V5

Graph Edges:
1. V1 --> V4
2. V2 <-> V1
3. V3 o-> V2
4. V3 o-o V5
5. V5 o-> V1


  H0 (legal PAG = G* + spurious, cold-reoriented):
Graph Nodes:
V1;V2;V3;V4;V5

Graph Edges:
1. V1 <-> V2
2. V3 o-> V2
3. V3 o-o V4
4. V3 o-o V5
5. V4 o-> V1
6. V4 o-> V2
7. V4 o-o V5
8. V5 o-> V1



==== NON-I-MAP H0 (cold reorient of G*+spurious is NOT an I-map of G*) ====
  Under the corrected sepset regime this population is expected EMPTY; an entry
  here is a defect. The witness CI below is the proof of the violation.
  model                 : PAG#8389
  extra (spurious) edges: [V2 o-o V4, V4 o-o V5]  (k=2)
  WITNESS (holds in H0, fails in G*): V2 _||_ V3 | [V4, V5]   (m-separated in H0's MAG, m-connected in G*)
  true PAG G* (over observed):
Graph Nodes:
V1;V2;V3;V4;V5

Graph Edges:
1. V1 --> V4
2. V2 <-> V1
3. V3 <-> V1
4. V3 <-> V4
5. V5 o-> V2
6. V5 o-> V3


  H0 (legal PAG = G* + spurious, cold-reoriented):
Graph Nodes:
V1;V2;V3;V4;V5

Graph Edges:
1. V2 <-> V1
2. V3 <-> V1
3. V4 o-> V1
4. V4 o-> V2
5. V4 o-> V3
6. V4 o-o V5
7. V5 o-> V2
8. V5 o-> V3



==== NON-I-MAP H0 (cold reorient of G*+spurious is NOT an I-map of G*) ====
  Under the corrected sepset regime this population is expected EMPTY; an entry
  here is a defect. The witness CI below is the proof of the violation.
  model                 : PAG#8401
  extra (spurious) edges: [V1 o-o V3, V3 o-o V4]  (k=2)
  WITNESS (holds in H0, fails in G*): V1 _||_ V2 | [V3]   (m-separated in H0's MAG, m-connected in G*)
  true PAG G* (over observed):
Graph Nodes:
V1;V2;V3;V4;V5

Graph Edges:
1. V2 <-> V3
2. V4 o-> V1
3. V5 <-> V1
4. V5 <-> V2
5. V5 --> V3


  H0 (legal PAG = G* + spurious, cold-reoriented):
Graph Nodes:
V1;V2;V3;V4;V5

Graph Edges:
1. V1 <-> V5
2. V2 o-o V3
3. V2 o-> V5
4. V3 o-> V1
5. V3 o-o V4
6. V3 o-> V5
7. V4 o-> V1



==== NON-I-MAP H0 (cold reorient of G*+spurious is NOT an I-map of G*) ====
  Under the corrected sepset regime this population is expected EMPTY; an entry
  here is a defect. The witness CI below is the proof of the violation.
  model                 : PAG#8408
  extra (spurious) edges: [V1 o-o V5, V2 o-o V5, V4 o-o V5]  (k=3)
  WITNESS (holds in H0, fails in G*): V2 _||_ V4 | [V1, V5]   (m-separated in H0's MAG, m-connected in G*)
  true PAG G* (over observed):
Graph Nodes:
V1;V2;V3;V4;V5

Graph Edges:
1. V1 o-o V2
2. V2 --> V3
3. V3 --> V5
4. V4 o-o V1
5. V4 --> V3


  H0 (legal PAG = G* + spurious, cold-reoriented):
Graph Nodes:
V1;V2;V3;V4;V5

Graph Edges:
1. V1 o-o V2
2. V1 o-o V5
3. V2 --> V3
4. V2 o-o V5
5. V4 o-o V1
6. V4 --> V3
7. V4 o-o V5
8. V5 --> V3



==== NON-I-MAP H0 (cold reorient of G*+spurious is NOT an I-map of G*) ====
  Under the corrected sepset regime this population is expected EMPTY; an entry
  here is a defect. The witness CI below is the proof of the violation.
  model                 : PAG#8448
  extra (spurious) edges: [V1 o-o V5, V3 o-o V5]  (k=2)
  WITNESS (holds in H0, fails in G*): V1 _||_ V2 | [V5]   (m-separated in H0's MAG, m-connected in G*)
  true PAG G* (over observed):
Graph Nodes:
V1;V2;V3;V4;V5

Graph Edges:
1. V1 o-> V4
2. V2 --> V5
3. V3 o-> V2
4. V4 <-> V2
5. V4 --> V5


  H0 (legal PAG = G* + spurious, cold-reoriented):
Graph Nodes:
V1;V2;V3;V4;V5

Graph Edges:
1. V1 o-> V4
2. V1 o-o V5
3. V3 o-> V2
4. V3 o-o V5
5. V4 <-> V2
6. V5 o-> V2
7. V5 o-> V4



==== NON-I-MAP H0 (cold reorient of G*+spurious is NOT an I-map of G*) ====
  Under the corrected sepset regime this population is expected EMPTY; an entry
  here is a defect. The witness CI below is the proof of the violation.
  model                 : PAG#8473
  extra (spurious) edges: [V1 o-o V4, V3 o-o V4]  (k=2)
  WITNESS (holds in H0, fails in G*): V1 _||_ V5 | [V3, V4]   (m-separated in H0's MAG, m-connected in G*)
  true PAG G* (over observed):
Graph Nodes:
V1;V2;V3;V4;V5

Graph Edges:
1. V1 --> V2
2. V1 o-o V3
3. V2 --> V4
4. V3 o-o V5
5. V5 --> V2
6. V5 --> V4


  H0 (legal PAG = G* + spurious, cold-reoriented):
Graph Nodes:
V1;V2;V3;V4;V5

Graph Edges:
1. V1 --> V2
2. V1 o-o V3
3. V1 o-o V4
4. V3 o-o V4
5. V3 o-o V5
6. V4 --> V2
7. V5 --> V2
8. V5 o-o V4



==== NON-I-MAP H0 (cold reorient of G*+spurious is NOT an I-map of G*) ====
  Under the corrected sepset regime this population is expected EMPTY; an entry
  here is a defect. The witness CI below is the proof of the violation.
  model                 : PAG#8509
  extra (spurious) edges: [V2 o-o V4, V4 o-o V5]  (k=2)
  WITNESS (holds in H0, fails in G*): V1 _||_ V2 | [V4]   (m-separated in H0's MAG, m-connected in G*)
  true PAG G* (over observed):
Graph Nodes:
V1;V2;V3;V4;V5

Graph Edges:
1. V2 o-> V3
2. V2 o-o V5
3. V4 <-> V1
4. V4 <-> V3
5. V5 o-> V1


  H0 (legal PAG = G* + spurious, cold-reoriented):
Graph Nodes:
V1;V2;V3;V4;V5

Graph Edges:
1. V1 <-> V4
2. V1 <-> V5
3. V2 --> V5
4. V3 <-> V2
5. V3 <-> V4
6. V4 --> V2
7. V4 --> V5



==== NON-I-MAP H0 (cold reorient of G*+spurious is NOT an I-map of G*) ====
  Under the corrected sepset regime this population is expected EMPTY; an entry
  here is a defect. The witness CI below is the proof of the violation.
  model                 : PAG#8521
  extra (spurious) edges: [V1 o-o V4, V2 o-o V3]  (k=2)
  WITNESS (holds in H0, fails in G*): V1 _||_ V2 | [V3, V4]   (m-separated in H0's MAG, m-connected in G*)
  true PAG G* (over observed):
Graph Nodes:
V1;V2;V3;V4;V5

Graph Edges:
1. V1 o-> V5
2. V3 o-o V1
3. V3 --> V4
4. V4 <-> V2
5. V5 <-> V2
6. V5 --> V4


  H0 (legal PAG = G* + spurious, cold-reoriented):
Graph Nodes:
V1;V2;V3;V4;V5

Graph Edges:
1. V2 o-o V3
2. V2 o-> V4
3. V2 o-> V5
4. V3 --> V1
5. V3 o-> V4
6. V4 --> V1
7. V4 <-> V5
8. V5 <-> V1



==== NON-I-MAP H0 (cold reorient of G*+spurious is NOT an I-map of G*) ====
  Under the corrected sepset regime this population is expected EMPTY; an entry
  here is a defect. The witness CI below is the proof of the violation.
  model                 : PAG#8528
  extra (spurious) edges: [V3 o-o V5, V4 o-o V5]  (k=2)
  WITNESS (holds in H0, fails in G*): V1 _||_ V3 | [V4, V5]   (m-separated in H0's MAG, m-connected in G*)
  true PAG G* (over observed):
Graph Nodes:
V1;V2;V3;V4;V5

Graph Edges:
1. V1 <-> V5
2. V2 <-> V1
3. V2 --> V5
4. V3 <-> V2
5. V4 o-> V1
6. V4 o-> V3


  H0 (legal PAG = G* + spurious, cold-reoriented):
Graph Nodes:
V1;V2;V3;V4;V5

Graph Edges:
1. V2 <-> V1
2. V2 <-> V3
3. V4 o-> V1
4. V4 o-> V3
5. V4 o-o V5
6. V5 o-> V1
7. V5 o-> V2
8. V5 o-> V3



==== NON-I-MAP H0 (cold reorient of G*+spurious is NOT an I-map of G*) ====
  Under the corrected sepset regime this population is expected EMPTY; an entry
  here is a defect. The witness CI below is the proof of the violation.
  model                 : PAG#8534
  extra (spurious) edges: [V1 o-o V4, V2 o-o V4, V4 o-o V5]  (k=3)
  WITNESS (holds in H0, fails in G*): V2 _||_ V5 | [V1, V4]   (m-separated in H0's MAG, m-connected in G*)
  true PAG G* (over observed):
Graph Nodes:
V1;V2;V3;V4;V5

Graph Edges:
1. V1 o-o V2
2. V2 --> V3
3. V3 --> V4
4. V5 o-o V1
5. V5 --> V3


  H0 (legal PAG = G* + spurious, cold-reoriented):
Graph Nodes:
V1;V2;V3;V4;V5

Graph Edges:
1. V1 o-o V2
2. V1 o-o V4
3. V2 --> V3
4. V2 o-o V4
5. V4 --> V3
6. V4 o-o V5
7. V5 o-o V1
8. V5 --> V3



==== NON-I-MAP H0 (cold reorient of G*+spurious is NOT an I-map of G*) ====
  Under the corrected sepset regime this population is expected EMPTY; an entry
  here is a defect. The witness CI below is the proof of the violation.
  model                 : PAG#8573
  extra (spurious) edges: [V2 o-o V3, V2 o-o V4]  (k=2)
  WITNESS (holds in H0, fails in G*): V1 _||_ V4 | [V2, V3]   (m-separated in H0's MAG, m-connected in G*)
  true PAG G* (over observed):
Graph Nodes:
V1;V2;V3;V4;V5

Graph Edges:
1. V1 --> V2
2. V1 --> V5
3. V3 o-o V1
4. V4 o-o V3
5. V4 --> V5
6. V5 --> V2


  H0 (legal PAG = G* + spurious, cold-reoriented):
Graph Nodes:
V1;V2;V3;V4;V5

Graph Edges:
1. V1 o-o V2
2. V1 --> V5
3. V2 o-o V3
4. V2 o-o V4
5. V2 --> V5
6. V3 o-o V1
7. V4 o-o V3
8. V4 --> V5



==== NON-I-MAP H0 (cold reorient of G*+spurious is NOT an I-map of G*) ====
  Under the corrected sepset regime this population is expected EMPTY; an entry
  here is a defect. The witness CI below is the proof of the violation.
  model                 : PAG#8574
  extra (spurious) edges: [V1 o-o V2, V2 o-o V3, V2 o-o V5]  (k=3)
  WITNESS (holds in H0, fails in G*): V3 _||_ V5 | [V1, V2]   (m-separated in H0's MAG, m-connected in G*)
  true PAG G* (over observed):
Graph Nodes:
V1;V2;V3;V4;V5

Graph Edges:
1. V1 o-o V5
2. V3 o-o V1
3. V3 --> V4
4. V4 --> V2
5. V5 --> V4


  H0 (legal PAG = G* + spurious, cold-reoriented):
Graph Nodes:
V1;V2;V3;V4;V5

Graph Edges:
1. V1 o-o V2
2. V1 o-o V5
3. V2 o-o V3
4. V2 --> V4
5. V2 o-o V5
6. V3 o-o V1
7. V3 --> V4
8. V5 --> V4



==== NON-I-MAP H0 (cold reorient of G*+spurious is NOT an I-map of G*) ====
  Under the corrected sepset regime this population is expected EMPTY; an entry
  here is a defect. The witness CI below is the proof of the violation.
  model                 : PAG#8589
  extra (spurious) edges: [V2 o-o V3, V2 o-o V4]  (k=2)
  WITNESS (holds in H0, fails in G*): V1 _||_ V4 | [V2, V5]   (m-separated in H0's MAG, m-connected in G*)
  true PAG G* (over observed):
Graph Nodes:
V1;V2;V3;V4;V5

Graph Edges:
1. V1 --> V2
2. V3 o-o V1
3. V4 o-o V3
4. V5 --> V2
5. V5 o-o V4


  H0 (legal PAG = G* + spurious, cold-reoriented):
Graph Nodes:
V1;V2;V3;V4;V5

Graph Edges:
1. V1 o-> V2
2. V1 --> V3
3. V2 --> V3
4. V2 --> V4
5. V4 --> V3
6. V5 o-> V2
7. V5 --> V4



==== NON-I-MAP H0 (cold reorient of G*+spurious is NOT an I-map of G*) ====
  Under the corrected sepset regime this population is expected EMPTY; an entry
  here is a defect. The witness CI below is the proof of the violation.
  model                 : PAG#8612
  extra (spurious) edges: [V1 o-o V4, V2 o-o V3]  (k=2)
  WITNESS (holds in H0, fails in G*): V1 _||_ V2 | [V3, V4]   (m-separated in H0's MAG, m-connected in G*)
  true PAG G* (over observed):
Graph Nodes:
V1;V2;V3;V4;V5

Graph Edges:
1. V2 o-o V4
2. V2 o-> V5
3. V3 <-> V1
4. V4 --> V3
5. V5 <-> V1
6. V5 --> V3


  H0 (legal PAG = G* + spurious, cold-reoriented):
Graph Nodes:
V1;V2;V3;V4;V5

Graph Edges:
1. V1 o-> V3
2. V1 o-o V4
3. V1 o-> V5
4. V3 --> V2
5. V3 <-> V5
6. V4 --> V2
7. V4 o-> V3
8. V5 <-> V2



==== NON-I-MAP H0 (cold reorient of G*+spurious is NOT an I-map of G*) ====
  Under the corrected sepset regime this population is expected EMPTY; an entry
  here is a defect. The witness CI below is the proof of the violation.
  model                 : PAG#8636
  extra (spurious) edges: [V1 o-o V4, V2 o-o V4]  (k=2)
  WITNESS (holds in H0, fails in G*): V2 _||_ V3 | [V1, V4]   (m-separated in H0's MAG, m-connected in G*)
  true PAG G* (over observed):
Graph Nodes:
V1;V2;V3;V4;V5

Graph Edges:
1. V1 o-o V2
2. V1 o-o V3
3. V2 --> V5
4. V3 --> V4
5. V3 --> V5
6. V5 --> V4


  H0 (legal PAG = G* + spurious, cold-reoriented):
Graph Nodes:
V1;V2;V3;V4;V5

Graph Edges:
1. V1 o-o V2
2. V1 o-o V3
3. V1 o-o V4
4. V2 o-o V4
5. V2 --> V5
6. V3 o-o V4
7. V3 --> V5
8. V4 --> V5



==== NON-I-MAP H0 (cold reorient of G*+spurious is NOT an I-map of G*) ====
  Under the corrected sepset regime this population is expected EMPTY; an entry
  here is a defect. The witness CI below is the proof of the violation.
  model                 : PAG#8739
  extra (spurious) edges: [V1 o-o V4, V1 o-o V5]  (k=2)
  WITNESS (holds in H0, fails in G*): V2 _||_ V3 | []   (m-separated in H0's MAG, m-connected in G*)
  true PAG G* (over observed):
Graph Nodes:
V1;V2;V3;V4;V5

Graph Edges:
1. V2 --> V1
2. V2 o-o V4
3. V3 --> V1
4. V4 o-o V5
5. V5 o-o V3


  H0 (legal PAG = G* + spurious, cold-reoriented):
Graph Nodes:
V1;V2;V3;V4;V5

Graph Edges:
1. V1 --> V4
2. V1 --> V5
3. V2 o-> V1
4. V2 --> V4
5. V3 o-> V1
6. V3 --> V5
7. V5 --> V4



==== NON-I-MAP H0 (cold reorient of G*+spurious is NOT an I-map of G*) ====
  Under the corrected sepset regime this population is expected EMPTY; an entry
  here is a defect. The witness CI below is the proof of the violation.
  model                 : PAG#8754
  extra (spurious) edges: [V1 o-o V2, V3 o-o V4]  (k=2)
  WITNESS (holds in H0, fails in G*): V1 _||_ V3 | [V2, V4]   (m-separated in H0's MAG, m-connected in G*)
  true PAG G* (over observed):
Graph Nodes:
V1;V2;V3;V4;V5

Graph Edges:
1. V2 o-> V3
2. V2 o-> V4
3. V4 <-> V1
4. V5 <-> V1
5. V5 <-> V3
6. V5 --> V4


  H0 (legal PAG = G* + spurious, cold-reoriented):
Graph Nodes:
V1;V2;V3;V4;V5

Graph Edges:
1. V1 o-o V2
2. V1 o-> V4
3. V1 o-> V5
4. V2 --> V3
5. V2 o-> V4
6. V3 <-> V5
7. V4 --> V3
8. V4 <-> V5



==== NON-I-MAP H0 (cold reorient of G*+spurious is NOT an I-map of G*) ====
  Under the corrected sepset regime this population is expected EMPTY; an entry
  here is a defect. The witness CI below is the proof of the violation.
  model                 : PAG#8805
  extra (spurious) edges: [V1 o-o V2, V2 o-o V4, V2 o-o V5]  (k=3)
  WITNESS (holds in H0, fails in G*): V4 _||_ V5 | [V1, V2]   (m-separated in H0's MAG, m-connected in G*)
  true PAG G* (over observed):
Graph Nodes:
V1;V2;V3;V4;V5

Graph Edges:
1. V1 o-o V4
2. V3 --> V2
3. V4 --> V3
4. V5 o-o V1
5. V5 --> V3


  H0 (legal PAG = G* + spurious, cold-reoriented):
Graph Nodes:
V1;V2;V3;V4;V5

Graph Edges:
1. V1 o-o V2
2. V1 o-o V4
3. V2 --> V3
4. V2 o-o V4
5. V2 o-o V5
6. V4 --> V3
7. V5 o-o V1
8. V5 --> V3



==== NON-I-MAP H0 (cold reorient of G*+spurious is NOT an I-map of G*) ====
  Under the corrected sepset regime this population is expected EMPTY; an entry
  here is a defect. The witness CI below is the proof of the violation.
  model                 : PAG#8828
  extra (spurious) edges: [V1 o-o V3, V3 o-o V5]  (k=2)
  WITNESS (holds in H0, fails in G*): V1 _||_ V5 | [V3]   (m-separated in H0's MAG, m-connected in G*)
  true PAG G* (over observed):
Graph Nodes:
V1;V2;V3;V4;V5

Graph Edges:
1. V1 <-> V2
2. V3 --> V2
3. V4 <-> V1
4. V4 --> V3
5. V5 <-> V2
6. V5 <-> V4


  H0 (legal PAG = G* + spurious, cold-reoriented):
Graph Nodes:
V1;V2;V3;V4;V5

Graph Edges:
1. V1 <-> V4
2. V2 <-> V1
3. V2 <-> V5
4. V3 o-> V1
5. V3 o-> V2
6. V3 o-> V4
7. V3 o-> V5
8. V4 <-> V5



==== NON-I-MAP H0 (cold reorient of G*+spurious is NOT an I-map of G*) ====
  Under the corrected sepset regime this population is expected EMPTY; an entry
  here is a defect. The witness CI below is the proof of the violation.
  model                 : PAG#8830
  extra (spurious) edges: [V1 o-o V2, V2 o-o V4]  (k=2)
  WITNESS (holds in H0, fails in G*): V3 _||_ V5 | []   (m-separated in H0's MAG, m-connected in G*)
  true PAG G* (over observed):
Graph Nodes:
V1;V2;V3;V4;V5

Graph Edges:
1. V1 o-o V4
2. V1 o-o V5
3. V3 <-> V2
4. V4 o-> V3
5. V5 o-> V2


  H0 (legal PAG = G* + spurious, cold-reoriented):
Graph Nodes:
V1;V2;V3;V4;V5

Graph Edges:
1. V2 --> V1
2. V2 <-> V3
3. V2 --> V4
4. V3 <-> V4
5. V4 --> V1
6. V5 --> V1
7. V5 o-> V2



==== NON-I-MAP H0 (cold reorient of G*+spurious is NOT an I-map of G*) ====
  Under the corrected sepset regime this population is expected EMPTY; an entry
  here is a defect. The witness CI below is the proof of the violation.
  model                 : PAG#8830
  extra (spurious) edges: [V1 o-o V3, V3 o-o V5]  (k=2)
  WITNESS (holds in H0, fails in G*): V1 _||_ V2 | [V3, V4]   (m-separated in H0's MAG, m-connected in G*)
  true PAG G* (over observed):
Graph Nodes:
V1;V2;V3;V4;V5

Graph Edges:
1. V1 o-o V4
2. V1 o-o V5
3. V3 <-> V2
4. V4 o-> V3
5. V5 o-> V2


  H0 (legal PAG = G* + spurious, cold-reoriented):
Graph Nodes:
V1;V2;V3;V4;V5

Graph Edges:
1. V1 --> V5
2. V2 <-> V3
3. V2 <-> V5
4. V3 --> V1
5. V3 --> V5
6. V4 --> V1
7. V4 o-> V3



==== NON-I-MAP H0 (cold reorient of G*+spurious is NOT an I-map of G*) ====
  Under the corrected sepset regime this population is expected EMPTY; an entry
  here is a defect. The witness CI below is the proof of the violation.
  model                 : PAG#8869
  extra (spurious) edges: [V3 o-o V5, V4 o-o V5]  (k=2)
  WITNESS (holds in H0, fails in G*): V2 _||_ V3 | [V4, V5]   (m-separated in H0's MAG, m-connected in G*)
  true PAG G* (over observed):
Graph Nodes:
V1;V2;V3;V4;V5

Graph Edges:
1. V1 --> V5
2. V2 <-> V1
3. V2 <-> V5
4. V3 <-> V1
5. V4 o-> V2
6. V4 o-> V3


  H0 (legal PAG = G* + spurious, cold-reoriented):
Graph Nodes:
V1;V2;V3;V4;V5

Graph Edges:
1. V1 <-> V2
2. V3 <-> V1
3. V4 o-> V2
4. V4 o-> V3
5. V4 o-o V5
6. V5 o-> V1
7. V5 o-> V2
8. V5 o-> V3



==== NON-I-MAP H0 (cold reorient of G*+spurious is NOT an I-map of G*) ====
  Under the corrected sepset regime this population is expected EMPTY; an entry
  here is a defect. The witness CI below is the proof of the violation.
  model                 : PAG#8903
  extra (spurious) edges: [V1 o-o V2, V1 o-o V3]  (k=2)
  WITNESS (holds in H0, fails in G*): V2 _||_ V5 | [V1]   (m-separated in H0's MAG, m-connected in G*)
  true PAG G* (over observed):
Graph Nodes:
V1;V2;V3;V4;V5

Graph Edges:
1. V2 <-> V3
2. V4 --> V1
3. V4 <-> V2
4. V4 --> V3
5. V5 --> V1
6. V5 o-> V4


  H0 (legal PAG = G* + spurious, cold-reoriented):
Graph Nodes:
V1;V2;V3;V4;V5

Graph Edges:
1. V1 o-> V2
2. V1 --> V3
3. V1 o-> V4
4. V2 <-> V3
5. V4 <-> V2
6. V4 --> V3
7. V5 o-o V1
8. V5 o-> V4



==== NON-I-MAP H0 (cold reorient of G*+spurious is NOT an I-map of G*) ====
  Under the corrected sepset regime this population is expected EMPTY; an entry
  here is a defect. The witness CI below is the proof of the violation.
  model                 : PAG#8925
  extra (spurious) edges: [V2 o-o V3, V2 o-o V5]  (k=2)
  WITNESS (holds in H0, fails in G*): V4 _||_ V5 | [V2]   (m-separated in H0's MAG, m-connected in G*)
  true PAG G* (over observed):
Graph Nodes:
V1;V2;V3;V4;V5

Graph Edges:
1. V1 --> V2
2. V1 --> V3
3. V1 <-> V5
4. V3 <-> V5
5. V4 o-> V1
6. V4 --> V2


  H0 (legal PAG = G* + spurious, cold-reoriented):
Graph Nodes:
V1;V2;V3;V4;V5

Graph Edges:
1. V1 --> V3
2. V1 <-> V5
3. V2 o-> V1
4. V2 --> V3
5. V2 o-> V5
6. V4 o-> V1
7. V4 o-o V2
8. V5 <-> V3



==== NON-I-MAP H0 (cold reorient of G*+spurious is NOT an I-map of G*) ====
  Under the corrected sepset regime this population is expected EMPTY; an entry
  here is a defect. The witness CI below is the proof of the violation.
  model                 : PAG#8939
  extra (spurious) edges: [V1 o-o V2, V1 o-o V5]  (k=2)
  WITNESS (holds in H0, fails in G*): V2 _||_ V4 | [V1]   (m-separated in H0's MAG, m-connected in G*)
  true PAG G* (over observed):
Graph Nodes:
V1;V2;V3;V4;V5

Graph Edges:
1. V3 --> V1
2. V3 <-> V2
3. V3 <-> V4
4. V4 <-> V1
5. V5 o-> V2


  H0 (legal PAG = G* + spurious, cold-reoriented):
Graph Nodes:
V1;V2;V3;V4;V5

Graph Edges:
1. V1 o-> V2
2. V1 o-> V3
3. V1 o-o V5
4. V2 <-> V3
5. V4 o-o V1
6. V4 o-> V3
7. V5 o-> V2



==== NON-I-MAP H0 (cold reorient of G*+spurious is NOT an I-map of G*) ====
  Under the corrected sepset regime this population is expected EMPTY; an entry
  here is a defect. The witness CI below is the proof of the violation.
  model                 : PAG#8957
  extra (spurious) edges: [V1 o-o V4, V2 o-o V4]  (k=2)
  WITNESS (holds in H0, fails in G*): V2 _||_ V5 | [V1, V4]   (m-separated in H0's MAG, m-connected in G*)
  true PAG G* (over observed):
Graph Nodes:
V1;V2;V3;V4;V5

Graph Edges:
1. V1 o-> V2
2. V2 <-> V3
3. V3 --> V4
4. V5 o-o V1
5. V5 o-> V3
6. V5 --> V4


  H0 (legal PAG = G* + spurious, cold-reoriented):
Graph Nodes:
V1;V2;V3;V4;V5

Graph Edges:
1. V1 o-> V2
2. V1 o-o V4
3. V3 <-> V2
4. V4 o-> V2
5. V4 o-> V3
6. V5 o-o V1
7. V5 o-> V3
8. V5 o-o V4



==== NON-I-MAP H0 (cold reorient of G*+spurious is NOT an I-map of G*) ====
  Under the corrected sepset regime this population is expected EMPTY; an entry
  here is a defect. The witness CI below is the proof of the violation.
  model                 : PAG#9002
  extra (spurious) edges: [V1 o-o V2, V1 o-o V4]  (k=2)
  WITNESS (holds in H0, fails in G*): V3 _||_ V4 | [V1, V5]   (m-separated in H0's MAG, m-connected in G*)
  true PAG G* (over observed):
Graph Nodes:
V1;V2;V3;V4;V5

Graph Edges:
1. V2 o-> V3
2. V2 o-o V4
3. V3 <-> V1
4. V4 o-o V5
5. V5 o-> V1


  H0 (legal PAG = G* + spurious, cold-reoriented):
Graph Nodes:
V1;V2;V3;V4;V5

Graph Edges:
1. V1 --> V2
2. V1 --> V4
3. V3 <-> V1
4. V3 <-> V2
5. V4 --> V2
6. V5 o-> V1
7. V5 --> V4



==== NON-I-MAP H0 (cold reorient of G*+spurious is NOT an I-map of G*) ====
  Under the corrected sepset regime this population is expected EMPTY; an entry
  here is a defect. The witness CI below is the proof of the violation.
  model                 : PAG#9002
  extra (spurious) edges: [V3 o-o V4, V3 o-o V5]  (k=2)
  WITNESS (holds in H0, fails in G*): V1 _||_ V2 | []   (m-separated in H0's MAG, m-connected in G*)
  true PAG G* (over observed):
Graph Nodes:
V1;V2;V3;V4;V5

Graph Edges:
1. V2 o-> V3
2. V2 o-o V4
3. V3 <-> V1
4. V4 o-o V5
5. V5 o-> V1


  H0 (legal PAG = G* + spurious, cold-reoriented):
Graph Nodes:
V1;V2;V3;V4;V5

Graph Edges:
1. V1 <-> V5
2. V2 o-> V3
3. V2 --> V4
4. V3 <-> V1
5. V3 --> V4
6. V3 --> V5
7. V5 --> V4



==== NON-I-MAP H0 (cold reorient of G*+spurious is NOT an I-map of G*) ====
  Under the corrected sepset regime this population is expected EMPTY; an entry
  here is a defect. The witness CI below is the proof of the violation.
  model                 : PAG#9005
  extra (spurious) edges: [V1 o-o V3, V2 o-o V3]  (k=2)
  WITNESS (holds in H0, fails in G*): V2 _||_ V5 | [V1, V3]   (m-separated in H0's MAG, m-connected in G*)
  true PAG G* (over observed):
Graph Nodes:
V1;V2;V3;V4;V5

Graph Edges:
1. V1 o-o V2
2. V2 --> V4
3. V4 --> V3
4. V5 o-o V1
5. V5 --> V3
6. V5 --> V4


  H0 (legal PAG = G* + spurious, cold-reoriented):
Graph Nodes:
V1;V2;V3;V4;V5

Graph Edges:
1. V1 o-o V2
2. V1 o-o V3
3. V2 o-o V3
4. V2 --> V4
5. V3 --> V4
6. V5 o-o V1
7. V5 o-o V3
8. V5 --> V4



==== NON-I-MAP H0 (cold reorient of G*+spurious is NOT an I-map of G*) ====
  Under the corrected sepset regime this population is expected EMPTY; an entry
  here is a defect. The witness CI below is the proof of the violation.
  model                 : PAG#9039
  extra (spurious) edges: [V1 o-o V5, V4 o-o V5]  (k=2)
  WITNESS (holds in H0, fails in G*): V2 _||_ V3 | []   (m-separated in H0's MAG, m-connected in G*)
  true PAG G* (over observed):
Graph Nodes:
V1;V2;V3;V4;V5

Graph Edges:
1. V1 o-o V2
2. V2 --> V5
3. V3 o-o V4
4. V3 --> V5
5. V4 o-o V1


  H0 (legal PAG = G* + spurious, cold-reoriented):
Graph Nodes:
V1;V2;V3;V4;V5

Graph Edges:
1. V2 --> V1
2. V2 o-> V5
3. V3 --> V4
4. V3 o-> V5
5. V4 --> V1
6. V5 --> V1
7. V5 --> V4



==== NON-I-MAP H0 (cold reorient of G*+spurious is NOT an I-map of G*) ====
  Under the corrected sepset regime this population is expected EMPTY; an entry
  here is a defect. The witness CI below is the proof of the violation.
  model                 : PAG#9092
  extra (spurious) edges: [V2 o-o V3, V3 o-o V4, V3 o-o V5]  (k=3)
  WITNESS (holds in H0, fails in G*): V2 _||_ V5 | [V3, V4]   (m-separated in H0's MAG, m-connected in G*)
  true PAG G* (over observed):
Graph Nodes:
V1;V2;V3;V4;V5

Graph Edges:
1. V1 --> V3
2. V2 --> V1
3. V2 o-o V4
4. V4 o-o V5
5. V5 --> V1


  H0 (legal PAG = G* + spurious, cold-reoriented):
Graph Nodes:
V1;V2;V3;V4;V5

Graph Edges:
1. V2 --> V1
2. V2 o-o V3
3. V2 o-o V4
4. V3 --> V1
5. V3 o-o V4
6. V3 o-o V5
7. V4 o-o V5
8. V5 --> V1



==== NON-I-MAP H0 (cold reorient of G*+spurious is NOT an I-map of G*) ====
  Under the corrected sepset regime this population is expected EMPTY; an entry
  here is a defect. The witness CI below is the proof of the violation.
  model                 : PAG#9122
  extra (spurious) edges: [V3 o-o V4, V3 o-o V5]  (k=2)
  WITNESS (holds in H0, fails in G*): V4 _||_ V5 | [V3]   (m-separated in H0's MAG, m-connected in G*)
  true PAG G* (over observed):
Graph Nodes:
V1;V2;V3;V4;V5

Graph Edges:
1. V1 --> V3
2. V3 --> V2
3. V4 <-> V1
4. V4 <-> V2
5. V5 <-> V1
6. V5 <-> V2


  H0 (legal PAG = G* + spurious, cold-reoriented):
Graph Nodes:
V1;V2;V3;V4;V5

Graph Edges:
1. V1 <-> V5
2. V2 <-> V5
3. V3 o-> V1
4. V3 o-> V2
5. V3 o-> V4
6. V3 o-> V5
7. V4 <-> V1
8. V4 <-> V2



==== NON-I-MAP H0 (cold reorient of G*+spurious is NOT an I-map of G*) ====
  Under the corrected sepset regime this population is expected EMPTY; an entry
  here is a defect. The witness CI below is the proof of the violation.
  model                 : PAG#9130
  extra (spurious) edges: [V1 o-o V2, V1 o-o V5]  (k=2)
  WITNESS (holds in H0, fails in G*): V2 _||_ V4 | [V1, V5]   (m-separated in H0's MAG, m-connected in G*)
  true PAG G* (over observed):
Graph Nodes:
V1;V2;V3;V4;V5

Graph Edges:
1. V3 --> V1
2. V3 <-> V2
3. V3 <-> V4
4. V4 <-> V1
5. V5 o-> V2
6. V5 o-> V4


  H0 (legal PAG = G* + spurious, cold-reoriented):
Graph Nodes:
V1;V2;V3;V4;V5

Graph Edges:
1. V1 o-> V2
2. V1 o-> V3
3. V1 o-> V4
4. V1 o-o V5
5. V2 <-> V3
6. V4 <-> V3
7. V5 o-> V2
8. V5 o-> V4



==== NON-I-MAP H0 (cold reorient of G*+spurious is NOT an I-map of G*) ====
  Under the corrected sepset regime this population is expected EMPTY; an entry
  here is a defect. The witness CI below is the proof of the violation.
  model                 : PAG#9140
  extra (spurious) edges: [V1 o-o V5, V4 o-o V5]  (k=2)
  WITNESS (holds in H0, fails in G*): V1 _||_ V3 | [V5]   (m-separated in H0's MAG, m-connected in G*)
  true PAG G* (over observed):
Graph Nodes:
V1;V2;V3;V4;V5

Graph Edges:
1. V2 <-> V1
2. V2 --> V5
3. V3 o-> V2
4. V3 --> V5
5. V4 o-> V1


  H0 (legal PAG = G* + spurious, cold-reoriented):
Graph Nodes:
V1;V2;V3;V4;V5

Graph Edges:
1. V2 <-> V1
2. V3 o-> V2
3. V3 o-o V5
4. V4 o-> V1
5. V4 o-o V5
6. V5 o-> V1
7. V5 o-> V2



==== NON-I-MAP H0 (cold reorient of G*+spurious is NOT an I-map of G*) ====
  Under the corrected sepset regime this population is expected EMPTY; an entry
  here is a defect. The witness CI below is the proof of the violation.
  model                 : PAG#9180
  extra (spurious) edges: [V1 o-o V5, V4 o-o V5]  (k=2)
  WITNESS (holds in H0, fails in G*): V1 _||_ V2 | [V5]   (m-separated in H0's MAG, m-connected in G*)
  true PAG G* (over observed):
Graph Nodes:
V1;V2;V3;V4;V5

Graph Edges:
1. V1 o-> V3
2. V2 --> V5
3. V3 <-> V2
4. V3 --> V5
5. V4 o-> V2


  H0 (legal PAG = G* + spurious, cold-reoriented):
Graph Nodes:
V1;V2;V3;V4;V5

Graph Edges:
1. V1 o-> V3
2. V1 o-o V5
3. V3 <-> V2
4. V4 o-> V2
5. V4 o-o V5
6. V5 o-> V2
7. V5 o-> V3



==== NON-I-MAP H0 (cold reorient of G*+spurious is NOT an I-map of G*) ====
  Under the corrected sepset regime this population is expected EMPTY; an entry
  here is a defect. The witness CI below is the proof of the violation.
  model                 : PAG#9185
  extra (spurious) edges: [V2 o-o V3, V3 o-o V5]  (k=2)
  WITNESS (holds in H0, fails in G*): V1 _||_ V5 | [V2, V3]   (m-separated in H0's MAG, m-connected in G*)
  true PAG G* (over observed):
Graph Nodes:
V1;V2;V3;V4;V5

Graph Edges:
1. V1 o-o V2
2. V1 --> V3
3. V1 --> V4
4. V2 o-o V5
5. V4 --> V3
6. V5 --> V4


  H0 (legal PAG = G* + spurious, cold-reoriented):
Graph Nodes:
V1;V2;V3;V4;V5

Graph Edges:
1. V1 o-o V2
2. V1 o-o V3
3. V1 --> V4
4. V2 o-o V3
5. V2 o-o V5
6. V3 --> V4
7. V3 o-o V5
8. V5 --> V4



==== NON-I-MAP H0 (cold reorient of G*+spurious is NOT an I-map of G*) ====
  Under the corrected sepset regime this population is expected EMPTY; an entry
  here is a defect. The witness CI below is the proof of the violation.
  model                 : PAG#9199
  extra (spurious) edges: [V3 o-o V5, V4 o-o V5]  (k=2)
  WITNESS (holds in H0, fails in G*): V2 _||_ V3 | [V4, V5]   (m-separated in H0's MAG, m-connected in G*)
  true PAG G* (over observed):
Graph Nodes:
V1;V2;V3;V4;V5

Graph Edges:
1. V1 --> V5
2. V2 --> V1
3. V2 o-o V4
4. V2 --> V5
5. V3 --> V1
6. V4 o-o V3


  H0 (legal PAG = G* + spurious, cold-reoriented):
Graph Nodes:
V1;V2;V3;V4;V5

Graph Edges:
1. V2 --> V1
2. V2 o-o V4
3. V2 o-o V5
4. V3 --> V1
5. V3 o-o V5
6. V4 o-o V3
7. V4 o-o V5
8. V5 --> V1



==== NON-I-MAP H0 (cold reorient of G*+spurious is NOT an I-map of G*) ====
  Under the corrected sepset regime this population is expected EMPTY; an entry
  here is a defect. The witness CI below is the proof of the violation.
  model                 : PAG#9203
  extra (spurious) edges: [V1 o-o V5, V2 o-o V5]  (k=2)
  WITNESS (holds in H0, fails in G*): V1 _||_ V2 | [V5]   (m-separated in H0's MAG, m-connected in G*)
  true PAG G* (over observed):
Graph Nodes:
V1;V2;V3;V4;V5

Graph Edges:
1. V1 o-> V3
2. V2 o-> V4
3. V3 --> V5
4. V4 <-> V3
5. V4 --> V5


  H0 (legal PAG = G* + spurious, cold-reoriented):
Graph Nodes:
V1;V2;V3;V4;V5

Graph Edges:
1. V1 o-> V3
2. V1 o-o V5
3. V2 o-> V4
4. V2 o-o V5
5. V3 <-> V4
6. V5 o-> V3
7. V5 o-> V4



==== NON-I-MAP H0 (cold reorient of G*+spurious is NOT an I-map of G*) ====
  Under the corrected sepset regime this population is expected EMPTY; an entry
  here is a defect. The witness CI below is the proof of the violation.
  model                 : PAG#9219
  extra (spurious) edges: [V2 o-o V5, V3 o-o V5]  (k=2)
  WITNESS (holds in H0, fails in G*): V1 _||_ V2 | [V3, V5]   (m-separated in H0's MAG, m-connected in G*)
  true PAG G* (over observed):
Graph Nodes:
V1;V2;V3;V4;V5

Graph Edges:
1. V1 --> V4
2. V1 --> V5
3. V2 o-o V3
4. V2 --> V4
5. V3 o-o V1
6. V4 --> V5


  H0 (legal PAG = G* + spurious, cold-reoriented):
Graph Nodes:
V1;V2;V3;V4;V5

Graph Edges:
1. V1 --> V4
2. V1 o-o V5
3. V2 o-o V3
4. V2 --> V4
5. V2 o-o V5
6. V3 o-o V1
7. V3 o-o V5
8. V5 --> V4



==== NON-I-MAP H0 (cold reorient of G*+spurious is NOT an I-map of G*) ====
  Under the corrected sepset regime this population is expected EMPTY; an entry
  here is a defect. The witness CI below is the proof of the violation.
  model                 : PAG#9251
  extra (spurious) edges: [V1 o-o V4, V1 o-o V5]  (k=2)
  WITNESS (holds in H0, fails in G*): V3 _||_ V4 | [V1]   (m-separated in H0's MAG, m-connected in G*)
  true PAG G* (over observed):
Graph Nodes:
V1;V2;V3;V4;V5

Graph Edges:
1. V2 --> V1
2. V2 <-> V3
3. V3 <-> V1
4. V4 <-> V2
5. V5 o-> V4


  H0 (legal PAG = G* + spurious, cold-reoriented):
Graph Nodes:
V1;V2;V3;V4;V5

Graph Edges:
1. V1 o-> V2
2. V1 o-> V4
3. V1 o-o V5
4. V3 o-o V1
5. V3 o-> V2
6. V4 <-> V2
7. V5 o-> V4



==== NON-I-MAP H0 (cold reorient of G*+spurious is NOT an I-map of G*) ====
  Under the corrected sepset regime this population is expected EMPTY; an entry
  here is a defect. The witness CI below is the proof of the violation.
  model                 : PAG#9267
  extra (spurious) edges: [V2 o-o V3, V4 o-o V5]  (k=2)
  WITNESS (holds in H0, fails in G*): V2 _||_ V5 | [V3, V4]   (m-separated in H0's MAG, m-connected in G*)
  true PAG G* (over observed):
Graph Nodes:
V1;V2;V3;V4;V5

Graph Edges:
1. V1 <-> V2
2. V1 --> V4
3. V3 o-> V4
4. V3 o-> V5
5. V4 <-> V2
6. V5 <-> V1


  H0 (legal PAG = G* + spurious, cold-reoriented):
Graph Nodes:
V1;V2;V3;V4;V5

Graph Edges:
1. V1 <-> V5
2. V2 o-> V1
3. V2 o-o V3
4. V2 o-> V4
5. V3 o-> V4
6. V3 --> V5
7. V4 <-> V1
8. V4 --> V5



==== NON-I-MAP H0 (cold reorient of G*+spurious is NOT an I-map of G*) ====
  Under the corrected sepset regime this population is expected EMPTY; an entry
  here is a defect. The witness CI below is the proof of the violation.
  model                 : PAG#9268
  extra (spurious) edges: [V3 o-o V4, V4 o-o V5]  (k=2)
  WITNESS (holds in H0, fails in G*): V1 _||_ V3 | [V4, V5]   (m-separated in H0's MAG, m-connected in G*)
  true PAG G* (over observed):
Graph Nodes:
V1;V2;V3;V4;V5

Graph Edges:
1. V1 <-> V4
2. V2 <-> V1
3. V2 <-> V3
4. V2 --> V4
5. V5 o-> V1
6. V5 o-> V3


  H0 (legal PAG = G* + spurious, cold-reoriented):
Graph Nodes:
V1;V2;V3;V4;V5

Graph Edges:
1. V1 <-> V2
2. V3 <-> V2
3. V4 o-> V1
4. V4 o-> V2
5. V4 o-> V3
6. V4 o-o V5
7. V5 o-> V1
8. V5 o-> V3



==== NON-I-MAP H0 (cold reorient of G*+spurious is NOT an I-map of G*) ====
  Under the corrected sepset regime this population is expected EMPTY; an entry
  here is a defect. The witness CI below is the proof of the violation.
  model                 : PAG#9281
  extra (spurious) edges: [V1 o-o V4, V1 o-o V5]  (k=2)
  WITNESS (holds in H0, fails in G*): V3 _||_ V5 | [V1, V4]   (m-separated in H0's MAG, m-connected in G*)
  true PAG G* (over observed):
Graph Nodes:
V1;V2;V3;V4;V5

Graph Edges:
1. V2 --> V1
2. V3 --> V1
3. V3 --> V2
4. V4 o-o V3
5. V5 --> V2
6. V5 o-o V4


  H0 (legal PAG = G* + spurious, cold-reoriented):
Graph Nodes:
V1;V2;V3;V4;V5

Graph Edges:
1. V1 --> V2
2. V1 o-o V4
3. V1 o-o V5
4. V3 o-o V1
5. V3 --> V2
6. V4 o-o V3
7. V5 --> V2
8. V5 o-o V4



==== NON-I-MAP H0 (cold reorient of G*+spurious is NOT an I-map of G*) ====
  Under the corrected sepset regime this population is expected EMPTY; an entry
  here is a defect. The witness CI below is the proof of the violation.
  model                 : PAG#9288
  extra (spurious) edges: [V1 o-o V2, V2 o-o V5]  (k=2)
  WITNESS (holds in H0, fails in G*): V1 _||_ V3 | [V2, V5]   (m-separated in H0's MAG, m-connected in G*)
  true PAG G* (over observed):
Graph Nodes:
V1;V2;V3;V4;V5

Graph Edges:
1. V3 --> V2
2. V3 o-> V4
3. V3 o-o V5
4. V4 <-> V1
5. V4 --> V2
6. V5 o-> V1


  H0 (legal PAG = G* + spurious, cold-reoriented):
Graph Nodes:
V1;V2;V3;V4;V5

Graph Edges:
1. V1 <-> V4
2. V2 o-> V1
3. V2 o-> V4
4. V2 o-o V5
5. V3 o-o V2
6. V3 o-> V4
7. V3 o-o V5
8. V5 o-> V1



==== NON-I-MAP H0 (cold reorient of G*+spurious is NOT an I-map of G*) ====
  Under the corrected sepset regime this population is expected EMPTY; an entry
  here is a defect. The witness CI below is the proof of the violation.
  model                 : PAG#9296
  extra (spurious) edges: [V2 o-o V4, V3 o-o V4]  (k=2)
  WITNESS (holds in H0, fails in G*): V1 _||_ V2 | [V4]   (m-separated in H0's MAG, m-connected in G*)
  true PAG G* (over observed):
Graph Nodes:
V1;V2;V3;V4;V5

Graph Edges:
1. V1 <-> V4
2. V3 o-> V2
3. V5 <-> V1
4. V5 <-> V2
5. V5 --> V4


  H0 (legal PAG = G* + spurious, cold-reoriented):
Graph Nodes:
V1;V2;V3;V4;V5

Graph Edges:
1. V1 o-o V4
2. V1 o-> V5
3. V2 <-> V5
4. V3 o-> V2
5. V3 o-o V4
6. V4 o-> V2
7. V4 o-> V5



==== NON-I-MAP H0 (cold reorient of G*+spurious is NOT an I-map of G*) ====
  Under the corrected sepset regime this population is expected EMPTY; an entry
  here is a defect. The witness CI below is the proof of the violation.
  model                 : PAG#9328
  extra (spurious) edges: [V3 o-o V4, V3 o-o V5]  (k=2)
  WITNESS (holds in H0, fails in G*): V1 _||_ V4 | [V3, V5]   (m-separated in H0's MAG, m-connected in G*)
  true PAG G* (over observed):
Graph Nodes:
V1;V2;V3;V4;V5

Graph Edges:
1. V1 --> V2
2. V1 --> V3
3. V1 o-o V5
4. V2 --> V3
5. V4 --> V2
6. V5 o-o V4


  H0 (legal PAG = G* + spurious, cold-reoriented):
Graph Nodes:
V1;V2;V3;V4;V5

Graph Edges:
1. V1 --> V2
2. V1 o-o V3
3. V1 o-o V5
4. V3 --> V2
5. V3 o-o V4
6. V3 o-o V5
7. V4 --> V2
8. V5 o-o V4



==== NON-I-MAP H0 (cold reorient of G*+spurious is NOT an I-map of G*) ====
  Under the corrected sepset regime this population is expected EMPTY; an entry
  here is a defect. The witness CI below is the proof of the violation.
  model                 : PAG#9354
  extra (spurious) edges: [V1 o-o V3, V1 o-o V5]  (k=2)
  WITNESS (holds in H0, fails in G*): V2 _||_ V5 | [V1, V3]   (m-separated in H0's MAG, m-connected in G*)
  true PAG G* (over observed):
Graph Nodes:
V1;V2;V3;V4;V5

Graph Edges:
1. V2 --> V1
2. V2 o-o V3
3. V2 --> V4
4. V3 o-o V5
5. V4 --> V1
6. V5 --> V4


  H0 (legal PAG = G* + spurious, cold-reoriented):
Graph Nodes:
V1;V2;V3;V4;V5

Graph Edges:
1. V1 o-o V3
2. V1 --> V4
3. V1 o-o V5
4. V2 o-o V1
5. V2 o-o V3
6. V2 --> V4
7. V3 o-o V5
8. V5 --> V4



==== NON-I-MAP H0 (cold reorient of G*+spurious is NOT an I-map of G*) ====
  Under the corrected sepset regime this population is expected EMPTY; an entry
  here is a defect. The witness CI below is the proof of the violation.
  model                 : PAG#9401
  extra (spurious) edges: [V1 o-o V3, V2 o-o V4]  (k=2)
  WITNESS (holds in H0, fails in G*): V1 _||_ V4 | [V2, V3]   (m-separated in H0's MAG, m-connected in G*)
  true PAG G* (over observed):
Graph Nodes:
V1;V2;V3;V4;V5

Graph Edges:
1. V2 o-> V1
2. V2 o-> V3
3. V3 <-> V4
4. V5 <-> V1
5. V5 --> V3
6. V5 <-> V4


  H0 (legal PAG = G* + spurious, cold-reoriented):
Graph Nodes:
V1;V2;V3;V4;V5

Graph Edges:
1. V2 --> V1
2. V2 o-> V3
3. V2 o-o V4
4. V3 --> V1
5. V3 <-> V5
6. V4 o-> V3
7. V4 o-> V5
8. V5 <-> V1



==== NON-I-MAP H0 (cold reorient of G*+spurious is NOT an I-map of G*) ====
  Under the corrected sepset regime this population is expected EMPTY; an entry
  here is a defect. The witness CI below is the proof of the violation.
  model                 : PAG#9421
  extra (spurious) edges: [V1 o-o V4, V2 o-o V5]  (k=2)
  WITNESS (holds in H0, fails in G*): V4 _||_ V5 | [V1, V2]   (m-separated in H0's MAG, m-connected in G*)
  true PAG G* (over observed):
Graph Nodes:
V1;V2;V3;V4;V5

Graph Edges:
1. V1 o-> V2
2. V1 o-> V5
3. V2 <-> V4
4. V3 --> V2
5. V3 <-> V4
6. V5 <-> V3


  H0 (legal PAG = G* + spurious, cold-reoriented):
Graph Nodes:
V1;V2;V3;V4;V5

Graph Edges:
1. V1 o-> V2
2. V1 o-o V4
3. V1 --> V5
4. V2 <-> V3
5. V2 --> V5
6. V4 o-> V2
7. V4 o-> V3
8. V5 <-> V3



==== NON-I-MAP H0 (cold reorient of G*+spurious is NOT an I-map of G*) ====
  Under the corrected sepset regime this population is expected EMPTY; an entry
  here is a defect. The witness CI below is the proof of the violation.
  model                 : PAG#9424
  extra (spurious) edges: [V1 o-o V3, V1 o-o V4]  (k=2)
  WITNESS (holds in H0, fails in G*): V3 _||_ V5 | [V1, V4]   (m-separated in H0's MAG, m-connected in G*)
  true PAG G* (over observed):
Graph Nodes:
V1;V2;V3;V4;V5

Graph Edges:
1. V2 --> V1
2. V3 <-> V2
3. V4 o-> V3
4. V4 o-> V5
5. V5 <-> V1
6. V5 <-> V2


  H0 (legal PAG = G* + spurious, cold-reoriented):
Graph Nodes:
V1;V2;V3;V4;V5

Graph Edges:
1. V1 o-> V2
2. V1 o-> V3
3. V1 o-o V4
4. V1 o-> V5
5. V2 <-> V3
6. V2 <-> V5
7. V4 o-> V3
8. V4 o-> V5



==== NON-I-MAP H0 (cold reorient of G*+spurious is NOT an I-map of G*) ====
  Under the corrected sepset regime this population is expected EMPTY; an entry
  here is a defect. The witness CI below is the proof of the violation.
  model                 : PAG#9434
  extra (spurious) edges: [V2 o-o V4, V4 o-o V5]  (k=2)
  WITNESS (holds in H0, fails in G*): V1 _||_ V2 | [V4]   (m-separated in H0's MAG, m-connected in G*)
  true PAG G* (over observed):
Graph Nodes:
V1;V2;V3;V4;V5

Graph Edges:
1. V1 <-> V4
2. V3 <-> V1
3. V3 <-> V2
4. V3 --> V4
5. V5 o-> V2


  H0 (legal PAG = G* + spurious, cold-reoriented):
Graph Nodes:
V1;V2;V3;V4;V5

Graph Edges:
1. V1 o-> V3
2. V1 o-o V4
3. V2 <-> V3
4. V4 o-> V2
5. V4 o-> V3
6. V4 o-o V5
7. V5 o-> V2



==== NON-I-MAP H0 (cold reorient of G*+spurious is NOT an I-map of G*) ====
  Under the corrected sepset regime this population is expected EMPTY; an entry
  here is a defect. The witness CI below is the proof of the violation.
  model                 : PAG#9467
  extra (spurious) edges: [V2 o-o V4, V2 o-o V5]  (k=2)
  WITNESS (holds in H0, fails in G*): V3 _||_ V5 | [V2]   (m-separated in H0's MAG, m-connected in G*)
  true PAG G* (over observed):
Graph Nodes:
V1;V2;V3;V4;V5

Graph Edges:
1. V1 --> V2
2. V1 --> V4
3. V1 <-> V5
4. V3 o-> V1
5. V3 --> V2
6. V4 <-> V5


  H0 (legal PAG = G* + spurious, cold-reoriented):
Graph Nodes:
V1;V2;V3;V4;V5

Graph Edges:
1. V1 --> V4
2. V1 <-> V5
3. V2 o-> V1
4. V2 --> V4
5. V2 o-> V5
6. V3 o-> V1
7. V3 o-o V2
8. V5 <-> V4



==== NON-I-MAP H0 (cold reorient of G*+spurious is NOT an I-map of G*) ====
  Under the corrected sepset regime this population is expected EMPTY; an entry
  here is a defect. The witness CI below is the proof of the violation.
  model                 : PAG#9476
  extra (spurious) edges: [V1 o-o V2, V2 o-o V4, V2 o-o V5]  (k=3)
  WITNESS (holds in H0, fails in G*): V1 _||_ V4 | [V2, V5]   (m-separated in H0's MAG, m-connected in G*)
  true PAG G* (over observed):
Graph Nodes:
V1;V2;V3;V4;V5

Graph Edges:
1. V1 --> V3
2. V1 o-o V5
3. V3 --> V2
4. V4 --> V3
5. V5 o-o V4


  H0 (legal PAG = G* + spurious, cold-reoriented):
Graph Nodes:
V1;V2;V3;V4;V5

Graph Edges:
1. V1 o-o V2
2. V1 --> V3
3. V1 o-o V5
4. V2 --> V3
5. V2 o-o V4
6. V2 o-o V5
7. V4 --> V3
8. V5 o-o V4



==== NON-I-MAP H0 (cold reorient of G*+spurious is NOT an I-map of G*) ====
  Under the corrected sepset regime this population is expected EMPTY; an entry
  here is a defect. The witness CI below is the proof of the violation.
  model                 : PAG#9490
  extra (spurious) edges: [V1 o-o V2, V1 o-o V3]  (k=2)
  WITNESS (holds in H0, fails in G*): V3 _||_ V5 | [V1]   (m-separated in H0's MAG, m-connected in G*)
  true PAG G* (over observed):
Graph Nodes:
V1;V2;V3;V4;V5

Graph Edges:
1. V2 o-o V3
2. V2 o-o V5
3. V3 o-> V4
4. V4 <-> V1
5. V5 o-> V1


  H0 (legal PAG = G* + spurious, cold-reoriented):
Graph Nodes:
V1;V2;V3;V4;V5

Graph Edges:
1. V1 --> V2
2. V1 --> V3
3. V1 <-> V4
4. V3 --> V2
5. V4 <-> V3
6. V5 o-> V1
7. V5 --> V2



==== NON-I-MAP H0 (cold reorient of G*+spurious is NOT an I-map of G*) ====
  Under the corrected sepset regime this population is expected EMPTY; an entry
  here is a defect. The witness CI below is the proof of the violation.
  model                 : PAG#9490
  extra (spurious) edges: [V2 o-o V4, V4 o-o V5]  (k=2)
  WITNESS (holds in H0, fails in G*): V1 _||_ V3 | []   (m-separated in H0's MAG, m-connected in G*)
  true PAG G* (over observed):
Graph Nodes:
V1;V2;V3;V4;V5

Graph Edges:
1. V2 o-o V3
2. V2 o-o V5
3. V3 o-> V4
4. V4 <-> V1
5. V5 o-> V1


  H0 (legal PAG = G* + spurious, cold-reoriented):
Graph Nodes:
V1;V2;V3;V4;V5

Graph Edges:
1. V1 <-> V4
2. V1 <-> V5
3. V3 --> V2
4. V3 o-> V4
5. V4 --> V2
6. V4 --> V5
7. V5 --> V2



==== NON-I-MAP H0 (cold reorient of G*+spurious is NOT an I-map of G*) ====
  Under the corrected sepset regime this population is expected EMPTY; an entry
  here is a defect. The witness CI below is the proof of the violation.
  model                 : PAG#9506
  extra (spurious) edges: [V1 o-o V4, V3 o-o V4]  (k=2)
  WITNESS (holds in H0, fails in G*): V1 _||_ V2 | [V3, V4]   (m-separated in H0's MAG, m-connected in G*)
  true PAG G* (over observed):
Graph Nodes:
V1;V2;V3;V4;V5

Graph Edges:
1. V1 o-> V3
2. V2 <-> V4
3. V5 <-> V2
4. V5 <-> V3
5. V5 --> V4


  H0 (legal PAG = G* + spurious, cold-reoriented):
Graph Nodes:
V1;V2;V3;V4;V5

Graph Edges:
1. V1 o-> V3
2. V1 o-o V4
3. V2 o-o V4
4. V2 o-> V5
5. V4 o-> V3
6. V4 o-> V5
7. V5 <-> V3



==== NON-I-MAP H0 (cold reorient of G*+spurious is NOT an I-map of G*) ====
  Under the corrected sepset regime this population is expected EMPTY; an entry
  here is a defect. The witness CI below is the proof of the violation.
  model                 : PAG#9531
  extra (spurious) edges: [V2 o-o V3, V3 o-o V5]  (k=2)
  WITNESS (holds in H0, fails in G*): V2 _||_ V4 | [V3, V5]   (m-separated in H0's MAG, m-connected in G*)
  true PAG G* (over observed):
Graph Nodes:
V1;V2;V3;V4;V5

Graph Edges:
1. V1 --> V3
2. V2 --> V1
3. V2 o-o V5
4. V4 --> V1
5. V4 --> V3
6. V5 o-o V4


  H0 (legal PAG = G* + spurious, cold-reoriented):
Graph Nodes:
V1;V2;V3;V4;V5

Graph Edges:
1. V2 --> V1
2. V2 o-o V3
3. V2 o-o V5
4. V3 --> V1
5. V3 o-o V5
6. V4 --> V1
7. V4 o-o V3
8. V5 o-o V4



==== NON-I-MAP H0 (cold reorient of G*+spurious is NOT an I-map of G*) ====
  Under the corrected sepset regime this population is expected EMPTY; an entry
  here is a defect. The witness CI below is the proof of the violation.
  model                 : PAG#9534
  extra (spurious) edges: [V1 o-o V2, V2 o-o V5]  (k=2)
  WITNESS (holds in H0, fails in G*): V1 _||_ V3 | [V2, V4]   (m-separated in H0's MAG, m-connected in G*)
  true PAG G* (over observed):
Graph Nodes:
V1;V2;V3;V4;V5

Graph Edges:
1. V1 o-o V4
2. V2 <-> V3
3. V4 o-> V2
4. V5 o-o V1
5. V5 o-> V3


  H0 (legal PAG = G* + spurious, cold-reoriented):
Graph Nodes:
V1;V2;V3;V4;V5

Graph Edges:
1. V1 --> V5
2. V2 --> V1
3. V2 --> V5
4. V3 <-> V2
5. V3 <-> V5
6. V4 --> V1
7. V4 o-> V2



==== NON-I-MAP H0 (cold reorient of G*+spurious is NOT an I-map of G*) ====
  Under the corrected sepset regime this population is expected EMPTY; an entry
  here is a defect. The witness CI below is the proof of the violation.
  model                 : PAG#9534
  extra (spurious) edges: [V1 o-o V3, V3 o-o V4]  (k=2)
  WITNESS (holds in H0, fails in G*): V2 _||_ V5 | []   (m-separated in H0's MAG, m-connected in G*)
  true PAG G* (over observed):
Graph Nodes:
V1;V2;V3;V4;V5

Graph Edges:
1. V1 o-o V4
2. V2 <-> V3
3. V4 o-> V2
4. V5 o-o V1
5. V5 o-> V3


  H0 (legal PAG = G* + spurious, cold-reoriented):
Graph Nodes:
V1;V2;V3;V4;V5

Graph Edges:
1. V2 <-> V4
2. V3 --> V1
3. V3 <-> V2
4. V3 --> V4
5. V4 --> V1
6. V5 --> V1
7. V5 o-> V3



==== NON-I-MAP H0 (cold reorient of G*+spurious is NOT an I-map of G*) ====
  Under the corrected sepset regime this population is expected EMPTY; an entry
  here is a defect. The witness CI below is the proof of the violation.
  model                 : PAG#9545
  extra (spurious) edges: [V1 o-o V3, V4 o-o V5]  (k=2)
  WITNESS (holds in H0, fails in G*): V1 _||_ V4 | [V3, V5]   (m-separated in H0's MAG, m-connected in G*)
  true PAG G* (over observed):
Graph Nodes:
V1;V2;V3;V4;V5

Graph Edges:
1. V2 <-> V1
2. V2 --> V5
3. V3 o-o V4
4. V3 --> V5
5. V4 o-> V2
6. V5 <-> V1


  H0 (legal PAG = G* + spurious, cold-reoriented):
Graph Nodes:
V1;V2;V3;V4;V5

Graph Edges:
1. V1 o-> V2
2. V1 o-o V3
3. V1 o-> V5
4. V2 <-> V4
5. V3 --> V4
6. V3 o-> V5
7. V5 <-> V2
8. V5 --> V4



==== NON-I-MAP H0 (cold reorient of G*+spurious is NOT an I-map of G*) ====
  Under the corrected sepset regime this population is expected EMPTY; an entry
  here is a defect. The witness CI below is the proof of the violation.
  model                 : PAG#9549
  extra (spurious) edges: [V1 o-o V5, V2 o-o V5, V3 o-o V5]  (k=3)
  WITNESS (holds in H0, fails in G*): V2 _||_ V3 | [V1, V5]   (m-separated in H0's MAG, m-connected in G*)
  true PAG G* (over observed):
Graph Nodes:
V1;V2;V3;V4;V5

Graph Edges:
1. V1 o-> V2
2. V3 o-o V1
3. V3 o-> V4
4. V4 <-> V2
5. V4 --> V5


  H0 (legal PAG = G* + spurious, cold-reoriented):
Graph Nodes:
V1;V2;V3;V4;V5

Graph Edges:
1. V1 o-> V2
2. V1 o-o V5
3. V3 o-o V1
4. V3 o-> V4
5. V3 o-o V5
6. V4 <-> V2
7. V5 o-> V2
8. V5 o-> V4



==== NON-I-MAP H0 (cold reorient of G*+spurious is NOT an I-map of G*) ====
  Under the corrected sepset regime this population is expected EMPTY; an entry
  here is a defect. The witness CI below is the proof of the violation.
  model                 : PAG#9556
  extra (spurious) edges: [V1 o-o V4, V2 o-o V4, V3 o-o V4]  (k=3)
  WITNESS (holds in H0, fails in G*): V2 _||_ V3 | [V1, V4]   (m-separated in H0's MAG, m-connected in G*)
  true PAG G* (over observed):
Graph Nodes:
V1;V2;V3;V4;V5

Graph Edges:
1. V1 o-o V2
2. V1 o-o V3
3. V2 --> V5
4. V3 --> V5
5. V5 --> V4


  H0 (legal PAG = G* + spurious, cold-reoriented):
Graph Nodes:
V1;V2;V3;V4;V5

Graph Edges:
1. V1 o-o V2
2. V1 o-o V3
3. V1 o-o V4
4. V2 o-o V4
5. V2 --> V5
6. V3 o-o V4
7. V3 --> V5
8. V4 --> V5



==== NON-I-MAP H0 (cold reorient of G*+spurious is NOT an I-map of G*) ====
  Under the corrected sepset regime this population is expected EMPTY; an entry
  here is a defect. The witness CI below is the proof of the violation.
  model                 : PAG#9578
  extra (spurious) edges: [V1 o-o V4, V2 o-o V4]  (k=2)
  WITNESS (holds in H0, fails in G*): V1 _||_ V5 | [V2, V4]   (m-separated in H0's MAG, m-connected in G*)
  true PAG G* (over observed):
Graph Nodes:
V1;V2;V3;V4;V5

Graph Edges:
1. V1 --> V3
2. V2 o-o V1
3. V3 --> V4
4. V5 o-o V2
5. V5 --> V3
6. V5 --> V4


  H0 (legal PAG = G* + spurious, cold-reoriented):
Graph Nodes:
V1;V2;V3;V4;V5

Graph Edges:
1. V1 --> V3
2. V1 o-o V4
3. V2 o-o V1
4. V2 o-o V4
5. V4 --> V3
6. V5 o-o V2
7. V5 --> V3
8. V5 o-o V4



==== NON-I-MAP H0 (cold reorient of G*+spurious is NOT an I-map of G*) ====
  Under the corrected sepset regime this population is expected EMPTY; an entry
  here is a defect. The witness CI below is the proof of the violation.
  model                 : PAG#9582
  extra (spurious) edges: [V1 o-o V2, V3 o-o V4]  (k=2)
  WITNESS (holds in H0, fails in G*): V2 _||_ V3 | [V1, V4]   (m-separated in H0's MAG, m-connected in G*)
  true PAG G* (over observed):
Graph Nodes:
V1;V2;V3;V4;V5

Graph Edges:
1. V1 o-> V3
2. V1 o-> V4
3. V4 <-> V2
4. V5 <-> V2
5. V5 <-> V3
6. V5 --> V4


  H0 (legal PAG = G* + spurious, cold-reoriented):
Graph Nodes:
V1;V2;V3;V4;V5

Graph Edges:
1. V1 o-o V2
2. V1 --> V3
3. V1 o-> V4
4. V2 o-> V4
5. V2 o-> V5
6. V4 --> V3
7. V4 <-> V5
8. V5 <-> V3



==== NON-I-MAP H0 (cold reorient of G*+spurious is NOT an I-map of G*) ====
  Under the corrected sepset regime this population is expected EMPTY; an entry
  here is a defect. The witness CI below is the proof of the violation.
  model                 : PAG#9614
  extra (spurious) edges: [V1 o-o V3, V1 o-o V4]  (k=2)
  WITNESS (holds in H0, fails in G*): V2 _||_ V4 | [V1, V3]   (m-separated in H0's MAG, m-connected in G*)
  true PAG G* (over observed):
Graph Nodes:
V1;V2;V3;V4;V5

Graph Edges:
1. V2 <-> V1
2. V3 o-> V2
3. V3 o-> V4
4. V5 --> V1
5. V5 <-> V2
6. V5 <-> V4


  H0 (legal PAG = G* + spurious, cold-reoriented):
Graph Nodes:
V1;V2;V3;V4;V5

Graph Edges:
1. V1 o-> V2
2. V1 o-o V3
3. V1 o-> V4
4. V1 o-> V5
5. V2 <-> V5
6. V3 o-> V2
7. V3 o-> V4
8. V4 <-> V5



==== NON-I-MAP H0 (cold reorient of G*+spurious is NOT an I-map of G*) ====
  Under the corrected sepset regime this population is expected EMPTY; an entry
  here is a defect. The witness CI below is the proof of the violation.
  model                 : PAG#9618
  extra (spurious) edges: [V2 o-o V4, V4 o-o V5]  (k=2)
  WITNESS (holds in H0, fails in G*): V3 _||_ V5 | [V2, V4]   (m-separated in H0's MAG, m-connected in G*)
  true PAG G* (over observed):
Graph Nodes:
V1;V2;V3;V4;V5

Graph Edges:
1. V1 --> V4
2. V2 o-o V3
3. V2 o-o V5
4. V3 --> V1
5. V3 --> V4
6. V5 --> V1


  H0 (legal PAG = G* + spurious, cold-reoriented):
Graph Nodes:
V1;V2;V3;V4;V5

Graph Edges:
1. V2 o-o V3
2. V2 o-o V4
3. V2 o-o V5
4. V3 --> V1
5. V3 o-o V4
6. V4 --> V1
7. V4 o-o V5
8. V5 --> V1



==== NON-I-MAP H0 (cold reorient of G*+spurious is NOT an I-map of G*) ====
  Under the corrected sepset regime this population is expected EMPTY; an entry
  here is a defect. The witness CI below is the proof of the violation.
  model                 : PAG#9634
  extra (spurious) edges: [V2 o-o V3, V2 o-o V4]  (k=2)
  WITNESS (holds in H0, fails in G*): V3 _||_ V4 | [V2]   (m-separated in H0's MAG, m-connected in G*)
  true PAG G* (over observed):
Graph Nodes:
V1;V2;V3;V4;V5

Graph Edges:
1. V2 --> V1
2. V3 <-> V1
3. V3 <-> V5
4. V4 <-> V1
5. V5 --> V2
6. V5 <-> V4


  H0 (legal PAG = G* + spurious, cold-reoriented):
Graph Nodes:
V1;V2;V3;V4;V5

Graph Edges:
1. V1 <-> V4
2. V2 o-> V1
3. V2 o-> V3
4. V2 o-> V4
5. V2 o-> V5
6. V3 <-> V1
7. V5 <-> V3
8. V5 <-> V4



==== NON-I-MAP H0 (cold reorient of G*+spurious is NOT an I-map of G*) ====
  Under the corrected sepset regime this population is expected EMPTY; an entry
  here is a defect. The witness CI below is the proof of the violation.
  model                 : PAG#9643
  extra (spurious) edges: [V1 o-o V5, V2 o-o V5]  (k=2)
  WITNESS (holds in H0, fails in G*): V2 _||_ V3 | [V1, V5]   (m-separated in H0's MAG, m-connected in G*)
  true PAG G* (over observed):
Graph Nodes:
V1;V2;V3;V4;V5

Graph Edges:
1. V1 o-o V2
2. V2 --> V4
3. V3 o-o V1
4. V3 --> V4
5. V3 --> V5
6. V4 --> V5


  H0 (legal PAG = G* + spurious, cold-reoriented):
Graph Nodes:
V1;V2;V3;V4;V5

Graph Edges:
1. V1 o-o V2
2. V1 o-o V5
3. V2 --> V4
4. V2 o-o V5
5. V3 o-o V1
6. V3 --> V4
7. V3 o-o V5
8. V5 --> V4



==== NON-I-MAP H0 (cold reorient of G*+spurious is NOT an I-map of G*) ====
  Under the corrected sepset regime this population is expected EMPTY; an entry
  here is a defect. The witness CI below is the proof of the violation.
  model                 : PAG#9716
  extra (spurious) edges: [V1 o-o V5, V2 o-o V5, V3 o-o V5]  (k=3)
  WITNESS (holds in H0, fails in G*): V1 _||_ V3 | [V2, V5]   (m-separated in H0's MAG, m-connected in G*)
  true PAG G* (over observed):
Graph Nodes:
V1;V2;V3;V4;V5

Graph Edges:
1. V2 o-> V1
2. V3 o-o V2
3. V3 o-> V4
4. V4 <-> V1
5. V4 --> V5


  H0 (legal PAG = G* + spurious, cold-reoriented):
Graph Nodes:
V1;V2;V3;V4;V5

Graph Edges:
1. V1 <-> V4
2. V2 o-> V1
3. V2 o-o V5
4. V3 o-o V2
5. V3 o-> V4
6. V3 o-o V5
7. V5 o-> V1
8. V5 o-> V4



==== NON-I-MAP H0 (cold reorient of G*+spurious is NOT an I-map of G*) ====
  Under the corrected sepset regime this population is expected EMPTY; an entry
  here is a defect. The witness CI below is the proof of the violation.
  model                 : PAG#9722
  extra (spurious) edges: [V2 o-o V3, V4 o-o V5]  (k=2)
  WITNESS (holds in H0, fails in G*): V2 _||_ V4 | [V3, V5]   (m-separated in H0's MAG, m-connected in G*)
  true PAG G* (over observed):
Graph Nodes:
V1;V2;V3;V4;V5

Graph Edges:
1. V1 <-> V2
2. V1 --> V5
3. V3 o-> V4
4. V3 o-> V5
5. V4 <-> V1
6. V5 <-> V2


  H0 (legal PAG = G* + spurious, cold-reoriented):
Graph Nodes:
V1;V2;V3;V4;V5

Graph Edges:
1. V1 <-> V4
2. V2 o-> V1
3. V2 o-o V3
4. V2 o-> V5
5. V3 --> V4
6. V3 o-> V5
7. V5 <-> V1
8. V5 --> V4



==== NON-I-MAP H0 (cold reorient of G*+spurious is NOT an I-map of G*) ====
  Under the corrected sepset regime this population is expected EMPTY; an entry
  here is a defect. The witness CI below is the proof of the violation.
  model                 : PAG#9747
  extra (spurious) edges: [V2 o-o V3, V3 o-o V4]  (k=2)
  WITNESS (holds in H0, fails in G*): V1 _||_ V4 | [V2, V3]   (m-separated in H0's MAG, m-connected in G*)
  true PAG G* (over observed):
Graph Nodes:
V1;V2;V3;V4;V5

Graph Edges:
1. V1 o-o V2
2. V1 --> V3
3. V1 --> V5
4. V2 o-o V4
5. V4 --> V5
6. V5 --> V3


  H0 (legal PAG = G* + spurious, cold-reoriented):
Graph Nodes:
V1;V2;V3;V4;V5

Graph Edges:
1. V1 o-o V2
2. V1 o-o V3
3. V1 --> V5
4. V2 o-o V3
5. V2 o-o V4
6. V3 o-o V4
7. V3 --> V5
8. V4 --> V5



==== NON-I-MAP H0 (cold reorient of G*+spurious is NOT an I-map of G*) ====
  Under the corrected sepset regime this population is expected EMPTY; an entry
  here is a defect. The witness CI below is the proof of the violation.
  model                 : PAG#9788
  extra (spurious) edges: [V1 o-o V5, V2 o-o V3]  (k=2)
  WITNESS (holds in H0, fails in G*): V3 _||_ V5 | [V1, V2]   (m-separated in H0's MAG, m-connected in G*)
  true PAG G* (over observed):
Graph Nodes:
V1;V2;V3;V4;V5

Graph Edges:
1. V1 o-> V2
2. V1 o-> V3
3. V2 <-> V5
4. V3 <-> V4
5. V4 --> V2
6. V4 <-> V5


  H0 (legal PAG = G* + spurious, cold-reoriented):
Graph Nodes:
V1;V2;V3;V4;V5

Graph Edges:
1. V1 o-> V2
2. V1 --> V3
3. V1 o-o V5
4. V2 --> V3
5. V2 <-> V4
6. V4 <-> V3
7. V5 o-> V2
8. V5 o-> V4



==== NON-I-MAP H0 (cold reorient of G*+spurious is NOT an I-map of G*) ====
  Under the corrected sepset regime this population is expected EMPTY; an entry
  here is a defect. The witness CI below is the proof of the violation.
  model                 : PAG#9803
  extra (spurious) edges: [V1 o-o V5, V3 o-o V4]  (k=2)
  WITNESS (holds in H0, fails in G*): V3 _||_ V5 | [V1, V4]   (m-separated in H0's MAG, m-connected in G*)
  true PAG G* (over observed):
Graph Nodes:
V1;V2;V3;V4;V5

Graph Edges:
1. V1 o-> V3
2. V1 o-> V4
3. V2 --> V4
4. V2 <-> V5
5. V3 <-> V2
6. V4 <-> V5


  H0 (legal PAG = G* + spurious, cold-reoriented):
Graph Nodes:
V1;V2;V3;V4;V5

Graph Edges:
1. V1 --> V3
2. V1 o-> V4
3. V1 o-o V5
4. V2 <-> V3
5. V4 <-> V2
6. V4 --> V3
7. V5 o-> V2
8. V5 o-> V4



==== NON-I-MAP H0 (cold reorient of G*+spurious is NOT an I-map of G*) ====
  Under the corrected sepset regime this population is expected EMPTY; an entry
  here is a defect. The witness CI below is the proof of the violation.
  model                 : PAG#9813
  extra (spurious) edges: [V1 o-o V5, V3 o-o V5]  (k=2)
  WITNESS (holds in H0, fails in G*): V2 _||_ V3 | [V1, V5]   (m-separated in H0's MAG, m-connected in G*)
  true PAG G* (over observed):
Graph Nodes:
V1;V2;V3;V4;V5

Graph Edges:
1. V1 o-> V2
2. V1 o-> V3
3. V2 <-> V5
4. V4 <-> V2
5. V4 <-> V3
6. V4 --> V5


  H0 (legal PAG = G* + spurious, cold-reoriented):
Graph Nodes:
V1;V2;V3;V4;V5

Graph Edges:
1. V1 o-> V2
2. V1 o-> V3
3. V1 o-o V5
4. V3 <-> V4
5. V4 <-> V2
6. V5 o-> V2
7. V5 o-> V3
8. V5 o-> V4



==== NON-I-MAP H0 (cold reorient of G*+spurious is NOT an I-map of G*) ====
  Under the corrected sepset regime this population is expected EMPTY; an entry
  here is a defect. The witness CI below is the proof of the violation.
  model                 : PAG#9868
  extra (spurious) edges: [V2 o-o V3, V3 o-o V5]  (k=2)
  WITNESS (holds in H0, fails in G*): V2 _||_ V4 | [V3]   (m-separated in H0's MAG, m-connected in G*)
  true PAG G* (over observed):
Graph Nodes:
V1;V2;V3;V4;V5

Graph Edges:
1. V1 <-> V2
2. V1 --> V3
3. V1 --> V5
4. V2 <-> V5
5. V4 o-> V1
6. V4 --> V3


  H0 (legal PAG = G* + spurious, cold-reoriented):
Graph Nodes:
V1;V2;V3;V4;V5

Graph Edges:
1. V1 <-> V2
2. V1 --> V5
3. V2 <-> V5
4. V3 o-> V1
5. V3 o-> V2
6. V3 --> V5
7. V4 o-> V1
8. V4 o-o V3



==== NON-I-MAP H0 (cold reorient of G*+spurious is NOT an I-map of G*) ====
  Under the corrected sepset regime this population is expected EMPTY; an entry
  here is a defect. The witness CI below is the proof of the violation.
  model                 : PAG#9881
  extra (spurious) edges: [V1 o-o V2, V2 o-o V4]  (k=2)
  WITNESS (holds in H0, fails in G*): V1 _||_ V5 | [V2, V4]   (m-separated in H0's MAG, m-connected in G*)
  true PAG G* (over observed):
Graph Nodes:
V1;V2;V3;V4;V5

Graph Edges:
1. V3 <-> V1
2. V3 --> V2
3. V4 o-> V1
4. V4 o-o V5
5. V5 --> V2
6. V5 o-> V3


  H0 (legal PAG = G* + spurious, cold-reoriented):
Graph Nodes:
V1;V2;V3;V4;V5

Graph Edges:
1. V2 o-> V1
2. V2 o-> V3
3. V2 o-o V4
4. V3 <-> V1
5. V4 o-> V1
6. V4 o-o V5
7. V5 o-o V2
8. V5 o-> V3



==== NON-I-MAP H0 (cold reorient of G*+spurious is NOT an I-map of G*) ====
  Under the corrected sepset regime this population is expected EMPTY; an entry
  here is a defect. The witness CI below is the proof of the violation.
  model                 : PAG#9932
  extra (spurious) edges: [V2 o-o V4, V4 o-o V5]  (k=2)
  WITNESS (holds in H0, fails in G*): V2 _||_ V5 | [V4]   (m-separated in H0's MAG, m-connected in G*)
  true PAG G* (over observed):
Graph Nodes:
V1;V2;V3;V4;V5

Graph Edges:
1. V2 <-> V1
2. V2 <-> V3
3. V3 --> V4
4. V4 --> V1
5. V5 <-> V1
6. V5 <-> V3


  H0 (legal PAG = G* + spurious, cold-reoriented):
Graph Nodes:
V1;V2;V3;V4;V5

Graph Edges:
1. V1 <-> V5
2. V2 <-> V1
3. V3 <-> V2
4. V3 <-> V5
5. V4 o-> V1
6. V4 o-> V2
7. V4 o-> V3
8. V4 o-> V5



==== NON-I-MAP H0 (cold reorient of G*+spurious is NOT an I-map of G*) ====
  Under the corrected sepset regime this population is expected EMPTY; an entry
  here is a defect. The witness CI below is the proof of the violation.
  model                 : PAG#9996
  extra (spurious) edges: [V3 o-o V5, V4 o-o V5]  (k=2)
  WITNESS (holds in H0, fails in G*): V1 _||_ V4 | [V3, V5]   (m-separated in H0's MAG, m-connected in G*)
  true PAG G* (over observed):
Graph Nodes:
V1;V2;V3;V4;V5

Graph Edges:
1. V1 --> V2
2. V1 --> V5
3. V2 --> V5
4. V3 o-o V1
5. V4 --> V2
6. V4 o-o V3


  H0 (legal PAG = G* + spurious, cold-reoriented):
Graph Nodes:
V1;V2;V3;V4;V5

Graph Edges:
1. V1 --> V2
2. V1 o-o V5
3. V3 o-o V1
4. V3 o-o V5
5. V4 --> V2
6. V4 o-o V3
7. V4 o-o V5
8. V5 --> V2



==== NON-I-MAP H0 (cold reorient of G*+spurious is NOT an I-map of G*) ====
  Under the corrected sepset regime this population is expected EMPTY; an entry
  here is a defect. The witness CI below is the proof of the violation.
  model                 : PAG#10011
  extra (spurious) edges: [V1 o-o V4, V2 o-o V4, V3 o-o V4]  (k=3)
  WITNESS (holds in H0, fails in G*): V1 _||_ V2 | [V3, V4]   (m-separated in H0's MAG, m-connected in G*)
  true PAG G* (over observed):
Graph Nodes:
V1;V2;V3;V4;V5

Graph Edges:
1. V1 --> V5
2. V2 o-o V3
3. V2 --> V5
4. V3 o-o V1
5. V5 --> V4


  H0 (legal PAG = G* + spurious, cold-reoriented):
Graph Nodes:
V1;V2;V3;V4;V5

Graph Edges:
1. V1 o-o V4
2. V1 --> V5
3. V2 o-o V3
4. V2 o-o V4
5. V2 --> V5
6. V3 o-o V1
7. V3 o-o V4
8. V4 --> V5



==== NON-I-MAP H0 (cold reorient of G*+spurious is NOT an I-map of G*) ====
  Under the corrected sepset regime this population is expected EMPTY; an entry
  here is a defect. The witness CI below is the proof of the violation.
  model                 : PAG#10136
  extra (spurious) edges: [V3 o-o V4, V4 o-o V5]  (k=2)
  WITNESS (holds in H0, fails in G*): V1 _||_ V5 | [V3, V4]   (m-separated in H0's MAG, m-connected in G*)
  true PAG G* (over observed):
Graph Nodes:
V1;V2;V3;V4;V5

Graph Edges:
1. V1 --> V2
2. V1 o-o V3
3. V1 --> V4
4. V2 --> V4
5. V3 o-o V5
6. V5 --> V2


  H0 (legal PAG = G* + spurious, cold-reoriented):
Graph Nodes:
V1;V2;V3;V4;V5

Graph Edges:
1. V1 --> V2
2. V1 o-o V3
3. V1 o-o V4
4. V3 o-o V4
5. V3 o-o V5
6. V4 --> V2
7. V4 o-o V5
8. V5 --> V2



==== NON-I-MAP H0 (cold reorient of G*+spurious is NOT an I-map of G*) ====
  Under the corrected sepset regime this population is expected EMPTY; an entry
  here is a defect. The witness CI below is the proof of the violation.
  model                 : PAG#10141
  extra (spurious) edges: [V1 o-o V3, V4 o-o V5]  (k=2)
  WITNESS (holds in H0, fails in G*): V1 _||_ V5 | [V3, V4]   (m-separated in H0's MAG, m-connected in G*)
  true PAG G* (over observed):
Graph Nodes:
V1;V2;V3;V4;V5

Graph Edges:
1. V2 <-> V1
2. V2 --> V4
3. V3 --> V4
4. V3 o-o V5
5. V4 <-> V1
6. V5 o-> V2


  H0 (legal PAG = G* + spurious, cold-reoriented):
Graph Nodes:
V1;V2;V3;V4;V5

Graph Edges:
1. V1 o-> V2
2. V1 o-o V3
3. V1 o-> V4
4. V2 <-> V5
5. V3 o-> V4
6. V3 --> V5
7. V4 <-> V2
8. V4 --> V5



==== NON-I-MAP H0 (cold reorient of G*+spurious is NOT an I-map of G*) ====
  Under the corrected sepset regime this population is expected EMPTY; an entry
  here is a defect. The witness CI below is the proof of the violation.
  model                 : PAG#10189
  extra (spurious) edges: [V1 o-o V2, V2 o-o V4]  (k=2)
  WITNESS (holds in H0, fails in G*): V3 _||_ V4 | []   (m-separated in H0's MAG, m-connected in G*)
  true PAG G* (over observed):
Graph Nodes:
V1;V2;V3;V4;V5

Graph Edges:
1. V2 o-> V5
2. V3 <-> V1
3. V4 <-> V1
4. V5 <-> V3
5. V5 --> V4


  H0 (legal PAG = G* + spurious, cold-reoriented):
Graph Nodes:
V1;V2;V3;V4;V5

Graph Edges:
1. V1 --> V2
2. V1 <-> V4
3. V2 <-> V4
4. V2 --> V5
5. V3 <-> V1
6. V4 <-> V5
7. V5 <-> V3



==== NON-I-MAP H0 (cold reorient of G*+spurious is NOT an I-map of G*) ====
  Under the corrected sepset regime this population is expected EMPTY; an entry
  here is a defect. The witness CI below is the proof of the violation.
  model                 : PAG#10205
  extra (spurious) edges: [V1 o-o V2, V2 o-o V3]  (k=2)
  WITNESS (holds in H0, fails in G*): V1 _||_ V4 | [V2, V3]   (m-separated in H0's MAG, m-connected in G*)
  true PAG G* (over observed):
Graph Nodes:
V1;V2;V3;V4;V5

Graph Edges:
1. V1 --> V5
2. V3 o-o V1
3. V4 --> V2
4. V4 o-o V3
5. V4 --> V5
6. V5 --> V2


  H0 (legal PAG = G* + spurious, cold-reoriented):
Graph Nodes:
V1;V2;V3;V4;V5

Graph Edges:
1. V1 o-o V2
2. V1 --> V5
3. V2 o-o V3
4. V2 --> V5
5. V3 o-o V1
6. V4 o-o V2
7. V4 o-o V3
8. V4 --> V5



==== NON-I-MAP H0 (cold reorient of G*+spurious is NOT an I-map of G*) ====
  Under the corrected sepset regime this population is expected EMPTY; an entry
  here is a defect. The witness CI below is the proof of the violation.
  model                 : PAG#10276
  extra (spurious) edges: [V2 o-o V4, V3 o-o V4]  (k=2)
  WITNESS (holds in H0, fails in G*): V1 _||_ V3 | [V2, V4]   (m-separated in H0's MAG, m-connected in G*)
  true PAG G* (over observed):
Graph Nodes:
V1;V2;V3;V4;V5

Graph Edges:
1. V1 o-o V2
2. V1 --> V4
3. V1 --> V5
4. V2 o-o V3
5. V3 --> V5
6. V5 --> V4


  H0 (legal PAG = G* + spurious, cold-reoriented):
Graph Nodes:
V1;V2;V3;V4;V5

Graph Edges:
1. V1 o-o V2
2. V1 o-o V4
3. V1 --> V5
4. V2 o-o V3
5. V2 o-o V4
6. V3 o-o V4
7. V3 --> V5
8. V4 --> V5



==== NON-I-MAP H0 (cold reorient of G*+spurious is NOT an I-map of G*) ====
  Under the corrected sepset regime this population is expected EMPTY; an entry
  here is a defect. The witness CI below is the proof of the violation.
  model                 : PAG#10298
  extra (spurious) edges: [V1 o-o V3, V3 o-o V4]  (k=2)
  WITNESS (holds in H0, fails in G*): V2 _||_ V4 | []   (m-separated in H0's MAG, m-connected in G*)
  true PAG G* (over observed):
Graph Nodes:
V1;V2;V3;V4;V5

Graph Edges:
1. V2 o-> V1
2. V2 o-> V5
3. V3 o-> V5
4. V4 <-> V1
5. V5 --> V4


  H0 (legal PAG = G* + spurious, cold-reoriented):
Graph Nodes:
V1;V2;V3;V4;V5

Graph Edges:
1. V1 --> V3
2. V1 <-> V4
3. V2 o-> V1
4. V2 --> V5
5. V3 <-> V4
6. V3 --> V5
7. V4 <-> V5



==== NON-I-MAP H0 (cold reorient of G*+spurious is NOT an I-map of G*) ====
  Under the corrected sepset regime this population is expected EMPTY; an entry
  here is a defect. The witness CI below is the proof of the violation.
  model                 : PAG#10312
  extra (spurious) edges: [V3 o-o V4, V4 o-o V5]  (k=2)
  WITNESS (holds in H0, fails in G*): V1 _||_ V3 | [V4, V5]   (m-separated in H0's MAG, m-connected in G*)
  true PAG G* (over observed):
Graph Nodes:
V1;V2;V3;V4;V5

Graph Edges:
1. V1 --> V2
2. V1 --> V4
3. V2 --> V4
4. V3 --> V2
5. V3 o-o V5
6. V5 o-o V1


  H0 (legal PAG = G* + spurious, cold-reoriented):
Graph Nodes:
V1;V2;V3;V4;V5

Graph Edges:
1. V1 --> V2
2. V1 o-o V4
3. V3 --> V2
4. V3 o-o V4
5. V3 o-o V5
6. V4 --> V2
7. V4 o-o V5
8. V5 o-o V1



==== NON-I-MAP H0 (cold reorient of G*+spurious is NOT an I-map of G*) ====
  Under the corrected sepset regime this population is expected EMPTY; an entry
  here is a defect. The witness CI below is the proof of the violation.
  model                 : PAG#10314
  extra (spurious) edges: [V1 o-o V2, V3 o-o V5]  (k=2)
  WITNESS (holds in H0, fails in G*): V1 _||_ V3 | [V2, V5]   (m-separated in H0's MAG, m-connected in G*)
  true PAG G* (over observed):
Graph Nodes:
V1;V2;V3;V4;V5

Graph Edges:
1. V1 o-> V4
2. V1 o-o V5
3. V2 <-> V3
4. V4 --> V2
5. V4 <-> V3
6. V5 --> V2


  H0 (legal PAG = G* + spurious, cold-reoriented):
Graph Nodes:
V1;V2;V3;V4;V5

Graph Edges:
1. V2 --> V1
2. V2 <-> V4
3. V3 o-> V2
4. V3 o-> V4
5. V3 o-o V5
6. V4 <-> V1
7. V5 --> V1
8. V5 o-> V2



==== NON-I-MAP H0 (cold reorient of G*+spurious is NOT an I-map of G*) ====
  Under the corrected sepset regime this population is expected EMPTY; an entry
  here is a defect. The witness CI below is the proof of the violation.
  model                 : PAG#10338
  extra (spurious) edges: [V1 o-o V4, V1 o-o V5]  (k=2)
  WITNESS (holds in H0, fails in G*): V2 _||_ V4 | [V1]   (m-separated in H0's MAG, m-connected in G*)
  true PAG G* (over observed):
Graph Nodes:
V1;V2;V3;V4;V5

Graph Edges:
1. V2 <-> V1
2. V3 --> V1
3. V3 <-> V2
4. V3 <-> V4
5. V3 --> V5
6. V5 <-> V4


  H0 (legal PAG = G* + spurious, cold-reoriented):
Graph Nodes:
V1;V2;V3;V4;V5

Graph Edges:
1. V1 o-> V3
2. V1 o-> V4
3. V1 --> V5
4. V2 o-o V1
5. V2 o-> V3
6. V3 <-> V4
7. V3 --> V5
8. V5 <-> V4



==== NON-I-MAP H0 (cold reorient of G*+spurious is NOT an I-map of G*) ====
  Under the corrected sepset regime this population is expected EMPTY; an entry
  here is a defect. The witness CI below is the proof of the violation.
  model                 : PAG#10338
  extra (spurious) edges: [V1 o-o V5, V2 o-o V5]  (k=2)
  WITNESS (holds in H0, fails in G*): V2 _||_ V4 | [V5]   (m-separated in H0's MAG, m-connected in G*)
  true PAG G* (over observed):
Graph Nodes:
V1;V2;V3;V4;V5

Graph Edges:
1. V2 <-> V1
2. V3 --> V1
3. V3 <-> V2
4. V3 <-> V4
5. V3 --> V5
6. V5 <-> V4


  H0 (legal PAG = G* + spurious, cold-reoriented):
Graph Nodes:
V1;V2;V3;V4;V5

Graph Edges:
1. V2 <-> V1
2. V3 --> V1
3. V3 <-> V2
4. V4 o-> V3
5. V5 --> V1
6. V5 o-> V2
7. V5 o-> V3
8. V5 o-o V4



==== NON-I-MAP H0 (cold reorient of G*+spurious is NOT an I-map of G*) ====
  Under the corrected sepset regime this population is expected EMPTY; an entry
  here is a defect. The witness CI below is the proof of the violation.
  model                 : PAG#10376
  extra (spurious) edges: [V1 o-o V3, V3 o-o V4]  (k=2)
  WITNESS (holds in H0, fails in G*): V1 _||_ V5 | [V3, V4]   (m-separated in H0's MAG, m-connected in G*)
  true PAG G* (over observed):
Graph Nodes:
V1;V2;V3;V4;V5

Graph Edges:
1. V1 <-> V2
2. V2 --> V3
3. V4 o-> V1
4. V4 o-o V5
5. V5 o-> V2
6. V5 --> V3


  H0 (legal PAG = G* + spurious, cold-reoriented):
Graph Nodes:
V1;V2;V3;V4;V5

Graph Edges:
1. V2 <-> V1
2. V3 o-> V1
3. V3 o-> V2
4. V3 o-o V4
5. V4 o-> V1
6. V4 o-o V5
7. V5 o-> V2
8. V5 o-o V3



==== NON-I-MAP H0 (cold reorient of G*+spurious is NOT an I-map of G*) ====
  Under the corrected sepset regime this population is expected EMPTY; an entry
  here is a defect. The witness CI below is the proof of the violation.
  model                 : PAG#10436
  extra (spurious) edges: [V3 o-o V5, V4 o-o V5]  (k=2)
  WITNESS (holds in H0, fails in G*): V1 _||_ V3 | [V5]   (m-separated in H0's MAG, m-connected in G*)
  true PAG G* (over observed):
Graph Nodes:
V1;V2;V3;V4;V5

Graph Edges:
1. V1 --> V5
2. V2 <-> V1
3. V2 --> V5
4. V3 o-> V2
5. V4 o-> V1


  H0 (legal PAG = G* + spurious, cold-reoriented):
Graph Nodes:
V1;V2;V3;V4;V5

Graph Edges:
1. V2 <-> V1
2. V3 o-> V2
3. V3 o-o V5
4. V4 o-> V1
5. V4 o-o V5
6. V5 o-> V1
7. V5 o-> V2



==== NON-I-MAP H0 (cold reorient of G*+spurious is NOT an I-map of G*) ====
  Under the corrected sepset regime this population is expected EMPTY; an entry
  here is a defect. The witness CI below is the proof of the violation.
  model                 : PAG#10464
  extra (spurious) edges: [V1 o-o V2, V1 o-o V3, V1 o-o V4]  (k=3)
  WITNESS (holds in H0, fails in G*): V2 _||_ V4 | [V1, V3]   (m-separated in H0's MAG, m-connected in G*)
  true PAG G* (over observed):
Graph Nodes:
V1;V2;V3;V4;V5

Graph Edges:
1. V2 --> V5
2. V3 o-o V2
3. V4 o-o V3
4. V4 --> V5
5. V5 --> V1


  H0 (legal PAG = G* + spurious, cold-reoriented):
Graph Nodes:
V1;V2;V3;V4;V5

Graph Edges:
1. V1 o-o V2
2. V1 o-o V3
3. V1 o-o V4
4. V1 --> V5
5. V2 --> V5
6. V3 o-o V2
7. V4 o-o V3
8. V4 --> V5



==== NON-I-MAP H0 (cold reorient of G*+spurious is NOT an I-map of G*) ====
  Under the corrected sepset regime this population is expected EMPTY; an entry
  here is a defect. The witness CI below is the proof of the violation.
  model                 : PAG#10575
  extra (spurious) edges: [V1 o-o V4, V3 o-o V4, V4 o-o V5]  (k=3)
  WITNESS (holds in H0, fails in G*): V1 _||_ V3 | [V4, V5]   (m-separated in H0's MAG, m-connected in G*)
  true PAG G* (over observed):
Graph Nodes:
V1;V2;V3;V4;V5

Graph Edges:
1. V1 --> V2
2. V2 --> V4
3. V3 --> V2
4. V3 o-o V5
5. V5 o-o V1


  H0 (legal PAG = G* + spurious, cold-reoriented):
Graph Nodes:
V1;V2;V3;V4;V5

Graph Edges:
1. V1 --> V2
2. V1 o-o V4
3. V3 --> V2
4. V3 o-o V4
5. V3 o-o V5
6. V4 --> V2
7. V4 o-o V5
8. V5 o-o V1



==== NON-I-MAP H0 (cold reorient of G*+spurious is NOT an I-map of G*) ====
  Under the corrected sepset regime this population is expected EMPTY; an entry
  here is a defect. The witness CI below is the proof of the violation.
  model                 : PAG#10579
  extra (spurious) edges: [V3 o-o V5, V4 o-o V5]  (k=2)
  WITNESS (holds in H0, fails in G*): V1 _||_ V4 | [V3, V5]   (m-separated in H0's MAG, m-connected in G*)
  true PAG G* (over observed):
Graph Nodes:
V1;V2;V3;V4;V5

Graph Edges:
1. V1 --> V5
2. V2 <-> V1
3. V2 --> V5
4. V3 o-> V1
5. V4 o-> V2
6. V4 o-o V3


  H0 (legal PAG = G* + spurious, cold-reoriented):
Graph Nodes:
V1;V2;V3;V4;V5

Graph Edges:
1. V1 <-> V2
2. V3 o-> V1
3. V3 o-o V5
4. V4 o-> V2
5. V4 o-o V3
6. V4 o-o V5
7. V5 o-> V1
8. V5 o-> V2



==== NON-I-MAP H0 (cold reorient of G*+spurious is NOT an I-map of G*) ====
  Under the corrected sepset regime this population is expected EMPTY; an entry
  here is a defect. The witness CI below is the proof of the violation.
  model                 : PAG#10599
  extra (spurious) edges: [V1 o-o V2, V1 o-o V3]  (k=2)
  WITNESS (holds in H0, fails in G*): V2 _||_ V3 | [V1]   (m-separated in H0's MAG, m-connected in G*)
  true PAG G* (over observed):
Graph Nodes:
V1;V2;V3;V4;V5

Graph Edges:
1. V1 --> V5
2. V4 --> V1
3. V4 <-> V2
4. V4 <-> V3
5. V5 <-> V2
6. V5 <-> V3


  H0 (legal PAG = G* + spurious, cold-reoriented):
Graph Nodes:
V1;V2;V3;V4;V5

Graph Edges:
1. V1 o-> V2
2. V1 o-> V3
3. V1 o-> V4
4. V1 o-> V5
5. V2 <-> V4
6. V2 <-> V5
7. V4 <-> V3
8. V5 <-> V3



==== NON-I-MAP H0 (cold reorient of G*+spurious is NOT an I-map of G*) ====
  Under the corrected sepset regime this population is expected EMPTY; an entry
  here is a defect. The witness CI below is the proof of the violation.
  model                 : PAG#10614
  extra (spurious) edges: [V1 o-o V2, V2 o-o V3]  (k=2)
  WITNESS (holds in H0, fails in G*): V1 _||_ V4 | [V2]   (m-separated in H0's MAG, m-connected in G*)
  true PAG G* (over observed):
Graph Nodes:
V1;V2;V3;V4;V5

Graph Edges:
1. V1 <-> V3
2. V2 <-> V4
3. V5 <-> V1
4. V5 --> V2
5. V5 --> V3
6. V5 <-> V4


  H0 (legal PAG = G* + spurious, cold-reoriented):
Graph Nodes:
V1;V2;V3;V4;V5

Graph Edges:
1. V1 <-> V3
2. V2 o-> V1
3. V2 --> V3
4. V2 o-o V4
5. V2 o-> V5
6. V4 o-> V5
7. V5 <-> V1
8. V5 --> V3



==== NON-I-MAP H0 (cold reorient of G*+spurious is NOT an I-map of G*) ====
  Under the corrected sepset regime this population is expected EMPTY; an entry
  here is a defect. The witness CI below is the proof of the violation.
  model                 : PAG#10614
  extra (spurious) edges: [V2 o-o V3, V3 o-o V4]  (k=2)
  WITNESS (holds in H0, fails in G*): V1 _||_ V4 | [V3]   (m-separated in H0's MAG, m-connected in G*)
  true PAG G* (over observed):
Graph Nodes:
V1;V2;V3;V4;V5

Graph Edges:
1. V1 <-> V3
2. V2 <-> V4
3. V5 <-> V1
4. V5 --> V2
5. V5 --> V3
6. V5 <-> V4


  H0 (legal PAG = G* + spurious, cold-reoriented):
Graph Nodes:
V1;V2;V3;V4;V5

Graph Edges:
1. V1 o-o V3
2. V1 o-> V5
3. V2 <-> V4
4. V3 --> V2
5. V3 o-> V4
6. V3 o-> V5
7. V5 --> V2
8. V5 <-> V4



==== NON-I-MAP H0 (cold reorient of G*+spurious is NOT an I-map of G*) ====
  Under the corrected sepset regime this population is expected EMPTY; an entry
  here is a defect. The witness CI below is the proof of the violation.
  model                 : PAG#10645
  extra (spurious) edges: [V2 o-o V3, V2 o-o V5]  (k=2)
  WITNESS (holds in H0, fails in G*): V1 _||_ V3 | [V2]   (m-separated in H0's MAG, m-connected in G*)
  true PAG G* (over observed):
Graph Nodes:
V1;V2;V3;V4;V5

Graph Edges:
1. V1 <-> V2
2. V4 <-> V1
3. V4 --> V2
4. V4 <-> V3
5. V5 o-> V3


  H0 (legal PAG = G* + spurious, cold-reoriented):
Graph Nodes:
V1;V2;V3;V4;V5

Graph Edges:
1. V1 o-o V2
2. V1 o-> V4
3. V2 o-> V3
4. V2 o-> V4
5. V2 o-o V5
6. V4 <-> V3
7. V5 o-> V3



==== NON-I-MAP H0 (cold reorient of G*+spurious is NOT an I-map of G*) ====
  Under the corrected sepset regime this population is expected EMPTY; an entry
  here is a defect. The witness CI below is the proof of the violation.
  model                 : PAG#10680
  extra (spurious) edges: [V3 o-o V4, V4 o-o V5]  (k=2)
  WITNESS (holds in H0, fails in G*): V1 _||_ V5 | [V4]   (m-separated in H0's MAG, m-connected in G*)
  true PAG G* (over observed):
Graph Nodes:
V1;V2;V3;V4;V5

Graph Edges:
1. V1 o-> V2
2. V1 --> V4
3. V2 --> V3
4. V2 --> V4
5. V2 <-> V5
6. V3 <-> V5


  H0 (legal PAG = G* + spurious, cold-reoriented):
Graph Nodes:
V1;V2;V3;V4;V5

Graph Edges:
1. V1 o-> V2
2. V1 o-o V4
3. V2 --> V3
4. V2 <-> V5
5. V3 <-> V5
6. V4 o-> V2
7. V4 --> V3
8. V4 o-> V5



==== NON-I-MAP H0 (cold reorient of G*+spurious is NOT an I-map of G*) ====
  Under the corrected sepset regime this population is expected EMPTY; an entry
  here is a defect. The witness CI below is the proof of the violation.
  model                 : PAG#10692
  extra (spurious) edges: [V1 o-o V5, V2 o-o V3]  (k=2)
  WITNESS (holds in H0, fails in G*): V1 _||_ V2 | [V3, V5]   (m-separated in H0's MAG, m-connected in G*)
  true PAG G* (over observed):
Graph Nodes:
V1;V2;V3;V4;V5

Graph Edges:
1. V1 o-> V4
2. V3 o-o V1
3. V3 --> V5
4. V4 <-> V2
5. V4 --> V5
6. V5 <-> V2


  H0 (legal PAG = G* + spurious, cold-reoriented):
Graph Nodes:
V1;V2;V3;V4;V5

Graph Edges:
1. V2 o-o V3
2. V2 o-> V4
3. V2 o-> V5
4. V3 --> V1
5. V3 o-> V5
6. V4 <-> V1
7. V5 --> V1
8. V5 <-> V4



==== NON-I-MAP H0 (cold reorient of G*+spurious is NOT an I-map of G*) ====
  Under the corrected sepset regime this population is expected EMPTY; an entry
  here is a defect. The witness CI below is the proof of the violation.
  model                 : PAG#10704
  extra (spurious) edges: [V1 o-o V2, V2 o-o V3]  (k=2)
  WITNESS (holds in H0, fails in G*): V3 _||_ V4 | [V2, V5]   (m-separated in H0's MAG, m-connected in G*)
  true PAG G* (over observed):
Graph Nodes:
V1;V2;V3;V4;V5

Graph Edges:
1. V1 o-o V3
2. V1 o-o V4
3. V3 o-o V5
4. V4 --> V2
5. V5 --> V2


  H0 (legal PAG = G* + spurious, cold-reoriented):
Graph Nodes:
V1;V2;V3;V4;V5

Graph Edges:
1. V2 --> V1
2. V2 --> V3
3. V3 --> V1
4. V4 --> V1
5. V4 o-> V2
6. V5 o-> V2
7. V5 --> V3



==== NON-I-MAP H0 (cold reorient of G*+spurious is NOT an I-map of G*) ====
  Under the corrected sepset regime this population is expected EMPTY; an entry
  here is a defect. The witness CI below is the proof of the violation.
  model                 : PAG#10754
  extra (spurious) edges: [V1 o-o V3, V1 o-o V4]  (k=2)
  WITNESS (holds in H0, fails in G*): V3 _||_ V5 | [V1, V4]   (m-separated in H0's MAG, m-connected in G*)
  true PAG G* (over observed):
Graph Nodes:
V1;V2;V3;V4;V5

Graph Edges:
1. V2 --> V1
2. V3 <-> V2
3. V4 o-> V3
4. V5 --> V1
5. V5 o-> V2
6. V5 o-o V4


  H0 (legal PAG = G* + spurious, cold-reoriented):
Graph Nodes:
V1;V2;V3;V4;V5

Graph Edges:
1. V1 o-> V2
2. V1 o-> V3
3. V1 o-o V4
4. V2 <-> V3
5. V4 o-> V3
6. V5 o-o V1
7. V5 o-> V2
8. V5 o-o V4



==== NON-I-MAP H0 (cold reorient of G*+spurious is NOT an I-map of G*) ====
  Under the corrected sepset regime this population is expected EMPTY; an entry
  here is a defect. The witness CI below is the proof of the violation.
  model                 : PAG#10773
  extra (spurious) edges: [V1 o-o V4, V2 o-o V3]  (k=2)
  WITNESS (holds in H0, fails in G*): V1 _||_ V2 | [V3, V4]   (m-separated in H0's MAG, m-connected in G*)
  true PAG G* (over observed):
Graph Nodes:
V1;V2;V3;V4;V5

Graph Edges:
1. V3 o-> V1
2. V3 o-> V4
3. V4 <-> V2
4. V5 <-> V1
5. V5 <-> V2
6. V5 --> V4


  H0 (legal PAG = G* + spurious, cold-reoriented):
Graph Nodes:
V1;V2;V3;V4;V5

Graph Edges:
1. V1 <-> V5
2. V2 o-o V3
3. V2 o-> V4
4. V2 o-> V5
5. V3 --> V1
6. V3 o-> V4
7. V4 --> V1
8. V4 <-> V5



==== NON-I-MAP H0 (cold reorient of G*+spurious is NOT an I-map of G*) ====
  Under the corrected sepset regime this population is expected EMPTY; an entry
  here is a defect. The witness CI below is the proof of the violation.
  model                 : PAG#10790
  extra (spurious) edges: [V2 o-o V4, V3 o-o V4]  (k=2)
  WITNESS (holds in H0, fails in G*): V1 _||_ V3 | [V2, V4]   (m-separated in H0's MAG, m-connected in G*)
  true PAG G* (over observed):
Graph Nodes:
V1;V2;V3;V4;V5

Graph Edges:
1. V1 o-o V2
2. V1 --> V4
3. V1 o-> V5
4. V2 o-> V3
5. V5 <-> V3
6. V5 --> V4


  H0 (legal PAG = G* + spurious, cold-reoriented):
Graph Nodes:
V1;V2;V3;V4;V5

Graph Edges:
1. V1 o-o V2
2. V1 o-o V4
3. V1 o-> V5
4. V2 o-> V3
5. V2 o-o V4
6. V3 <-> V5
7. V4 o-> V3
8. V4 o-> V5



==== NON-I-MAP H0 (cold reorient of G*+spurious is NOT an I-map of G*) ====
  Under the corrected sepset regime this population is expected EMPTY; an entry
  here is a defect. The witness CI below is the proof of the violation.
  model                 : PAG#10798
  extra (spurious) edges: [V1 o-o V2, V1 o-o V3]  (k=2)
  WITNESS (holds in H0, fails in G*): V2 _||_ V3 | [V1]   (m-separated in H0's MAG, m-connected in G*)
  true PAG G* (over observed):
Graph Nodes:
V1;V2;V3;V4;V5

Graph Edges:
1. V1 --> V4
2. V4 <-> V2
3. V4 <-> V3
4. V5 --> V1
5. V5 <-> V2
6. V5 <-> V3


  H0 (legal PAG = G* + spurious, cold-reoriented):
Graph Nodes:
V1;V2;V3;V4;V5

Graph Edges:
1. V1 o-> V2
2. V1 o-> V3
3. V1 o-> V4
4. V1 o-> V5
5. V2 <-> V4
6. V4 <-> V3
7. V5 <-> V2
8. V5 <-> V3



==== NON-I-MAP H0 (cold reorient of G*+spurious is NOT an I-map of G*) ====
  Under the corrected sepset regime this population is expected EMPTY; an entry
  here is a defect. The witness CI below is the proof of the violation.
  model                 : PAG#10824
  extra (spurious) edges: [V1 o-o V3, V3 o-o V4]  (k=2)
  WITNESS (holds in H0, fails in G*): V1 _||_ V5 | [V3]   (m-separated in H0's MAG, m-connected in G*)
  true PAG G* (over observed):
Graph Nodes:
V1;V2;V3;V4;V5

Graph Edges:
1. V1 <-> V4
2. V2 <-> V1
3. V2 --> V3
4. V2 --> V4
5. V5 o-> V2
6. V5 --> V3


  H0 (legal PAG = G* + spurious, cold-reoriented):
Graph Nodes:
V1;V2;V3;V4;V5

Graph Edges:
1. V1 <-> V4
2. V2 <-> V1
3. V2 --> V4
4. V3 o-> V1
5. V3 o-> V2
6. V3 --> V4
7. V5 o-> V2
8. V5 o-o V3



==== NON-I-MAP H0 (cold reorient of G*+spurious is NOT an I-map of G*) ====
  Under the corrected sepset regime this population is expected EMPTY; an entry
  here is a defect. The witness CI below is the proof of the violation.
  model                 : PAG#10834
  extra (spurious) edges: [V1 o-o V5, V2 o-o V5, V4 o-o V5]  (k=3)
  WITNESS (holds in H0, fails in G*): V2 _||_ V4 | [V1, V5]   (m-separated in H0's MAG, m-connected in G*)
  true PAG G* (over observed):
Graph Nodes:
V1;V2;V3;V4;V5

Graph Edges:
1. V1 o-o V2
2. V1 o-> V4
3. V2 o-> V3
4. V3 --> V5
5. V4 <-> V3


  H0 (legal PAG = G* + spurious, cold-reoriented):
Graph Nodes:
V1;V2;V3;V4;V5

Graph Edges:
1. V1 o-o V2
2. V1 o-> V4
3. V1 o-o V5
4. V2 o-> V3
5. V2 o-o V5
6. V3 <-> V4
7. V5 o-> V3
8. V5 o-> V4



==== NON-I-MAP H0 (cold reorient of G*+spurious is NOT an I-map of G*) ====
  Under the corrected sepset regime this population is expected EMPTY; an entry
  here is a defect. The witness CI below is the proof of the violation.
  model                 : PAG#10839
  extra (spurious) edges: [V1 o-o V2, V2 o-o V4, V2 o-o V5]  (k=3)
  WITNESS (holds in H0, fails in G*): V1 _||_ V5 | [V2, V4]   (m-separated in H0's MAG, m-connected in G*)
  true PAG G* (over observed):
Graph Nodes:
V1;V2;V3;V4;V5

Graph Edges:
1. V1 --> V3
2. V1 o-o V4
3. V3 --> V2
4. V4 o-o V5
5. V5 --> V3


  H0 (legal PAG = G* + spurious, cold-reoriented):
Graph Nodes:
V1;V2;V3;V4;V5

Graph Edges:
1. V1 o-o V2
2. V1 --> V3
3. V1 o-o V4
4. V2 --> V3
5. V2 o-o V4
6. V2 o-o V5
7. V4 o-o V5
8. V5 --> V3



==== NON-I-MAP H0 (cold reorient of G*+spurious is NOT an I-map of G*) ====
  Under the corrected sepset regime this population is expected EMPTY; an entry
  here is a defect. The witness CI below is the proof of the violation.
  model                 : PAG#10845
  extra (spurious) edges: [V1 o-o V3, V3 o-o V4, V3 o-o V5]  (k=3)
  WITNESS (holds in H0, fails in G*): V1 _||_ V5 | [V3, V4]   (m-separated in H0's MAG, m-connected in G*)
  true PAG G* (over observed):
Graph Nodes:
V1;V2;V3;V4;V5

Graph Edges:
1. V1 --> V2
2. V2 --> V3
3. V4 o-o V1
4. V5 --> V2
5. V5 o-o V4


  H0 (legal PAG = G* + spurious, cold-reoriented):
Graph Nodes:
V1;V2;V3;V4;V5

Graph Edges:
1. V1 --> V2
2. V1 o-o V3
3. V3 --> V2
4. V3 o-o V4
5. V3 o-o V5
6. V4 o-o V1
7. V5 --> V2
8. V5 o-o V4



==== NON-I-MAP H0 (cold reorient of G*+spurious is NOT an I-map of G*) ====
  Under the corrected sepset regime this population is expected EMPTY; an entry
  here is a defect. The witness CI below is the proof of the violation.
  model                 : PAG#10852
  extra (spurious) edges: [V2 o-o V5, V3 o-o V5, V4 o-o V5]  (k=3)
  WITNESS (holds in H0, fails in G*): V3 _||_ V4 | [V2, V5]   (m-separated in H0's MAG, m-connected in G*)
  true PAG G* (over observed):
Graph Nodes:
V1;V2;V3;V4;V5

Graph Edges:
1. V1 --> V5
2. V2 o-o V3
3. V2 o-> V4
4. V3 o-> V1
5. V4 <-> V1


  H0 (legal PAG = G* + spurious, cold-reoriented):
Graph Nodes:
V1;V2;V3;V4;V5

Graph Edges:
1. V2 o-o V3
2. V2 o-> V4
3. V2 o-o V5
4. V3 o-> V1
5. V3 o-o V5
6. V4 <-> V1
7. V5 o-> V1
8. V5 o-> V4



==== NON-I-MAP H0 (cold reorient of G*+spurious is NOT an I-map of G*) ====
  Under the corrected sepset regime this population is expected EMPTY; an entry
  here is a defect. The witness CI below is the proof of the violation.
  model                 : PAG#10876
  extra (spurious) edges: [V2 o-o V4, V3 o-o V5]  (k=2)
  WITNESS (holds in H0, fails in G*): V3 _||_ V4 | [V2, V5]   (m-separated in H0's MAG, m-connected in G*)
  true PAG G* (over observed):
Graph Nodes:
V1;V2;V3;V4;V5

Graph Edges:
1. V1 <-> V4
2. V1 --> V5
3. V2 o-> V3
4. V2 o-> V5
5. V3 <-> V1
6. V5 <-> V4


  H0 (legal PAG = G* + spurious, cold-reoriented):
Graph Nodes:
V1;V2;V3;V4;V5

Graph Edges:
1. V2 --> V3
2. V2 o-o V4
3. V2 o-> V5
4. V3 <-> V1
5. V4 o-> V1
6. V4 o-> V5
7. V5 <-> V1
8. V5 --> V3



==== NON-I-MAP H0 (cold reorient of G*+spurious is NOT an I-map of G*) ====
  Under the corrected sepset regime this population is expected EMPTY; an entry
  here is a defect. The witness CI below is the proof of the violation.
  model                 : PAG#10886
  extra (spurious) edges: [V2 o-o V4, V3 o-o V5]  (k=2)
  WITNESS (holds in H0, fails in G*): V1 _||_ V2 | [V4]   (m-separated in H0's MAG, m-connected in G*)
  true PAG G* (over observed):
Graph Nodes:
V1;V2;V3;V4;V5

Graph Edges:
1. V1 <-> V4
2. V1 --> V5
3. V2 o-o V3
4. V2 --> V5
5. V3 o-> V1
6. V5 <-> V4


  H0 (legal PAG = G* + spurious, cold-reoriented):
Graph Nodes:
V1;V2;V3;V4;V5

Graph Edges:
1. V1 <-> V3
2. V2 --> V3
3. V2 o-o V4
4. V2 o-> V5
5. V4 o-> V1
6. V4 o-> V5
7. V5 <-> V1
8. V5 --> V3



==== NON-I-MAP H0 (cold reorient of G*+spurious is NOT an I-map of G*) ====
  Under the corrected sepset regime this population is expected EMPTY; an entry
  here is a defect. The witness CI below is the proof of the violation.
  model                 : PAG#10907
  extra (spurious) edges: [V1 o-o V3, V1 o-o V5]  (k=2)
  WITNESS (holds in H0, fails in G*): V2 _||_ V3 | [V1]   (m-separated in H0's MAG, m-connected in G*)
  true PAG G* (over observed):
Graph Nodes:
V1;V2;V3;V4;V5

Graph Edges:
1. V2 <-> V1
2. V4 --> V1
3. V4 <-> V2
4. V4 <-> V3
5. V5 o-> V3


  H0 (legal PAG = G* + spurious, cold-reoriented):
Graph Nodes:
V1;V2;V3;V4;V5

Graph Edges:
1. V1 o-> V3
2. V1 o-> V4
3. V1 o-o V5
4. V2 o-o V1
5. V2 o-> V4
6. V4 <-> V3
7. V5 o-> V3



==== NON-I-MAP H0 (cold reorient of G*+spurious is NOT an I-map of G*) ====
  Under the corrected sepset regime this population is expected EMPTY; an entry
  here is a defect. The witness CI below is the proof of the violation.
  model                 : PAG#10949
  extra (spurious) edges: [V2 o-o V4, V3 o-o V4]  (k=2)
  WITNESS (holds in H0, fails in G*): V3 _||_ V5 | [V2, V4]   (m-separated in H0's MAG, m-connected in G*)
  true PAG G* (over observed):
Graph Nodes:
V1;V2;V3;V4;V5

Graph Edges:
1. V1 --> V4
2. V2 o-o V3
3. V2 o-o V5
4. V3 --> V1
5. V5 --> V1
6. V5 --> V4


  H0 (legal PAG = G* + spurious, cold-reoriented):
Graph Nodes:
V1;V2;V3;V4;V5

Graph Edges:
1. V2 o-o V3
2. V2 o-o V4
3. V2 o-o V5
4. V3 --> V1
5. V3 o-o V4
6. V4 --> V1
7. V5 --> V1
8. V5 o-o V4



==== NON-I-MAP H0 (cold reorient of G*+spurious is NOT an I-map of G*) ====
  Under the corrected sepset regime this population is expected EMPTY; an entry
  here is a defect. The witness CI below is the proof of the violation.
  model                 : PAG#11021
  extra (spurious) edges: [V1 o-o V3, V3 o-o V5]  (k=2)
  WITNESS (holds in H0, fails in G*): V1 _||_ V2 | [V3, V5]   (m-separated in H0's MAG, m-connected in G*)
  true PAG G* (over observed):
Graph Nodes:
V1;V2;V3;V4;V5

Graph Edges:
1. V1 --> V4
2. V2 --> V3
3. V2 --> V4
4. V2 o-o V5
5. V4 --> V3
6. V5 o-o V1


  H0 (legal PAG = G* + spurious, cold-reoriented):
Graph Nodes:
V1;V2;V3;V4;V5

Graph Edges:
1. V1 o-o V3
2. V1 --> V4
3. V2 o-o V3
4. V2 --> V4
5. V2 o-o V5
6. V3 --> V4
7. V3 o-o V5
8. V5 o-o V1



==== NON-I-MAP H0 (cold reorient of G*+spurious is NOT an I-map of G*) ====
  Under the corrected sepset regime this population is expected EMPTY; an entry
  here is a defect. The witness CI below is the proof of the violation.
  model                 : PAG#11081
  extra (spurious) edges: [V1 o-o V4, V4 o-o V5]  (k=2)
  WITNESS (holds in H0, fails in G*): V1 _||_ V2 | [V4]   (m-separated in H0's MAG, m-connected in G*)
  true PAG G* (over observed):
Graph Nodes:
V1;V2;V3;V4;V5

Graph Edges:
1. V1 o-> V3
2. V1 o-o V5
3. V4 <-> V2
4. V4 <-> V3
5. V5 o-> V2


  H0 (legal PAG = G* + spurious, cold-reoriented):
Graph Nodes:
V1;V2;V3;V4;V5

Graph Edges:
1. V1 --> V5
2. V2 <-> V4
3. V2 <-> V5
4. V3 <-> V1
5. V3 <-> V4
6. V4 --> V1
7. V4 --> V5



==== NON-I-MAP H0 (cold reorient of G*+spurious is NOT an I-map of G*) ====
  Under the corrected sepset regime this population is expected EMPTY; an entry
  here is a defect. The witness CI below is the proof of the violation.
  model                 : PAG#11093
  extra (spurious) edges: [V3 o-o V5, V4 o-o V5]  (k=2)
  WITNESS (holds in H0, fails in G*): V1 _||_ V3 | [V4, V5]   (m-separated in H0's MAG, m-connected in G*)
  true PAG G* (over observed):
Graph Nodes:
V1;V2;V3;V4;V5

Graph Edges:
1. V1 <-> V5
2. V2 <-> V1
3. V2 --> V5
4. V3 o-> V4
5. V4 <-> V2


  H0 (legal PAG = G* + spurious, cold-reoriented):
Graph Nodes:
V1;V2;V3;V4;V5

Graph Edges:
1. V1 o-> V2
2. V1 o-o V5
3. V3 o-> V4
4. V3 o-o V5
5. V4 <-> V2
6. V5 o-> V2
7. V5 o-> V4



==== NON-I-MAP H0 (cold reorient of G*+spurious is NOT an I-map of G*) ====
  Under the corrected sepset regime this population is expected EMPTY; an entry
  here is a defect. The witness CI below is the proof of the violation.
  model                 : PAG#11098
  extra (spurious) edges: [V1 o-o V5, V4 o-o V5]  (k=2)
  WITNESS (holds in H0, fails in G*): V2 _||_ V4 | [V1, V5]   (m-separated in H0's MAG, m-connected in G*)
  true PAG G* (over observed):
Graph Nodes:
V1;V2;V3;V4;V5

Graph Edges:
1. V1 o-> V2
2. V1 o-> V4
3. V2 <-> V5
4. V3 <-> V2
5. V3 --> V5
6. V4 <-> V3


  H0 (legal PAG = G* + spurious, cold-reoriented):
Graph Nodes:
V1;V2;V3;V4;V5

Graph Edges:
1. V1 o-> V2
2. V1 o-> V4
3. V1 o-o V5
4. V2 <-> V3
5. V3 <-> V4
6. V5 o-> V2
7. V5 o-> V3
8. V5 o-> V4



==== NON-I-MAP H0 (cold reorient of G*+spurious is NOT an I-map of G*) ====
  Under the corrected sepset regime this population is expected EMPTY; an entry
  here is a defect. The witness CI below is the proof of the violation.
  model                 : PAG#11173
  extra (spurious) edges: [V1 o-o V2, V3 o-o V4]  (k=2)
  WITNESS (holds in H0, fails in G*): V1 _||_ V3 | [V2, V4]   (m-separated in H0's MAG, m-connected in G*)
  true PAG G* (over observed):
Graph Nodes:
V1;V2;V3;V4;V5

Graph Edges:
1. V2 <-> V3
2. V4 o-> V1
3. V4 o-> V2
4. V5 <-> V1
5. V5 --> V2
6. V5 <-> V3


  H0 (legal PAG = G* + spurious, cold-reoriented):
Graph Nodes:
V1;V2;V3;V4;V5

Graph Edges:
1. V1 <-> V5
2. V2 --> V1
3. V2 <-> V5
4. V3 o-> V2
5. V3 o-o V4
6. V3 o-> V5
7. V4 --> V1
8. V4 o-> V2



==== NON-I-MAP H0 (cold reorient of G*+spurious is NOT an I-map of G*) ====
  Under the corrected sepset regime this population is expected EMPTY; an entry
  here is a defect. The witness CI below is the proof of the violation.
  model                 : PAG#11177
  extra (spurious) edges: [V1 o-o V2, V1 o-o V4]  (k=2)
  WITNESS (holds in H0, fails in G*): V2 _||_ V5 | [V1, V4]   (m-separated in H0's MAG, m-connected in G*)
  true PAG G* (over observed):
Graph Nodes:
V1;V2;V3;V4;V5

Graph Edges:
1. V1 <-> V5
2. V2 o-> V4
3. V3 --> V1
4. V3 <-> V5
5. V4 <-> V3


  H0 (legal PAG = G* + spurious, cold-reoriented):
Graph Nodes:
V1;V2;V3;V4;V5

Graph Edges:
1. V1 o-o V2
2. V1 o-> V3
3. V1 o-> V4
4. V1 o-o V5
5. V2 o-> V4
6. V4 <-> V3
7. V5 o-> V3



==== NON-I-MAP H0 (cold reorient of G*+spurious is NOT an I-map of G*) ====
  Under the corrected sepset regime this population is expected EMPTY; an entry
  here is a defect. The witness CI below is the proof of the violation.
  model                 : PAG#11214
  extra (spurious) edges: [V1 o-o V2, V1 o-o V3]  (k=2)
  WITNESS (holds in H0, fails in G*): V3 _||_ V4 | [V1, V2]   (m-separated in H0's MAG, m-connected in G*)
  true PAG G* (over observed):
Graph Nodes:
V1;V2;V3;V4;V5

Graph Edges:
1. V2 o-o V4
2. V3 o-o V2
3. V3 --> V5
4. V4 --> V1
5. V4 --> V5
6. V5 --> V1


  H0 (legal PAG = G* + spurious, cold-reoriented):
Graph Nodes:
V1;V2;V3;V4;V5

Graph Edges:
1. V1 o-o V2
2. V1 o-o V3
3. V1 --> V5
4. V2 o-o V4
5. V3 o-o V2
6. V3 --> V5
7. V4 o-o V1
8. V4 --> V5



==== NON-I-MAP H0 (cold reorient of G*+spurious is NOT an I-map of G*) ====
  Under the corrected sepset regime this population is expected EMPTY; an entry
  here is a defect. The witness CI below is the proof of the violation.
  model                 : PAG#11227
  extra (spurious) edges: [V1 o-o V2, V2 o-o V5]  (k=2)
  WITNESS (holds in H0, fails in G*): V3 _||_ V4 | []   (m-separated in H0's MAG, m-connected in G*)
  true PAG G* (over observed):
Graph Nodes:
V1;V2;V3;V4;V5

Graph Edges:
1. V1 o-o V3
2. V1 o-o V5
3. V3 --> V2
4. V4 --> V2
5. V5 o-o V4


  H0 (legal PAG = G* + spurious, cold-reoriented):
Graph Nodes:
V1;V2;V3;V4;V5

Graph Edges:
1. V2 --> V1
2. V2 --> V5
3. V3 --> V1
4. V3 o-> V2
5. V4 o-> V2
6. V4 --> V5
7. V5 --> V1



==== NON-I-MAP H0 (cold reorient of G*+spurious is NOT an I-map of G*) ====
  Under the corrected sepset regime this population is expected EMPTY; an entry
  here is a defect. The witness CI below is the proof of the violation.
  model                 : PAG#11230
  extra (spurious) edges: [V1 o-o V2, V2 o-o V4]  (k=2)
  WITNESS (holds in H0, fails in G*): V1 _||_ V3 | [V2, V4]   (m-separated in H0's MAG, m-connected in G*)
  true PAG G* (over observed):
Graph Nodes:
V1;V2;V3;V4;V5

Graph Edges:
1. V3 --> V2
2. V3 o-o V4
3. V3 o-> V5
4. V4 o-> V1
5. V5 <-> V1
6. V5 --> V2


  H0 (legal PAG = G* + spurious, cold-reoriented):
Graph Nodes:
V1;V2;V3;V4;V5

Graph Edges:
1. V1 <-> V5
2. V2 o-> V1
3. V2 o-o V4
4. V2 o-> V5
5. V3 o-o V2
6. V3 o-o V4
7. V3 o-> V5
8. V4 o-> V1



==== NON-I-MAP H0 (cold reorient of G*+spurious is NOT an I-map of G*) ====
  Under the corrected sepset regime this population is expected EMPTY; an entry
  here is a defect. The witness CI below is the proof of the violation.
  model                 : PAG#11242
  extra (spurious) edges: [V1 o-o V4, V1 o-o V5]  (k=2)
  WITNESS (holds in H0, fails in G*): V2 _||_ V5 | [V1, V4]   (m-separated in H0's MAG, m-connected in G*)
  true PAG G* (over observed):
Graph Nodes:
V1;V2;V3;V4;V5

Graph Edges:
1. V2 --> V1
2. V2 --> V3
3. V2 o-o V4
4. V3 --> V1
5. V4 o-o V5
6. V5 --> V3


  H0 (legal PAG = G* + spurious, cold-reoriented):
Graph Nodes:
V1;V2;V3;V4;V5

Graph Edges:
1. V1 --> V3
2. V1 o-o V4
3. V1 o-o V5
4. V2 o-o V1
5. V2 --> V3
6. V2 o-o V4
7. V4 o-o V5
8. V5 --> V3



==== NON-I-MAP H0 (cold reorient of G*+spurious is NOT an I-map of G*) ====
  Under the corrected sepset regime this population is expected EMPTY; an entry
  here is a defect. The witness CI below is the proof of the violation.
  model                 : PAG#11266
  extra (spurious) edges: [V1 o-o V4, V1 o-o V5]  (k=2)
  WITNESS (holds in H0, fails in G*): V3 _||_ V4 | [V1, V5]   (m-separated in H0's MAG, m-connected in G*)
  true PAG G* (over observed):
Graph Nodes:
V1;V2;V3;V4;V5

Graph Edges:
1. V2 --> V1
2. V2 <-> V3
3. V3 <-> V1
4. V4 <-> V2
5. V5 o-> V3
6. V5 o-> V4


  H0 (legal PAG = G* + spurious, cold-reoriented):
Graph Nodes:
V1;V2;V3;V4;V5

Graph Edges:
1. V1 o-> V2
2. V1 o-> V3
3. V1 o-> V4
4. V1 o-o V5
5. V3 <-> V2
6. V4 <-> V2
7. V5 o-> V3
8. V5 o-> V4



==== NON-I-MAP H0 (cold reorient of G*+spurious is NOT an I-map of G*) ====
  Under the corrected sepset regime this population is expected EMPTY; an entry
  here is a defect. The witness CI below is the proof of the violation.
  model                 : PAG#11272
  extra (spurious) edges: [V1 o-o V5, V3 o-o V5, V4 o-o V5]  (k=3)
  WITNESS (holds in H0, fails in G*): V1 _||_ V4 | [V3, V5]   (m-separated in H0's MAG, m-connected in G*)
  true PAG G* (over observed):
Graph Nodes:
V1;V2;V3;V4;V5

Graph Edges:
1. V1 o-> V3
2. V2 --> V5
3. V3 <-> V2
4. V4 o-> V2


  H0 (legal PAG = G* + spurious, cold-reoriented):
Graph Nodes:
V1;V2;V3;V4;V5

Graph Edges:
1. V1 o-> V3
2. V1 o-o V5
3. V3 <-> V2
4. V4 o-> V2
5. V4 o-o V5
6. V5 o-> V2
7. V5 o-> V3



==== NON-I-MAP H0 (cold reorient of G*+spurious is NOT an I-map of G*) ====
  Under the corrected sepset regime this population is expected EMPTY; an entry
  here is a defect. The witness CI below is the proof of the violation.
  model                 : PAG#11320
  extra (spurious) edges: [V2 o-o V4, V4 o-o V5]  (k=2)
  WITNESS (holds in H0, fails in G*): V1 _||_ V2 | [V3, V4]   (m-separated in H0's MAG, m-connected in G*)
  true PAG G* (over observed):
Graph Nodes:
V1;V2;V3;V4;V5

Graph Edges:
1. V1 --> V4
2. V2 o-o V3
3. V2 o-o V5
4. V3 --> V4
5. V5 o-o V1


  H0 (legal PAG = G* + spurious, cold-reoriented):
Graph Nodes:
V1;V2;V3;V4;V5

Graph Edges:
1. V1 o-> V4
2. V1 --> V5
3. V2 --> V5
4. V3 --> V2
5. V3 o-> V4
6. V4 --> V2
7. V4 --> V5



==== NON-I-MAP H0 (cold reorient of G*+spurious is NOT an I-map of G*) ====
  Under the corrected sepset regime this population is expected EMPTY; an entry
  here is a defect. The witness CI below is the proof of the violation.
  model                 : PAG#11349
  extra (spurious) edges: [V1 o-o V2, V1 o-o V3]  (k=2)
  WITNESS (holds in H0, fails in G*): V2 _||_ V4 | [V1]   (m-separated in H0's MAG, m-connected in G*)
  true PAG G* (over observed):
Graph Nodes:
V1;V2;V3;V4;V5

Graph Edges:
1. V3 o-> V2
2. V4 <-> V1
3. V5 --> V1
4. V5 <-> V2
5. V5 <-> V4


  H0 (legal PAG = G* + spurious, cold-reoriented):
Graph Nodes:
V1;V2;V3;V4;V5

Graph Edges:
1. V1 o-> V2
2. V1 o-o V3
3. V1 o-> V5
4. V2 <-> V5
5. V3 o-> V2
6. V4 o-o V1
7. V4 o-> V5



==== NON-I-MAP H0 (cold reorient of G*+spurious is NOT an I-map of G*) ====
  Under the corrected sepset regime this population is expected EMPTY; an entry
  here is a defect. The witness CI below is the proof of the violation.
  model                 : PAG#11394
  extra (spurious) edges: [V3 o-o V4, V4 o-o V5]  (k=2)
  WITNESS (holds in H0, fails in G*): V2 _||_ V3 | [V4]   (m-separated in H0's MAG, m-connected in G*)
  true PAG G* (over observed):
Graph Nodes:
V1;V2;V3;V4;V5

Graph Edges:
1. V1 <-> V2
2. V1 --> V4
3. V2 <-> V4
4. V3 <-> V1
5. V5 o-> V3


  H0 (legal PAG = G* + spurious, cold-reoriented):
Graph Nodes:
V1;V2;V3;V4;V5

Graph Edges:
1. V2 o-> V1
2. V2 o-o V4
3. V3 <-> V1
4. V4 o-> V1
5. V4 o-> V3
6. V4 o-o V5
7. V5 o-> V3



==== NON-I-MAP H0 (cold reorient of G*+spurious is NOT an I-map of G*) ====
  Under the corrected sepset regime this population is expected EMPTY; an entry
  here is a defect. The witness CI below is the proof of the violation.
  model                 : PAG#11480
  extra (spurious) edges: [V1 o-o V4, V2 o-o V4]  (k=2)
  WITNESS (holds in H0, fails in G*): V2 _||_ V3 | [V4]   (m-separated in H0's MAG, m-connected in G*)
  true PAG G* (over observed):
Graph Nodes:
V1;V2;V3;V4;V5

Graph Edges:
1. V1 o-o V2
2. V1 o-> V3
3. V2 o-> V5
4. V3 <-> V4
5. V5 <-> V4


  H0 (legal PAG = G* + spurious, cold-reoriented):
Graph Nodes:
V1;V2;V3;V4;V5

Graph Edges:
1. V2 --> V1
2. V3 <-> V1
3. V4 --> V1
4. V4 --> V2
5. V4 <-> V3
6. V4 <-> V5
7. V5 <-> V2



==== NON-I-MAP H0 (cold reorient of G*+spurious is NOT an I-map of G*) ====
  Under the corrected sepset regime this population is expected EMPTY; an entry
  here is a defect. The witness CI below is the proof of the violation.
  model                 : PAG#11482
  extra (spurious) edges: [V3 o-o V5, V4 o-o V5]  (k=2)
  WITNESS (holds in H0, fails in G*): V1 _||_ V4 | [V5]   (m-separated in H0's MAG, m-connected in G*)
  true PAG G* (over observed):
Graph Nodes:
V1;V2;V3;V4;V5

Graph Edges:
1. V1 --> V5
2. V2 <-> V1
3. V2 --> V5
4. V3 o-> V1
5. V4 o-> V2


  H0 (legal PAG = G* + spurious, cold-reoriented):
Graph Nodes:
V1;V2;V3;V4;V5

Graph Edges:
1. V1 <-> V2
2. V3 o-> V1
3. V3 o-o V5
4. V4 o-> V2
5. V4 o-o V5
6. V5 o-> V1
7. V5 o-> V2



==== NON-I-MAP H0 (cold reorient of G*+spurious is NOT an I-map of G*) ====
  Under the corrected sepset regime this population is expected EMPTY; an entry
  here is a defect. The witness CI below is the proof of the violation.
  model                 : PAG#11489
  extra (spurious) edges: [V2 o-o V5, V3 o-o V5]  (k=2)
  WITNESS (holds in H0, fails in G*): V1 _||_ V2 | [V4, V5]   (m-separated in H0's MAG, m-connected in G*)
  true PAG G* (over observed):
Graph Nodes:
V1;V2;V3;V4;V5

Graph Edges:
1. V1 --> V5
2. V2 o-o V3
3. V2 o-o V4
4. V3 o-o V1
5. V4 --> V5


  H0 (legal PAG = G* + spurious, cold-reoriented):
Graph Nodes:
V1;V2;V3;V4;V5

Graph Edges:
1. V1 --> V3
2. V1 o-> V5
3. V2 --> V3
4. V4 --> V2
5. V4 o-> V5
6. V5 --> V2
7. V5 --> V3



==== NON-I-MAP H0 (cold reorient of G*+spurious is NOT an I-map of G*) ====
  Under the corrected sepset regime this population is expected EMPTY; an entry
  here is a defect. The witness CI below is the proof of the violation.
  model                 : PAG#11512
  extra (spurious) edges: [V1 o-o V3, V4 o-o V5]  (k=2)
  WITNESS (holds in H0, fails in G*): V1 _||_ V2 | [V3]   (m-separated in H0's MAG, m-connected in G*)
  true PAG G* (over observed):
Graph Nodes:
V1;V2;V3;V4;V5

Graph Edges:
1. V1 --> V4
2. V1 o-o V5
3. V2 <-> V3
4. V2 --> V4
5. V4 <-> V3
6. V5 o-> V2


  H0 (legal PAG = G* + spurious, cold-reoriented):
Graph Nodes:
V1;V2;V3;V4;V5

Graph Edges:
1. V1 o-o V3
2. V1 o-> V4
3. V1 --> V5
4. V2 <-> V5
5. V3 o-> V2
6. V3 o-> V4
7. V4 <-> V2
8. V4 --> V5



==== NON-I-MAP H0 (cold reorient of G*+spurious is NOT an I-map of G*) ====
  Under the corrected sepset regime this population is expected EMPTY; an entry
  here is a defect. The witness CI below is the proof of the violation.
  model                 : PAG#11554
  extra (spurious) edges: [V1 o-o V5, V3 o-o V5]  (k=2)
  WITNESS (holds in H0, fails in G*): V1 _||_ V4 | [V3, V5]   (m-separated in H0's MAG, m-connected in G*)
  true PAG G* (over observed):
Graph Nodes:
V1;V2;V3;V4;V5

Graph Edges:
1. V1 o-> V3
2. V2 --> V5
3. V3 <-> V2
4. V4 o-> V2
5. V4 --> V5


  H0 (legal PAG = G* + spurious, cold-reoriented):
Graph Nodes:
V1;V2;V3;V4;V5

Graph Edges:
1. V1 o-> V3
2. V1 o-o V5
3. V3 <-> V2
4. V4 o-> V2
5. V4 o-o V5
6. V5 o-> V2
7. V5 o-> V3



==== NON-I-MAP H0 (cold reorient of G*+spurious is NOT an I-map of G*) ====
  Under the corrected sepset regime this population is expected EMPTY; an entry
  here is a defect. The witness CI below is the proof of the violation.
  model                 : PAG#11556
  extra (spurious) edges: [V1 o-o V5, V3 o-o V4]  (k=2)
  WITNESS (holds in H0, fails in G*): V1 _||_ V4 | [V3, V5]   (m-separated in H0's MAG, m-connected in G*)
  true PAG G* (over observed):
Graph Nodes:
V1;V2;V3;V4;V5

Graph Edges:
1. V2 <-> V1
2. V2 --> V3
3. V3 <-> V1
4. V4 <-> V2
5. V5 o-> V3
6. V5 o-> V4


  H0 (legal PAG = G* + spurious, cold-reoriented):
Graph Nodes:
V1;V2;V3;V4;V5

Graph Edges:
1. V1 o-> V2
2. V1 o-> V3
3. V1 o-o V5
4. V3 <-> V2
5. V3 --> V4
6. V4 <-> V2
7. V5 o-> V3
8. V5 --> V4



==== NON-I-MAP H0 (cold reorient of G*+spurious is NOT an I-map of G*) ====
  Under the corrected sepset regime this population is expected EMPTY; an entry
  here is a defect. The witness CI below is the proof of the violation.
  model                 : PAG#11588
  extra (spurious) edges: [V1 o-o V5, V2 o-o V3]  (k=2)
  WITNESS (holds in H0, fails in G*): V1 _||_ V2 | [V3, V5]   (m-separated in H0's MAG, m-connected in G*)
  true PAG G* (over observed):
Graph Nodes:
V1;V2;V3;V4;V5

Graph Edges:
1. V2 o-> V4
2. V2 o-o V5
3. V3 <-> V1
4. V4 <-> V1
5. V4 --> V3
6. V5 --> V3


  H0 (legal PAG = G* + spurious, cold-reoriented):
Graph Nodes:
V1;V2;V3;V4;V5

Graph Edges:
1. V1 o-> V3
2. V1 o-> V4
3. V1 o-o V5
4. V3 --> V2
5. V3 <-> V4
6. V4 <-> V2
7. V5 --> V2
8. V5 o-> V3



==== NON-I-MAP H0 (cold reorient of G*+spurious is NOT an I-map of G*) ====
  Under the corrected sepset regime this population is expected EMPTY; an entry
  here is a defect. The witness CI below is the proof of the violation.
  model                 : PAG#11648
  extra (spurious) edges: [V1 o-o V5, V2 o-o V5]  (k=2)
  WITNESS (holds in H0, fails in G*): V2 _||_ V4 | [V1, V5]   (m-separated in H0's MAG, m-connected in G*)
  true PAG G* (over observed):
Graph Nodes:
V1;V2;V3;V4;V5

Graph Edges:
1. V1 o-> V2
2. V1 o-> V4
3. V3 <-> V2
4. V3 --> V5
5. V4 <-> V3
6. V4 <-> V5


  H0 (legal PAG = G* + spurious, cold-reoriented):
Graph Nodes:
V1;V2;V3;V4;V5

Graph Edges:
1. V1 o-> V2
2. V1 o-> V4
3. V1 o-o V5
4. V2 <-> V3
5. V3 <-> V4
6. V5 o-> V2
7. V5 o-> V3
8. V5 o-> V4



==== NON-I-MAP H0 (cold reorient of G*+spurious is NOT an I-map of G*) ====
  Under the corrected sepset regime this population is expected EMPTY; an entry
  here is a defect. The witness CI below is the proof of the violation.
  model                 : PAG#11691
  extra (spurious) edges: [V1 o-o V2, V2 o-o V5]  (k=2)
  WITNESS (holds in H0, fails in G*): V1 _||_ V3 | [V2]   (m-separated in H0's MAG, m-connected in G*)
  true PAG G* (over observed):
Graph Nodes:
V1;V2;V3;V4;V5

Graph Edges:
1. V1 o-> V4
2. V2 <-> V3
3. V4 <-> V2
4. V5 o-o V1
5. V5 o-> V3


  H0 (legal PAG = G* + spurious, cold-reoriented):
Graph Nodes:
V1;V2;V3;V4;V5

Graph Edges:
1. V1 --> V5
2. V2 --> V1
3. V2 --> V5
4. V3 <-> V2
5. V3 <-> V5
6. V4 <-> V1
7. V4 <-> V2



==== NON-I-MAP H0 (cold reorient of G*+spurious is NOT an I-map of G*) ====
  Under the corrected sepset regime this population is expected EMPTY; an entry
  here is a defect. The witness CI below is the proof of the violation.
  model                 : PAG#11694
  extra (spurious) edges: [V1 o-o V5, V2 o-o V5, V3 o-o V5]  (k=3)
  WITNESS (holds in H0, fails in G*): V1 _||_ V3 | [V2, V5]   (m-separated in H0's MAG, m-connected in G*)
  true PAG G* (over observed):
Graph Nodes:
V1;V2;V3;V4;V5

Graph Edges:
1. V1 o-o V2
2. V1 o-> V4
3. V2 o-> V3
4. V4 <-> V3
5. V4 --> V5


  H0 (legal PAG = G* + spurious, cold-reoriented):
Graph Nodes:
V1;V2;V3;V4;V5

Graph Edges:
1. V1 o-o V2
2. V1 o-> V4
3. V1 o-o V5
4. V2 o-> V3
5. V2 o-o V5
6. V3 <-> V4
7. V5 o-> V3
8. V5 o-> V4



==== NON-I-MAP H0 (cold reorient of G*+spurious is NOT an I-map of G*) ====
  Under the corrected sepset regime this population is expected EMPTY; an entry
  here is a defect. The witness CI below is the proof of the violation.
  model                 : PAG#11703
  extra (spurious) edges: [V1 o-o V3, V2 o-o V4]  (k=2)
  WITNESS (holds in H0, fails in G*): V2 _||_ V3 | [V1, V4]   (m-separated in H0's MAG, m-connected in G*)
  true PAG G* (over observed):
Graph Nodes:
V1;V2;V3;V4;V5

Graph Edges:
1. V1 o-> V2
2. V1 o-> V4
3. V4 <-> V3
4. V5 <-> V2
5. V5 <-> V3
6. V5 --> V4


  H0 (legal PAG = G* + spurious, cold-reoriented):
Graph Nodes:
V1;V2;V3;V4;V5

Graph Edges:
1. V1 --> V2
2. V1 o-o V3
3. V1 o-> V4
4. V3 o-> V4
5. V3 o-> V5
6. V4 --> V2
7. V4 <-> V5
8. V5 <-> V2



==== NON-I-MAP H0 (cold reorient of G*+spurious is NOT an I-map of G*) ====
  Under the corrected sepset regime this population is expected EMPTY; an entry
  here is a defect. The witness CI below is the proof of the violation.
  model                 : PAG#11722
  extra (spurious) edges: [V2 o-o V4, V3 o-o V4]  (k=2)
  WITNESS (holds in H0, fails in G*): V1 _||_ V2 | [V4]   (m-separated in H0's MAG, m-connected in G*)
  true PAG G* (over observed):
Graph Nodes:
V1;V2;V3;V4;V5

Graph Edges:
1. V1 o-> V4
2. V2 o-> V5
3. V3 o-> V5
4. V5 --> V4


  H0 (legal PAG = G* + spurious, cold-reoriented):
Graph Nodes:
V1;V2;V3;V4;V5

Graph Edges:
1. V1 o-> V4
2. V4 --> V2
3. V4 --> V3
4. V4 <-> V5
5. V5 <-> V2
6. V5 <-> V3



==== NON-I-MAP H0 (cold reorient of G*+spurious is NOT an I-map of G*) ====
  Under the corrected sepset regime this population is expected EMPTY; an entry
  here is a defect. The witness CI below is the proof of the violation.
  model                 : PAG#11741
  extra (spurious) edges: [V1 o-o V4, V4 o-o V5]  (k=2)
  WITNESS (holds in H0, fails in G*): V1 _||_ V2 | [V4]   (m-separated in H0's MAG, m-connected in G*)
  true PAG G* (over observed):
Graph Nodes:
V1;V2;V3;V4;V5

Graph Edges:
1. V2 <-> V4
2. V3 <-> V1
3. V3 <-> V2
4. V3 --> V4
5. V5 o-> V1


  H0 (legal PAG = G* + spurious, cold-reoriented):
Graph Nodes:
V1;V2;V3;V4;V5

Graph Edges:
1. V2 o-> V3
2. V2 o-o V4
3. V3 <-> V1
4. V4 o-> V1
5. V4 o-> V3
6. V4 o-o V5
7. V5 o-> V1



==== NON-I-MAP H0 (cold reorient of G*+spurious is NOT an I-map of G*) ====
  Under the corrected sepset regime this population is expected EMPTY; an entry
  here is a defect. The witness CI below is the proof of the violation.
  model                 : PAG#11804
  extra (spurious) edges: [V1 o-o V2, V1 o-o V4]  (k=2)
  WITNESS (holds in H0, fails in G*): V3 _||_ V4 | [V1, V2]   (m-separated in H0's MAG, m-connected in G*)
  true PAG G* (over observed):
Graph Nodes:
V1;V2;V3;V4;V5

Graph Edges:
1. V2 o-> V3
2. V2 o-> V4
3. V3 <-> V1
4. V4 <-> V5
5. V5 --> V1
6. V5 <-> V3


  H0 (legal PAG = G* + spurious, cold-reoriented):
Graph Nodes:
V1;V2;V3;V4;V5

Graph Edges:
1. V1 o-o V2
2. V1 o-> V3
3. V1 o-> V4
4. V1 o-> V5
5. V2 o-> V3
6. V2 o-> V4
7. V5 <-> V3
8. V5 <-> V4



==== NON-I-MAP H0 (cold reorient of G*+spurious is NOT an I-map of G*) ====
  Under the corrected sepset regime this population is expected EMPTY; an entry
  here is a defect. The witness CI below is the proof of the violation.
  model                 : PAG#11828
  extra (spurious) edges: [V1 o-o V4, V4 o-o V5]  (k=2)
  WITNESS (holds in H0, fails in G*): V1 _||_ V3 | [V4, V5]   (m-separated in H0's MAG, m-connected in G*)
  true PAG G* (over observed):
Graph Nodes:
V1;V2;V3;V4;V5

Graph Edges:
1. V2 <-> V1
2. V2 <-> V3
3. V2 --> V4
4. V3 <-> V4
5. V5 o-> V1
6. V5 o-> V3


  H0 (legal PAG = G* + spurious, cold-reoriented):
Graph Nodes:
V1;V2;V3;V4;V5

Graph Edges:
1. V1 <-> V2
2. V3 <-> V2
3. V4 o-> V1
4. V4 o-> V2
5. V4 o-> V3
6. V4 o-o V5
7. V5 o-> V1
8. V5 o-> V3



==== NON-I-MAP H0 (cold reorient of G*+spurious is NOT an I-map of G*) ====
  Under the corrected sepset regime this population is expected EMPTY; an entry
  here is a defect. The witness CI below is the proof of the violation.
  model                 : PAG#11839
  extra (spurious) edges: [V1 o-o V3, V1 o-o V4]  (k=2)
  WITNESS (holds in H0, fails in G*): V3 _||_ V5 | [V1, V4]   (m-separated in H0's MAG, m-connected in G*)
  true PAG G* (over observed):
Graph Nodes:
V1;V2;V3;V4;V5

Graph Edges:
1. V1 <-> V5
2. V2 --> V1
3. V2 <-> V5
4. V3 o-> V4
5. V4 <-> V2


  H0 (legal PAG = G* + spurious, cold-reoriented):
Graph Nodes:
V1;V2;V3;V4;V5

Graph Edges:
1. V1 o-> V2
2. V1 o-o V3
3. V1 o-> V4
4. V1 o-o V5
5. V2 <-> V4
6. V3 o-> V4
7. V5 o-> V2



==== NON-I-MAP H0 (cold reorient of G*+spurious is NOT an I-map of G*) ====
  Under the corrected sepset regime this population is expected EMPTY; an entry
  here is a defect. The witness CI below is the proof of the violation.
  model                 : PAG#11856
  extra (spurious) edges: [V1 o-o V4, V1 o-o V5]  (k=2)
  WITNESS (holds in H0, fails in G*): V2 _||_ V5 | [V1, V4]   (m-separated in H0's MAG, m-connected in G*)
  true PAG G* (over observed):
Graph Nodes:
V1;V2;V3;V4;V5

Graph Edges:
1. V2 <-> V1
2. V2 <-> V3
3. V3 --> V1
4. V4 o-> V2
5. V4 o-> V5
6. V5 <-> V3


  H0 (legal PAG = G* + spurious, cold-reoriented):
Graph Nodes:
V1;V2;V3;V4;V5

Graph Edges:
1. V1 o-> V2
2. V1 o-> V3
3. V1 o-o V4
4. V1 o-> V5
5. V3 <-> V2
6. V4 o-> V2
7. V4 o-> V5
8. V5 <-> V3



==== NON-I-MAP H0 (cold reorient of G*+spurious is NOT an I-map of G*) ====
  Under the corrected sepset regime this population is expected EMPTY; an entry
  here is a defect. The witness CI below is the proof of the violation.
  model                 : PAG#11857
  extra (spurious) edges: [V1 o-o V5, V4 o-o V5]  (k=2)
  WITNESS (holds in H0, fails in G*): V1 _||_ V2 | [V4, V5]   (m-separated in H0's MAG, m-connected in G*)
  true PAG G* (over observed):
Graph Nodes:
V1;V2;V3;V4;V5

Graph Edges:
1. V1 o-> V4
2. V2 o-> V3
3. V2 --> V5
4. V3 --> V5
5. V4 <-> V3


  H0 (legal PAG = G* + spurious, cold-reoriented):
Graph Nodes:
V1;V2;V3;V4;V5

Graph Edges:
1. V1 o-> V4
2. V1 o-o V5
3. V2 o-> V3
4. V2 o-o V5
5. V3 <-> V4
6. V5 o-> V3
7. V5 o-> V4



==== NON-I-MAP H0 (cold reorient of G*+spurious is NOT an I-map of G*) ====
  Under the corrected sepset regime this population is expected EMPTY; an entry
  here is a defect. The witness CI below is the proof of the violation.
  model                 : PAG#11859
  extra (spurious) edges: [V1 o-o V3, V1 o-o V4]  (k=2)
  WITNESS (holds in H0, fails in G*): V2 _||_ V4 | [V1, V5]   (m-separated in H0's MAG, m-connected in G*)
  true PAG G* (over observed):
Graph Nodes:
V1;V2;V3;V4;V5

Graph Edges:
1. V2 --> V1
2. V3 o-o V2
3. V4 o-o V3
4. V5 --> V1
5. V5 o-o V4


  H0 (legal PAG = G* + spurious, cold-reoriented):
Graph Nodes:
V1;V2;V3;V4;V5

Graph Edges:
1. V1 --> V3
2. V1 --> V4
3. V2 o-> V1
4. V2 --> V3
5. V4 --> V3
6. V5 o-> V1
7. V5 --> V4



==== NON-I-MAP H0 (cold reorient of G*+spurious is NOT an I-map of G*) ====
  Under the corrected sepset regime this population is expected EMPTY; an entry
  here is a defect. The witness CI below is the proof of the violation.
  model                 : PAG#11903
  extra (spurious) edges: [V1 o-o V5, V3 o-o V5, V4 o-o V5]  (k=3)
  WITNESS (holds in H0, fails in G*): V3 _||_ V4 | [V1, V5]   (m-separated in H0's MAG, m-connected in G*)
  true PAG G* (over observed):
Graph Nodes:
V1;V2;V3;V4;V5

Graph Edges:
1. V1 o-> V3
2. V1 o-o V4
3. V2 --> V5
4. V3 <-> V2
5. V4 o-> V2


  H0 (legal PAG = G* + spurious, cold-reoriented):
Graph Nodes:
V1;V2;V3;V4;V5

Graph Edges:
1. V1 o-> V3
2. V1 o-o V4
3. V1 o-o V5
4. V3 <-> V2
5. V4 o-> V2
6. V4 o-o V5
7. V5 o-> V2
8. V5 o-> V3



==== NON-I-MAP H0 (cold reorient of G*+spurious is NOT an I-map of G*) ====
  Under the corrected sepset regime this population is expected EMPTY; an entry
  here is a defect. The witness CI below is the proof of the violation.
  model                 : PAG#11933
  extra (spurious) edges: [V2 o-o V5, V4 o-o V5]  (k=2)
  WITNESS (holds in H0, fails in G*): V1 _||_ V3 | []   (m-separated in H0's MAG, m-connected in G*)
  true PAG G* (over observed):
Graph Nodes:
V1;V2;V3;V4;V5

Graph Edges:
1. V1 --> V5
2. V2 o-o V1
3. V3 o-o V4
4. V3 --> V5
5. V4 o-o V2


  H0 (legal PAG = G* + spurious, cold-reoriented):
Graph Nodes:
V1;V2;V3;V4;V5

Graph Edges:
1. V1 --> V2
2. V1 o-> V5
3. V3 --> V4
4. V3 o-> V5
5. V4 --> V2
6. V5 --> V2
7. V5 --> V4



==== NON-I-MAP H0 (cold reorient of G*+spurious is NOT an I-map of G*) ====
  Under the corrected sepset regime this population is expected EMPTY; an entry
  here is a defect. The witness CI below is the proof of the violation.
  model                 : PAG#12049
  extra (spurious) edges: [V1 o-o V2, V4 o-o V5]  (k=2)
  WITNESS (holds in H0, fails in G*): V2 _||_ V4 | [V1, V5]   (m-separated in H0's MAG, m-connected in G*)
  true PAG G* (over observed):
Graph Nodes:
V1;V2;V3;V4;V5

Graph Edges:
1. V1 o-> V4
2. V1 o-> V5
3. V3 <-> V2
4. V3 --> V5
5. V4 <-> V3
6. V5 <-> V2


  H0 (legal PAG = G* + spurious, cold-reoriented):
Graph Nodes:
V1;V2;V3;V4;V5

Graph Edges:
1. V1 o-o V2
2. V1 --> V4
3. V1 o-> V5
4. V2 o-> V3
5. V2 o-> V5
6. V3 <-> V4
7. V5 <-> V3
8. V5 --> V4



==== NON-I-MAP H0 (cold reorient of G*+spurious is NOT an I-map of G*) ====
  Under the corrected sepset regime this population is expected EMPTY; an entry
  here is a defect. The witness CI below is the proof of the violation.
  model                 : PAG#12069
  extra (spurious) edges: [V1 o-o V3, V1 o-o V5]  (k=2)
  WITNESS (holds in H0, fails in G*): V4 _||_ V5 | [V1, V3]   (m-separated in H0's MAG, m-connected in G*)
  true PAG G* (over observed):
Graph Nodes:
V1;V2;V3;V4;V5

Graph Edges:
1. V2 --> V1
2. V3 o-> V4
3. V3 o-> V5
4. V4 <-> V1
5. V4 <-> V2
6. V5 <-> V2


  H0 (legal PAG = G* + spurious, cold-reoriented):
Graph Nodes:
V1;V2;V3;V4;V5

Graph Edges:
1. V1 o-> V2
2. V1 o-o V3
3. V1 o-> V4
4. V1 o-> V5
5. V2 <-> V4
6. V3 o-> V4
7. V3 o-> V5
8. V5 <-> V2



==== NON-I-MAP H0 (cold reorient of G*+spurious is NOT an I-map of G*) ====
  Under the corrected sepset regime this population is expected EMPTY; an entry
  here is a defect. The witness CI below is the proof of the violation.
  model                 : PAG#12084
  extra (spurious) edges: [V1 o-o V5, V3 o-o V4]  (k=2)
  WITNESS (holds in H0, fails in G*): V1 _||_ V2 | [V5]   (m-separated in H0's MAG, m-connected in G*)
  true PAG G* (over observed):
Graph Nodes:
V1;V2;V3;V4;V5

Graph Edges:
1. V1 --> V3
2. V1 o-o V4
3. V2 --> V3
4. V2 <-> V5
5. V3 <-> V5
6. V4 o-> V2


  H0 (legal PAG = G* + spurious, cold-reoriented):
Graph Nodes:
V1;V2;V3;V4;V5

Graph Edges:
1. V1 o-> V3
2. V1 --> V4
3. V1 o-o V5
4. V2 <-> V4
5. V3 <-> V2
6. V3 --> V4
7. V5 o-> V2
8. V5 o-> V3



==== NON-I-MAP H0 (cold reorient of G*+spurious is NOT an I-map of G*) ====
  Under the corrected sepset regime this population is expected EMPTY; an entry
  here is a defect. The witness CI below is the proof of the violation.
  model                 : PAG#12086
  extra (spurious) edges: [V3 o-o V5, V4 o-o V5]  (k=2)
  WITNESS (holds in H0, fails in G*): V2 _||_ V3 | [V4, V5]   (m-separated in H0's MAG, m-connected in G*)
  true PAG G* (over observed):
Graph Nodes:
V1;V2;V3;V4;V5

Graph Edges:
1. V1 --> V5
2. V2 o-> V1
3. V2 --> V5
4. V3 o-> V4
5. V4 <-> V1


  H0 (legal PAG = G* + spurious, cold-reoriented):
Graph Nodes:
V1;V2;V3;V4;V5

Graph Edges:
1. V1 <-> V4
2. V2 o-> V1
3. V2 o-o V5
4. V3 o-> V4
5. V3 o-o V5
6. V5 o-> V1
7. V5 o-> V4



==== NON-I-MAP H0 (cold reorient of G*+spurious is NOT an I-map of G*) ====
  Under the corrected sepset regime this population is expected EMPTY; an entry
  here is a defect. The witness CI below is the proof of the violation.
  model                 : PAG#12135
  extra (spurious) edges: [V1 o-o V3, V1 o-o V5]  (k=2)
  WITNESS (holds in H0, fails in G*): V4 _||_ V5 | [V1, V3]   (m-separated in H0's MAG, m-connected in G*)
  true PAG G* (over observed):
Graph Nodes:
V1;V2;V3;V4;V5

Graph Edges:
1. V2 --> V1
2. V3 o-o V4
3. V3 o-o V5
4. V4 --> V1
5. V4 --> V2
6. V5 --> V2


  H0 (legal PAG = G* + spurious, cold-reoriented):
Graph Nodes:
V1;V2;V3;V4;V5

Graph Edges:
1. V1 --> V2
2. V1 o-o V3
3. V1 o-o V5
4. V3 o-o V4
5. V3 o-o V5
6. V4 o-o V1
7. V4 --> V2
8. V5 --> V2



==== NON-I-MAP H0 (cold reorient of G*+spurious is NOT an I-map of G*) ====
  Under the corrected sepset regime this population is expected EMPTY; an entry
  here is a defect. The witness CI below is the proof of the violation.
  model                 : PAG#12167
  extra (spurious) edges: [V1 o-o V3, V4 o-o V5]  (k=2)
  WITNESS (holds in H0, fails in G*): V1 _||_ V4 | [V3, V5]   (m-separated in H0's MAG, m-connected in G*)
  true PAG G* (over observed):
Graph Nodes:
V1;V2;V3;V4;V5

Graph Edges:
1. V2 <-> V1
2. V2 --> V5
3. V3 o-> V4
4. V3 o-> V5
5. V4 <-> V2
6. V5 <-> V1


  H0 (legal PAG = G* + spurious, cold-reoriented):
Graph Nodes:
V1;V2;V3;V4;V5

Graph Edges:
1. V1 o-> V2
2. V1 o-o V3
3. V1 o-> V5
4. V3 --> V4
5. V3 o-> V5
6. V4 <-> V2
7. V5 <-> V2
8. V5 --> V4



==== NON-I-MAP H0 (cold reorient of G*+spurious is NOT an I-map of G*) ====
  Under the corrected sepset regime this population is expected EMPTY; an entry
  here is a defect. The witness CI below is the proof of the violation.
  model                 : PAG#12199
  extra (spurious) edges: [V1 o-o V2, V2 o-o V5]  (k=2)
  WITNESS (holds in H0, fails in G*): V3 _||_ V4 | []   (m-separated in H0's MAG, m-connected in G*)
  true PAG G* (over observed):
Graph Nodes:
V1;V2;V3;V4;V5

Graph Edges:
1. V1 o-o V3
2. V1 o-o V5
3. V3 o-> V2
4. V4 <-> V2
5. V5 o-> V4


  H0 (legal PAG = G* + spurious, cold-reoriented):
Graph Nodes:
V1;V2;V3;V4;V5

Graph Edges:
1. V2 --> V1
2. V2 --> V5
3. V3 --> V1
4. V3 o-> V2
5. V4 <-> V2
6. V4 <-> V5
7. V5 --> V1



==== NON-I-MAP H0 (cold reorient of G*+spurious is NOT an I-map of G*) ====
  Under the corrected sepset regime this population is expected EMPTY; an entry
  here is a defect. The witness CI below is the proof of the violation.
  model                 : PAG#12199
  extra (spurious) edges: [V1 o-o V4, V3 o-o V4]  (k=2)
  WITNESS (holds in H0, fails in G*): V2 _||_ V5 | []   (m-separated in H0's MAG, m-connected in G*)
  true PAG G* (over observed):
Graph Nodes:
V1;V2;V3;V4;V5

Graph Edges:
1. V1 o-o V3
2. V1 o-o V5
3. V3 o-> V2
4. V4 <-> V2
5. V5 o-> V4


  H0 (legal PAG = G* + spurious, cold-reoriented):
Graph Nodes:
V1;V2;V3;V4;V5

Graph Edges:
1. V2 <-> V3
2. V3 --> V1
3. V4 --> V1
4. V4 <-> V2
5. V4 --> V3
6. V5 --> V1
7. V5 o-> V4



==== NON-I-MAP H0 (cold reorient of G*+spurious is NOT an I-map of G*) ====
  Under the corrected sepset regime this population is expected EMPTY; an entry
  here is a defect. The witness CI below is the proof of the violation.
  model                 : PAG#12307
  extra (spurious) edges: [V1 o-o V2, V1 o-o V4]  (k=2)
  WITNESS (holds in H0, fails in G*): V2 _||_ V4 | [V1]   (m-separated in H0's MAG, m-connected in G*)
  true PAG G* (over observed):
Graph Nodes:
V1;V2;V3;V4;V5

Graph Edges:
1. V1 --> V5
2. V3 --> V1
3. V3 <-> V2
4. V3 <-> V4
5. V5 <-> V2
6. V5 <-> V4


  H0 (legal PAG = G* + spurious, cold-reoriented):
Graph Nodes:
V1;V2;V3;V4;V5

Graph Edges:
1. V1 o-> V2
2. V1 o-> V3
3. V1 o-> V4
4. V1 o-> V5
5. V2 <-> V3
6. V2 <-> V5
7. V4 <-> V3
8. V4 <-> V5



==== NON-I-MAP H0 (cold reorient of G*+spurious is NOT an I-map of G*) ====
  Under the corrected sepset regime this population is expected EMPTY; an entry
  here is a defect. The witness CI below is the proof of the violation.
  model                 : PAG#12313
  extra (spurious) edges: [V1 o-o V4, V2 o-o V5]  (k=2)
  WITNESS (holds in H0, fails in G*): V1 _||_ V2 | [V4, V5]   (m-separated in H0's MAG, m-connected in G*)
  true PAG G* (over observed):
Graph Nodes:
V1;V2;V3;V4;V5

Graph Edges:
1. V3 <-> V1
2. V3 <-> V2
3. V3 --> V4
4. V4 <-> V2
5. V5 o-> V1
6. V5 o-> V4


  H0 (legal PAG = G* + spurious, cold-reoriented):
Graph Nodes:
V1;V2;V3;V4;V5

Graph Edges:
1. V2 o-> V3
2. V2 o-> V4
3. V2 o-o V5
4. V3 <-> V1
5. V4 --> V1
6. V4 <-> V3
7. V5 --> V1
8. V5 o-> V4



==== NON-I-MAP H0 (cold reorient of G*+spurious is NOT an I-map of G*) ====
  Under the corrected sepset regime this population is expected EMPTY; an entry
  here is a defect. The witness CI below is the proof of the violation.
  model                 : PAG#12341
  extra (spurious) edges: [V1 o-o V4, V4 o-o V5]  (k=2)
  WITNESS (holds in H0, fails in G*): V1 _||_ V3 | [V4]   (m-separated in H0's MAG, m-connected in G*)
  true PAG G* (over observed):
Graph Nodes:
V1;V2;V3;V4;V5

Graph Edges:
1. V1 o-> V2
2. V3 o-> V4
3. V3 o-o V5
4. V4 <-> V2
5. V5 o-o V1


  H0 (legal PAG = G* + spurious, cold-reoriented):
Graph Nodes:
V1;V2;V3;V4;V5

Graph Edges:
1. V1 --> V5
2. V2 <-> V1
3. V3 o-> V4
4. V3 --> V5
5. V4 --> V1
6. V4 <-> V2
7. V4 --> V5



==== NON-I-MAP H0 (cold reorient of G*+spurious is NOT an I-map of G*) ====
  Under the corrected sepset regime this population is expected EMPTY; an entry
  here is a defect. The witness CI below is the proof of the violation.
  model                 : PAG#12364
  extra (spurious) edges: [V1 o-o V3, V1 o-o V5]  (k=2)
  WITNESS (holds in H0, fails in G*): V2 _||_ V3 | [V1, V5]   (m-separated in H0's MAG, m-connected in G*)
  true PAG G* (over observed):
Graph Nodes:
V1;V2;V3;V4;V5

Graph Edges:
1. V2 --> V1
2. V2 o-> V4
3. V2 o-o V5
4. V4 --> V1
5. V4 <-> V3
6. V5 o-> V3


  H0 (legal PAG = G* + spurious, cold-reoriented):
Graph Nodes:
V1;V2;V3;V4;V5

Graph Edges:
1. V1 o-> V3
2. V1 o-> V4
3. V1 o-o V5
4. V2 o-o V1
5. V2 o-> V4
6. V2 o-o V5
7. V4 <-> V3
8. V5 o-> V3



==== NON-I-MAP H0 (cold reorient of G*+spurious is NOT an I-map of G*) ====
  Under the corrected sepset regime this population is expected EMPTY; an entry
  here is a defect. The witness CI below is the proof of the violation.
  model                 : PAG#12393
  extra (spurious) edges: [V1 o-o V5, V2 o-o V5, V4 o-o V5]  (k=3)
  WITNESS (holds in H0, fails in G*): V1 _||_ V2 | [V4, V5]   (m-separated in H0's MAG, m-connected in G*)
  true PAG G* (over observed):
Graph Nodes:
V1;V2;V3;V4;V5

Graph Edges:
1. V2 o-> V3
2. V2 o-o V4
3. V3 <-> V1
4. V3 --> V5
5. V4 o-> V1


  H0 (legal PAG = G* + spurious, cold-reoriented):
Graph Nodes:
V1;V2;V3;V4;V5

Graph Edges:
1. V2 o-> V3
2. V2 o-o V4
3. V2 o-o V5
4. V3 <-> V1
5. V4 o-> V1
6. V4 o-o V5
7. V5 o-> V1
8. V5 o-> V3



==== NON-I-MAP H0 (cold reorient of G*+spurious is NOT an I-map of G*) ====
  Under the corrected sepset regime this population is expected EMPTY; an entry
  here is a defect. The witness CI below is the proof of the violation.
  model                 : PAG#12413
  extra (spurious) edges: [V2 o-o V4, V3 o-o V5]  (k=2)
  WITNESS (holds in H0, fails in G*): V2 _||_ V5 | [V3, V4]   (m-separated in H0's MAG, m-connected in G*)
  true PAG G* (over observed):
Graph Nodes:
V1;V2;V3;V4;V5

Graph Edges:
1. V1 <-> V2
2. V1 --> V3
3. V3 <-> V2
4. V4 o-> V3
5. V4 o-> V5
6. V5 <-> V1


  H0 (legal PAG = G* + spurious, cold-reoriented):
Graph Nodes:
V1;V2;V3;V4;V5

Graph Edges:
1. V2 o-> V1
2. V2 o-> V3
3. V2 o-o V4
4. V3 <-> V1
5. V3 --> V5
6. V4 o-> V3
7. V4 --> V5
8. V5 <-> V1



==== NON-I-MAP H0 (cold reorient of G*+spurious is NOT an I-map of G*) ====
  Under the corrected sepset regime this population is expected EMPTY; an entry
  here is a defect. The witness CI below is the proof of the violation.
  model                 : PAG#12428
  extra (spurious) edges: [V1 o-o V4, V2 o-o V4]  (k=2)
  WITNESS (holds in H0, fails in G*): V1 _||_ V5 | [V4]   (m-separated in H0's MAG, m-connected in G*)
  true PAG G* (over observed):
Graph Nodes:
V1;V2;V3;V4;V5

Graph Edges:
1. V1 o-o V2
2. V1 o-> V3
3. V2 o-o V5
4. V3 <-> V4
5. V5 o-> V4


  H0 (legal PAG = G* + spurious, cold-reoriented):
Graph Nodes:
V1;V2;V3;V4;V5

Graph Edges:
1. V1 --> V2
2. V3 <-> V1
3. V4 --> V1
4. V4 --> V2
5. V4 <-> V3
6. V5 --> V2
7. V5 o-> V4



==== NON-I-MAP H0 (cold reorient of G*+spurious is NOT an I-map of G*) ====
  Under the corrected sepset regime this population is expected EMPTY; an entry
  here is a defect. The witness CI below is the proof of the violation.
  model                 : PAG#12428
  extra (spurious) edges: [V2 o-o V3, V3 o-o V5]  (k=2)
  WITNESS (holds in H0, fails in G*): V1 _||_ V4 | []   (m-separated in H0's MAG, m-connected in G*)
  true PAG G* (over observed):
Graph Nodes:
V1;V2;V3;V4;V5

Graph Edges:
1. V1 o-o V2
2. V1 o-> V3
3. V2 o-o V5
4. V3 <-> V4
5. V5 o-> V4


  H0 (legal PAG = G* + spurious, cold-reoriented):
Graph Nodes:
V1;V2;V3;V4;V5

Graph Edges:
1. V1 --> V2
2. V1 o-> V3
3. V3 --> V2
4. V3 --> V5
5. V4 <-> V3
6. V4 <-> V5
7. V5 --> V2



==== NON-I-MAP H0 (cold reorient of G*+spurious is NOT an I-map of G*) ====
  Under the corrected sepset regime this population is expected EMPTY; an entry
  here is a defect. The witness CI below is the proof of the violation.
  model                 : PAG#12470
  extra (spurious) edges: [V2 o-o V5, V4 o-o V5]  (k=2)
  WITNESS (holds in H0, fails in G*): V2 _||_ V3 | [V4, V5]   (m-separated in H0's MAG, m-connected in G*)
  true PAG G* (over observed):
Graph Nodes:
V1;V2;V3;V4;V5

Graph Edges:
1. V1 --> V5
2. V2 <-> V1
3. V3 <-> V1
4. V3 <-> V5
5. V4 o-> V2
6. V4 o-> V3


  H0 (legal PAG = G* + spurious, cold-reoriented):
Graph Nodes:
V1;V2;V3;V4;V5

Graph Edges:
1. V1 <-> V2
2. V3 <-> V1
3. V4 o-> V2
4. V4 o-> V3
5. V4 o-o V5
6. V5 o-> V1
7. V5 o-> V2
8. V5 o-> V3



==== NON-I-MAP H0 (cold reorient of G*+spurious is NOT an I-map of G*) ====
  Under the corrected sepset regime this population is expected EMPTY; an entry
  here is a defect. The witness CI below is the proof of the violation.
  model                 : PAG#12478
  extra (spurious) edges: [V1 o-o V4, V3 o-o V4, V4 o-o V5]  (k=3)
  WITNESS (holds in H0, fails in G*): V1 _||_ V3 | [V4, V5]   (m-separated in H0's MAG, m-connected in G*)
  true PAG G* (over observed):
Graph Nodes:
V1;V2;V3;V4;V5

Graph Edges:
1. V2 <-> V1
2. V2 --> V4
3. V3 o-> V2
4. V3 o-o V5
5. V5 o-> V1


  H0 (legal PAG = G* + spurious, cold-reoriented):
Graph Nodes:
V1;V2;V3;V4;V5

Graph Edges:
1. V1 <-> V2
2. V3 o-> V2
3. V3 o-o V4
4. V3 o-o V5
5. V4 o-> V1
6. V4 o-> V2
7. V4 o-o V5
8. V5 o-> V1



==== NON-I-MAP H0 (cold reorient of G*+spurious is NOT an I-map of G*) ====
  Under the corrected sepset regime this population is expected EMPTY; an entry
  here is a defect. The witness CI below is the proof of the violation.
  model                 : PAG#12485
  extra (spurious) edges: [V1 o-o V3, V2 o-o V4]  (k=2)
  WITNESS (holds in H0, fails in G*): V1 _||_ V2 | [V3, V4]   (m-separated in H0's MAG, m-connected in G*)
  true PAG G* (over observed):
Graph Nodes:
V1;V2;V3;V4;V5

Graph Edges:
1. V3 o-> V2
2. V3 o-> V4
3. V4 <-> V1
4. V5 <-> V1
5. V5 <-> V2
6. V5 --> V4


  H0 (legal PAG = G* + spurious, cold-reoriented):
Graph Nodes:
V1;V2;V3;V4;V5

Graph Edges:
1. V1 o-o V3
2. V1 o-> V4
3. V1 o-> V5
4. V2 <-> V5
5. V3 --> V2
6. V3 o-> V4
7. V4 --> V2
8. V4 <-> V5



==== NON-I-MAP H0 (cold reorient of G*+spurious is NOT an I-map of G*) ====
  Under the corrected sepset regime this population is expected EMPTY; an entry
  here is a defect. The witness CI below is the proof of the violation.
  model                 : PAG#12488
  extra (spurious) edges: [V3 o-o V4, V3 o-o V5]  (k=2)
  WITNESS (holds in H0, fails in G*): V2 _||_ V4 | [V3, V5]   (m-separated in H0's MAG, m-connected in G*)
  true PAG G* (over observed):
Graph Nodes:
V1;V2;V3;V4;V5

Graph Edges:
1. V1 --> V3
2. V2 o-> V1
3. V2 --> V3
4. V2 o-o V5
5. V4 <-> V1
6. V5 o-> V4


  H0 (legal PAG = G* + spurious, cold-reoriented):
Graph Nodes:
V1;V2;V3;V4;V5

Graph Edges:
1. V1 <-> V4
2. V2 o-> V1
3. V2 o-o V3
4. V2 o-o V5
5. V3 o-> V1
6. V3 o-> V4
7. V3 o-o V5
8. V5 o-> V4



==== NON-I-MAP H0 (cold reorient of G*+spurious is NOT an I-map of G*) ====
  Under the corrected sepset regime this population is expected EMPTY; an entry
  here is a defect. The witness CI below is the proof of the violation.
  model                 : PAG#12503
  extra (spurious) edges: [V2 o-o V4, V3 o-o V4]  (k=2)
  WITNESS (holds in H0, fails in G*): V3 _||_ V5 | [V2, V4]   (m-separated in H0's MAG, m-connected in G*)
  true PAG G* (over observed):
Graph Nodes:
V1;V2;V3;V4;V5

Graph Edges:
1. V1 --> V4
2. V2 o-> V3
3. V2 o-o V5
4. V3 <-> V1
5. V5 o-> V1
6. V5 --> V4


  H0 (legal PAG = G* + spurious, cold-reoriented):
Graph Nodes:
V1;V2;V3;V4;V5

Graph Edges:
1. V2 o-> V3
2. V2 o-o V4
3. V2 o-o V5
4. V3 <-> V1
5. V4 o-> V1
6. V4 o-> V3
7. V5 o-> V1
8. V5 o-o V4



==== NON-I-MAP H0 (cold reorient of G*+spurious is NOT an I-map of G*) ====
  Under the corrected sepset regime this population is expected EMPTY; an entry
  here is a defect. The witness CI below is the proof of the violation.
  model                 : PAG#12593
  extra (spurious) edges: [V2 o-o V5, V4 o-o V5]  (k=2)
  WITNESS (holds in H0, fails in G*): V3 _||_ V4 | [V2, V5]   (m-separated in H0's MAG, m-connected in G*)
  true PAG G* (over observed):
Graph Nodes:
V1;V2;V3;V4;V5

Graph Edges:
1. V1 --> V5
2. V2 o-> V3
3. V2 o-> V4
4. V3 <-> V1
5. V3 <-> V5
6. V4 <-> V1


  H0 (legal PAG = G* + spurious, cold-reoriented):
Graph Nodes:
V1;V2;V3;V4;V5

Graph Edges:
1. V2 o-> V3
2. V2 o-> V4
3. V2 o-o V5
4. V3 <-> V1
5. V4 <-> V1
6. V5 o-> V1
7. V5 o-> V3
8. V5 o-> V4



==== NON-I-MAP H0 (cold reorient of G*+spurious is NOT an I-map of G*) ====
  Under the corrected sepset regime this population is expected EMPTY; an entry
  here is a defect. The witness CI below is the proof of the violation.
  model                 : PAG#12627
  extra (spurious) edges: [V1 o-o V5, V2 o-o V5, V4 o-o V5]  (k=3)
  WITNESS (holds in H0, fails in G*): V1 _||_ V4 | [V2, V5]   (m-separated in H0's MAG, m-connected in G*)
  true PAG G* (over observed):
Graph Nodes:
V1;V2;V3;V4;V5

Graph Edges:
1. V1 o-> V2
2. V3 <-> V2
3. V3 --> V5
4. V4 o-> V3


  H0 (legal PAG = G* + spurious, cold-reoriented):
Graph Nodes:
V1;V2;V3;V4;V5

Graph Edges:
1. V1 o-> V2
2. V1 o-o V5
3. V2 <-> V3
4. V4 o-> V3
5. V4 o-o V5
6. V5 o-> V2
7. V5 o-> V3



==== NON-I-MAP H0 (cold reorient of G*+spurious is NOT an I-map of G*) ====
  Under the corrected sepset regime this population is expected EMPTY; an entry
  here is a defect. The witness CI below is the proof of the violation.
  model                 : PAG#12629
  extra (spurious) edges: [V1 o-o V5, V4 o-o V5]  (k=2)
  WITNESS (holds in H0, fails in G*): V3 _||_ V4 | [V1, V5]   (m-separated in H0's MAG, m-connected in G*)
  true PAG G* (over observed):
Graph Nodes:
V1;V2;V3;V4;V5

Graph Edges:
1. V1 o-> V3
2. V1 o-> V4
3. V2 --> V5
4. V3 <-> V2
5. V3 <-> V5
6. V4 <-> V2


  H0 (legal PAG = G* + spurious, cold-reoriented):
Graph Nodes:
V1;V2;V3;V4;V5

Graph Edges:
1. V1 o-> V3
2. V1 o-> V4
3. V1 o-o V5
4. V3 <-> V2
5. V4 <-> V2
6. V5 o-> V2
7. V5 o-> V3
8. V5 o-> V4



==== NON-I-MAP H0 (cold reorient of G*+spurious is NOT an I-map of G*) ====
  Under the corrected sepset regime this population is expected EMPTY; an entry
  here is a defect. The witness CI below is the proof of the violation.
  model                 : PAG#12631
  extra (spurious) edges: [V2 o-o V3, V4 o-o V5]  (k=2)
  WITNESS (holds in H0, fails in G*): V2 _||_ V5 | [V3, V4]   (m-separated in H0's MAG, m-connected in G*)
  true PAG G* (over observed):
Graph Nodes:
V1;V2;V3;V4;V5

Graph Edges:
1. V1 --> V3
2. V1 <-> V5
3. V2 <-> V1
4. V3 <-> V5
5. V4 o-> V2
6. V4 o-> V3


  H0 (legal PAG = G* + spurious, cold-reoriented):
Graph Nodes:
V1;V2;V3;V4;V5

Graph Edges:
1. V1 <-> V2
2. V3 <-> V1
3. V3 --> V2
4. V4 --> V2
5. V4 o-> V3
6. V4 o-o V5
7. V5 o-> V1
8. V5 o-> V3



==== NON-I-MAP H0 (cold reorient of G*+spurious is NOT an I-map of G*) ====
  Under the corrected sepset regime this population is expected EMPTY; an entry
  here is a defect. The witness CI below is the proof of the violation.
  model                 : PAG#12704
  extra (spurious) edges: [V1 o-o V4, V1 o-o V5]  (k=2)
  WITNESS (holds in H0, fails in G*): V3 _||_ V4 | [V1]   (m-separated in H0's MAG, m-connected in G*)
  true PAG G* (over observed):
Graph Nodes:
V1;V2;V3;V4;V5

Graph Edges:
1. V2 --> V1
2. V2 <-> V3
3. V2 <-> V4
4. V2 --> V5
5. V3 <-> V1
6. V5 <-> V4


  H0 (legal PAG = G* + spurious, cold-reoriented):
Graph Nodes:
V1;V2;V3;V4;V5

Graph Edges:
1. V1 o-> V2
2. V1 o-> V4
3. V1 --> V5
4. V2 <-> V4
5. V2 --> V5
6. V3 o-o V1
7. V3 o-> V2
8. V5 <-> V4



==== NON-I-MAP H0 (cold reorient of G*+spurious is NOT an I-map of G*) ====
  Under the corrected sepset regime this population is expected EMPTY; an entry
  here is a defect. The witness CI below is the proof of the violation.
  model                 : PAG#12704
  extra (spurious) edges: [V1 o-o V5, V3 o-o V5]  (k=2)
  WITNESS (holds in H0, fails in G*): V3 _||_ V4 | [V5]   (m-separated in H0's MAG, m-connected in G*)
  true PAG G* (over observed):
Graph Nodes:
V1;V2;V3;V4;V5

Graph Edges:
1. V2 --> V1
2. V2 <-> V3
3. V2 <-> V4
4. V2 --> V5
5. V3 <-> V1
6. V5 <-> V4


  H0 (legal PAG = G* + spurious, cold-reoriented):
Graph Nodes:
V1;V2;V3;V4;V5

Graph Edges:
1. V2 --> V1
2. V2 <-> V3
3. V3 <-> V1
4. V4 o-> V2
5. V5 --> V1
6. V5 o-> V2
7. V5 o-> V3
8. V5 o-o V4



==== NON-I-MAP H0 (cold reorient of G*+spurious is NOT an I-map of G*) ====
  Under the corrected sepset regime this population is expected EMPTY; an entry
  here is a defect. The witness CI below is the proof of the violation.
  model                 : PAG#12710
  extra (spurious) edges: [V2 o-o V5, V3 o-o V5]  (k=2)
  WITNESS (holds in H0, fails in G*): V1 _||_ V2 | [V3, V5]   (m-separated in H0's MAG, m-connected in G*)
  true PAG G* (over observed):
Graph Nodes:
V1;V2;V3;V4;V5

Graph Edges:
1. V1 <-> V5
2. V2 o-> V3
3. V4 <-> V1
4. V4 <-> V3
5. V4 --> V5


  H0 (legal PAG = G* + spurious, cold-reoriented):
Graph Nodes:
V1;V2;V3;V4;V5

Graph Edges:
1. V1 o-> V4
2. V1 o-o V5
3. V2 o-> V3
4. V2 o-o V5
5. V3 <-> V4
6. V5 o-> V3
7. V5 o-> V4



==== NON-I-MAP H0 (cold reorient of G*+spurious is NOT an I-map of G*) ====
  Under the corrected sepset regime this population is expected EMPTY; an entry
  here is a defect. The witness CI below is the proof of the violation.
  model                 : PAG#12746
  extra (spurious) edges: [V1 o-o V2, V1 o-o V5]  (k=2)
  WITNESS (holds in H0, fails in G*): V3 _||_ V5 | [V1, V2]   (m-separated in H0's MAG, m-connected in G*)
  true PAG G* (over observed):
Graph Nodes:
V1;V2;V3;V4;V5

Graph Edges:
1. V2 o-o V5
2. V3 --> V1
3. V3 o-o V2
4. V3 --> V4
5. V4 --> V1
6. V5 --> V4


  H0 (legal PAG = G* + spurious, cold-reoriented):
Graph Nodes:
V1;V2;V3;V4;V5

Graph Edges:
1. V1 o-o V2
2. V1 --> V4
3. V1 o-o V5
4. V2 o-o V5
5. V3 o-o V1
6. V3 o-o V2
7. V3 --> V4
8. V5 --> V4



==== NON-I-MAP H0 (cold reorient of G*+spurious is NOT an I-map of G*) ====
  Under the corrected sepset regime this population is expected EMPTY; an entry
  here is a defect. The witness CI below is the proof of the violation.
  model                 : PAG#12760
  extra (spurious) edges: [V3 o-o V4, V4 o-o V5]  (k=2)
  WITNESS (holds in H0, fails in G*): V1 _||_ V3 | [V4]   (m-separated in H0's MAG, m-connected in G*)
  true PAG G* (over observed):
Graph Nodes:
V1;V2;V3;V4;V5

Graph Edges:
1. V1 <-> V4
2. V2 <-> V1
3. V2 <-> V3
4. V2 --> V4
5. V5 o-> V3


  H0 (legal PAG = G* + spurious, cold-reoriented):
Graph Nodes:
V1;V2;V3;V4;V5

Graph Edges:
1. V1 o-> V2
2. V1 o-o V4
3. V3 <-> V2
4. V4 o-> V2
5. V4 o-> V3
6. V4 o-o V5
7. V5 o-> V3



==== NON-I-MAP H0 (cold reorient of G*+spurious is NOT an I-map of G*) ====
  Under the corrected sepset regime this population is expected EMPTY; an entry
  here is a defect. The witness CI below is the proof of the violation.
  model                 : PAG#12825
  extra (spurious) edges: [V2 o-o V4, V2 o-o V5]  (k=2)
  WITNESS (holds in H0, fails in G*): V1 _||_ V4 | [V2, V5]   (m-separated in H0's MAG, m-connected in G*)
  true PAG G* (over observed):
Graph Nodes:
V1;V2;V3;V4;V5

Graph Edges:
1. V1 <-> V2
2. V3 <-> V1
3. V3 --> V2
4. V3 <-> V4
5. V5 o-> V1
6. V5 o-> V4


  H0 (legal PAG = G* + spurious, cold-reoriented):
Graph Nodes:
V1;V2;V3;V4;V5

Graph Edges:
1. V2 o-> V1
2. V2 o-> V3
3. V2 o-> V4
4. V2 o-o V5
5. V3 <-> V1
6. V4 <-> V3
7. V5 o-> V1
8. V5 o-> V4



==== NON-I-MAP H0 (cold reorient of G*+spurious is NOT an I-map of G*) ====
  Under the corrected sepset regime this population is expected EMPTY; an entry
  here is a defect. The witness CI below is the proof of the violation.
  model                 : PAG#12847
  extra (spurious) edges: [V1 o-o V2, V2 o-o V3]  (k=2)
  WITNESS (holds in H0, fails in G*): V1 _||_ V5 | [V2]   (m-separated in H0's MAG, m-connected in G*)
  true PAG G* (over observed):
Graph Nodes:
V1;V2;V3;V4;V5

Graph Edges:
1. V1 <-> V3
2. V4 <-> V1
3. V4 --> V2
4. V4 --> V3
5. V5 --> V2
6. V5 o-> V4


  H0 (legal PAG = G* + spurious, cold-reoriented):
Graph Nodes:
V1;V2;V3;V4;V5

Graph Edges:
1. V1 <-> V3
2. V2 o-> V1
3. V2 --> V3
4. V2 o-> V4
5. V4 <-> V1
6. V4 --> V3
7. V5 o-o V2
8. V5 o-> V4



==== NON-I-MAP H0 (cold reorient of G*+spurious is NOT an I-map of G*) ====
  Under the corrected sepset regime this population is expected EMPTY; an entry
  here is a defect. The witness CI below is the proof of the violation.
  model                 : PAG#12849
  extra (spurious) edges: [V1 o-o V2, V1 o-o V5]  (k=2)
  WITNESS (holds in H0, fails in G*): V3 _||_ V4 | []   (m-separated in H0's MAG, m-connected in G*)
  true PAG G* (over observed):
Graph Nodes:
V1;V2;V3;V4;V5

Graph Edges:
1. V2 o-> V3
2. V2 o-o V5
3. V3 <-> V1
4. V4 o-> V1
5. V5 o-o V4


  H0 (legal PAG = G* + spurious, cold-reoriented):
Graph Nodes:
V1;V2;V3;V4;V5

Graph Edges:
1. V1 --> V2
2. V1 --> V5
3. V3 <-> V1
4. V3 <-> V2
5. V4 o-> V1
6. V4 --> V5
7. V5 --> V2



==== NON-I-MAP H0 (cold reorient of G*+spurious is NOT an I-map of G*) ====
  Under the corrected sepset regime this population is expected EMPTY; an entry
  here is a defect. The witness CI below is the proof of the violation.
  model                 : PAG#12859
  extra (spurious) edges: [V1 o-o V5, V3 o-o V5, V4 o-o V5]  (k=3)
  WITNESS (holds in H0, fails in G*): V1 _||_ V3 | [V5]   (m-separated in H0's MAG, m-connected in G*)
  true PAG G* (over observed):
Graph Nodes:
V1;V2;V3;V4;V5

Graph Edges:
1. V2 <-> V1
2. V2 --> V5
3. V3 o-> V2
4. V4 o-> V1


  H0 (legal PAG = G* + spurious, cold-reoriented):
Graph Nodes:
V1;V2;V3;V4;V5

Graph Edges:
1. V2 <-> V1
2. V3 o-> V2
3. V3 o-o V5
4. V4 o-> V1
5. V4 o-o V5
6. V5 o-> V1
7. V5 o-> V2



==== NON-I-MAP H0 (cold reorient of G*+spurious is NOT an I-map of G*) ====
  Under the corrected sepset regime this population is expected EMPTY; an entry
  here is a defect. The witness CI below is the proof of the violation.
  model                 : PAG#12924
  extra (spurious) edges: [V1 o-o V5, V3 o-o V5]  (k=2)
  WITNESS (holds in H0, fails in G*): V1 _||_ V3 | [V5]   (m-separated in H0's MAG, m-connected in G*)
  true PAG G* (over observed):
Graph Nodes:
V1;V2;V3;V4;V5

Graph Edges:
1. V1 <-> V2
2. V3 <-> V2
3. V4 <-> V1
4. V4 <-> V3
5. V4 --> V5
6. V5 --> V2


  H0 (legal PAG = G* + spurious, cold-reoriented):
Graph Nodes:
V1;V2;V3;V4;V5

Graph Edges:
1. V1 <-> V4
2. V2 <-> V1
3. V2 <-> V3
4. V3 <-> V4
5. V5 o-> V1
6. V5 o-> V2
7. V5 o-> V3
8. V5 o-> V4



==== NON-I-MAP H0 (cold reorient of G*+spurious is NOT an I-map of G*) ====
  Under the corrected sepset regime this population is expected EMPTY; an entry
  here is a defect. The witness CI below is the proof of the violation.
  model                 : PAG#12946
  extra (spurious) edges: [V1 o-o V4, V2 o-o V5]  (k=2)
  WITNESS (holds in H0, fails in G*): V2 _||_ V4 | [V1, V5]   (m-separated in H0's MAG, m-connected in G*)
  true PAG G* (over observed):
Graph Nodes:
V1;V2;V3;V4;V5

Graph Edges:
1. V1 o-> V2
2. V1 o-> V5
3. V3 <-> V2
4. V3 <-> V4
5. V3 --> V5
6. V5 <-> V4


  H0 (legal PAG = G* + spurious, cold-reoriented):
Graph Nodes:
V1;V2;V3;V4;V5

Graph Edges:
1. V1 --> V2
2. V1 o-o V4
3. V1 o-> V5
4. V2 <-> V3
5. V4 o-> V3
6. V4 o-> V5
7. V5 --> V2
8. V5 <-> V3



==== NON-I-MAP H0 (cold reorient of G*+spurious is NOT an I-map of G*) ====
  Under the corrected sepset regime this population is expected EMPTY; an entry
  here is a defect. The witness CI below is the proof of the violation.
  model                 : PAG#13005
  extra (spurious) edges: [V1 o-o V2, V1 o-o V3]  (k=2)
  WITNESS (holds in H0, fails in G*): V2 _||_ V5 | [V1, V3]   (m-separated in H0's MAG, m-connected in G*)
  true PAG G* (over observed):
Graph Nodes:
V1;V2;V3;V4;V5

Graph Edges:
1. V3 o-> V2
2. V3 o-> V5
3. V4 --> V1
4. V4 <-> V2
5. V4 <-> V5
6. V5 <-> V1


  H0 (legal PAG = G* + spurious, cold-reoriented):
Graph Nodes:
V1;V2;V3;V4;V5

Graph Edges:
1. V1 o-> V2
2. V1 o-o V3
3. V1 o-> V4
4. V1 o-> V5
5. V3 o-> V2
6. V3 o-> V5
7. V4 <-> V2
8. V5 <-> V4



==== NON-I-MAP H0 (cold reorient of G*+spurious is NOT an I-map of G*) ====
  Under the corrected sepset regime this population is expected EMPTY; an entry
  here is a defect. The witness CI below is the proof of the violation.
  model                 : PAG#13080
  extra (spurious) edges: [V2 o-o V4, V3 o-o V4]  (k=2)
  WITNESS (holds in H0, fails in G*): V1 _||_ V2 | [V4, V5]   (m-separated in H0's MAG, m-connected in G*)
  true PAG G* (over observed):
Graph Nodes:
V1;V2;V3;V4;V5

Graph Edges:
1. V1 --> V4
2. V2 o-o V3
3. V2 o-o V5
4. V3 o-o V1
5. V5 --> V4


  H0 (legal PAG = G* + spurious, cold-reoriented):
Graph Nodes:
V1;V2;V3;V4;V5

Graph Edges:
1. V1 --> V3
2. V1 o-> V4
3. V2 --> V3
4. V4 --> V2
5. V4 --> V3
6. V5 --> V2
7. V5 o-> V4



==== NON-I-MAP H0 (cold reorient of G*+spurious is NOT an I-map of G*) ====
  Under the corrected sepset regime this population is expected EMPTY; an entry
  here is a defect. The witness CI below is the proof of the violation.
  model                 : PAG#13087
  extra (spurious) edges: [V2 o-o V3, V3 o-o V5]  (k=2)
  WITNESS (holds in H0, fails in G*): V1 _||_ V2 | [V3, V5]   (m-separated in H0's MAG, m-connected in G*)
  true PAG G* (over observed):
Graph Nodes:
V1;V2;V3;V4;V5

Graph Edges:
1. V1 <-> V3
2. V2 o-> V5
3. V4 <-> V1
4. V4 --> V3
5. V5 <-> V4


  H0 (legal PAG = G* + spurious, cold-reoriented):
Graph Nodes:
V1;V2;V3;V4;V5

Graph Edges:
1. V1 o-o V3
2. V1 o-> V4
3. V2 o-o V3
4. V2 o-> V5
5. V3 o-> V4
6. V3 o-> V5
7. V4 <-> V5



==== NON-I-MAP H0 (cold reorient of G*+spurious is NOT an I-map of G*) ====
  Under the corrected sepset regime this population is expected EMPTY; an entry
  here is a defect. The witness CI below is the proof of the violation.
  model                 : PAG#13116
  extra (spurious) edges: [V1 o-o V3, V2 o-o V5]  (k=2)
  WITNESS (holds in H0, fails in G*): V1 _||_ V2 | [V3, V5]   (m-separated in H0's MAG, m-connected in G*)
  true PAG G* (over observed):
Graph Nodes:
V1;V2;V3;V4;V5

Graph Edges:
1. V2 o-> V4
2. V3 o-o V2
3. V3 --> V5
4. V4 <-> V1
5. V4 --> V5
6. V5 <-> V1


  H0 (legal PAG = G* + spurious, cold-reoriented):
Graph Nodes:
V1;V2;V3;V4;V5

Graph Edges:
1. V1 o-o V3
2. V1 o-> V4
3. V1 o-> V5
4. V3 --> V2
5. V3 o-> V5
6. V4 <-> V2
7. V5 --> V2
8. V5 <-> V4



==== NON-I-MAP H0 (cold reorient of G*+spurious is NOT an I-map of G*) ====
  Under the corrected sepset regime this population is expected EMPTY; an entry
  here is a defect. The witness CI below is the proof of the violation.
  model                 : PAG#13120
  extra (spurious) edges: [V1 o-o V3, V1 o-o V4]  (k=2)
  WITNESS (holds in H0, fails in G*): V2 _||_ V3 | [V1, V4]   (m-separated in H0's MAG, m-connected in G*)
  true PAG G* (over observed):
Graph Nodes:
V1;V2;V3;V4;V5

Graph Edges:
1. V2 <-> V1
2. V4 o-> V2
3. V4 o-> V3
4. V5 --> V1
5. V5 <-> V2
6. V5 <-> V3


  H0 (legal PAG = G* + spurious, cold-reoriented):
Graph Nodes:
V1;V2;V3;V4;V5

Graph Edges:
1. V1 o-> V2
2. V1 o-> V3
3. V1 o-o V4
4. V1 o-> V5
5. V4 o-> V2
6. V4 o-> V3
7. V5 <-> V2
8. V5 <-> V3



==== NON-I-MAP H0 (cold reorient of G*+spurious is NOT an I-map of G*) ====
  Under the corrected sepset regime this population is expected EMPTY; an entry
  here is a defect. The witness CI below is the proof of the violation.
  model                 : PAG#13203
  extra (spurious) edges: [V1 o-o V4, V3 o-o V4, V4 o-o V5]  (k=3)
  WITNESS (holds in H0, fails in G*): V1 _||_ V5 | [V3, V4]   (m-separated in H0's MAG, m-connected in G*)
  true PAG G* (over observed):
Graph Nodes:
V1;V2;V3;V4;V5

Graph Edges:
1. V1 --> V2
2. V1 o-o V3
3. V2 --> V4
4. V3 o-o V5
5. V5 --> V2


  H0 (legal PAG = G* + spurious, cold-reoriented):
Graph Nodes:
V1;V2;V3;V4;V5

Graph Edges:
1. V1 --> V2
2. V1 o-o V3
3. V1 o-o V4
4. V3 o-o V4
5. V3 o-o V5
6. V4 --> V2
7. V4 o-o V5
8. V5 --> V2



==== NON-I-MAP H0 (cold reorient of G*+spurious is NOT an I-map of G*) ====
  Under the corrected sepset regime this population is expected EMPTY; an entry
  here is a defect. The witness CI below is the proof of the violation.
  model                 : PAG#13208
  extra (spurious) edges: [V2 o-o V4, V4 o-o V5]  (k=2)
  WITNESS (holds in H0, fails in G*): V1 _||_ V2 | [V4, V5]   (m-separated in H0's MAG, m-connected in G*)
  true PAG G* (over observed):
Graph Nodes:
V1;V2;V3;V4;V5

Graph Edges:
1. V1 --> V3
2. V1 --> V4
3. V2 --> V3
4. V2 o-o V5
5. V3 --> V4
6. V5 o-o V1


  H0 (legal PAG = G* + spurious, cold-reoriented):
Graph Nodes:
V1;V2;V3;V4;V5

Graph Edges:
1. V1 --> V3
2. V1 o-o V4
3. V2 --> V3
4. V2 o-o V4
5. V2 o-o V5
6. V4 --> V3
7. V4 o-o V5
8. V5 o-o V1



==== NON-I-MAP H0 (cold reorient of G*+spurious is NOT an I-map of G*) ====
  Under the corrected sepset regime this population is expected EMPTY; an entry
  here is a defect. The witness CI below is the proof of the violation.
  model                 : PAG#13218
  extra (spurious) edges: [V2 o-o V3, V3 o-o V4]  (k=2)
  WITNESS (holds in H0, fails in G*): V1 _||_ V2 | [V3, V4]   (m-separated in H0's MAG, m-connected in G*)
  true PAG G* (over observed):
Graph Nodes:
V1;V2;V3;V4;V5

Graph Edges:
1. V1 --> V3
2. V1 --> V5
3. V2 o-o V4
4. V2 --> V5
5. V4 o-o V1
6. V5 --> V3


  H0 (legal PAG = G* + spurious, cold-reoriented):
Graph Nodes:
V1;V2;V3;V4;V5

Graph Edges:
1. V1 o-o V3
2. V1 --> V5
3. V2 o-o V3
4. V2 o-o V4
5. V2 --> V5
6. V3 o-o V4
7. V3 --> V5
8. V4 o-o V1



==== NON-I-MAP H0 (cold reorient of G*+spurious is NOT an I-map of G*) ====
  Under the corrected sepset regime this population is expected EMPTY; an entry
  here is a defect. The witness CI below is the proof of the violation.
  model                 : PAG#13225
  extra (spurious) edges: [V2 o-o V4, V3 o-o V5]  (k=2)
  WITNESS (holds in H0, fails in G*): V3 _||_ V4 | [V2, V5]   (m-separated in H0's MAG, m-connected in G*)
  true PAG G* (over observed):
Graph Nodes:
V1;V2;V3;V4;V5

Graph Edges:
1. V1 --> V2
2. V1 <-> V3
3. V2 <-> V3
4. V4 <-> V1
5. V5 o-> V2
6. V5 o-> V4


  H0 (legal PAG = G* + spurious, cold-reoriented):
Graph Nodes:
V1;V2;V3;V4;V5

Graph Edges:
1. V1 <-> V4
2. V2 <-> V1
3. V2 --> V4
4. V3 o-> V1
5. V3 o-> V2
6. V3 o-o V5
7. V5 o-> V2
8. V5 --> V4



==== NON-I-MAP H0 (cold reorient of G*+spurious is NOT an I-map of G*) ====
  Under the corrected sepset regime this population is expected EMPTY; an entry
  here is a defect. The witness CI below is the proof of the violation.
  model                 : PAG#13278
  extra (spurious) edges: [V1 o-o V3, V2 o-o V3, V3 o-o V4]  (k=3)
  WITNESS (holds in H0, fails in G*): V1 _||_ V2 | [V3, V4]   (m-separated in H0's MAG, m-connected in G*)
  true PAG G* (over observed):
Graph Nodes:
V1;V2;V3;V4;V5

Graph Edges:
1. V1 --> V5
2. V2 o-o V4
3. V2 --> V5
4. V4 o-o V1
5. V5 --> V3


  H0 (legal PAG = G* + spurious, cold-reoriented):
Graph Nodes:
V1;V2;V3;V4;V5

Graph Edges:
1. V1 o-o V3
2. V1 --> V5
3. V2 o-o V3
4. V2 o-o V4
5. V2 --> V5
6. V3 o-o V4
7. V3 --> V5
8. V4 o-o V1



==== NON-I-MAP H0 (cold reorient of G*+spurious is NOT an I-map of G*) ====
  Under the corrected sepset regime this population is expected EMPTY; an entry
  here is a defect. The witness CI below is the proof of the violation.
  model                 : PAG#13320
  extra (spurious) edges: [V1 o-o V3, V3 o-o V4]  (k=2)
  WITNESS (holds in H0, fails in G*): V4 _||_ V5 | [V3]   (m-separated in H0's MAG, m-connected in G*)
  true PAG G* (over observed):
Graph Nodes:
V1;V2;V3;V4;V5

Graph Edges:
1. V2 --> V1
2. V2 --> V3
3. V2 <-> V4
4. V4 <-> V1
5. V5 o-> V2
6. V5 --> V3


  H0 (legal PAG = G* + spurious, cold-reoriented):
Graph Nodes:
V1;V2;V3;V4;V5

Graph Edges:
1. V2 --> V1
2. V2 <-> V4
3. V3 --> V1
4. V3 o-> V2
5. V3 o-> V4
6. V4 <-> V1
7. V5 o-> V2
8. V5 o-o V3



==== NON-I-MAP H0 (cold reorient of G*+spurious is NOT an I-map of G*) ====
  Under the corrected sepset regime this population is expected EMPTY; an entry
  here is a defect. The witness CI below is the proof of the violation.
  model                 : PAG#13336
  extra (spurious) edges: [V1 o-o V4, V3 o-o V5]  (k=2)
  WITNESS (holds in H0, fails in G*): V1 _||_ V3 | [V4, V5]   (m-separated in H0's MAG, m-connected in G*)
  true PAG G* (over observed):
Graph Nodes:
V1;V2;V3;V4;V5

Graph Edges:
1. V2 <-> V1
2. V2 --> V5
3. V3 o-> V2
4. V4 o-o V3
5. V4 --> V5
6. V5 <-> V1


  H0 (legal PAG = G* + spurious, cold-reoriented):
Graph Nodes:
V1;V2;V3;V4;V5

Graph Edges:
1. V1 o-> V2
2. V1 o-o V4
3. V1 o-> V5
4. V2 <-> V3
5. V4 --> V3
6. V4 o-> V5
7. V5 <-> V2
8. V5 --> V3



==== NON-I-MAP H0 (cold reorient of G*+spurious is NOT an I-map of G*) ====
  Under the corrected sepset regime this population is expected EMPTY; an entry
  here is a defect. The witness CI below is the proof of the violation.
  model                 : PAG#13375
  extra (spurious) edges: [V1 o-o V3, V2 o-o V3]  (k=2)
  WITNESS (holds in H0, fails in G*): V2 _||_ V5 | [V1, V3]   (m-separated in H0's MAG, m-connected in G*)
  true PAG G* (over observed):
Graph Nodes:
V1;V2;V3;V4;V5

Graph Edges:
1. V1 o-> V2
2. V4 <-> V2
3. V4 --> V3
4. V5 o-o V1
5. V5 --> V3
6. V5 o-> V4


  H0 (legal PAG = G* + spurious, cold-reoriented):
Graph Nodes:
V1;V2;V3;V4;V5

Graph Edges:
1. V1 o-> V2
2. V1 o-o V3
3. V3 o-> V2
4. V3 o-> V4
5. V4 <-> V2
6. V5 o-o V1
7. V5 o-o V3
8. V5 o-> V4



==== NON-I-MAP H0 (cold reorient of G*+spurious is NOT an I-map of G*) ====
  Under the corrected sepset regime this population is expected EMPTY; an entry
  here is a defect. The witness CI below is the proof of the violation.
  model                 : PAG#13382
  extra (spurious) edges: [V2 o-o V3, V2 o-o V5]  (k=2)
  WITNESS (holds in H0, fails in G*): V1 _||_ V5 | [V2, V3]   (m-separated in H0's MAG, m-connected in G*)
  true PAG G* (over observed):
Graph Nodes:
V1;V2;V3;V4;V5

Graph Edges:
1. V1 --> V2
2. V3 o-> V1
3. V3 o-o V5
4. V4 <-> V1
5. V4 --> V2
6. V5 o-> V4


  H0 (legal PAG = G* + spurious, cold-reoriented):
Graph Nodes:
V1;V2;V3;V4;V5

Graph Edges:
1. V1 <-> V4
2. V2 o-> V1
3. V2 o-o V3
4. V2 o-> V4
5. V2 o-o V5
6. V3 o-> V1
7. V3 o-o V5
8. V5 o-> V4



==== NON-I-MAP H0 (cold reorient of G*+spurious is NOT an I-map of G*) ====
  Under the corrected sepset regime this population is expected EMPTY; an entry
  here is a defect. The witness CI below is the proof of the violation.
  model                 : PAG#13401
  extra (spurious) edges: [V1 o-o V5, V3 o-o V5]  (k=2)
  WITNESS (holds in H0, fails in G*): V1 _||_ V2 | [V3, V5]   (m-separated in H0's MAG, m-connected in G*)
  true PAG G* (over observed):
Graph Nodes:
V1;V2;V3;V4;V5

Graph Edges:
1. V2 <-> V5
2. V3 o-> V1
3. V3 o-> V2
4. V4 <-> V1
5. V4 <-> V2
6. V4 --> V5


  H0 (legal PAG = G* + spurious, cold-reoriented):
Graph Nodes:
V1;V2;V3;V4;V5

Graph Edges:
1. V3 o-> V1
2. V3 o-> V2
3. V3 o-o V5
4. V4 <-> V1
5. V4 <-> V2
6. V5 o-> V1
7. V5 o-> V2
8. V5 o-> V4



==== NON-I-MAP H0 (cold reorient of G*+spurious is NOT an I-map of G*) ====
  Under the corrected sepset regime this population is expected EMPTY; an entry
  here is a defect. The witness CI below is the proof of the violation.
  model                 : PAG#13410
  extra (spurious) edges: [V1 o-o V2, V2 o-o V4]  (k=2)
  WITNESS (holds in H0, fails in G*): V1 _||_ V3 | [V2]   (m-separated in H0's MAG, m-connected in G*)
  true PAG G* (over observed):
Graph Nodes:
V1;V2;V3;V4;V5

Graph Edges:
1. V1 o-o V4
2. V1 o-> V5
3. V3 <-> V2
4. V4 o-> V3
5. V5 <-> V2


  H0 (legal PAG = G* + spurious, cold-reoriented):
Graph Nodes:
V1;V2;V3;V4;V5

Graph Edges:
1. V1 --> V4
2. V2 --> V1
3. V2 <-> V3
4. V2 --> V4
5. V2 <-> V5
6. V3 <-> V4
7. V5 <-> V1



==== NON-I-MAP H0 (cold reorient of G*+spurious is NOT an I-map of G*) ====
  Under the corrected sepset regime this population is expected EMPTY; an entry
  here is a defect. The witness CI below is the proof of the violation.
  model                 : PAG#13417
  extra (spurious) edges: [V1 o-o V5, V4 o-o V5]  (k=2)
  WITNESS (holds in H0, fails in G*): V1 _||_ V3 | [V4, V5]   (m-separated in H0's MAG, m-connected in G*)
  true PAG G* (over observed):
Graph Nodes:
V1;V2;V3;V4;V5

Graph Edges:
1. V1 --> V2
2. V2 --> V5
3. V3 --> V2
4. V3 o-o V4
5. V3 --> V5
6. V4 o-o V1


  H0 (legal PAG = G* + spurious, cold-reoriented):
Graph Nodes:
V1;V2;V3;V4;V5

Graph Edges:
1. V1 --> V2
2. V1 o-o V5
3. V3 --> V2
4. V3 o-o V4
5. V3 o-o V5
6. V4 o-o V1
7. V4 o-o V5
8. V5 --> V2



==== NON-I-MAP H0 (cold reorient of G*+spurious is NOT an I-map of G*) ====
  Under the corrected sepset regime this population is expected EMPTY; an entry
  here is a defect. The witness CI below is the proof of the violation.
  model                 : PAG#13423
  extra (spurious) edges: [V2 o-o V3, V4 o-o V5]  (k=2)
  WITNESS (holds in H0, fails in G*): V1 _||_ V2 | [V3]   (m-separated in H0's MAG, m-connected in G*)
  true PAG G* (over observed):
Graph Nodes:
V1;V2;V3;V4;V5

Graph Edges:
1. V1 <-> V3
2. V1 --> V4
3. V2 --> V4
4. V2 o-o V5
5. V4 <-> V3
6. V5 o-> V1


  H0 (legal PAG = G* + spurious, cold-reoriented):
Graph Nodes:
V1;V2;V3;V4;V5

Graph Edges:
1. V1 <-> V5
2. V2 o-o V3
3. V2 o-> V4
4. V2 --> V5
5. V3 o-> V1
6. V3 o-> V4
7. V4 <-> V1
8. V4 --> V5



==== NON-I-MAP H0 (cold reorient of G*+spurious is NOT an I-map of G*) ====
  Under the corrected sepset regime this population is expected EMPTY; an entry
  here is a defect. The witness CI below is the proof of the violation.
  model                 : PAG#13458
  extra (spurious) edges: [V2 o-o V5, V4 o-o V5]  (k=2)
  WITNESS (holds in H0, fails in G*): V2 _||_ V3 | [V4, V5]   (m-separated in H0's MAG, m-connected in G*)
  true PAG G* (over observed):
Graph Nodes:
V1;V2;V3;V4;V5

Graph Edges:
1. V1 --> V5
2. V2 --> V1
3. V3 --> V1
4. V3 o-o V4
5. V3 --> V5
6. V4 o-o V2


  H0 (legal PAG = G* + spurious, cold-reoriented):
Graph Nodes:
V1;V2;V3;V4;V5

Graph Edges:
1. V2 --> V1
2. V2 o-o V5
3. V3 --> V1
4. V3 o-o V4
5. V3 o-o V5
6. V4 o-o V2
7. V4 o-o V5
8. V5 --> V1



==== NON-I-MAP H0 (cold reorient of G*+spurious is NOT an I-map of G*) ====
  Under the corrected sepset regime this population is expected EMPTY; an entry
  here is a defect. The witness CI below is the proof of the violation.
  model                 : PAG#13482
  extra (spurious) edges: [V1 o-o V4, V1 o-o V5]  (k=2)
  WITNESS (holds in H0, fails in G*): V2 _||_ V5 | [V1]   (m-separated in H0's MAG, m-connected in G*)
  true PAG G* (over observed):
Graph Nodes:
V1;V2;V3;V4;V5

Graph Edges:
1. V2 <-> V1
2. V3 --> V1
3. V3 <-> V2
4. V3 --> V4
5. V3 <-> V5
6. V4 <-> V5


  H0 (legal PAG = G* + spurious, cold-reoriented):
Graph Nodes:
V1;V2;V3;V4;V5

Graph Edges:
1. V1 o-> V3
2. V1 --> V4
3. V1 o-> V5
4. V2 o-o V1
5. V2 o-> V3
6. V3 --> V4
7. V3 <-> V5
8. V4 <-> V5



==== NON-I-MAP H0 (cold reorient of G*+spurious is NOT an I-map of G*) ====
  Under the corrected sepset regime this population is expected EMPTY; an entry
  here is a defect. The witness CI below is the proof of the violation.
  model                 : PAG#13482
  extra (spurious) edges: [V1 o-o V4, V2 o-o V4]  (k=2)
  WITNESS (holds in H0, fails in G*): V2 _||_ V5 | [V4]   (m-separated in H0's MAG, m-connected in G*)
  true PAG G* (over observed):
Graph Nodes:
V1;V2;V3;V4;V5

Graph Edges:
1. V2 <-> V1
2. V3 --> V1
3. V3 <-> V2
4. V3 --> V4
5. V3 <-> V5
6. V4 <-> V5


  H0 (legal PAG = G* + spurious, cold-reoriented):
Graph Nodes:
V1;V2;V3;V4;V5

Graph Edges:
1. V2 <-> V1
2. V3 --> V1
3. V3 <-> V2
4. V4 --> V1
5. V4 o-> V2
6. V4 o-> V3
7. V4 o-o V5
8. V5 o-> V3



==== NON-I-MAP H0 (cold reorient of G*+spurious is NOT an I-map of G*) ====
  Under the corrected sepset regime this population is expected EMPTY; an entry
  here is a defect. The witness CI below is the proof of the violation.
  model                 : PAG#13521
  extra (spurious) edges: [V2 o-o V3, V2 o-o V5]  (k=2)
  WITNESS (holds in H0, fails in G*): V3 _||_ V4 | [V2]   (m-separated in H0's MAG, m-connected in G*)
  true PAG G* (over observed):
Graph Nodes:
V1;V2;V3;V4;V5

Graph Edges:
1. V1 --> V2
2. V1 <-> V3
3. V1 <-> V4
4. V1 --> V5
5. V2 <-> V4
6. V3 <-> V5


  H0 (legal PAG = G* + spurious, cold-reoriented):
Graph Nodes:
V1;V2;V3;V4;V5

Graph Edges:
1. V1 <-> V3
2. V1 --> V5
3. V2 o-> V1
4. V2 o-> V3
5. V2 o-o V4
6. V2 --> V5
7. V3 <-> V5
8. V4 o-> V1



==== NON-I-MAP H0 (cold reorient of G*+spurious is NOT an I-map of G*) ====
  Under the corrected sepset regime this population is expected EMPTY; an entry
  here is a defect. The witness CI below is the proof of the violation.
  model                 : PAG#13521
  extra (spurious) edges: [V2 o-o V5, V4 o-o V5]  (k=2)
  WITNESS (holds in H0, fails in G*): V3 _||_ V4 | [V5]   (m-separated in H0's MAG, m-connected in G*)
  true PAG G* (over observed):
Graph Nodes:
V1;V2;V3;V4;V5

Graph Edges:
1. V1 --> V2
2. V1 <-> V3
3. V1 <-> V4
4. V1 --> V5
5. V2 <-> V4
6. V3 <-> V5


  H0 (legal PAG = G* + spurious, cold-reoriented):
Graph Nodes:
V1;V2;V3;V4;V5

Graph Edges:
1. V1 --> V2
2. V1 <-> V4
3. V2 <-> V4
4. V3 o-> V1
5. V3 o-o V5
6. V5 o-> V1
7. V5 --> V2
8. V5 o-> V4



==== NON-I-MAP H0 (cold reorient of G*+spurious is NOT an I-map of G*) ====
  Under the corrected sepset regime this population is expected EMPTY; an entry
  here is a defect. The witness CI below is the proof of the violation.
  model                 : PAG#13528
  extra (spurious) edges: [V1 o-o V3, V2 o-o V3, V3 o-o V5]  (k=3)
  WITNESS (holds in H0, fails in G*): V1 _||_ V5 | [V2, V3]   (m-separated in H0's MAG, m-connected in G*)
  true PAG G* (over observed):
Graph Nodes:
V1;V2;V3;V4;V5

Graph Edges:
1. V2 o-> V1
2. V2 o-o V5
3. V4 <-> V1
4. V4 --> V3
5. V5 o-> V4


  H0 (legal PAG = G* + spurious, cold-reoriented):
Graph Nodes:
V1;V2;V3;V4;V5

Graph Edges:
1. V1 <-> V4
2. V2 o-> V1
3. V2 o-o V3
4. V2 o-o V5
5. V3 o-> V1
6. V3 o-> V4
7. V3 o-o V5
8. V5 o-> V4



==== NON-I-MAP H0 (cold reorient of G*+spurious is NOT an I-map of G*) ====
  Under the corrected sepset regime this population is expected EMPTY; an entry
  here is a defect. The witness CI below is the proof of the violation.
  model                 : PAG#13538
  extra (spurious) edges: [V1 o-o V5, V3 o-o V5, V4 o-o V5]  (k=3)
  WITNESS (holds in H0, fails in G*): V1 _||_ V4 | [V5]   (m-separated in H0's MAG, m-connected in G*)
  true PAG G* (over observed):
Graph Nodes:
V1;V2;V3;V4;V5

Graph Edges:
1. V2 <-> V1
2. V2 --> V5
3. V3 o-> V1
4. V4 o-> V2


  H0 (legal PAG = G* + spurious, cold-reoriented):
Graph Nodes:
V1;V2;V3;V4;V5

Graph Edges:
1. V1 <-> V2
2. V3 o-> V1
3. V3 o-o V5
4. V4 o-> V2
5. V4 o-o V5
6. V5 o-> V1
7. V5 o-> V2



==== NON-I-MAP H0 (cold reorient of G*+spurious is NOT an I-map of G*) ====
  Under the corrected sepset regime this population is expected EMPTY; an entry
  here is a defect. The witness CI below is the proof of the violation.
  model                 : PAG#13578
  extra (spurious) edges: [V1 o-o V2, V1 o-o V5]  (k=2)
  WITNESS (holds in H0, fails in G*): V3 _||_ V4 | []   (m-separated in H0's MAG, m-connected in G*)
  true PAG G* (over observed):
Graph Nodes:
V1;V2;V3;V4;V5

Graph Edges:
1. V2 o-o V3
2. V2 o-o V5
3. V3 o-> V1
4. V4 <-> V1
5. V5 o-> V4


  H0 (legal PAG = G* + spurious, cold-reoriented):
Graph Nodes:
V1;V2;V3;V4;V5

Graph Edges:
1. V1 --> V2
2. V1 <-> V4
3. V1 --> V5
4. V3 o-> V1
5. V3 --> V2
6. V4 <-> V5
7. V5 --> V2



==== NON-I-MAP H0 (cold reorient of G*+spurious is NOT an I-map of G*) ====
  Under the corrected sepset regime this population is expected EMPTY; an entry
  here is a defect. The witness CI below is the proof of the violation.
  model                 : PAG#13586
  extra (spurious) edges: [V1 o-o V5, V3 o-o V5, V4 o-o V5]  (k=3)
  WITNESS (holds in H0, fails in G*): V1 _||_ V4 | [V3, V5]   (m-separated in H0's MAG, m-connected in G*)
  true PAG G* (over observed):
Graph Nodes:
V1;V2;V3;V4;V5

Graph Edges:
1. V1 o-> V2
2. V1 o-o V3
3. V2 --> V5
4. V3 o-> V4
5. V4 <-> V2


  H0 (legal PAG = G* + spurious, cold-reoriented):
Graph Nodes:
V1;V2;V3;V4;V5

Graph Edges:
1. V1 o-> V2
2. V1 o-o V3
3. V1 o-o V5
4. V3 o-> V4
5. V3 o-o V5
6. V4 <-> V2
7. V5 o-> V2
8. V5 o-> V4



==== NON-I-MAP H0 (cold reorient of G*+spurious is NOT an I-map of G*) ====
  Under the corrected sepset regime this population is expected EMPTY; an entry
  here is a defect. The witness CI below is the proof of the violation.
  model                 : PAG#13602
  extra (spurious) edges: [V1 o-o V5, V3 o-o V5]  (k=2)
  WITNESS (holds in H0, fails in G*): V1 _||_ V4 | [V3, V5]   (m-separated in H0's MAG, m-connected in G*)
  true PAG G* (over observed):
Graph Nodes:
V1;V2;V3;V4;V5

Graph Edges:
1. V2 <-> V1
2. V2 --> V5
3. V3 o-> V1
4. V3 o-> V4
5. V4 <-> V2
6. V4 <-> V5


  H0 (legal PAG = G* + spurious, cold-reoriented):
Graph Nodes:
V1;V2;V3;V4;V5

Graph Edges:
1. V1 <-> V2
2. V3 o-> V1
3. V3 o-> V4
4. V3 o-o V5
5. V4 <-> V2
6. V5 o-> V1
7. V5 o-> V2
8. V5 o-> V4



==== NON-I-MAP H0 (cold reorient of G*+spurious is NOT an I-map of G*) ====
  Under the corrected sepset regime this population is expected EMPTY; an entry
  here is a defect. The witness CI below is the proof of the violation.
  model                 : PAG#13607
  extra (spurious) edges: [V1 o-o V2, V3 o-o V5]  (k=2)
  WITNESS (holds in H0, fails in G*): V1 _||_ V5 | [V2, V3]   (m-separated in H0's MAG, m-connected in G*)
  true PAG G* (over observed):
Graph Nodes:
V1;V2;V3;V4;V5

Graph Edges:
1. V2 <-> V5
2. V3 o-> V1
3. V3 o-> V2
4. V4 <-> V1
5. V4 --> V2
6. V4 <-> V5


  H0 (legal PAG = G* + spurious, cold-reoriented):
Graph Nodes:
V1;V2;V3;V4;V5

Graph Edges:
1. V1 <-> V4
2. V2 --> V1
3. V2 <-> V4
4. V3 --> V1
5. V3 o-> V2
6. V3 o-o V5
7. V5 o-> V2
8. V5 o-> V4



==== NON-I-MAP H0 (cold reorient of G*+spurious is NOT an I-map of G*) ====
  Under the corrected sepset regime this population is expected EMPTY; an entry
  here is a defect. The witness CI below is the proof of the violation.
  model                 : PAG#13617
  extra (spurious) edges: [V1 o-o V5, V3 o-o V5]  (k=2)
  WITNESS (holds in H0, fails in G*): V1 _||_ V2 | [V3, V5]   (m-separated in H0's MAG, m-connected in G*)
  true PAG G* (over observed):
Graph Nodes:
V1;V2;V3;V4;V5

Graph Edges:
1. V1 --> V4
2. V2 o-o V3
3. V2 --> V4
4. V2 --> V5
5. V3 o-o V1
6. V4 --> V5


  H0 (legal PAG = G* + spurious, cold-reoriented):
Graph Nodes:
V1;V2;V3;V4;V5

Graph Edges:
1. V1 --> V4
2. V1 o-o V5
3. V2 o-o V3
4. V2 --> V4
5. V2 o-o V5
6. V3 o-o V1
7. V3 o-o V5
8. V5 --> V4



==== NON-I-MAP H0 (cold reorient of G*+spurious is NOT an I-map of G*) ====
  Under the corrected sepset regime this population is expected EMPTY; an entry
  here is a defect. The witness CI below is the proof of the violation.
  model                 : PAG#13624
  extra (spurious) edges: [V2 o-o V5, V4 o-o V5]  (k=2)
  WITNESS (holds in H0, fails in G*): V2 _||_ V3 | [V4, V5]   (m-separated in H0's MAG, m-connected in G*)
  true PAG G* (over observed):
Graph Nodes:
V1;V2;V3;V4;V5

Graph Edges:
1. V1 <-> V3
2. V1 --> V5
3. V2 o-> V4
4. V3 <-> V5
5. V4 <-> V1


  H0 (legal PAG = G* + spurious, cold-reoriented):
Graph Nodes:
V1;V2;V3;V4;V5

Graph Edges:
1. V2 o-> V4
2. V2 o-o V5
3. V3 o-> V1
4. V3 o-o V5
5. V4 <-> V1
6. V5 o-> V1
7. V5 o-> V4



==== NON-I-MAP H0 (cold reorient of G*+spurious is NOT an I-map of G*) ====
  Under the corrected sepset regime this population is expected EMPTY; an entry
  here is a defect. The witness CI below is the proof of the violation.
  model                 : PAG#13636
  extra (spurious) edges: [V1 o-o V2, V1 o-o V3, V1 o-o V4]  (k=3)
  WITNESS (holds in H0, fails in G*): V3 _||_ V4 | [V1, V2]   (m-separated in H0's MAG, m-connected in G*)
  true PAG G* (over observed):
Graph Nodes:
V1;V2;V3;V4;V5

Graph Edges:
1. V2 o-o V4
2. V3 o-o V2
3. V3 --> V5
4. V4 --> V5
5. V5 --> V1


  H0 (legal PAG = G* + spurious, cold-reoriented):
Graph Nodes:
V1;V2;V3;V4;V5

Graph Edges:
1. V1 o-o V2
2. V1 o-o V3
3. V1 o-o V4
4. V1 --> V5
5. V2 o-o V4
6. V3 o-o V2
7. V3 --> V5
8. V4 --> V5



==== NON-I-MAP H0 (cold reorient of G*+spurious is NOT an I-map of G*) ====
  Under the corrected sepset regime this population is expected EMPTY; an entry
  here is a defect. The witness CI below is the proof of the violation.
  model                 : PAG#13673
  extra (spurious) edges: [V2 o-o V3, V2 o-o V4]  (k=2)
  WITNESS (holds in H0, fails in G*): V3 _||_ V5 | [V2, V4]   (m-separated in H0's MAG, m-connected in G*)
  true PAG G* (over observed):
Graph Nodes:
V1;V2;V3;V4;V5

Graph Edges:
1. V1 --> V2
2. V3 --> V1
3. V4 o-o V3
4. V5 --> V1
5. V5 --> V2
6. V5 o-o V4


  H0 (legal PAG = G* + spurious, cold-reoriented):
Graph Nodes:
V1;V2;V3;V4;V5

Graph Edges:
1. V2 --> V1
2. V2 o-o V3
3. V2 o-o V4
4. V3 --> V1
5. V4 o-o V3
6. V5 --> V1
7. V5 o-o V2
8. V5 o-o V4



==== NON-I-MAP H0 (cold reorient of G*+spurious is NOT an I-map of G*) ====
  Under the corrected sepset regime this population is expected EMPTY; an entry
  here is a defect. The witness CI below is the proof of the violation.
  model                 : PAG#13674
  extra (spurious) edges: [V1 o-o V2, V2 o-o V5]  (k=2)
  WITNESS (holds in H0, fails in G*): V1 _||_ V4 | [V2]   (m-separated in H0's MAG, m-connected in G*)
  true PAG G* (over observed):
Graph Nodes:
V1;V2;V3;V4;V5

Graph Edges:
1. V1 o-> V3
2. V3 --> V2
3. V4 o-> V2
4. V5 o-> V3


  H0 (legal PAG = G* + spurious, cold-reoriented):
Graph Nodes:
V1;V2;V3;V4;V5

Graph Edges:
1. V2 --> V1
2. V2 <-> V3
3. V2 --> V5
4. V3 <-> V1
5. V3 <-> V5
6. V4 o-> V2



==== NON-I-MAP H0 (cold reorient of G*+spurious is NOT an I-map of G*) ====
  Under the corrected sepset regime this population is expected EMPTY; an entry
  here is a defect. The witness CI below is the proof of the violation.
  model                 : PAG#13685
  extra (spurious) edges: [V1 o-o V2, V3 o-o V5]  (k=2)
  WITNESS (holds in H0, fails in G*): V1 _||_ V3 | [V2, V5]   (m-separated in H0's MAG, m-connected in G*)
  true PAG G* (over observed):
Graph Nodes:
V1;V2;V3;V4;V5

Graph Edges:
1. V2 <-> V3
2. V4 <-> V1
3. V4 --> V2
4. V4 <-> V3
5. V5 o-> V1
6. V5 o-> V2


  H0 (legal PAG = G* + spurious, cold-reoriented):
Graph Nodes:
V1;V2;V3;V4;V5

Graph Edges:
1. V1 <-> V4
2. V2 --> V1
3. V2 <-> V4
4. V3 o-> V2
5. V3 o-> V4
6. V3 o-o V5
7. V5 --> V1
8. V5 o-> V2



==== NON-I-MAP H0 (cold reorient of G*+spurious is NOT an I-map of G*) ====
  Under the corrected sepset regime this population is expected EMPTY; an entry
  here is a defect. The witness CI below is the proof of the violation.
  model                 : PAG#13756
  extra (spurious) edges: [V1 o-o V5, V4 o-o V5]  (k=2)
  WITNESS (holds in H0, fails in G*): V3 _||_ V4 | [V1, V5]   (m-separated in H0's MAG, m-connected in G*)
  true PAG G* (over observed):
Graph Nodes:
V1;V2;V3;V4;V5

Graph Edges:
1. V1 o-o V3
2. V1 o-o V4
3. V2 --> V5
4. V3 --> V2
5. V3 --> V5
6. V4 --> V2


  H0 (legal PAG = G* + spurious, cold-reoriented):
Graph Nodes:
V1;V2;V3;V4;V5

Graph Edges:
1. V1 o-o V3
2. V1 o-o V4
3. V1 o-o V5
4. V3 --> V2
5. V3 o-o V5
6. V4 --> V2
7. V4 o-o V5
8. V5 --> V2



==== NON-I-MAP H0 (cold reorient of G*+spurious is NOT an I-map of G*) ====
  Under the corrected sepset regime this population is expected EMPTY; an entry
  here is a defect. The witness CI below is the proof of the violation.
  model                 : PAG#13765
  extra (spurious) edges: [V1 o-o V3, V1 o-o V5]  (k=2)
  WITNESS (holds in H0, fails in G*): V2 _||_ V3 | [V1, V5]   (m-separated in H0's MAG, m-connected in G*)
  true PAG G* (over observed):
Graph Nodes:
V1;V2;V3;V4;V5

Graph Edges:
1. V2 <-> V1
2. V4 --> V1
3. V4 <-> V2
4. V4 <-> V3
5. V5 o-> V2
6. V5 o-> V3


  H0 (legal PAG = G* + spurious, cold-reoriented):
Graph Nodes:
V1;V2;V3;V4;V5

Graph Edges:
1. V1 o-> V2
2. V1 o-> V3
3. V1 o-> V4
4. V1 o-o V5
5. V2 <-> V4
6. V4 <-> V3
7. V5 o-> V2
8. V5 o-> V3



==== NON-I-MAP H0 (cold reorient of G*+spurious is NOT an I-map of G*) ====
  Under the corrected sepset regime this population is expected EMPTY; an entry
  here is a defect. The witness CI below is the proof of the violation.
  model                 : PAG#13780
  extra (spurious) edges: [V1 o-o V3, V2 o-o V3]  (k=2)
  WITNESS (holds in H0, fails in G*): V2 _||_ V4 | [V3, V5]   (m-separated in H0's MAG, m-connected in G*)
  true PAG G* (over observed):
Graph Nodes:
V1;V2;V3;V4;V5

Graph Edges:
1. V1 o-o V2
2. V1 o-> V4
3. V2 o-o V5
4. V4 <-> V3
5. V5 o-> V3


  H0 (legal PAG = G* + spurious, cold-reoriented):
Graph Nodes:
V1;V2;V3;V4;V5

Graph Edges:
1. V2 --> V1
2. V3 --> V1
3. V3 --> V2
4. V4 <-> V1
5. V4 <-> V3
6. V5 --> V2
7. V5 o-> V3



==== NON-I-MAP H0 (cold reorient of G*+spurious is NOT an I-map of G*) ====
  Under the corrected sepset regime this population is expected EMPTY; an entry
  here is a defect. The witness CI below is the proof of the violation.
  model                 : PAG#13780
  extra (spurious) edges: [V2 o-o V4, V4 o-o V5]  (k=2)
  WITNESS (holds in H0, fails in G*): V1 _||_ V3 | []   (m-separated in H0's MAG, m-connected in G*)
  true PAG G* (over observed):
Graph Nodes:
V1;V2;V3;V4;V5

Graph Edges:
1. V1 o-o V2
2. V1 o-> V4
3. V2 o-o V5
4. V4 <-> V3
5. V5 o-> V3


  H0 (legal PAG = G* + spurious, cold-reoriented):
Graph Nodes:
V1;V2;V3;V4;V5

Graph Edges:
1. V1 --> V2
2. V1 o-> V4
3. V3 <-> V5
4. V4 --> V2
5. V4 <-> V3
6. V4 --> V5
7. V5 --> V2



==== NON-I-MAP H0 (cold reorient of G*+spurious is NOT an I-map of G*) ====
  Under the corrected sepset regime this population is expected EMPTY; an entry
  here is a defect. The witness CI below is the proof of the violation.
  model                 : PAG#13801
  extra (spurious) edges: [V2 o-o V3, V2 o-o V5]  (k=2)
  WITNESS (holds in H0, fails in G*): V1 _||_ V3 | [V2, V5]   (m-separated in H0's MAG, m-connected in G*)
  true PAG G* (over observed):
Graph Nodes:
V1;V2;V3;V4;V5

Graph Edges:
1. V1 --> V2
2. V1 --> V4
3. V3 --> V4
4. V3 o-o V5
5. V4 --> V2
6. V5 o-o V1


  H0 (legal PAG = G* + spurious, cold-reoriented):
Graph Nodes:
V1;V2;V3;V4;V5

Graph Edges:
1. V1 o-o V2
2. V1 --> V4
3. V2 o-o V3
4. V2 --> V4
5. V2 o-o V5
6. V3 --> V4
7. V3 o-o V5
8. V5 o-o V1



==== NON-I-MAP H0 (cold reorient of G*+spurious is NOT an I-map of G*) ====
  Under the corrected sepset regime this population is expected EMPTY; an entry
  here is a defect. The witness CI below is the proof of the violation.
  model                 : PAG#13812
  extra (spurious) edges: [V3 o-o V5, V4 o-o V5]  (k=2)
  WITNESS (holds in H0, fails in G*): V1 _||_ V3 | [V5]   (m-separated in H0's MAG, m-connected in G*)
  true PAG G* (over observed):
Graph Nodes:
V1;V2;V3;V4;V5

Graph Edges:
1. V1 <-> V5
2. V2 <-> V1
3. V2 --> V5
4. V3 <-> V2
5. V4 o-> V3


  H0 (legal PAG = G* + spurious, cold-reoriented):
Graph Nodes:
V1;V2;V3;V4;V5

Graph Edges:
1. V1 o-> V2
2. V1 o-o V5
3. V2 <-> V3
4. V4 o-> V3
5. V4 o-o V5
6. V5 o-> V2
7. V5 o-> V3



==== NON-I-MAP H0 (cold reorient of G*+spurious is NOT an I-map of G*) ====
  Under the corrected sepset regime this population is expected EMPTY; an entry
  here is a defect. The witness CI below is the proof of the violation.
  model                 : PAG#13816
  extra (spurious) edges: [V3 o-o V5, V4 o-o V5]  (k=2)
  WITNESS (holds in H0, fails in G*): V2 _||_ V3 | [V4, V5]   (m-separated in H0's MAG, m-connected in G*)
  true PAG G* (over observed):
Graph Nodes:
V1;V2;V3;V4;V5

Graph Edges:
1. V1 --> V5
2. V2 o-> V1
3. V2 o-o V4
4. V2 --> V5
5. V3 <-> V1
6. V4 o-> V3


  H0 (legal PAG = G* + spurious, cold-reoriented):
Graph Nodes:
V1;V2;V3;V4;V5

Graph Edges:
1. V2 o-> V1
2. V2 o-o V4
3. V2 o-o V5
4. V3 <-> V1
5. V4 o-> V3
6. V4 o-o V5
7. V5 o-> V1
8. V5 o-> V3



==== NON-I-MAP H0 (cold reorient of G*+spurious is NOT an I-map of G*) ====
  Under the corrected sepset regime this population is expected EMPTY; an entry
  here is a defect. The witness CI below is the proof of the violation.
  model                 : PAG#13895
  extra (spurious) edges: [V3 o-o V4, V3 o-o V5]  (k=2)
  WITNESS (holds in H0, fails in G*): V4 _||_ V5 | [V3]   (m-separated in H0's MAG, m-connected in G*)
  true PAG G* (over observed):
Graph Nodes:
V1;V2;V3;V4;V5

Graph Edges:
1. V2 --> V3
2. V3 --> V1
3. V4 <-> V1
4. V4 <-> V2
5. V5 <-> V1
6. V5 <-> V2


  H0 (legal PAG = G* + spurious, cold-reoriented):
Graph Nodes:
V1;V2;V3;V4;V5

Graph Edges:
1. V1 <-> V5
2. V2 <-> V4
3. V2 <-> V5
4. V3 o-> V1
5. V3 o-> V2
6. V3 o-> V4
7. V3 o-> V5
8. V4 <-> V1



==== NON-I-MAP H0 (cold reorient of G*+spurious is NOT an I-map of G*) ====
  Under the corrected sepset regime this population is expected EMPTY; an entry
  here is a defect. The witness CI below is the proof of the violation.
  model                 : PAG#13916
  extra (spurious) edges: [V2 o-o V3, V2 o-o V4]  (k=2)
  WITNESS (holds in H0, fails in G*): V4 _||_ V5 | [V2]   (m-separated in H0's MAG, m-connected in G*)
  true PAG G* (over observed):
Graph Nodes:
V1;V2;V3;V4;V5

Graph Edges:
1. V1 --> V2
2. V1 --> V3
3. V1 <-> V4
4. V1 <-> V5
5. V2 <-> V5
6. V4 <-> V3


  H0 (legal PAG = G* + spurious, cold-reoriented):
Graph Nodes:
V1;V2;V3;V4;V5

Graph Edges:
1. V1 --> V3
2. V1 <-> V4
3. V2 o-> V1
4. V2 --> V3
5. V2 o-> V4
6. V2 o-o V5
7. V4 <-> V3
8. V5 o-> V1



==== NON-I-MAP H0 (cold reorient of G*+spurious is NOT an I-map of G*) ====
  Under the corrected sepset regime this population is expected EMPTY; an entry
  here is a defect. The witness CI below is the proof of the violation.
  model                 : PAG#13916
  extra (spurious) edges: [V2 o-o V3, V3 o-o V5]  (k=2)
  WITNESS (holds in H0, fails in G*): V4 _||_ V5 | [V3]   (m-separated in H0's MAG, m-connected in G*)
  true PAG G* (over observed):
Graph Nodes:
V1;V2;V3;V4;V5

Graph Edges:
1. V1 --> V2
2. V1 --> V3
3. V1 <-> V4
4. V1 <-> V5
5. V2 <-> V5
6. V4 <-> V3


  H0 (legal PAG = G* + spurious, cold-reoriented):
Graph Nodes:
V1;V2;V3;V4;V5

Graph Edges:
1. V1 --> V2
2. V1 <-> V5
3. V2 <-> V5
4. V3 o-> V1
5. V3 --> V2
6. V3 o-> V5
7. V4 o-> V1
8. V4 o-o V3



==== NON-I-MAP H0 (cold reorient of G*+spurious is NOT an I-map of G*) ====
  Under the corrected sepset regime this population is expected EMPTY; an entry
  here is a defect. The witness CI below is the proof of the violation.
  model                 : PAG#13937
  extra (spurious) edges: [V1 o-o V4, V2 o-o V4]  (k=2)
  WITNESS (holds in H0, fails in G*): V1 _||_ V5 | [V2, V4]   (m-separated in H0's MAG, m-connected in G*)
  true PAG G* (over observed):
Graph Nodes:
V1;V2;V3;V4;V5

Graph Edges:
1. V2 o-> V1
2. V3 <-> V1
3. V3 --> V4
4. V5 o-o V2
5. V5 o-> V3
6. V5 --> V4


  H0 (legal PAG = G* + spurious, cold-reoriented):
Graph Nodes:
V1;V2;V3;V4;V5

Graph Edges:
1. V2 o-> V1
2. V2 o-o V4
3. V3 <-> V1
4. V4 o-> V1
5. V4 o-> V3
6. V5 o-o V2
7. V5 o-> V3
8. V5 o-o V4



==== NON-I-MAP H0 (cold reorient of G*+spurious is NOT an I-map of G*) ====
  Under the corrected sepset regime this population is expected EMPTY; an entry
  here is a defect. The witness CI below is the proof of the violation.
  model                 : PAG#13941
  extra (spurious) edges: [V1 o-o V2, V1 o-o V4]  (k=2)
  WITNESS (holds in H0, fails in G*): V2 _||_ V4 | [V1]   (m-separated in H0's MAG, m-connected in G*)
  true PAG G* (over observed):
Graph Nodes:
V1;V2;V3;V4;V5

Graph Edges:
1. V1 --> V3
2. V3 <-> V2
3. V3 <-> V4
4. V5 --> V1
5. V5 <-> V2
6. V5 <-> V4


  H0 (legal PAG = G* + spurious, cold-reoriented):
Graph Nodes:
V1;V2;V3;V4;V5

Graph Edges:
1. V1 o-> V2
2. V1 o-> V3
3. V1 o-> V4
4. V1 o-> V5
5. V2 <-> V3
6. V2 <-> V5
7. V4 <-> V3
8. V4 <-> V5



==== NON-I-MAP H0 (cold reorient of G*+spurious is NOT an I-map of G*) ====
  Under the corrected sepset regime this population is expected EMPTY; an entry
  here is a defect. The witness CI below is the proof of the violation.
  model                 : PAG#13981
  extra (spurious) edges: [V2 o-o V4, V3 o-o V4]  (k=2)
  WITNESS (holds in H0, fails in G*): V1 _||_ V2 | [V3, V4]   (m-separated in H0's MAG, m-connected in G*)
  true PAG G* (over observed):
Graph Nodes:
V1;V2;V3;V4;V5

Graph Edges:
1. V1 <-> V4
2. V3 o-> V1
3. V3 o-> V2
4. V5 <-> V1
5. V5 <-> V2
6. V5 --> V4


  H0 (legal PAG = G* + spurious, cold-reoriented):
Graph Nodes:
V1;V2;V3;V4;V5

Graph Edges:
1. V1 <-> V5
2. V2 <-> V5
3. V3 o-> V1
4. V3 o-> V2
5. V3 o-o V4
6. V4 o-> V1
7. V4 o-> V2
8. V4 o-> V5



==== NON-I-MAP H0 (cold reorient of G*+spurious is NOT an I-map of G*) ====
  Under the corrected sepset regime this population is expected EMPTY; an entry
  here is a defect. The witness CI below is the proof of the violation.
  model                 : PAG#13997
  extra (spurious) edges: [V2 o-o V3, V2 o-o V4]  (k=2)
  WITNESS (holds in H0, fails in G*): V1 _||_ V4 | [V2, V3]   (m-separated in H0's MAG, m-connected in G*)
  true PAG G* (over observed):
Graph Nodes:
V1;V2;V3;V4;V5

Graph Edges:
1. V1 <-> V2
2. V3 o-> V1
3. V3 o-> V4
4. V5 <-> V1
5. V5 --> V2
6. V5 <-> V4


  H0 (legal PAG = G* + spurious, cold-reoriented):
Graph Nodes:
V1;V2;V3;V4;V5

Graph Edges:
1. V2 o-> V1
2. V2 o-o V3
3. V2 o-> V4
4. V2 o-> V5
5. V3 o-> V1
6. V3 o-> V4
7. V4 <-> V5
8. V5 <-> V1



==== NON-I-MAP H0 (cold reorient of G*+spurious is NOT an I-map of G*) ====
  Under the corrected sepset regime this population is expected EMPTY; an entry
  here is a defect. The witness CI below is the proof of the violation.
  model                 : PAG#14076
  extra (spurious) edges: [V1 o-o V4, V2 o-o V4]  (k=2)
  WITNESS (holds in H0, fails in G*): V2 _||_ V3 | [V4, V5]   (m-separated in H0's MAG, m-connected in G*)
  true PAG G* (over observed):
Graph Nodes:
V1;V2;V3;V4;V5

Graph Edges:
1. V1 o-o V2
2. V2 o-o V5
3. V3 o-o V1
4. V3 --> V4
5. V5 --> V4


  H0 (legal PAG = G* + spurious, cold-reoriented):
Graph Nodes:
V1;V2;V3;V4;V5

Graph Edges:
1. V2 --> V1
2. V3 --> V1
3. V3 o-> V4
4. V4 --> V1
5. V4 --> V2
6. V5 --> V2
7. V5 o-> V4



==== NON-I-MAP H0 (cold reorient of G*+spurious is NOT an I-map of G*) ====
  Under the corrected sepset regime this population is expected EMPTY; an entry
  here is a defect. The witness CI below is the proof of the violation.
  model                 : PAG#14077
  extra (spurious) edges: [V2 o-o V3, V2 o-o V4]  (k=2)
  WITNESS (holds in H0, fails in G*): V3 _||_ V5 | [V2]   (m-separated in H0's MAG, m-connected in G*)
  true PAG G* (over observed):
Graph Nodes:
V1;V2;V3;V4;V5

Graph Edges:
1. V1 --> V2
2. V1 <-> V3
3. V1 --> V4
4. V3 <-> V4
5. V5 o-> V1
6. V5 --> V2


  H0 (legal PAG = G* + spurious, cold-reoriented):
Graph Nodes:
V1;V2;V3;V4;V5

Graph Edges:
1. V1 <-> V3
2. V1 --> V4
3. V2 o-> V1
4. V2 o-> V3
5. V2 --> V4
6. V3 <-> V4
7. V5 o-> V1
8. V5 o-o V2



==== NON-I-MAP H0 (cold reorient of G*+spurious is NOT an I-map of G*) ====
  Under the corrected sepset regime this population is expected EMPTY; an entry
  here is a defect. The witness CI below is the proof of the violation.
  model                 : PAG#14146
  extra (spurious) edges: [V2 o-o V3, V2 o-o V4]  (k=2)
  WITNESS (holds in H0, fails in G*): V4 _||_ V5 | [V2]   (m-separated in H0's MAG, m-connected in G*)
  true PAG G* (over observed):
Graph Nodes:
V1;V2;V3;V4;V5

Graph Edges:
1. V1 --> V2
2. V1 --> V3
3. V1 <-> V4
4. V4 <-> V3
5. V5 o-> V1
6. V5 --> V2


  H0 (legal PAG = G* + spurious, cold-reoriented):
Graph Nodes:
V1;V2;V3;V4;V5

Graph Edges:
1. V1 --> V3
2. V1 <-> V4
3. V2 o-> V1
4. V2 --> V3
5. V2 o-> V4
6. V4 <-> V3
7. V5 o-> V1
8. V5 o-o V2



==== NON-I-MAP H0 (cold reorient of G*+spurious is NOT an I-map of G*) ====
  Under the corrected sepset regime this population is expected EMPTY; an entry
  here is a defect. The witness CI below is the proof of the violation.
  model                 : PAG#14147
  extra (spurious) edges: [V2 o-o V4, V2 o-o V5]  (k=2)
  WITNESS (holds in H0, fails in G*): V3 _||_ V4 | [V2]   (m-separated in H0's MAG, m-connected in G*)
  true PAG G* (over observed):
Graph Nodes:
V1;V2;V3;V4;V5

Graph Edges:
1. V1 --> V2
2. V3 o-> V1
3. V3 --> V2
4. V4 <-> V1
5. V5 o-> V4


  H0 (legal PAG = G* + spurious, cold-reoriented):
Graph Nodes:
V1;V2;V3;V4;V5

Graph Edges:
1. V1 <-> V4
2. V2 o-> V1
3. V2 o-> V4
4. V2 o-o V5
5. V3 o-> V1
6. V3 o-o V2
7. V5 o-> V4



==== NON-I-MAP H0 (cold reorient of G*+spurious is NOT an I-map of G*) ====
  Under the corrected sepset regime this population is expected EMPTY; an entry
  here is a defect. The witness CI below is the proof of the violation.
  model                 : PAG#14165
  extra (spurious) edges: [V1 o-o V3, V1 o-o V5]  (k=2)
  WITNESS (holds in H0, fails in G*): V3 _||_ V5 | [V1]   (m-separated in H0's MAG, m-connected in G*)
  true PAG G* (over observed):
Graph Nodes:
V1;V2;V3;V4;V5

Graph Edges:
1. V1 --> V4
2. V2 --> V1
3. V3 <-> V2
4. V3 <-> V4
5. V5 <-> V2
6. V5 <-> V4


  H0 (legal PAG = G* + spurious, cold-reoriented):
Graph Nodes:
V1;V2;V3;V4;V5

Graph Edges:
1. V1 o-> V2
2. V1 o-> V3
3. V1 o-> V4
4. V1 o-> V5
5. V2 <-> V3
6. V2 <-> V5
7. V3 <-> V4
8. V4 <-> V5



==== NON-I-MAP H0 (cold reorient of G*+spurious is NOT an I-map of G*) ====
  Under the corrected sepset regime this population is expected EMPTY; an entry
  here is a defect. The witness CI below is the proof of the violation.
  model                 : PAG#14183
  extra (spurious) edges: [V1 o-o V2, V1 o-o V4]  (k=2)
  WITNESS (holds in H0, fails in G*): V2 _||_ V5 | [V1]   (m-separated in H0's MAG, m-connected in G*)
  true PAG G* (over observed):
Graph Nodes:
V1;V2;V3;V4;V5

Graph Edges:
1. V1 <-> V5
2. V2 <-> V3
3. V3 --> V1
4. V3 <-> V5
5. V4 o-> V2


  H0 (legal PAG = G* + spurious, cold-reoriented):
Graph Nodes:
V1;V2;V3;V4;V5

Graph Edges:
1. V1 o-> V2
2. V1 o-> V3
3. V1 o-o V4
4. V1 o-o V5
5. V3 <-> V2
6. V4 o-> V2
7. V5 o-> V3



==== NON-I-MAP H0 (cold reorient of G*+spurious is NOT an I-map of G*) ====
  Under the corrected sepset regime this population is expected EMPTY; an entry
  here is a defect. The witness CI below is the proof of the violation.
  model                 : PAG#14234
  extra (spurious) edges: [V1 o-o V4, V3 o-o V5]  (k=2)
  WITNESS (holds in H0, fails in G*): V3 _||_ V4 | [V1, V5]   (m-separated in H0's MAG, m-connected in G*)
  true PAG G* (over observed):
Graph Nodes:
V1;V2;V3;V4;V5

Graph Edges:
1. V1 o-> V3
2. V1 o-> V5
3. V2 <-> V4
4. V2 --> V5
5. V3 <-> V2
6. V5 <-> V4


  H0 (legal PAG = G* + spurious, cold-reoriented):
Graph Nodes:
V1;V2;V3;V4;V5

Graph Edges:
1. V1 --> V3
2. V1 o-o V4
3. V1 o-> V5
4. V3 <-> V2
5. V4 o-> V2
6. V4 o-> V5
7. V5 <-> V2
8. V5 --> V3



==== NON-I-MAP H0 (cold reorient of G*+spurious is NOT an I-map of G*) ====
  Under the corrected sepset regime this population is expected EMPTY; an entry
  here is a defect. The witness CI below is the proof of the violation.
  model                 : PAG#14282
  extra (spurious) edges: [V1 o-o V2, V3 o-o V5]  (k=2)
  WITNESS (holds in H0, fails in G*): V2 _||_ V5 | [V1, V3]   (m-separated in H0's MAG, m-connected in G*)
  true PAG G* (over observed):
Graph Nodes:
V1;V2;V3;V4;V5

Graph Edges:
1. V1 o-> V3
2. V1 o-> V5
3. V3 <-> V2
4. V4 <-> V2
5. V4 --> V3
6. V5 <-> V4


  H0 (legal PAG = G* + spurious, cold-reoriented):
Graph Nodes:
V1;V2;V3;V4;V5

Graph Edges:
1. V1 o-o V2
2. V1 o-> V3
3. V1 --> V5
4. V2 o-> V3
5. V2 o-> V4
6. V3 <-> V4
7. V3 --> V5
8. V4 <-> V5



==== NON-I-MAP H0 (cold reorient of G*+spurious is NOT an I-map of G*) ====
  Under the corrected sepset regime this population is expected EMPTY; an entry
  here is a defect. The witness CI below is the proof of the violation.
  model                 : PAG#14298
  extra (spurious) edges: [V2 o-o V3, V2 o-o V4]  (k=2)
  WITNESS (holds in H0, fails in G*): V3 _||_ V5 | [V2]   (m-separated in H0's MAG, m-connected in G*)
  true PAG G* (over observed):
Graph Nodes:
V1;V2;V3;V4;V5

Graph Edges:
1. V1 --> V2
2. V1 <-> V3
3. V1 --> V4
4. V1 <-> V5
5. V2 <-> V5
6. V3 <-> V4


  H0 (legal PAG = G* + spurious, cold-reoriented):
Graph Nodes:
V1;V2;V3;V4;V5

Graph Edges:
1. V1 <-> V3
2. V1 --> V4
3. V2 o-> V1
4. V2 o-> V3
5. V2 --> V4
6. V2 o-o V5
7. V3 <-> V4
8. V5 o-> V1



==== NON-I-MAP H0 (cold reorient of G*+spurious is NOT an I-map of G*) ====
  Under the corrected sepset regime this population is expected EMPTY; an entry
  here is a defect. The witness CI below is the proof of the violation.
  model                 : PAG#14298
  extra (spurious) edges: [V2 o-o V4, V4 o-o V5]  (k=2)
  WITNESS (holds in H0, fails in G*): V3 _||_ V5 | [V4]   (m-separated in H0's MAG, m-connected in G*)
  true PAG G* (over observed):
Graph Nodes:
V1;V2;V3;V4;V5

Graph Edges:
1. V1 --> V2
2. V1 <-> V3
3. V1 --> V4
4. V1 <-> V5
5. V2 <-> V5
6. V3 <-> V4


  H0 (legal PAG = G* + spurious, cold-reoriented):
Graph Nodes:
V1;V2;V3;V4;V5

Graph Edges:
1. V1 --> V2
2. V1 <-> V5
3. V2 <-> V5
4. V3 o-> V1
5. V3 o-o V4
6. V4 o-> V1
7. V4 --> V2
8. V4 o-> V5



==== NON-I-MAP H0 (cold reorient of G*+spurious is NOT an I-map of G*) ====
  Under the corrected sepset regime this population is expected EMPTY; an entry
  here is a defect. The witness CI below is the proof of the violation.
  model                 : PAG#14302
  extra (spurious) edges: [V1 o-o V5, V3 o-o V5]  (k=2)
  WITNESS (holds in H0, fails in G*): V1 _||_ V4 | [V3, V5]   (m-separated in H0's MAG, m-connected in G*)
  true PAG G* (over observed):
Graph Nodes:
V1;V2;V3;V4;V5

Graph Edges:
1. V2 <-> V1
2. V2 --> V5
3. V3 o-> V1
4. V4 o-> V2
5. V4 o-o V3
6. V4 --> V5


  H0 (legal PAG = G* + spurious, cold-reoriented):
Graph Nodes:
V1;V2;V3;V4;V5

Graph Edges:
1. V1 <-> V2
2. V3 o-> V1
3. V3 o-o V5
4. V4 o-> V2
5. V4 o-o V3
6. V4 o-o V5
7. V5 o-> V1
8. V5 o-> V2



==== NON-I-MAP H0 (cold reorient of G*+spurious is NOT an I-map of G*) ====
  Under the corrected sepset regime this population is expected EMPTY; an entry
  here is a defect. The witness CI below is the proof of the violation.
  model                 : PAG#14320
  extra (spurious) edges: [V2 o-o V5, V3 o-o V5, V4 o-o V5]  (k=3)
  WITNESS (holds in H0, fails in G*): V2 _||_ V3 | [V4, V5]   (m-separated in H0's MAG, m-connected in G*)
  true PAG G* (over observed):
Graph Nodes:
V1;V2;V3;V4;V5

Graph Edges:
1. V1 --> V5
2. V2 --> V1
3. V2 o-o V4
4. V3 --> V1
5. V4 o-o V3


  H0 (legal PAG = G* + spurious, cold-reoriented):
Graph Nodes:
V1;V2;V3;V4;V5

Graph Edges:
1. V2 --> V1
2. V2 o-o V4
3. V2 o-o V5
4. V3 --> V1
5. V3 o-o V5
6. V4 o-o V3
7. V4 o-o V5
8. V5 --> V1



==== NON-I-MAP H0 (cold reorient of G*+spurious is NOT an I-map of G*) ====
  Under the corrected sepset regime this population is expected EMPTY; an entry
  here is a defect. The witness CI below is the proof of the violation.
  model                 : PAG#14328
  extra (spurious) edges: [V1 o-o V4, V3 o-o V4]  (k=2)
  WITNESS (holds in H0, fails in G*): V1 _||_ V2 | [V3, V4]   (m-separated in H0's MAG, m-connected in G*)
  true PAG G* (over observed):
Graph Nodes:
V1;V2;V3;V4;V5

Graph Edges:
1. V1 o-> V3
2. V2 --> V4
3. V2 o-> V5
4. V5 <-> V3
5. V5 --> V4


  H0 (legal PAG = G* + spurious, cold-reoriented):
Graph Nodes:
V1;V2;V3;V4;V5

Graph Edges:
1. V1 o-> V3
2. V1 o-o V4
3. V2 o-o V4
4. V2 o-> V5
5. V4 o-> V3
6. V4 o-> V5
7. V5 <-> V3



==== NON-I-MAP H0 (cold reorient of G*+spurious is NOT an I-map of G*) ====
  Under the corrected sepset regime this population is expected EMPTY; an entry
  here is a defect. The witness CI below is the proof of the violation.
  model                 : PAG#14396
  extra (spurious) edges: [V1 o-o V3, V3 o-o V4]  (k=2)
  WITNESS (holds in H0, fails in G*): V2 _||_ V4 | [V1, V3]   (m-separated in H0's MAG, m-connected in G*)
  true PAG G* (over observed):
Graph Nodes:
V1;V2;V3;V4;V5

Graph Edges:
1. V1 o-> V2
2. V1 o-> V4
3. V2 <-> V3
4. V5 <-> V2
5. V5 --> V3
6. V5 <-> V4


  H0 (legal PAG = G* + spurious, cold-reoriented):
Graph Nodes:
V1;V2;V3;V4;V5

Graph Edges:
1. V1 o-> V2
2. V1 o-o V3
3. V1 o-> V4
4. V2 <-> V5
5. V3 o-> V2
6. V3 o-> V4
7. V3 o-> V5
8. V4 <-> V5



==== NON-I-MAP H0 (cold reorient of G*+spurious is NOT an I-map of G*) ====
  Under the corrected sepset regime this population is expected EMPTY; an entry
  here is a defect. The witness CI below is the proof of the violation.
  model                 : PAG#14417
  extra (spurious) edges: [V1 o-o V5, V2 o-o V5, V4 o-o V5]  (k=3)
  WITNESS (holds in H0, fails in G*): V1 _||_ V2 | [V4, V5]   (m-separated in H0's MAG, m-connected in G*)
  true PAG G* (over observed):
Graph Nodes:
V1;V2;V3;V4;V5

Graph Edges:
1. V1 --> V3
2. V2 --> V3
3. V2 o-o V4
4. V3 --> V5
5. V4 o-o V1


  H0 (legal PAG = G* + spurious, cold-reoriented):
Graph Nodes:
V1;V2;V3;V4;V5

Graph Edges:
1. V1 --> V3
2. V1 o-o V5
3. V2 --> V3
4. V2 o-o V4
5. V2 o-o V5
6. V4 o-o V1
7. V4 o-o V5
8. V5 --> V3



==== NON-I-MAP H0 (cold reorient of G*+spurious is NOT an I-map of G*) ====
  Under the corrected sepset regime this population is expected EMPTY; an entry
  here is a defect. The witness CI below is the proof of the violation.
  model                 : PAG#14429
  extra (spurious) edges: [V1 o-o V2, V1 o-o V3, V1 o-o V5]  (k=3)
  WITNESS (holds in H0, fails in G*): V3 _||_ V5 | [V1, V2]   (m-separated in H0's MAG, m-connected in G*)
  true PAG G* (over observed):
Graph Nodes:
V1;V2;V3;V4;V5

Graph Edges:
1. V2 o-o V5
2. V3 o-o V2
3. V3 --> V4
4. V4 --> V1
5. V5 --> V4


  H0 (legal PAG = G* + spurious, cold-reoriented):
Graph Nodes:
V1;V2;V3;V4;V5

Graph Edges:
1. V1 o-o V2
2. V1 o-o V3
3. V1 --> V4
4. V1 o-o V5
5. V2 o-o V5
6. V3 o-o V2
7. V3 --> V4
8. V5 --> V4



==== NON-I-MAP H0 (cold reorient of G*+spurious is NOT an I-map of G*) ====
  Under the corrected sepset regime this population is expected EMPTY; an entry
  here is a defect. The witness CI below is the proof of the violation.
  model                 : PAG#14442
  extra (spurious) edges: [V1 o-o V4, V3 o-o V4]  (k=2)
  WITNESS (holds in H0, fails in G*): V2 _||_ V3 | [V1, V4]   (m-separated in H0's MAG, m-connected in G*)
  true PAG G* (over observed):
Graph Nodes:
V1;V2;V3;V4;V5

Graph Edges:
1. V1 o-> V2
2. V1 o-> V3
3. V2 <-> V4
4. V5 <-> V2
5. V5 <-> V3
6. V5 --> V4


  H0 (legal PAG = G* + spurious, cold-reoriented):
Graph Nodes:
V1;V2;V3;V4;V5

Graph Edges:
1. V1 o-> V2
2. V1 o-> V3
3. V1 o-o V4
4. V4 o-> V2
5. V4 o-> V3
6. V4 o-> V5
7. V5 <-> V2
8. V5 <-> V3



==== NON-I-MAP H0 (cold reorient of G*+spurious is NOT an I-map of G*) ====
  Under the corrected sepset regime this population is expected EMPTY; an entry
  here is a defect. The witness CI below is the proof of the violation.
  model                 : PAG#14446
  extra (spurious) edges: [V3 o-o V4, V3 o-o V5]  (k=2)
  WITNESS (holds in H0, fails in G*): V2 _||_ V4 | [V3, V5]   (m-separated in H0's MAG, m-connected in G*)
  true PAG G* (over observed):
Graph Nodes:
V1;V2;V3;V4;V5

Graph Edges:
1. V1 <-> V2
2. V1 --> V3
3. V2 <-> V3
4. V4 <-> V1
5. V5 o-> V2
6. V5 o-> V4


  H0 (legal PAG = G* + spurious, cold-reoriented):
Graph Nodes:
V1;V2;V3;V4;V5

Graph Edges:
1. V1 <-> V4
2. V2 <-> V1
3. V3 o-> V1
4. V3 o-> V2
5. V3 o-> V4
6. V3 o-o V5
7. V5 o-> V2
8. V5 o-> V4



==== NON-I-MAP H0 (cold reorient of G*+spurious is NOT an I-map of G*) ====
  Under the corrected sepset regime this population is expected EMPTY; an entry
  here is a defect. The witness CI below is the proof of the violation.
  model                 : PAG#14482
  extra (spurious) edges: [V3 o-o V4, V4 o-o V5]  (k=2)
  WITNESS (holds in H0, fails in G*): V1 _||_ V2 | []   (m-separated in H0's MAG, m-connected in G*)
  true PAG G* (over observed):
Graph Nodes:
V1;V2;V3;V4;V5

Graph Edges:
1. V1 --> V4
2. V2 o-o V3
3. V2 --> V4
4. V3 o-o V5
5. V5 o-o V1


  H0 (legal PAG = G* + spurious, cold-reoriented):
Graph Nodes:
V1;V2;V3;V4;V5

Graph Edges:
1. V1 o-> V4
2. V1 --> V5
3. V2 --> V3
4. V2 o-> V4
5. V3 --> V5
6. V4 --> V3
7. V4 --> V5



==== NON-I-MAP H0 (cold reorient of G*+spurious is NOT an I-map of G*) ====
  Under the corrected sepset regime this population is expected EMPTY; an entry
  here is a defect. The witness CI below is the proof of the violation.
  model                 : PAG#14484
  extra (spurious) edges: [V1 o-o V5, V3 o-o V5]  (k=2)
  WITNESS (holds in H0, fails in G*): V3 _||_ V4 | [V1, V5]   (m-separated in H0's MAG, m-connected in G*)
  true PAG G* (over observed):
Graph Nodes:
V1;V2;V3;V4;V5

Graph Edges:
1. V1 o-o V3
2. V1 o-o V4
3. V2 --> V5
4. V3 --> V2
5. V4 --> V2
6. V4 --> V5


  H0 (legal PAG = G* + spurious, cold-reoriented):
Graph Nodes:
V1;V2;V3;V4;V5

Graph Edges:
1. V1 o-o V3
2. V1 o-o V4
3. V1 o-o V5
4. V3 --> V2
5. V3 o-o V5
6. V4 --> V2
7. V4 o-o V5
8. V5 --> V2



==== NON-I-MAP H0 (cold reorient of G*+spurious is NOT an I-map of G*) ====
  Under the corrected sepset regime this population is expected EMPTY; an entry
  here is a defect. The witness CI below is the proof of the violation.
  model                 : PAG#14485
  extra (spurious) edges: [V1 o-o V4, V3 o-o V4, V4 o-o V5]  (k=3)
  WITNESS (holds in H0, fails in G*): V3 _||_ V5 | [V1, V4]   (m-separated in H0's MAG, m-connected in G*)
  true PAG G* (over observed):
Graph Nodes:
V1;V2;V3;V4;V5

Graph Edges:
1. V1 o-> V3
2. V1 o-o V5
3. V2 --> V4
4. V3 <-> V2
5. V5 o-> V2


  H0 (legal PAG = G* + spurious, cold-reoriented):
Graph Nodes:
V1;V2;V3;V4;V5

Graph Edges:
1. V1 o-> V3
2. V1 o-o V4
3. V1 o-o V5
4. V2 <-> V3
5. V4 o-> V2
6. V4 o-> V3
7. V4 o-o V5
8. V5 o-> V2



==== NON-I-MAP H0 (cold reorient of G*+spurious is NOT an I-map of G*) ====
  Under the corrected sepset regime this population is expected EMPTY; an entry
  here is a defect. The witness CI below is the proof of the violation.
  model                 : PAG#14501
  extra (spurious) edges: [V2 o-o V5, V3 o-o V5]  (k=2)
  WITNESS (holds in H0, fails in G*): V1 _||_ V3 | [V2, V5]   (m-separated in H0's MAG, m-connected in G*)
  true PAG G* (over observed):
Graph Nodes:
V1;V2;V3;V4;V5

Graph Edges:
1. V1 <-> V5
2. V2 o-> V1
3. V2 o-> V3
4. V4 <-> V1
5. V4 <-> V3
6. V4 --> V5


  H0 (legal PAG = G* + spurious, cold-reoriented):
Graph Nodes:
V1;V2;V3;V4;V5

Graph Edges:
1. V1 <-> V4
2. V2 o-> V1
3. V2 o-> V3
4. V2 o-o V5
5. V3 <-> V4
6. V5 o-> V1
7. V5 o-> V3
8. V5 o-> V4



==== NON-I-MAP H0 (cold reorient of G*+spurious is NOT an I-map of G*) ====
  Under the corrected sepset regime this population is expected EMPTY; an entry
  here is a defect. The witness CI below is the proof of the violation.
  model                 : PAG#14508
  extra (spurious) edges: [V3 o-o V5, V4 o-o V5]  (k=2)
  WITNESS (holds in H0, fails in G*): V1 _||_ V3 | [V4, V5]   (m-separated in H0's MAG, m-connected in G*)
  true PAG G* (over observed):
Graph Nodes:
V1;V2;V3;V4;V5

Graph Edges:
1. V1 --> V2
2. V1 o-o V4
3. V1 --> V5
4. V2 --> V5
5. V3 --> V2
6. V4 o-o V3


  H0 (legal PAG = G* + spurious, cold-reoriented):
Graph Nodes:
V1;V2;V3;V4;V5

Graph Edges:
1. V1 --> V2
2. V1 o-o V4
3. V1 o-o V5
4. V3 --> V2
5. V3 o-o V5
6. V4 o-o V3
7. V4 o-o V5
8. V5 --> V2



==== NON-I-MAP H0 (cold reorient of G*+spurious is NOT an I-map of G*) ====
  Under the corrected sepset regime this population is expected EMPTY; an entry
  here is a defect. The witness CI below is the proof of the violation.
  model                 : PAG#14536
  extra (spurious) edges: [V2 o-o V5, V4 o-o V5]  (k=2)
  WITNESS (holds in H0, fails in G*): V1 _||_ V2 | [V5]   (m-separated in H0's MAG, m-connected in G*)
  true PAG G* (over observed):
Graph Nodes:
V1;V2;V3;V4;V5

Graph Edges:
1. V1 o-> V3
2. V1 --> V5
3. V3 <-> V2
4. V3 --> V5
5. V4 o-> V2


  H0 (legal PAG = G* + spurious, cold-reoriented):
Graph Nodes:
V1;V2;V3;V4;V5

Graph Edges:
1. V1 o-> V3
2. V1 o-o V5
3. V3 <-> V2
4. V4 o-> V2
5. V4 o-o V5
6. V5 o-> V2
7. V5 o-> V3



==== NON-I-MAP H0 (cold reorient of G*+spurious is NOT an I-map of G*) ====
  Under the corrected sepset regime this population is expected EMPTY; an entry
  here is a defect. The witness CI below is the proof of the violation.
  model                 : PAG#14540
  extra (spurious) edges: [V2 o-o V5, V4 o-o V5]  (k=2)
  WITNESS (holds in H0, fails in G*): V1 _||_ V4 | [V2, V5]   (m-separated in H0's MAG, m-connected in G*)
  true PAG G* (over observed):
Graph Nodes:
V1;V2;V3;V4;V5

Graph Edges:
1. V1 --> V5
2. V2 o-> V1
3. V3 <-> V1
4. V3 --> V5
5. V4 o-o V2
6. V4 o-> V3


  H0 (legal PAG = G* + spurious, cold-reoriented):
Graph Nodes:
V1;V2;V3;V4;V5

Graph Edges:
1. V2 o-> V1
2. V2 o-o V5
3. V3 <-> V1
4. V4 o-o V2
5. V4 o-> V3
6. V4 o-o V5
7. V5 o-> V1
8. V5 o-> V3



==== NON-I-MAP H0 (cold reorient of G*+spurious is NOT an I-map of G*) ====
  Under the corrected sepset regime this population is expected EMPTY; an entry
  here is a defect. The witness CI below is the proof of the violation.
  model                 : PAG#14600
  extra (spurious) edges: [V1 o-o V4, V3 o-o V5]  (k=2)
  WITNESS (holds in H0, fails in G*): V1 _||_ V5 | [V3, V4]   (m-separated in H0's MAG, m-connected in G*)
  true PAG G* (over observed):
Graph Nodes:
V1;V2;V3;V4;V5

Graph Edges:
1. V2 <-> V1
2. V2 --> V3
3. V3 <-> V1
4. V4 o-> V3
5. V4 o-> V5
6. V5 <-> V2


  H0 (legal PAG = G* + spurious, cold-reoriented):
Graph Nodes:
V1;V2;V3;V4;V5

Graph Edges:
1. V1 o-> V2
2. V1 o-> V3
3. V1 o-o V4
4. V2 <-> V5
5. V3 <-> V2
6. V3 --> V5
7. V4 o-> V3
8. V4 --> V5



==== NON-I-MAP H0 (cold reorient of G*+spurious is NOT an I-map of G*) ====
  Under the corrected sepset regime this population is expected EMPTY; an entry
  here is a defect. The witness CI below is the proof of the violation.
  model                 : PAG#14601
  extra (spurious) edges: [V2 o-o V3, V3 o-o V5]  (k=2)
  WITNESS (holds in H0, fails in G*): V1 _||_ V5 | [V2, V3]   (m-separated in H0's MAG, m-connected in G*)
  true PAG G* (over observed):
Graph Nodes:
V1;V2;V3;V4;V5

Graph Edges:
1. V1 <-> V3
2. V2 o-> V1
3. V2 o-> V5
4. V4 <-> V1
5. V4 --> V3
6. V5 <-> V4


  H0 (legal PAG = G* + spurious, cold-reoriented):
Graph Nodes:
V1;V2;V3;V4;V5

Graph Edges:
1. V1 <-> V4
2. V2 o-> V1
3. V2 o-o V3
4. V2 o-> V5
5. V3 o-> V1
6. V3 o-> V4
7. V3 o-> V5
8. V4 <-> V5



==== NON-I-MAP H0 (cold reorient of G*+spurious is NOT an I-map of G*) ====
  Under the corrected sepset regime this population is expected EMPTY; an entry
  here is a defect. The witness CI below is the proof of the violation.
  model                 : PAG#14689
  extra (spurious) edges: [V3 o-o V5, V4 o-o V5]  (k=2)
  WITNESS (holds in H0, fails in G*): V1 _||_ V4 | [V5]   (m-separated in H0's MAG, m-connected in G*)
  true PAG G* (over observed):
Graph Nodes:
V1;V2;V3;V4;V5

Graph Edges:
1. V1 o-> V2
2. V1 --> V5
3. V2 --> V3
4. V2 <-> V4
5. V2 --> V5
6. V3 <-> V4


  H0 (legal PAG = G* + spurious, cold-reoriented):
Graph Nodes:
V1;V2;V3;V4;V5

Graph Edges:
1. V1 o-> V2
2. V1 o-o V5
3. V2 --> V3
4. V2 <-> V4
5. V3 <-> V4
6. V5 o-> V2
7. V5 --> V3
8. V5 o-> V4



==== NON-I-MAP H0 (cold reorient of G*+spurious is NOT an I-map of G*) ====
  Under the corrected sepset regime this population is expected EMPTY; an entry
  here is a defect. The witness CI below is the proof of the violation.
  model                 : PAG#14740
  extra (spurious) edges: [V2 o-o V3, V2 o-o V5]  (k=2)
  WITNESS (holds in H0, fails in G*): V1 _||_ V3 | [V2, V5]   (m-separated in H0's MAG, m-connected in G*)
  true PAG G* (over observed):
Graph Nodes:
V1;V2;V3;V4;V5

Graph Edges:
1. V1 <-> V2
2. V4 <-> V1
3. V4 --> V2
4. V4 <-> V3
5. V5 o-> V1
6. V5 o-> V3


  H0 (legal PAG = G* + spurious, cold-reoriented):
Graph Nodes:
V1;V2;V3;V4;V5

Graph Edges:
1. V1 <-> V4
2. V2 o-> V1
3. V2 o-> V3
4. V2 o-> V4
5. V2 o-o V5
6. V4 <-> V3
7. V5 o-> V1
8. V5 o-> V3



==== NON-I-MAP H0 (cold reorient of G*+spurious is NOT an I-map of G*) ====
  Under the corrected sepset regime this population is expected EMPTY; an entry
  here is a defect. The witness CI below is the proof of the violation.
  model                 : PAG#14785
  extra (spurious) edges: [V2 o-o V5, V3 o-o V4]  (k=2)
  WITNESS (holds in H0, fails in G*): V4 _||_ V5 | [V2, V3]   (m-separated in H0's MAG, m-connected in G*)
  true PAG G* (over observed):
Graph Nodes:
V1;V2;V3;V4;V5

Graph Edges:
1. V1 --> V3
2. V1 <-> V5
3. V2 o-> V3
4. V2 o-> V4
5. V3 <-> V5
6. V4 <-> V1


  H0 (legal PAG = G* + spurious, cold-reoriented):
Graph Nodes:
V1;V2;V3;V4;V5

Graph Edges:
1. V2 o-> V3
2. V2 --> V4
3. V2 o-o V5
4. V3 <-> V1
5. V3 --> V4
6. V4 <-> V1
7. V5 o-> V1
8. V5 o-> V3



==== NON-I-MAP H0 (cold reorient of G*+spurious is NOT an I-map of G*) ====
  Under the corrected sepset regime this population is expected EMPTY; an entry
  here is a defect. The witness CI below is the proof of the violation.
  model                 : PAG#14851
  extra (spurious) edges: [V1 o-o V2, V2 o-o V3]  (k=2)
  WITNESS (holds in H0, fails in G*): V3 _||_ V5 | [V2]   (m-separated in H0's MAG, m-connected in G*)
  true PAG G* (over observed):
Graph Nodes:
V1;V2;V3;V4;V5

Graph Edges:
1. V1 o-o V3
2. V1 o-o V5
3. V3 o-> V4
4. V4 <-> V2
5. V5 o-> V2


  H0 (legal PAG = G* + spurious, cold-reoriented):
Graph Nodes:
V1;V2;V3;V4;V5

Graph Edges:
1. V2 --> V1
2. V2 --> V3
3. V2 <-> V4
4. V3 --> V1
5. V4 <-> V3
6. V5 --> V1
7. V5 o-> V2



==== NON-I-MAP H0 (cold reorient of G*+spurious is NOT an I-map of G*) ====
  Under the corrected sepset regime this population is expected EMPTY; an entry
  here is a defect. The witness CI below is the proof of the violation.
  model                 : PAG#14851
  extra (spurious) edges: [V1 o-o V4, V4 o-o V5]  (k=2)
  WITNESS (holds in H0, fails in G*): V2 _||_ V3 | []   (m-separated in H0's MAG, m-connected in G*)
  true PAG G* (over observed):
Graph Nodes:
V1;V2;V3;V4;V5

Graph Edges:
1. V1 o-o V3
2. V1 o-o V5
3. V3 o-> V4
4. V4 <-> V2
5. V5 o-> V2


  H0 (legal PAG = G* + spurious, cold-reoriented):
Graph Nodes:
V1;V2;V3;V4;V5

Graph Edges:
1. V2 <-> V4
2. V2 <-> V5
3. V3 --> V1
4. V3 o-> V4
5. V4 --> V1
6. V4 --> V5
7. V5 --> V1



==== NON-I-MAP H0 (cold reorient of G*+spurious is NOT an I-map of G*) ====
  Under the corrected sepset regime this population is expected EMPTY; an entry
  here is a defect. The witness CI below is the proof of the violation.
  model                 : PAG#14864
  extra (spurious) edges: [V1 o-o V2, V2 o-o V5]  (k=2)
  WITNESS (holds in H0, fails in G*): V4 _||_ V5 | []   (m-separated in H0's MAG, m-connected in G*)
  true PAG G* (over observed):
Graph Nodes:
V1;V2;V3;V4;V5

Graph Edges:
1. V2 o-> V3
2. V3 --> V5
3. V4 <-> V1
4. V4 <-> V3
5. V5 <-> V1


  H0 (legal PAG = G* + spurious, cold-reoriented):
Graph Nodes:
V1;V2;V3;V4;V5

Graph Edges:
1. V1 --> V2
2. V1 <-> V4
3. V1 <-> V5
4. V2 --> V3
5. V2 <-> V5
6. V3 <-> V4
7. V5 <-> V3



==== NON-I-MAP H0 (cold reorient of G*+spurious is NOT an I-map of G*) ====
  Under the corrected sepset regime this population is expected EMPTY; an entry
  here is a defect. The witness CI below is the proof of the violation.
  model                 : PAG#14876
  extra (spurious) edges: [V1 o-o V5, V2 o-o V5, V3 o-o V5]  (k=3)
  WITNESS (holds in H0, fails in G*): V1 _||_ V2 | [V5]   (m-separated in H0's MAG, m-connected in G*)
  true PAG G* (over observed):
Graph Nodes:
V1;V2;V3;V4;V5

Graph Edges:
1. V2 o-> V4
2. V3 o-> V1
3. V4 <-> V1
4. V4 --> V5


  H0 (legal PAG = G* + spurious, cold-reoriented):
Graph Nodes:
V1;V2;V3;V4;V5

Graph Edges:
1. V2 o-> V4
2. V2 o-o V5
3. V3 o-> V1
4. V3 o-o V5
5. V4 <-> V1
6. V5 o-> V1
7. V5 o-> V4



==== NON-I-MAP H0 (cold reorient of G*+spurious is NOT an I-map of G*) ====
  Under the corrected sepset regime this population is expected EMPTY; an entry
  here is a defect. The witness CI below is the proof of the violation.
  model                 : PAG#14888
  extra (spurious) edges: [V1 o-o V4, V4 o-o V5]  (k=2)
  WITNESS (holds in H0, fails in G*): V2 _||_ V3 | []   (m-separated in H0's MAG, m-connected in G*)
  true PAG G* (over observed):
Graph Nodes:
V1;V2;V3;V4;V5

Graph Edges:
1. V1 o-o V2
2. V2 --> V4
3. V3 --> V4
4. V3 o-o V5
5. V5 o-o V1


  H0 (legal PAG = G* + spurious, cold-reoriented):
Graph Nodes:
V1;V2;V3;V4;V5

Graph Edges:
1. V2 --> V1
2. V2 o-> V4
3. V3 o-> V4
4. V3 --> V5
5. V4 --> V1
6. V4 --> V5
7. V5 --> V1



==== NON-I-MAP H0 (cold reorient of G*+spurious is NOT an I-map of G*) ====
  Under the corrected sepset regime this population is expected EMPTY; an entry
  here is a defect. The witness CI below is the proof of the violation.
  model                 : PAG#14956
  extra (spurious) edges: [V1 o-o V3, V3 o-o V5]  (k=2)
  WITNESS (holds in H0, fails in G*): V2 _||_ V4 | []   (m-separated in H0's MAG, m-connected in G*)
  true PAG G* (over observed):
Graph Nodes:
V1;V2;V3;V4;V5

Graph Edges:
1. V1 o-o V2
2. V1 o-o V5
3. V2 --> V3
4. V4 --> V3
5. V5 o-o V4


  H0 (legal PAG = G* + spurious, cold-reoriented):
Graph Nodes:
V1;V2;V3;V4;V5

Graph Edges:
1. V2 --> V1
2. V2 o-> V3
3. V3 --> V1
4. V3 --> V5
5. V4 o-> V3
6. V4 --> V5
7. V5 --> V1



==== NON-I-MAP H0 (cold reorient of G*+spurious is NOT an I-map of G*) ====
  Under the corrected sepset regime this population is expected EMPTY; an entry
  here is a defect. The witness CI below is the proof of the violation.
  model                 : PAG#14960
  extra (spurious) edges: [V3 o-o V4, V4 o-o V5]  (k=2)
  WITNESS (holds in H0, fails in G*): V1 _||_ V3 | [V4, V5]   (m-separated in H0's MAG, m-connected in G*)
  true PAG G* (over observed):
Graph Nodes:
V1;V2;V3;V4;V5

Graph Edges:
1. V1 o-> V2
2. V1 --> V4
3. V2 <-> V3
4. V2 --> V4
5. V5 o-o V1
6. V5 o-> V3


  H0 (legal PAG = G* + spurious, cold-reoriented):
Graph Nodes:
V1;V2;V3;V4;V5

Graph Edges:
1. V1 o-> V2
2. V1 o-o V4
3. V3 <-> V2
4. V4 o-> V2
5. V4 o-> V3
6. V4 o-o V5
7. V5 o-o V1
8. V5 o-> V3



==== NON-I-MAP H0 (cold reorient of G*+spurious is NOT an I-map of G*) ====
  Under the corrected sepset regime this population is expected EMPTY; an entry
  here is a defect. The witness CI below is the proof of the violation.
  model                 : PAG#14965
  extra (spurious) edges: [V2 o-o V3, V3 o-o V4, V3 o-o V5]  (k=3)
  WITNESS (holds in H0, fails in G*): V2 _||_ V4 | [V3, V5]   (m-separated in H0's MAG, m-connected in G*)
  true PAG G* (over observed):
Graph Nodes:
V1;V2;V3;V4;V5

Graph Edges:
1. V1 --> V3
2. V2 o-> V1
3. V2 o-o V5
4. V4 <-> V1
5. V5 o-> V4


  H0 (legal PAG = G* + spurious, cold-reoriented):
Graph Nodes:
V1;V2;V3;V4;V5

Graph Edges:
1. V1 <-> V4
2. V2 o-> V1
3. V2 o-o V3
4. V2 o-o V5
5. V3 o-> V1
6. V3 o-> V4
7. V3 o-o V5
8. V5 o-> V4



==== NON-I-MAP H0 (cold reorient of G*+spurious is NOT an I-map of G*) ====
  Under the corrected sepset regime this population is expected EMPTY; an entry
  here is a defect. The witness CI below is the proof of the violation.
  model                 : PAG#14978
  extra (spurious) edges: [V2 o-o V5, V3 o-o V5, V4 o-o V5]  (k=3)
  WITNESS (holds in H0, fails in G*): V2 _||_ V3 | [V4, V5]   (m-separated in H0's MAG, m-connected in G*)
  true PAG G* (over observed):
Graph Nodes:
V1;V2;V3;V4;V5

Graph Edges:
1. V1 --> V5
2. V2 o-> V1
3. V2 o-o V4
4. V3 <-> V1
5. V4 o-> V3


  H0 (legal PAG = G* + spurious, cold-reoriented):
Graph Nodes:
V1;V2;V3;V4;V5

Graph Edges:
1. V2 o-> V1
2. V2 o-o V4
3. V2 o-o V5
4. V3 <-> V1
5. V4 o-> V3
6. V4 o-o V5
7. V5 o-> V1
8. V5 o-> V3



==== NON-I-MAP H0 (cold reorient of G*+spurious is NOT an I-map of G*) ====
  Under the corrected sepset regime this population is expected EMPTY; an entry
  here is a defect. The witness CI below is the proof of the violation.
  model                 : PAG#14981
  extra (spurious) edges: [V2 o-o V5, V3 o-o V5, V4 o-o V5]  (k=3)
  WITNESS (holds in H0, fails in G*): V2 _||_ V3 | [V4, V5]   (m-separated in H0's MAG, m-connected in G*)
  true PAG G* (over observed):
Graph Nodes:
V1;V2;V3;V4;V5

Graph Edges:
1. V1 --> V5
2. V2 o-> V1
3. V3 o-> V4
4. V4 <-> V1


  H0 (legal PAG = G* + spurious, cold-reoriented):
Graph Nodes:
V1;V2;V3;V4;V5

Graph Edges:
1. V1 <-> V4
2. V2 o-> V1
3. V2 o-o V5
4. V3 o-> V4
5. V3 o-o V5
6. V5 o-> V1
7. V5 o-> V4



==== NON-I-MAP H0 (cold reorient of G*+spurious is NOT an I-map of G*) ====
  Under the corrected sepset regime this population is expected EMPTY; an entry
  here is a defect. The witness CI below is the proof of the violation.
  model                 : PAG#15006
  extra (spurious) edges: [V3 o-o V5, V4 o-o V5]  (k=2)
  WITNESS (holds in H0, fails in G*): V1 _||_ V3 | [V4, V5]   (m-separated in H0's MAG, m-connected in G*)
  true PAG G* (over observed):
Graph Nodes:
V1;V2;V3;V4;V5

Graph Edges:
1. V1 --> V5
2. V2 <-> V1
3. V2 --> V5
4. V3 o-> V2
5. V4 o-> V1
6. V4 o-o V3


  H0 (legal PAG = G* + spurious, cold-reoriented):
Graph Nodes:
V1;V2;V3;V4;V5

Graph Edges:
1. V2 <-> V1
2. V3 o-> V2
3. V3 o-o V5
4. V4 o-> V1
5. V4 o-o V3
6. V4 o-o V5
7. V5 o-> V1
8. V5 o-> V2



==== NON-I-MAP H0 (cold reorient of G*+spurious is NOT an I-map of G*) ====
  Under the corrected sepset regime this population is expected EMPTY; an entry
  here is a defect. The witness CI below is the proof of the violation.
  model                 : PAG#15012
  extra (spurious) edges: [V2 o-o V5, V3 o-o V5]  (k=2)
  WITNESS (holds in H0, fails in G*): V1 _||_ V3 | [V4, V5]   (m-separated in H0's MAG, m-connected in G*)
  true PAG G* (over observed):
Graph Nodes:
V1;V2;V3;V4;V5

Graph Edges:
1. V1 --> V5
2. V2 o-o V1
3. V3 o-o V2
4. V4 o-o V3
5. V4 --> V5


  H0 (legal PAG = G* + spurious, cold-reoriented):
Graph Nodes:
V1;V2;V3;V4;V5

Graph Edges:
1. V1 --> V2
2. V1 o-> V5
3. V3 --> V2
4. V4 --> V3
5. V4 o-> V5
6. V5 --> V2
7. V5 --> V3



==== NON-I-MAP H0 (cold reorient of G*+spurious is NOT an I-map of G*) ====
  Under the corrected sepset regime this population is expected EMPTY; an entry
  here is a defect. The witness CI below is the proof of the violation.
  model                 : PAG#15016
  extra (spurious) edges: [V1 o-o V3, V1 o-o V4]  (k=2)
  WITNESS (holds in H0, fails in G*): V4 _||_ V5 | [V1, V3]   (m-separated in H0's MAG, m-connected in G*)
  true PAG G* (over observed):
Graph Nodes:
V1;V2;V3;V4;V5

Graph Edges:
1. V2 --> V1
2. V3 o-o V4
3. V3 o-o V5
4. V4 --> V2
5. V5 --> V1
6. V5 --> V2


  H0 (legal PAG = G* + spurious, cold-reoriented):
Graph Nodes:
V1;V2;V3;V4;V5

Graph Edges:
1. V1 --> V2
2. V1 o-o V3
3. V1 o-o V4
4. V3 o-o V4
5. V3 o-o V5
6. V4 --> V2
7. V5 o-o V1
8. V5 --> V2



==== NON-I-MAP H0 (cold reorient of G*+spurious is NOT an I-map of G*) ====
  Under the corrected sepset regime this population is expected EMPTY; an entry
  here is a defect. The witness CI below is the proof of the violation.
  model                 : PAG#15029
  extra (spurious) edges: [V2 o-o V5, V3 o-o V4]  (k=2)
  WITNESS (holds in H0, fails in G*): V3 _||_ V5 | [V2, V4]   (m-separated in H0's MAG, m-connected in G*)
  true PAG G* (over observed):
Graph Nodes:
V1;V2;V3;V4;V5

Graph Edges:
1. V1 --> V2
2. V1 <-> V3
3. V2 <-> V3
4. V4 o-> V2
5. V4 o-> V5
6. V5 <-> V1


  H0 (legal PAG = G* + spurious, cold-reoriented):
Graph Nodes:
V1;V2;V3;V4;V5

Graph Edges:
1. V2 <-> V1
2. V2 --> V5
3. V3 o-> V1
4. V3 o-> V2
5. V3 o-o V4
6. V4 o-> V2
7. V4 --> V5
8. V5 <-> V1



==== NON-I-MAP H0 (cold reorient of G*+spurious is NOT an I-map of G*) ====
  Under the corrected sepset regime this population is expected EMPTY; an entry
  here is a defect. The witness CI below is the proof of the violation.
  model                 : PAG#15044
  extra (spurious) edges: [V1 o-o V5, V4 o-o V5]  (k=2)
  WITNESS (holds in H0, fails in G*): V3 _||_ V4 | [V5]   (m-separated in H0's MAG, m-connected in G*)
  true PAG G* (over observed):
Graph Nodes:
V1;V2;V3;V4;V5

Graph Edges:
1. V1 <-> V4
2. V2 --> V1
3. V2 <-> V4
4. V2 --> V5
5. V3 o-> V2
6. V3 --> V5


  H0 (legal PAG = G* + spurious, cold-reoriented):
Graph Nodes:
V1;V2;V3;V4;V5

Graph Edges:
1. V2 --> V1
2. V2 <-> V4
3. V3 o-> V2
4. V3 o-o V5
5. V4 <-> V1
6. V5 --> V1
7. V5 o-> V2
8. V5 o-> V4



==== NON-I-MAP H0 (cold reorient of G*+spurious is NOT an I-map of G*) ====
  Under the corrected sepset regime this population is expected EMPTY; an entry
  here is a defect. The witness CI below is the proof of the violation.
  model                 : PAG#15060
  extra (spurious) edges: [V1 o-o V5, V2 o-o V5]  (k=2)
  WITNESS (holds in H0, fails in G*): V1 _||_ V3 | [V5]   (m-separated in H0's MAG, m-connected in G*)
  true PAG G* (over observed):
Graph Nodes:
V1;V2;V3;V4;V5

Graph Edges:
1. V1 <-> V2
2. V4 <-> V1
3. V4 --> V2
4. V4 <-> V3
5. V4 --> V5
6. V5 <-> V3


  H0 (legal PAG = G* + spurious, cold-reoriented):
Graph Nodes:
V1;V2;V3;V4;V5

Graph Edges:
1. V1 <-> V2
2. V3 o-> V4
3. V4 <-> V1
4. V4 --> V2
5. V5 o-> V1
6. V5 --> V2
7. V5 o-o V3
8. V5 o-> V4



==== NON-I-MAP H0 (cold reorient of G*+spurious is NOT an I-map of G*) ====
  Under the corrected sepset regime this population is expected EMPTY; an entry
  here is a defect. The witness CI below is the proof of the violation.
  model                 : PAG#15060
  extra (spurious) edges: [V2 o-o V3, V2 o-o V5]  (k=2)
  WITNESS (holds in H0, fails in G*): V1 _||_ V3 | [V2]   (m-separated in H0's MAG, m-connected in G*)
  true PAG G* (over observed):
Graph Nodes:
V1;V2;V3;V4;V5

Graph Edges:
1. V1 <-> V2
2. V4 <-> V1
3. V4 --> V2
4. V4 <-> V3
5. V4 --> V5
6. V5 <-> V3


  H0 (legal PAG = G* + spurious, cold-reoriented):
Graph Nodes:
V1;V2;V3;V4;V5

Graph Edges:
1. V1 o-o V2
2. V1 o-> V4
3. V2 o-> V3
4. V2 o-> V4
5. V2 --> V5
6. V4 <-> V3
7. V4 --> V5
8. V5 <-> V3



==== NON-I-MAP H0 (cold reorient of G*+spurious is NOT an I-map of G*) ====
  Under the corrected sepset regime this population is expected EMPTY; an entry
  here is a defect. The witness CI below is the proof of the violation.
  model                 : PAG#15090
  extra (spurious) edges: [V2 o-o V4, V2 o-o V5]  (k=2)
  WITNESS (holds in H0, fails in G*): V1 _||_ V4 | [V2]   (m-separated in H0's MAG, m-connected in G*)
  true PAG G* (over observed):
Graph Nodes:
V1;V2;V3;V4;V5

Graph Edges:
1. V1 <-> V2
2. V3 <-> V1
3. V3 --> V2
4. V3 <-> V4
5. V5 o-> V4


  H0 (legal PAG = G* + spurious, cold-reoriented):
Graph Nodes:
V1;V2;V3;V4;V5

Graph Edges:
1. V1 o-o V2
2. V1 o-> V3
3. V2 o-> V3
4. V2 o-> V4
5. V2 o-o V5
6. V4 <-> V3
7. V5 o-> V4



==== NON-I-MAP H0 (cold reorient of G*+spurious is NOT an I-map of G*) ====
  Under the corrected sepset regime this population is expected EMPTY; an entry
  here is a defect. The witness CI below is the proof of the violation.
  model                 : PAG#15104
  extra (spurious) edges: [V1 o-o V5, V3 o-o V5]  (k=2)
  WITNESS (holds in H0, fails in G*): V1 _||_ V2 | [V3, V5]   (m-separated in H0's MAG, m-connected in G*)
  true PAG G* (over observed):
Graph Nodes:
V1;V2;V3;V4;V5

Graph Edges:
1. V2 o-o V3
2. V2 o-> V4
3. V2 --> V5
4. V3 o-> V1
5. V4 <-> V1
6. V4 --> V5


  H0 (legal PAG = G* + spurious, cold-reoriented):
Graph Nodes:
V1;V2;V3;V4;V5

Graph Edges:
1. V2 o-o V3
2. V2 o-> V4
3. V2 o-o V5
4. V3 o-> V1
5. V3 o-o V5
6. V4 <-> V1
7. V5 o-> V1
8. V5 o-> V4



==== NON-I-MAP H0 (cold reorient of G*+spurious is NOT an I-map of G*) ====
  Under the corrected sepset regime this population is expected EMPTY; an entry
  here is a defect. The witness CI below is the proof of the violation.
  model                 : PAG#15113
  extra (spurious) edges: [V2 o-o V3, V3 o-o V4, V3 o-o V5]  (k=3)
  WITNESS (holds in H0, fails in G*): V2 _||_ V4 | [V3, V5]   (m-separated in H0's MAG, m-connected in G*)
  true PAG G* (over observed):
Graph Nodes:
V1;V2;V3;V4;V5

Graph Edges:
1. V1 <-> V2
2. V1 --> V3
3. V4 o-> V1
4. V5 o-> V2
5. V5 o-o V4


  H0 (legal PAG = G* + spurious, cold-reoriented):
Graph Nodes:
V1;V2;V3;V4;V5

Graph Edges:
1. V2 <-> V1
2. V3 o-> V1
3. V3 o-> V2
4. V3 o-o V4
5. V3 o-o V5
6. V4 o-> V1
7. V5 o-> V2
8. V5 o-o V4



==== NON-I-MAP H0 (cold reorient of G*+spurious is NOT an I-map of G*) ====
  Under the corrected sepset regime this population is expected EMPTY; an entry
  here is a defect. The witness CI below is the proof of the violation.
  model                 : PAG#15115
  extra (spurious) edges: [V3 o-o V4, V3 o-o V5]  (k=2)
  WITNESS (holds in H0, fails in G*): V1 _||_ V2 | []   (m-separated in H0's MAG, m-connected in G*)
  true PAG G* (over observed):
Graph Nodes:
V1;V2;V3;V4;V5

Graph Edges:
1. V1 --> V3
2. V2 --> V3
3. V2 o-o V5
4. V4 o-o V1
5. V5 o-o V4


  H0 (legal PAG = G* + spurious, cold-reoriented):
Graph Nodes:
V1;V2;V3;V4;V5

Graph Edges:
1. V1 o-> V3
2. V1 --> V4
3. V2 o-> V3
4. V2 --> V5
5. V3 --> V4
6. V3 --> V5
7. V5 --> V4



==== NON-I-MAP H0 (cold reorient of G*+spurious is NOT an I-map of G*) ====
  Under the corrected sepset regime this population is expected EMPTY; an entry
  here is a defect. The witness CI below is the proof of the violation.
  model                 : PAG#15126
  extra (spurious) edges: [V1 o-o V4, V2 o-o V4]  (k=2)
  WITNESS (holds in H0, fails in G*): V2 _||_ V5 | [V4]   (m-separated in H0's MAG, m-connected in G*)
  true PAG G* (over observed):
Graph Nodes:
V1;V2;V3;V4;V5

Graph Edges:
1. V2 <-> V1
2. V3 --> V1
3. V3 <-> V2
4. V3 --> V4
5. V5 o-> V3
6. V5 --> V4


  H0 (legal PAG = G* + spurious, cold-reoriented):
Graph Nodes:
V1;V2;V3;V4;V5

Graph Edges:
1. V2 <-> V1
2. V3 --> V1
3. V3 <-> V2
4. V4 --> V1
5. V4 o-> V2
6. V4 o-> V3
7. V5 o-> V3
8. V5 o-o V4



==== NON-I-MAP H0 (cold reorient of G*+spurious is NOT an I-map of G*) ====
  Under the corrected sepset regime this population is expected EMPTY; an entry
  here is a defect. The witness CI below is the proof of the violation.
  model                 : PAG#15128
  extra (spurious) edges: [V1 o-o V4, V2 o-o V4]  (k=2)
  WITNESS (holds in H0, fails in G*): V1 _||_ V3 | [V2, V4]   (m-separated in H0's MAG, m-connected in G*)
  true PAG G* (over observed):
Graph Nodes:
V1;V2;V3;V4;V5

Graph Edges:
1. V1 o-> V2
2. V3 --> V4
3. V3 o-> V5
4. V5 <-> V2
5. V5 --> V4


  H0 (legal PAG = G* + spurious, cold-reoriented):
Graph Nodes:
V1;V2;V3;V4;V5

Graph Edges:
1. V1 o-> V2
2. V1 o-o V4
3. V3 o-o V4
4. V3 o-> V5
5. V4 o-> V2
6. V4 o-> V5
7. V5 <-> V2



==== NON-I-MAP H0 (cold reorient of G*+spurious is NOT an I-map of G*) ====
  Under the corrected sepset regime this population is expected EMPTY; an entry
  here is a defect. The witness CI below is the proof of the violation.
  model                 : PAG#15138
  extra (spurious) edges: [V1 o-o V5, V2 o-o V4]  (k=2)
  WITNESS (holds in H0, fails in G*): V1 _||_ V4 | [V2, V5]   (m-separated in H0's MAG, m-connected in G*)
  true PAG G* (over observed):
Graph Nodes:
V1;V2;V3;V4;V5

Graph Edges:
1. V1 o-o V2
2. V1 o-> V3
3. V2 --> V5
4. V3 <-> V4
5. V3 --> V5
6. V5 <-> V4


  H0 (legal PAG = G* + spurious, cold-reoriented):
Graph Nodes:
V1;V2;V3;V4;V5

Graph Edges:
1. V2 --> V1
2. V2 o-o V4
3. V2 o-> V5
4. V3 <-> V1
5. V4 o-> V3
6. V4 o-> V5
7. V5 --> V1
8. V5 <-> V3



==== NON-I-MAP H0 (cold reorient of G*+spurious is NOT an I-map of G*) ====
  Under the corrected sepset regime this population is expected EMPTY; an entry
  here is a defect. The witness CI below is the proof of the violation.
  model                 : PAG#15215
  extra (spurious) edges: [V1 o-o V5, V4 o-o V5]  (k=2)
  WITNESS (holds in H0, fails in G*): V1 _||_ V3 | [V5]   (m-separated in H0's MAG, m-connected in G*)
  true PAG G* (over observed):
Graph Nodes:
V1;V2;V3;V4;V5

Graph Edges:
1. V1 o-> V2
2. V2 --> V5
3. V3 <-> V2
4. V3 --> V5
5. V4 o-> V3


  H0 (legal PAG = G* + spurious, cold-reoriented):
Graph Nodes:
V1;V2;V3;V4;V5

Graph Edges:
1. V1 o-> V2
2. V1 o-o V5
3. V2 <-> V3
4. V4 o-> V3
5. V4 o-o V5
6. V5 o-> V2
7. V5 o-> V3



==== NON-I-MAP H0 (cold reorient of G*+spurious is NOT an I-map of G*) ====
  Under the corrected sepset regime this population is expected EMPTY; an entry
  here is a defect. The witness CI below is the proof of the violation.
  model                 : PAG#15294
  extra (spurious) edges: [V1 o-o V3, V3 o-o V4]  (k=2)
  WITNESS (holds in H0, fails in G*): V1 _||_ V2 | [V3, V4]   (m-separated in H0's MAG, m-connected in G*)
  true PAG G* (over observed):
Graph Nodes:
V1;V2;V3;V4;V5

Graph Edges:
1. V1 --> V5
2. V2 --> V3
3. V2 o-o V4
4. V2 --> V5
5. V4 o-o V1
6. V5 --> V3


  H0 (legal PAG = G* + spurious, cold-reoriented):
Graph Nodes:
V1;V2;V3;V4;V5

Graph Edges:
1. V1 o-o V3
2. V1 --> V5
3. V2 o-o V3
4. V2 o-o V4
5. V2 --> V5
6. V3 o-o V4
7. V3 --> V5
8. V4 o-o V1



==== NON-I-MAP H0 (cold reorient of G*+spurious is NOT an I-map of G*) ====
  Under the corrected sepset regime this population is expected EMPTY; an entry
  here is a defect. The witness CI below is the proof of the violation.
  model                 : PAG#15295
  extra (spurious) edges: [V1 o-o V2, V2 o-o V4]  (k=2)
  WITNESS (holds in H0, fails in G*): V1 _||_ V3 | [V2]   (m-separated in H0's MAG, m-connected in G*)
  true PAG G* (over observed):
Graph Nodes:
V1;V2;V3;V4;V5

Graph Edges:
1. V1 o-o V4
2. V1 o-> V5
3. V3 o-> V2
4. V4 o-o V3
5. V5 <-> V2


  H0 (legal PAG = G* + spurious, cold-reoriented):
Graph Nodes:
V1;V2;V3;V4;V5

Graph Edges:
1. V1 --> V4
2. V2 --> V1
3. V2 --> V4
4. V2 <-> V5
5. V3 o-> V2
6. V3 --> V4
7. V5 <-> V1



==== NON-I-MAP H0 (cold reorient of G*+spurious is NOT an I-map of G*) ====
  Under the corrected sepset regime this population is expected EMPTY; an entry
  here is a defect. The witness CI below is the proof of the violation.
  model                 : PAG#15295
  extra (spurious) edges: [V3 o-o V5, V4 o-o V5]  (k=2)
  WITNESS (holds in H0, fails in G*): V1 _||_ V2 | []   (m-separated in H0's MAG, m-connected in G*)
  true PAG G* (over observed):
Graph Nodes:
V1;V2;V3;V4;V5

Graph Edges:
1. V1 o-o V4
2. V1 o-> V5
3. V3 o-> V2
4. V4 o-o V3
5. V5 <-> V2


  H0 (legal PAG = G* + spurious, cold-reoriented):
Graph Nodes:
V1;V2;V3;V4;V5

Graph Edges:
1. V1 --> V4
2. V1 o-> V5
3. V2 <-> V3
4. V2 <-> V5
5. V3 --> V4
6. V5 --> V3
7. V5 --> V4



==== NON-I-MAP H0 (cold reorient of G*+spurious is NOT an I-map of G*) ====
  Under the corrected sepset regime this population is expected EMPTY; an entry
  here is a defect. The witness CI below is the proof of the violation.
  model                 : PAG#15339
  extra (spurious) edges: [V2 o-o V3, V3 o-o V4]  (k=2)
  WITNESS (holds in H0, fails in G*): V2 _||_ V5 | [V3]   (m-separated in H0's MAG, m-connected in G*)
  true PAG G* (over observed):
Graph Nodes:
V1;V2;V3;V4;V5

Graph Edges:
1. V1 <-> V2
2. V1 --> V3
3. V1 --> V4
4. V1 <-> V5
5. V2 <-> V4
6. V3 <-> V5


  H0 (legal PAG = G* + spurious, cold-reoriented):
Graph Nodes:
V1;V2;V3;V4;V5

Graph Edges:
1. V1 <-> V2
2. V1 --> V4
3. V2 <-> V4
4. V3 o-> V1
5. V3 o-> V2
6. V3 --> V4
7. V3 o-o V5
8. V5 o-> V1



==== NON-I-MAP H0 (cold reorient of G*+spurious is NOT an I-map of G*) ====
  Under the corrected sepset regime this population is expected EMPTY; an entry
  here is a defect. The witness CI below is the proof of the violation.
  model                 : PAG#15339
  extra (spurious) edges: [V3 o-o V4, V4 o-o V5]  (k=2)
  WITNESS (holds in H0, fails in G*): V2 _||_ V5 | [V4]   (m-separated in H0's MAG, m-connected in G*)
  true PAG G* (over observed):
Graph Nodes:
V1;V2;V3;V4;V5

Graph Edges:
1. V1 <-> V2
2. V1 --> V3
3. V1 --> V4
4. V1 <-> V5
5. V2 <-> V4
6. V3 <-> V5


  H0 (legal PAG = G* + spurious, cold-reoriented):
Graph Nodes:
V1;V2;V3;V4;V5

Graph Edges:
1. V1 --> V3
2. V1 <-> V5
3. V2 o-> V1
4. V2 o-o V4
5. V3 <-> V5
6. V4 o-> V1
7. V4 --> V3
8. V4 o-> V5



==== NON-I-MAP H0 (cold reorient of G*+spurious is NOT an I-map of G*) ====
  Under the corrected sepset regime this population is expected EMPTY; an entry
  here is a defect. The witness CI below is the proof of the violation.
  model                 : PAG#15344
  extra (spurious) edges: [V2 o-o V5, V3 o-o V5]  (k=2)
  WITNESS (holds in H0, fails in G*): V1 _||_ V2 | [V5]   (m-separated in H0's MAG, m-connected in G*)
  true PAG G* (over observed):
Graph Nodes:
V1;V2;V3;V4;V5

Graph Edges:
1. V1 --> V5
2. V2 o-> V4
3. V3 o-> V1
4. V4 <-> V1
5. V4 --> V5


  H0 (legal PAG = G* + spurious, cold-reoriented):
Graph Nodes:
V1;V2;V3;V4;V5

Graph Edges:
1. V2 o-> V4
2. V2 o-o V5
3. V3 o-> V1
4. V3 o-o V5
5. V4 <-> V1
6. V5 o-> V1
7. V5 o-> V4



==== NON-I-MAP H0 (cold reorient of G*+spurious is NOT an I-map of G*) ====
  Under the corrected sepset regime this population is expected EMPTY; an entry
  here is a defect. The witness CI below is the proof of the violation.
  model                 : PAG#15351
  extra (spurious) edges: [V1 o-o V5, V4 o-o V5]  (k=2)
  WITNESS (holds in H0, fails in G*): V1 _||_ V2 | [V4, V5]   (m-separated in H0's MAG, m-connected in G*)
  true PAG G* (over observed):
Graph Nodes:
V1;V2;V3;V4;V5

Graph Edges:
1. V1 o-> V3
2. V1 o-o V4
3. V2 --> V5
4. V3 <-> V2
5. V3 --> V5
6. V4 o-> V2


  H0 (legal PAG = G* + spurious, cold-reoriented):
Graph Nodes:
V1;V2;V3;V4;V5

Graph Edges:
1. V1 o-> V3
2. V1 o-o V4
3. V1 o-o V5
4. V3 <-> V2
5. V4 o-> V2
6. V4 o-o V5
7. V5 o-> V2
8. V5 o-> V3



==== NON-I-MAP H0 (cold reorient of G*+spurious is NOT an I-map of G*) ====
  Under the corrected sepset regime this population is expected EMPTY; an entry
  here is a defect. The witness CI below is the proof of the violation.
  model                 : PAG#15368
  extra (spurious) edges: [V1 o-o V2, V3 o-o V5]  (k=2)
  WITNESS (holds in H0, fails in G*): V1 _||_ V5 | [V2, V3]   (m-separated in H0's MAG, m-connected in G*)
  true PAG G* (over observed):
Graph Nodes:
V1;V2;V3;V4;V5

Graph Edges:
1. V2 --> V3
2. V2 o-o V5
3. V3 <-> V1
4. V4 <-> V1
5. V4 --> V3
6. V5 o-> V4


  H0 (legal PAG = G* + spurious, cold-reoriented):
Graph Nodes:
V1;V2;V3;V4;V5

Graph Edges:
1. V1 o-o V2
2. V1 o-> V3
3. V1 o-> V4
4. V2 o-> V3
5. V2 --> V5
6. V3 <-> V4
7. V3 --> V5
8. V4 <-> V5



==== NON-I-MAP H0 (cold reorient of G*+spurious is NOT an I-map of G*) ====
  Under the corrected sepset regime this population is expected EMPTY; an entry
  here is a defect. The witness CI below is the proof of the violation.
  model                 : PAG#15379
  extra (spurious) edges: [V1 o-o V3, V3 o-o V5]  (k=2)
  WITNESS (holds in H0, fails in G*): V1 _||_ V2 | [V3]   (m-separated in H0's MAG, m-connected in G*)
  true PAG G* (over observed):
Graph Nodes:
V1;V2;V3;V4;V5

Graph Edges:
1. V2 --> V3
2. V2 o-> V4
3. V4 <-> V1
4. V4 --> V3
5. V5 o-> V1


  H0 (legal PAG = G* + spurious, cold-reoriented):
Graph Nodes:
V1;V2;V3;V4;V5

Graph Edges:
1. V2 o-o V3
2. V2 o-> V4
3. V3 o-> V1
4. V3 o-> V4
5. V3 o-o V5
6. V4 <-> V1
7. V5 o-> V1



==== NON-I-MAP H0 (cold reorient of G*+spurious is NOT an I-map of G*) ====
  Under the corrected sepset regime this population is expected EMPTY; an entry
  here is a defect. The witness CI below is the proof of the violation.
  model                 : PAG#15392
  extra (spurious) edges: [V1 o-o V2, V2 o-o V5]  (k=2)
  WITNESS (holds in H0, fails in G*): V4 _||_ V5 | [V1, V2]   (m-separated in H0's MAG, m-connected in G*)
  true PAG G* (over observed):
Graph Nodes:
V1;V2;V3;V4;V5

Graph Edges:
1. V1 o-> V4
2. V1 o-> V5
3. V3 --> V2
4. V4 <-> V2
5. V4 <-> V3
6. V5 <-> V3


  H0 (legal PAG = G* + spurious, cold-reoriented):
Graph Nodes:
V1;V2;V3;V4;V5

Graph Edges:
1. V1 o-o V2
2. V1 o-> V4
3. V1 o-> V5
4. V2 o-> V3
5. V2 o-> V4
6. V2 o-> V5
7. V4 <-> V3
8. V5 <-> V3



==== NON-I-MAP H0 (cold reorient of G*+spurious is NOT an I-map of G*) ====
  Under the corrected sepset regime this population is expected EMPTY; an entry
  here is a defect. The witness CI below is the proof of the violation.
  model                 : PAG#15397
  extra (spurious) edges: [V1 o-o V2, V1 o-o V4, V1 o-o V5]  (k=3)
  WITNESS (holds in H0, fails in G*): V4 _||_ V5 | [V1, V2]   (m-separated in H0's MAG, m-connected in G*)
  true PAG G* (over observed):
Graph Nodes:
V1;V2;V3;V4;V5

Graph Edges:
1. V2 o-o V4
2. V2 o-o V5
3. V3 --> V1
4. V4 --> V3
5. V5 --> V3


  H0 (legal PAG = G* + spurious, cold-reoriented):
Graph Nodes:
V1;V2;V3;V4;V5

Graph Edges:
1. V1 o-o V2
2. V1 --> V3
3. V1 o-o V4
4. V1 o-o V5
5. V2 o-o V4
6. V2 o-o V5
7. V4 --> V3
8. V5 --> V3



==== NON-I-MAP H0 (cold reorient of G*+spurious is NOT an I-map of G*) ====
  Under the corrected sepset regime this population is expected EMPTY; an entry
  here is a defect. The witness CI below is the proof of the violation.
  model                 : PAG#15432
  extra (spurious) edges: [V1 o-o V5, V2 o-o V5]  (k=2)
  WITNESS (holds in H0, fails in G*): V2 _||_ V3 | [V1, V5]   (m-separated in H0's MAG, m-connected in G*)
  true PAG G* (over observed):
Graph Nodes:
V1;V2;V3;V4;V5

Graph Edges:
1. V1 o-> V2
2. V3 o-o V1
3. V3 o-> V4
4. V3 --> V5
5. V4 <-> V2
6. V4 --> V5


  H0 (legal PAG = G* + spurious, cold-reoriented):
Graph Nodes:
V1;V2;V3;V4;V5

Graph Edges:
1. V1 o-> V2
2. V1 o-o V5
3. V3 o-o V1
4. V3 o-> V4
5. V3 o-o V5
6. V4 <-> V2
7. V5 o-> V2
8. V5 o-> V4



==== NON-I-MAP H0 (cold reorient of G*+spurious is NOT an I-map of G*) ====
  Under the corrected sepset regime this population is expected EMPTY; an entry
  here is a defect. The witness CI below is the proof of the violation.
  model                 : PAG#15460
  extra (spurious) edges: [V2 o-o V5, V4 o-o V5]  (k=2)
  WITNESS (holds in H0, fails in G*): V2 _||_ V3 | [V5]   (m-separated in H0's MAG, m-connected in G*)
  true PAG G* (over observed):
Graph Nodes:
V1;V2;V3;V4;V5

Graph Edges:
1. V1 --> V5
2. V2 <-> V1
3. V3 o-> V1
4. V3 --> V5
5. V4 o-> V2


  H0 (legal PAG = G* + spurious, cold-reoriented):
Graph Nodes:
V1;V2;V3;V4;V5

Graph Edges:
1. V1 <-> V2
2. V3 o-> V1
3. V3 o-o V5
4. V4 o-> V2
5. V4 o-o V5
6. V5 o-> V1
7. V5 o-> V2



==== NON-I-MAP H0 (cold reorient of G*+spurious is NOT an I-map of G*) ====
  Under the corrected sepset regime this population is expected EMPTY; an entry
  here is a defect. The witness CI below is the proof of the violation.
  model                 : PAG#15482
  extra (spurious) edges: [V1 o-o V2, V2 o-o V3, V2 o-o V5]  (k=3)
  WITNESS (holds in H0, fails in G*): V1 _||_ V5 | [V2, V3]   (m-separated in H0's MAG, m-connected in G*)
  true PAG G* (over observed):
Graph Nodes:
V1;V2;V3;V4;V5

Graph Edges:
1. V3 o-> V1
2. V3 o-o V5
3. V4 <-> V1
4. V4 --> V2
5. V5 o-> V4


  H0 (legal PAG = G* + spurious, cold-reoriented):
Graph Nodes:
V1;V2;V3;V4;V5

Graph Edges:
1. V1 <-> V4
2. V2 o-> V1
3. V2 o-o V3
4. V2 o-> V4
5. V2 o-o V5
6. V3 o-> V1
7. V3 o-o V5
8. V5 o-> V4



==== NON-I-MAP H0 (cold reorient of G*+spurious is NOT an I-map of G*) ====
  Under the corrected sepset regime this population is expected EMPTY; an entry
  here is a defect. The witness CI below is the proof of the violation.
  model                 : PAG#15499
  extra (spurious) edges: [V1 o-o V4, V4 o-o V5]  (k=2)
  WITNESS (holds in H0, fails in G*): V2 _||_ V5 | [V1, V4]   (m-separated in H0's MAG, m-connected in G*)
  true PAG G* (over observed):
Graph Nodes:
V1;V2;V3;V4;V5

Graph Edges:
1. V1 o-o V2
2. V2 --> V3
3. V2 --> V4
4. V3 --> V4
5. V5 o-o V1
6. V5 --> V3


  H0 (legal PAG = G* + spurious, cold-reoriented):
Graph Nodes:
V1;V2;V3;V4;V5

Graph Edges:
1. V1 o-o V2
2. V1 o-o V4
3. V2 --> V3
4. V2 o-o V4
5. V4 --> V3
6. V4 o-o V5
7. V5 o-o V1
8. V5 --> V3



==== NON-I-MAP H0 (cold reorient of G*+spurious is NOT an I-map of G*) ====
  Under the corrected sepset regime this population is expected EMPTY; an entry
  here is a defect. The witness CI below is the proof of the violation.
  model                 : PAG#15507
  extra (spurious) edges: [V1 o-o V4, V1 o-o V5]  (k=2)
  WITNESS (holds in H0, fails in G*): V3 _||_ V4 | [V1, V5]   (m-separated in H0's MAG, m-connected in G*)
  true PAG G* (over observed):
Graph Nodes:
V1;V2;V3;V4;V5

Graph Edges:
1. V2 --> V1
2. V3 --> V1
3. V3 --> V2
4. V4 --> V2
5. V4 o-o V5
6. V5 o-o V3


  H0 (legal PAG = G* + spurious, cold-reoriented):
Graph Nodes:
V1;V2;V3;V4;V5

Graph Edges:
1. V1 --> V2
2. V1 o-o V4
3. V1 o-o V5
4. V3 o-o V1
5. V3 --> V2
6. V4 --> V2
7. V4 o-o V5
8. V5 o-o V3



==== NON-I-MAP H0 (cold reorient of G*+spurious is NOT an I-map of G*) ====
  Under the corrected sepset regime this population is expected EMPTY; an entry
  here is a defect. The witness CI below is the proof of the violation.
  model                 : PAG#15516
  extra (spurious) edges: [V2 o-o V3, V3 o-o V4]  (k=2)
  WITNESS (holds in H0, fails in G*): V1 _||_ V5 | []   (m-separated in H0's MAG, m-connected in G*)
  true PAG G* (over observed):
Graph Nodes:
V1;V2;V3;V4;V5

Graph Edges:
1. V2 o-> V1
2. V2 o-o V4
3. V3 <-> V1
4. V3 <-> V5
5. V4 o-> V5


  H0 (legal PAG = G* + spurious, cold-reoriented):
Graph Nodes:
V1;V2;V3;V4;V5

Graph Edges:
1. V1 <-> V2
2. V2 --> V4
3. V3 <-> V1
4. V3 --> V2
5. V3 --> V4
6. V5 <-> V3
7. V5 <-> V4



==== NON-I-MAP H0 (cold reorient of G*+spurious is NOT an I-map of G*) ====
  Under the corrected sepset regime this population is expected EMPTY; an entry
  here is a defect. The witness CI below is the proof of the violation.
  model                 : PAG#15528
  extra (spurious) edges: [V1 o-o V5, V2 o-o V5]  (k=2)
  WITNESS (holds in H0, fails in G*): V1 _||_ V3 | [V5]   (m-separated in H0's MAG, m-connected in G*)
  true PAG G* (over observed):
Graph Nodes:
V1;V2;V3;V4;V5

Graph Edges:
1. V2 o-> V1
2. V3 o-> V4
3. V3 --> V5
4. V4 <-> V1
5. V4 --> V5


  H0 (legal PAG = G* + spurious, cold-reoriented):
Graph Nodes:
V1;V2;V3;V4;V5

Graph Edges:
1. V1 <-> V4
2. V2 o-> V1
3. V2 o-o V5
4. V3 o-> V4
5. V3 o-o V5
6. V5 o-> V1
7. V5 o-> V4



==== NON-I-MAP H0 (cold reorient of G*+spurious is NOT an I-map of G*) ====
  Under the corrected sepset regime this population is expected EMPTY; an entry
  here is a defect. The witness CI below is the proof of the violation.
  model                 : PAG#15536
  extra (spurious) edges: [V1 o-o V2, V2 o-o V5]  (k=2)
  WITNESS (holds in H0, fails in G*): V1 _||_ V4 | [V2, V5]   (m-separated in H0's MAG, m-connected in G*)
  true PAG G* (over observed):
Graph Nodes:
V1;V2;V3;V4;V5

Graph Edges:
1. V1 --> V3
2. V1 o-o V5
3. V3 --> V2
4. V4 --> V2
5. V4 --> V3
6. V5 o-o V4


  H0 (legal PAG = G* + spurious, cold-reoriented):
Graph Nodes:
V1;V2;V3;V4;V5

Graph Edges:
1. V1 o-o V2
2. V1 --> V3
3. V1 o-o V5
4. V2 --> V3
5. V2 o-o V5
6. V4 o-o V2
7. V4 --> V3
8. V5 o-o V4



==== NON-I-MAP H0 (cold reorient of G*+spurious is NOT an I-map of G*) ====
  Under the corrected sepset regime this population is expected EMPTY; an entry
  here is a defect. The witness CI below is the proof of the violation.
  model                 : PAG#15579
  extra (spurious) edges: [V1 o-o V5, V2 o-o V5]  (k=2)
  WITNESS (holds in H0, fails in G*): V2 _||_ V3 | [V1, V5]   (m-separated in H0's MAG, m-connected in G*)
  true PAG G* (over observed):
Graph Nodes:
V1;V2;V3;V4;V5

Graph Edges:
1. V1 o-> V2
2. V1 o-> V3
3. V3 <-> V5
4. V4 <-> V2
5. V4 <-> V3
6. V4 --> V5


  H0 (legal PAG = G* + spurious, cold-reoriented):
Graph Nodes:
V1;V2;V3;V4;V5

Graph Edges:
1. V1 o-> V2
2. V1 o-> V3
3. V1 o-o V5
4. V3 <-> V4
5. V4 <-> V2
6. V5 o-> V2
7. V5 o-> V3
8. V5 o-> V4



==== NON-I-MAP H0 (cold reorient of G*+spurious is NOT an I-map of G*) ====
  Under the corrected sepset regime this population is expected EMPTY; an entry
  here is a defect. The witness CI below is the proof of the violation.
  model                 : PAG#15628
  extra (spurious) edges: [V1 o-o V3, V2 o-o V3]  (k=2)
  WITNESS (holds in H0, fails in G*): V2 _||_ V4 | [V3]   (m-separated in H0's MAG, m-connected in G*)
  true PAG G* (over observed):
Graph Nodes:
V1;V2;V3;V4;V5

Graph Edges:
1. V1 o-o V2
2. V1 o-o V4
3. V2 o-> V5
4. V4 o-> V3
5. V5 <-> V3


  H0 (legal PAG = G* + spurious, cold-reoriented):
Graph Nodes:
V1;V2;V3;V4;V5

Graph Edges:
1. V2 --> V1
2. V3 --> V1
3. V3 --> V2
4. V4 --> V1
5. V4 o-> V3
6. V5 <-> V2
7. V5 <-> V3



==== NON-I-MAP H0 (cold reorient of G*+spurious is NOT an I-map of G*) ====
  Under the corrected sepset regime this population is expected EMPTY; an entry
  here is a defect. The witness CI below is the proof of the violation.
  model                 : PAG#15628
  extra (spurious) edges: [V1 o-o V5, V4 o-o V5]  (k=2)
  WITNESS (holds in H0, fails in G*): V2 _||_ V3 | []   (m-separated in H0's MAG, m-connected in G*)
  true PAG G* (over observed):
Graph Nodes:
V1;V2;V3;V4;V5

Graph Edges:
1. V1 o-o V2
2. V1 o-o V4
3. V2 o-> V5
4. V4 o-> V3
5. V5 <-> V3


  H0 (legal PAG = G* + spurious, cold-reoriented):
Graph Nodes:
V1;V2;V3;V4;V5

Graph Edges:
1. V2 --> V1
2. V2 o-> V5
3. V3 <-> V4
4. V4 --> V1
5. V5 --> V1
6. V5 <-> V3
7. V5 --> V4



==== NON-I-MAP H0 (cold reorient of G*+spurious is NOT an I-map of G*) ====
  Under the corrected sepset regime this population is expected EMPTY; an entry
  here is a defect. The witness CI below is the proof of the violation.
  model                 : PAG#15639
  extra (spurious) edges: [V1 o-o V5, V3 o-o V5]  (k=2)
  WITNESS (holds in H0, fails in G*): V3 _||_ V4 | [V5]   (m-separated in H0's MAG, m-connected in G*)
  true PAG G* (over observed):
Graph Nodes:
V1;V2;V3;V4;V5

Graph Edges:
1. V2 --> V1
2. V2 <-> V3
3. V2 --> V5
4. V3 <-> V1
5. V4 o-> V2
6. V4 --> V5


  H0 (legal PAG = G* + spurious, cold-reoriented):
Graph Nodes:
V1;V2;V3;V4;V5

Graph Edges:
1. V2 --> V1
2. V2 <-> V3
3. V3 <-> V1
4. V4 o-> V2
5. V4 o-o V5
6. V5 --> V1
7. V5 o-> V2
8. V5 o-> V3



==== NON-I-MAP H0 (cold reorient of G*+spurious is NOT an I-map of G*) ====
  Under the corrected sepset regime this population is expected EMPTY; an entry
  here is a defect. The witness CI below is the proof of the violation.
  model                 : PAG#15654
  extra (spurious) edges: [V1 o-o V5, V4 o-o V5]  (k=2)
  WITNESS (holds in H0, fails in G*): V2 _||_ V3 | []   (m-separated in H0's MAG, m-connected in G*)
  true PAG G* (over observed):
Graph Nodes:
V1;V2;V3;V4;V5

Graph Edges:
1. V1 o-> V2
2. V1 o-o V4
3. V4 o-> V3
4. V5 <-> V2
5. V5 <-> V3


  H0 (legal PAG = G* + spurious, cold-reoriented):
Graph Nodes:
V1;V2;V3;V4;V5

Graph Edges:
1. V2 <-> V1
2. V3 <-> V4
3. V4 --> V1
4. V5 --> V1
5. V5 <-> V2
6. V5 <-> V3
7. V5 --> V4



==== NON-I-MAP H0 (cold reorient of G*+spurious is NOT an I-map of G*) ====
  Under the corrected sepset regime this population is expected EMPTY; an entry
  here is a defect. The witness CI below is the proof of the violation.
  model                 : PAG#15664
  extra (spurious) edges: [V3 o-o V5, V4 o-o V5]  (k=2)
  WITNESS (holds in H0, fails in G*): V1 _||_ V3 | [V4, V5]   (m-separated in H0's MAG, m-connected in G*)
  true PAG G* (over observed):
Graph Nodes:
V1;V2;V3;V4;V5

Graph Edges:
1. V1 o-> V2
2. V1 --> V5
3. V2 --> V5
4. V3 o-> V4
5. V4 <-> V2


  H0 (legal PAG = G* + spurious, cold-reoriented):
Graph Nodes:
V1;V2;V3;V4;V5

Graph Edges:
1. V1 o-> V2
2. V1 o-o V5
3. V3 o-> V4
4. V3 o-o V5
5. V4 <-> V2
6. V5 o-> V2
7. V5 o-> V4



==== NON-I-MAP H0 (cold reorient of G*+spurious is NOT an I-map of G*) ====
  Under the corrected sepset regime this population is expected EMPTY; an entry
  here is a defect. The witness CI below is the proof of the violation.
  model                 : PAG#15672
  extra (spurious) edges: [V1 o-o V2, V2 o-o V4]  (k=2)
  WITNESS (holds in H0, fails in G*): V4 _||_ V5 | []   (m-separated in H0's MAG, m-connected in G*)
  true PAG G* (over observed):
Graph Nodes:
V1;V2;V3;V4;V5

Graph Edges:
1. V2 o-> V3
2. V3 --> V4
3. V4 <-> V1
4. V5 o-> V1
5. V5 o-> V3


  H0 (legal PAG = G* + spurious, cold-reoriented):
Graph Nodes:
V1;V2;V3;V4;V5

Graph Edges:
1. V1 --> V2
2. V1 <-> V4
3. V2 --> V3
4. V2 <-> V4
5. V4 <-> V3
6. V5 o-> V1
7. V5 --> V3



==== NON-I-MAP H0 (cold reorient of G*+spurious is NOT an I-map of G*) ====
  Under the corrected sepset regime this population is expected EMPTY; an entry
  here is a defect. The witness CI below is the proof of the violation.
  model                 : PAG#15674
  extra (spurious) edges: [V1 o-o V4, V3 o-o V4]  (k=2)
  WITNESS (holds in H0, fails in G*): V2 _||_ V3 | [V4, V5]   (m-separated in H0's MAG, m-connected in G*)
  true PAG G* (over observed):
Graph Nodes:
V1;V2;V3;V4;V5

Graph Edges:
1. V1 o-o V2
2. V1 o-o V3
3. V2 --> V4
4. V3 o-o V5
5. V5 --> V4


  H0 (legal PAG = G* + spurious, cold-reoriented):
Graph Nodes:
V1;V2;V3;V4;V5

Graph Edges:
1. V2 --> V1
2. V2 o-> V4
3. V3 --> V1
4. V4 --> V1
5. V4 --> V3
6. V5 --> V3
7. V5 o-> V4



==== NON-I-MAP H0 (cold reorient of G*+spurious is NOT an I-map of G*) ====
  Under the corrected sepset regime this population is expected EMPTY; an entry
  here is a defect. The witness CI below is the proof of the violation.
  model                 : PAG#15714
  extra (spurious) edges: [V2 o-o V5, V4 o-o V5]  (k=2)
  WITNESS (holds in H0, fails in G*): V2 _||_ V4 | [V5]   (m-separated in H0's MAG, m-connected in G*)
  true PAG G* (over observed):
Graph Nodes:
V1;V2;V3;V4;V5

Graph Edges:
1. V2 <-> V1
2. V3 <-> V2
3. V3 --> V5
4. V4 <-> V1
5. V4 <-> V3
6. V5 --> V1


  H0 (legal PAG = G* + spurious, cold-reoriented):
Graph Nodes:
V1;V2;V3;V4;V5

Graph Edges:
1. V1 <-> V4
2. V2 <-> V1
3. V2 <-> V3
4. V3 <-> V4
5. V5 o-> V1
6. V5 o-> V2
7. V5 o-> V3
8. V5 o-> V4



==== NON-I-MAP H0 (cold reorient of G*+spurious is NOT an I-map of G*) ====
  Under the corrected sepset regime this population is expected EMPTY; an entry
  here is a defect. The witness CI below is the proof of the violation.
  model                 : PAG#15721
  extra (spurious) edges: [V3 o-o V5, V4 o-o V5]  (k=2)
  WITNESS (holds in H0, fails in G*): V1 _||_ V2 | []   (m-separated in H0's MAG, m-connected in G*)
  true PAG G* (over observed):
Graph Nodes:
V1;V2;V3;V4;V5

Graph Edges:
1. V1 --> V5
2. V2 o-o V4
3. V2 --> V5
4. V3 o-o V1
5. V4 o-o V3


  H0 (legal PAG = G* + spurious, cold-reoriented):
Graph Nodes:
V1;V2;V3;V4;V5

Graph Edges:
1. V1 --> V3
2. V1 o-> V5
3. V2 --> V4
4. V2 o-> V5
5. V4 --> V3
6. V5 --> V3
7. V5 --> V4



==== NON-I-MAP H0 (cold reorient of G*+spurious is NOT an I-map of G*) ====
  Under the corrected sepset regime this population is expected EMPTY; an entry
  here is a defect. The witness CI below is the proof of the violation.
  model                 : PAG#15749
  extra (spurious) edges: [V1 o-o V3, V2 o-o V3]  (k=2)
  WITNESS (holds in H0, fails in G*): V1 _||_ V5 | [V2, V3]   (m-separated in H0's MAG, m-connected in G*)
  true PAG G* (over observed):
Graph Nodes:
V1;V2;V3;V4;V5

Graph Edges:
1. V1 o-o V2
2. V1 --> V4
3. V2 o-o V5
4. V4 --> V3
5. V5 --> V3
6. V5 --> V4


  H0 (legal PAG = G* + spurious, cold-reoriented):
Graph Nodes:
V1;V2;V3;V4;V5

Graph Edges:
1. V1 o-o V2
2. V1 o-o V3
3. V1 --> V4
4. V2 o-o V3
5. V2 o-o V5
6. V3 --> V4
7. V5 o-o V3
8. V5 --> V4



==== NON-I-MAP H0 (cold reorient of G*+spurious is NOT an I-map of G*) ====
  Under the corrected sepset regime this population is expected EMPTY; an entry
  here is a defect. The witness CI below is the proof of the violation.
  model                 : PAG#15792
  extra (spurious) edges: [V1 o-o V5, V4 o-o V5]  (k=2)
  WITNESS (holds in H0, fails in G*): V2 _||_ V4 | [V1, V5]   (m-separated in H0's MAG, m-connected in G*)
  true PAG G* (over observed):
Graph Nodes:
V1;V2;V3;V4;V5

Graph Edges:
1. V1 o-o V2
2. V2 --> V3
3. V2 --> V5
4. V3 --> V5
5. V4 o-o V1
6. V4 --> V3


  H0 (legal PAG = G* + spurious, cold-reoriented):
Graph Nodes:
V1;V2;V3;V4;V5

Graph Edges:
1. V1 o-o V2
2. V1 o-o V5
3. V2 --> V3
4. V2 o-o V5
5. V4 o-o V1
6. V4 --> V3
7. V4 o-o V5
8. V5 --> V3



==== NON-I-MAP H0 (cold reorient of G*+spurious is NOT an I-map of G*) ====
  Under the corrected sepset regime this population is expected EMPTY; an entry
  here is a defect. The witness CI below is the proof of the violation.
  model                 : PAG#15814
  extra (spurious) edges: [V3 o-o V5, V4 o-o V5]  (k=2)
  WITNESS (holds in H0, fails in G*): V2 _||_ V4 | [V3, V5]   (m-separated in H0's MAG, m-connected in G*)
  true PAG G* (over observed):
Graph Nodes:
V1;V2;V3;V4;V5

Graph Edges:
1. V1 --> V5
2. V2 --> V1
3. V2 --> V5
4. V3 o-o V2
5. V4 --> V1
6. V4 o-o V3


  H0 (legal PAG = G* + spurious, cold-reoriented):
Graph Nodes:
V1;V2;V3;V4;V5

Graph Edges:
1. V2 --> V1
2. V2 o-o V5
3. V3 o-o V2
4. V3 o-o V5
5. V4 --> V1
6. V4 o-o V3
7. V4 o-o V5
8. V5 --> V1



==== NON-I-MAP H0 (cold reorient of G*+spurious is NOT an I-map of G*) ====
  Under the corrected sepset regime this population is expected EMPTY; an entry
  here is a defect. The witness CI below is the proof of the violation.
  model                 : PAG#15816
  extra (spurious) edges: [V1 o-o V2, V4 o-o V5]  (k=2)
  WITNESS (holds in H0, fails in G*): V2 _||_ V5 | [V1, V4]   (m-separated in H0's MAG, m-connected in G*)
  true PAG G* (over observed):
Graph Nodes:
V1;V2;V3;V4;V5

Graph Edges:
1. V1 o-> V4
2. V1 o-> V5
3. V3 <-> V2
4. V3 --> V4
5. V4 <-> V2
6. V5 <-> V3


  H0 (legal PAG = G* + spurious, cold-reoriented):
Graph Nodes:
V1;V2;V3;V4;V5

Graph Edges:
1. V1 o-o V2
2. V1 o-> V4
3. V1 --> V5
4. V2 o-> V3
5. V2 o-> V4
6. V3 <-> V5
7. V4 <-> V3
8. V4 --> V5



==== NON-I-MAP H0 (cold reorient of G*+spurious is NOT an I-map of G*) ====
  Under the corrected sepset regime this population is expected EMPTY; an entry
  here is a defect. The witness CI below is the proof of the violation.
  model                 : PAG#15848
  extra (spurious) edges: [V3 o-o V4, V3 o-o V5]  (k=2)
  WITNESS (holds in H0, fails in G*): V2 _||_ V4 | [V3]   (m-separated in H0's MAG, m-connected in G*)
  true PAG G* (over observed):
Graph Nodes:
V1;V2;V3;V4;V5

Graph Edges:
1. V1 --> V3
2. V1 <-> V4
3. V1 --> V5
4. V2 o-> V1
5. V2 --> V3
6. V5 <-> V4


  H0 (legal PAG = G* + spurious, cold-reoriented):
Graph Nodes:
V1;V2;V3;V4;V5

Graph Edges:
1. V1 <-> V4
2. V1 --> V5
3. V2 o-> V1
4. V2 o-o V3
5. V3 o-> V1
6. V3 o-> V4
7. V3 --> V5
8. V4 <-> V5



==== NON-I-MAP H0 (cold reorient of G*+spurious is NOT an I-map of G*) ====
  Under the corrected sepset regime this population is expected EMPTY; an entry
  here is a defect. The witness CI below is the proof of the violation.
  model                 : PAG#15893
  extra (spurious) edges: [V1 o-o V5, V2 o-o V5, V3 o-o V5]  (k=3)
  WITNESS (holds in H0, fails in G*): V1 _||_ V2 | [V3, V5]   (m-separated in H0's MAG, m-connected in G*)
  true PAG G* (over observed):
Graph Nodes:
V1;V2;V3;V4;V5

Graph Edges:
1. V1 o-> V3
2. V2 o-> V4
3. V4 <-> V3
4. V4 --> V5


  H0 (legal PAG = G* + spurious, cold-reoriented):
Graph Nodes:
V1;V2;V3;V4;V5

Graph Edges:
1. V1 o-> V3
2. V1 o-o V5
3. V2 o-> V4
4. V2 o-o V5
5. V3 <-> V4
6. V5 o-> V3
7. V5 o-> V4



==== NON-I-MAP H0 (cold reorient of G*+spurious is NOT an I-map of G*) ====
  Under the corrected sepset regime this population is expected EMPTY; an entry
  here is a defect. The witness CI below is the proof of the violation.
  model                 : PAG#15921
  extra (spurious) edges: [V1 o-o V5, V4 o-o V5]  (k=2)
  WITNESS (holds in H0, fails in G*): V1 _||_ V2 | [V3, V5]   (m-separated in H0's MAG, m-connected in G*)
  true PAG G* (over observed):
Graph Nodes:
V1;V2;V3;V4;V5

Graph Edges:
1. V1 o-o V3
2. V2 o-o V4
3. V2 --> V5
4. V3 --> V5
5. V4 o-o V1


  H0 (legal PAG = G* + spurious, cold-reoriented):
Graph Nodes:
V1;V2;V3;V4;V5

Graph Edges:
1. V1 --> V4
2. V2 --> V4
3. V2 o-> V5
4. V3 --> V1
5. V3 o-> V5
6. V5 --> V1
7. V5 --> V4



==== NON-I-MAP H0 (cold reorient of G*+spurious is NOT an I-map of G*) ====
  Under the corrected sepset regime this population is expected EMPTY; an entry
  here is a defect. The witness CI below is the proof of the violation.
  model                 : PAG#15937
  extra (spurious) edges: [V1 o-o V2, V3 o-o V4]  (k=2)
  WITNESS (holds in H0, fails in G*): V1 _||_ V4 | [V2, V3]   (m-separated in H0's MAG, m-connected in G*)
  true PAG G* (over observed):
Graph Nodes:
V1;V2;V3;V4;V5

Graph Edges:
1. V2 <-> V4
2. V3 o-> V1
3. V3 o-> V2
4. V5 <-> V1
5. V5 --> V2
6. V5 <-> V4


  H0 (legal PAG = G* + spurious, cold-reoriented):
Graph Nodes:
V1;V2;V3;V4;V5

Graph Edges:
1. V2 --> V1
2. V2 <-> V5
3. V3 --> V1
4. V3 o-> V2
5. V3 o-o V4
6. V4 o-> V2
7. V4 o-> V5
8. V5 <-> V1



==== NON-I-MAP H0 (cold reorient of G*+spurious is NOT an I-map of G*) ====
  Under the corrected sepset regime this population is expected EMPTY; an entry
  here is a defect. The witness CI below is the proof of the violation.
  model                 : PAG#15962
  extra (spurious) edges: [V2 o-o V5, V3 o-o V5]  (k=2)
  WITNESS (holds in H0, fails in G*): V1 _||_ V3 | [V2, V5]   (m-separated in H0's MAG, m-connected in G*)
  true PAG G* (over observed):
Graph Nodes:
V1;V2;V3;V4;V5

Graph Edges:
1. V1 --> V5
2. V2 o-> V1
3. V3 o-o V2
4. V3 o-> V4
5. V4 <-> V1
6. V4 --> V5


  H0 (legal PAG = G* + spurious, cold-reoriented):
Graph Nodes:
V1;V2;V3;V4;V5

Graph Edges:
1. V1 <-> V4
2. V2 o-> V1
3. V2 o-o V5
4. V3 o-o V2
5. V3 o-> V4
6. V3 o-o V5
7. V5 o-> V1
8. V5 o-> V4



==== NON-I-MAP H0 (cold reorient of G*+spurious is NOT an I-map of G*) ====
  Under the corrected sepset regime this population is expected EMPTY; an entry
  here is a defect. The witness CI below is the proof of the violation.
  model                 : PAG#15964
  extra (spurious) edges: [V2 o-o V3, V4 o-o V5]  (k=2)
  WITNESS (holds in H0, fails in G*): V3 _||_ V4 | [V2, V5]   (m-separated in H0's MAG, m-connected in G*)
  true PAG G* (over observed):
Graph Nodes:
V1;V2;V3;V4;V5

Graph Edges:
1. V1 <-> V3
2. V1 --> V5
3. V2 o-> V4
4. V2 o-> V5
5. V4 <-> V1
6. V5 <-> V3


  H0 (legal PAG = G* + spurious, cold-reoriented):
Graph Nodes:
V1;V2;V3;V4;V5

Graph Edges:
1. V2 o-o V3
2. V2 --> V4
3. V2 o-> V5
4. V3 o-> V1
5. V3 o-> V5
6. V4 <-> V1
7. V5 <-> V1
8. V5 --> V4



==== NON-I-MAP H0 (cold reorient of G*+spurious is NOT an I-map of G*) ====
  Under the corrected sepset regime this population is expected EMPTY; an entry
  here is a defect. The witness CI below is the proof of the violation.
  model                 : PAG#15965
  extra (spurious) edges: [V1 o-o V3, V1 o-o V5]  (k=2)
  WITNESS (holds in H0, fails in G*): V3 _||_ V5 | [V1]   (m-separated in H0's MAG, m-connected in G*)
  true PAG G* (over observed):
Graph Nodes:
V1;V2;V3;V4;V5

Graph Edges:
1. V1 --> V2
2. V3 <-> V2
3. V3 <-> V4
4. V4 --> V1
5. V5 <-> V2
6. V5 <-> V4


  H0 (legal PAG = G* + spurious, cold-reoriented):
Graph Nodes:
V1;V2;V3;V4;V5

Graph Edges:
1. V1 o-> V2
2. V1 o-> V3
3. V1 o-> V4
4. V1 o-> V5
5. V2 <-> V3
6. V2 <-> V5
7. V4 <-> V3
8. V4 <-> V5



==== NON-I-MAP H0 (cold reorient of G*+spurious is NOT an I-map of G*) ====
  Under the corrected sepset regime this population is expected EMPTY; an entry
  here is a defect. The witness CI below is the proof of the violation.
  model                 : PAG#15977
  extra (spurious) edges: [V2 o-o V5, V3 o-o V5, V4 o-o V5]  (k=3)
  WITNESS (holds in H0, fails in G*): V2 _||_ V4 | [V3, V5]   (m-separated in H0's MAG, m-connected in G*)
  true PAG G* (over observed):
Graph Nodes:
V1;V2;V3;V4;V5

Graph Edges:
1. V1 --> V5
2. V2 --> V1
3. V3 o-o V2
4. V4 --> V1
5. V4 o-o V3


  H0 (legal PAG = G* + spurious, cold-reoriented):
Graph Nodes:
V1;V2;V3;V4;V5

Graph Edges:
1. V2 --> V1
2. V2 o-o V5
3. V3 o-o V2
4. V3 o-o V5
5. V4 --> V1
6. V4 o-o V3
7. V4 o-o V5
8. V5 --> V1



==== NON-I-MAP H0 (cold reorient of G*+spurious is NOT an I-map of G*) ====
  Under the corrected sepset regime this population is expected EMPTY; an entry
  here is a defect. The witness CI below is the proof of the violation.
  model                 : PAG#16001
  extra (spurious) edges: [V3 o-o V5, V4 o-o V5]  (k=2)
  WITNESS (holds in H0, fails in G*): V3 _||_ V4 | [V5]   (m-separated in H0's MAG, m-connected in G*)
  true PAG G* (over observed):
Graph Nodes:
V1;V2;V3;V4;V5

Graph Edges:
1. V1 --> V5
2. V3 <-> V1
3. V3 <-> V2
4. V4 <-> V1
5. V4 <-> V2
6. V5 --> V2


  H0 (legal PAG = G* + spurious, cold-reoriented):
Graph Nodes:
V1;V2;V3;V4;V5

Graph Edges:
1. V3 <-> V1
2. V3 <-> V2
3. V4 <-> V1
4. V4 <-> V2
5. V5 o-> V1
6. V5 o-> V2
7. V5 o-> V3
8. V5 o-> V4



==== NON-I-MAP H0 (cold reorient of G*+spurious is NOT an I-map of G*) ====
  Under the corrected sepset regime this population is expected EMPTY; an entry
  here is a defect. The witness CI below is the proof of the violation.
  model                 : PAG#16006
  extra (spurious) edges: [V2 o-o V5, V4 o-o V5]  (k=2)
  WITNESS (holds in H0, fails in G*): V2 _||_ V3 | [V4, V5]   (m-separated in H0's MAG, m-connected in G*)
  true PAG G* (over observed):
Graph Nodes:
V1;V2;V3;V4;V5

Graph Edges:
1. V1 --> V5
2. V2 o-> V4
3. V3 o-> V1
4. V3 --> V5
5. V4 <-> V1


  H0 (legal PAG = G* + spurious, cold-reoriented):
Graph Nodes:
V1;V2;V3;V4;V5

Graph Edges:
1. V2 o-> V4
2. V2 o-o V5
3. V3 o-> V1
4. V3 o-o V5
5. V4 <-> V1
6. V5 o-> V1
7. V5 o-> V4



==== NON-I-MAP H0 (cold reorient of G*+spurious is NOT an I-map of G*) ====
  Under the corrected sepset regime this population is expected EMPTY; an entry
  here is a defect. The witness CI below is the proof of the violation.
  model                 : PAG#16008
  extra (spurious) edges: [V2 o-o V4, V4 o-o V5]  (k=2)
  WITNESS (holds in H0, fails in G*): V1 _||_ V2 | [V4, V5]   (m-separated in H0's MAG, m-connected in G*)
  true PAG G* (over observed):
Graph Nodes:
V1;V2;V3;V4;V5

Graph Edges:
1. V1 --> V4
2. V2 o-> V3
3. V2 o-o V5
4. V3 <-> V1
5. V3 --> V4
6. V5 o-> V1


  H0 (legal PAG = G* + spurious, cold-reoriented):
Graph Nodes:
V1;V2;V3;V4;V5

Graph Edges:
1. V2 o-> V3
2. V2 o-o V4
3. V2 o-o V5
4. V3 <-> V1
5. V4 o-> V1
6. V4 o-> V3
7. V4 o-o V5
8. V5 o-> V1



==== NON-I-MAP H0 (cold reorient of G*+spurious is NOT an I-map of G*) ====
  Under the corrected sepset regime this population is expected EMPTY; an entry
  here is a defect. The witness CI below is the proof of the violation.
  model                 : PAG#16022
  extra (spurious) edges: [V1 o-o V5, V3 o-o V5]  (k=2)
  WITNESS (holds in H0, fails in G*): V3 _||_ V4 | [V1, V5]   (m-separated in H0's MAG, m-connected in G*)
  true PAG G* (over observed):
Graph Nodes:
V1;V2;V3;V4;V5

Graph Edges:
1. V1 o-> V3
2. V1 o-o V4
3. V2 --> V5
4. V3 <-> V2
5. V4 o-> V2
6. V4 --> V5


  H0 (legal PAG = G* + spurious, cold-reoriented):
Graph Nodes:
V1;V2;V3;V4;V5

Graph Edges:
1. V1 o-> V3
2. V1 o-o V4
3. V1 o-o V5
4. V3 <-> V2
5. V4 o-> V2
6. V4 o-o V5
7. V5 o-> V2
8. V5 o-> V3



==== NON-I-MAP H0 (cold reorient of G*+spurious is NOT an I-map of G*) ====
  Under the corrected sepset regime this population is expected EMPTY; an entry
  here is a defect. The witness CI below is the proof of the violation.
  model                 : PAG#16031
  extra (spurious) edges: [V1 o-o V2, V2 o-o V3]  (k=2)
  WITNESS (holds in H0, fails in G*): V1 _||_ V3 | [V2]   (m-separated in H0's MAG, m-connected in G*)
  true PAG G* (over observed):
Graph Nodes:
V1;V2;V3;V4;V5

Graph Edges:
1. V2 --> V4
2. V4 <-> V1
3. V4 <-> V3
4. V5 <-> V1
5. V5 --> V2
6. V5 <-> V3


  H0 (legal PAG = G* + spurious, cold-reoriented):
Graph Nodes:
V1;V2;V3;V4;V5

Graph Edges:
1. V1 <-> V4
2. V1 <-> V5
3. V2 o-> V1
4. V2 o-> V3
5. V2 o-> V4
6. V2 o-> V5
7. V4 <-> V3
8. V5 <-> V3



==== NON-I-MAP H0 (cold reorient of G*+spurious is NOT an I-map of G*) ====
  Under the corrected sepset regime this population is expected EMPTY; an entry
  here is a defect. The witness CI below is the proof of the violation.
  model                 : PAG#16049
  extra (spurious) edges: [V1 o-o V4, V3 o-o V4]  (k=2)
  WITNESS (holds in H0, fails in G*): V1 _||_ V2 | [V3, V4]   (m-separated in H0's MAG, m-connected in G*)
  true PAG G* (over observed):
Graph Nodes:
V1;V2;V3;V4;V5

Graph Edges:
1. V2 o-o V3
2. V2 --> V4
3. V2 o-> V5
4. V3 o-> V1
5. V5 <-> V1
6. V5 --> V4


  H0 (legal PAG = G* + spurious, cold-reoriented):
Graph Nodes:
V1;V2;V3;V4;V5

Graph Edges:
1. V1 <-> V5
2. V2 o-o V3
3. V2 o-o V4
4. V2 o-> V5
5. V3 o-> V1
6. V3 o-o V4
7. V4 o-> V1
8. V4 o-> V5



==== NON-I-MAP H0 (cold reorient of G*+spurious is NOT an I-map of G*) ====
  Under the corrected sepset regime this population is expected EMPTY; an entry
  here is a defect. The witness CI below is the proof of the violation.
  model                 : PAG#16057
  extra (spurious) edges: [V1 o-o V3, V2 o-o V4]  (k=2)
  WITNESS (holds in H0, fails in G*): V1 _||_ V4 | [V2, V3]   (m-separated in H0's MAG, m-connected in G*)
  true PAG G* (over observed):
Graph Nodes:
V1;V2;V3;V4;V5

Graph Edges:
1. V1 o-o V2
2. V1 o-> V5
3. V2 --> V3
4. V3 <-> V4
5. V5 --> V3
6. V5 <-> V4


  H0 (legal PAG = G* + spurious, cold-reoriented):
Graph Nodes:
V1;V2;V3;V4;V5

Graph Edges:
1. V2 --> V1
2. V2 o-> V3
3. V2 o-o V4
4. V3 --> V1
5. V3 <-> V5
6. V4 o-> V3
7. V4 o-> V5
8. V5 <-> V1



==== NON-I-MAP H0 (cold reorient of G*+spurious is NOT an I-map of G*) ====
  Under the corrected sepset regime this population is expected EMPTY; an entry
  here is a defect. The witness CI below is the proof of the violation.
  model                 : PAG#16062
  extra (spurious) edges: [V2 o-o V4, V3 o-o V4, V4 o-o V5]  (k=3)
  WITNESS (holds in H0, fails in G*): V3 _||_ V5 | [V2, V4]   (m-separated in H0's MAG, m-connected in G*)
  true PAG G* (over observed):
Graph Nodes:
V1;V2;V3;V4;V5

Graph Edges:
1. V1 --> V4
2. V2 o-o V3
3. V2 o-o V5
4. V3 --> V1
5. V5 --> V1


  H0 (legal PAG = G* + spurious, cold-reoriented):
Graph Nodes:
V1;V2;V3;V4;V5

Graph Edges:
1. V2 o-o V3
2. V2 o-o V4
3. V2 o-o V5
4. V3 --> V1
5. V3 o-o V4
6. V4 --> V1
7. V4 o-o V5
8. V5 --> V1



==== NON-I-MAP H0 (cold reorient of G*+spurious is NOT an I-map of G*) ====
  Under the corrected sepset regime this population is expected EMPTY; an entry
  here is a defect. The witness CI below is the proof of the violation.
  model                 : PAG#16072
  extra (spurious) edges: [V1 o-o V4, V4 o-o V5]  (k=2)
  WITNESS (holds in H0, fails in G*): V1 _||_ V2 | [V4]   (m-separated in H0's MAG, m-connected in G*)
  true PAG G* (over observed):
Graph Nodes:
V1;V2;V3;V4;V5

Graph Edges:
1. V2 o-> V3
2. V2 --> V4
3. V3 <-> V1
4. V3 --> V4
5. V5 o-> V1


  H0 (legal PAG = G* + spurious, cold-reoriented):
Graph Nodes:
V1;V2;V3;V4;V5

Graph Edges:
1. V2 o-> V3
2. V2 o-o V4
3. V3 <-> V1
4. V4 o-> V1
5. V4 o-> V3
6. V4 o-o V5
7. V5 o-> V1



==== NON-I-MAP H0 (cold reorient of G*+spurious is NOT an I-map of G*) ====
  Under the corrected sepset regime this population is expected EMPTY; an entry
  here is a defect. The witness CI below is the proof of the violation.
  model                 : PAG#16080
  extra (spurious) edges: [V1 o-o V2, V1 o-o V4]  (k=2)
  WITNESS (holds in H0, fails in G*): V3 _||_ V4 | [V1]   (m-separated in H0's MAG, m-connected in G*)
  true PAG G* (over observed):
Graph Nodes:
V1;V2;V3;V4;V5

Graph Edges:
1. V2 o-o V3
2. V2 o-o V4
3. V3 o-> V1
4. V4 o-> V5
5. V5 <-> V1


  H0 (legal PAG = G* + spurious, cold-reoriented):
Graph Nodes:
V1;V2;V3;V4;V5

Graph Edges:
1. V1 --> V2
2. V1 --> V4
3. V3 o-> V1
4. V3 --> V2
5. V4 --> V2
6. V5 <-> V1
7. V5 <-> V4



==== NON-I-MAP H0 (cold reorient of G*+spurious is NOT an I-map of G*) ====
  Under the corrected sepset regime this population is expected EMPTY; an entry
  here is a defect. The witness CI below is the proof of the violation.
  model                 : PAG#16080
  extra (spurious) edges: [V2 o-o V5, V3 o-o V5]  (k=2)
  WITNESS (holds in H0, fails in G*): V1 _||_ V4 | []   (m-separated in H0's MAG, m-connected in G*)
  true PAG G* (over observed):
Graph Nodes:
V1;V2;V3;V4;V5

Graph Edges:
1. V2 o-o V3
2. V2 o-o V4
3. V3 o-> V1
4. V4 o-> V5
5. V5 <-> V1


  H0 (legal PAG = G* + spurious, cold-reoriented):
Graph Nodes:
V1;V2;V3;V4;V5

Graph Edges:
1. V1 <-> V3
2. V3 --> V2
3. V4 --> V2
4. V4 o-> V5
5. V5 <-> V1
6. V5 --> V2
7. V5 --> V3



==== NON-I-MAP H0 (cold reorient of G*+spurious is NOT an I-map of G*) ====
  Under the corrected sepset regime this population is expected EMPTY; an entry
  here is a defect. The witness CI below is the proof of the violation.
  model                 : PAG#16108
  extra (spurious) edges: [V3 o-o V5, V4 o-o V5]  (k=2)
  WITNESS (holds in H0, fails in G*): V1 _||_ V2 | []   (m-separated in H0's MAG, m-connected in G*)
  true PAG G* (over observed):
Graph Nodes:
V1;V2;V3;V4;V5

Graph Edges:
1. V1 o-o V4
2. V1 --> V5
3. V2 --> V5
4. V3 o-o V2
5. V4 o-o V3


  H0 (legal PAG = G* + spurious, cold-reoriented):
Graph Nodes:
V1;V2;V3;V4;V5

Graph Edges:
1. V1 --> V4
2. V1 o-> V5
3. V2 --> V3
4. V2 o-> V5
5. V3 --> V4
6. V5 --> V3
7. V5 --> V4



==== NON-I-MAP H0 (cold reorient of G*+spurious is NOT an I-map of G*) ====
  Under the corrected sepset regime this population is expected EMPTY; an entry
  here is a defect. The witness CI below is the proof of the violation.
  model                 : PAG#16109
  extra (spurious) edges: [V2 o-o V3, V4 o-o V5]  (k=2)
  WITNESS (holds in H0, fails in G*): V3 _||_ V5 | [V2, V4]   (m-separated in H0's MAG, m-connected in G*)
  true PAG G* (over observed):
Graph Nodes:
V1;V2;V3;V4;V5

Graph Edges:
1. V1 --> V2
2. V1 <-> V5
3. V2 <-> V5
4. V3 <-> V1
5. V4 o-> V2
6. V4 o-> V3


  H0 (legal PAG = G* + spurious, cold-reoriented):
Graph Nodes:
V1;V2;V3;V4;V5

Graph Edges:
1. V2 <-> V1
2. V2 --> V3
3. V3 <-> V1
4. V4 o-> V2
5. V4 --> V3
6. V4 o-o V5
7. V5 o-> V1
8. V5 o-> V2



==== NON-I-MAP H0 (cold reorient of G*+spurious is NOT an I-map of G*) ====
  Under the corrected sepset regime this population is expected EMPTY; an entry
  here is a defect. The witness CI below is the proof of the violation.
  model                 : PAG#16118
  extra (spurious) edges: [V1 o-o V2, V2 o-o V3, V2 o-o V5]  (k=3)
  WITNESS (holds in H0, fails in G*): V1 _||_ V5 | [V2, V3]   (m-separated in H0's MAG, m-connected in G*)
  true PAG G* (over observed):
Graph Nodes:
V1;V2;V3;V4;V5

Graph Edges:
1. V1 o-o V3
2. V1 --> V4
3. V3 o-o V5
4. V4 --> V2
5. V5 --> V4


  H0 (legal PAG = G* + spurious, cold-reoriented):
Graph Nodes:
V1;V2;V3;V4;V5

Graph Edges:
1. V1 o-o V2
2. V1 o-o V3
3. V1 --> V4
4. V2 o-o V3
5. V2 --> V4
6. V2 o-o V5
7. V3 o-o V5
8. V5 --> V4



==== NON-I-MAP H0 (cold reorient of G*+spurious is NOT an I-map of G*) ====
  Under the corrected sepset regime this population is expected EMPTY; an entry
  here is a defect. The witness CI below is the proof of the violation.
  model                 : PAG#16145
  extra (spurious) edges: [V1 o-o V2, V2 o-o V3]  (k=2)
  WITNESS (holds in H0, fails in G*): V1 _||_ V4 | [V2, V3]   (m-separated in H0's MAG, m-connected in G*)
  true PAG G* (over observed):
Graph Nodes:
V1;V2;V3;V4;V5

Graph Edges:
1. V3 o-> V1
2. V4 --> V2
3. V4 o-o V3
4. V4 o-> V5
5. V5 <-> V1
6. V5 --> V2


  H0 (legal PAG = G* + spurious, cold-reoriented):
Graph Nodes:
V1;V2;V3;V4;V5

Graph Edges:
1. V2 o-> V1
2. V2 o-o V3
3. V2 o-> V5
4. V3 o-> V1
5. V4 o-o V2
6. V4 o-o V3
7. V4 o-> V5
8. V5 <-> V1



==== NON-I-MAP H0 (cold reorient of G*+spurious is NOT an I-map of G*) ====
  Under the corrected sepset regime this population is expected EMPTY; an entry
  here is a defect. The witness CI below is the proof of the violation.
  model                 : PAG#16166
  extra (spurious) edges: [V1 o-o V2, V2 o-o V3]  (k=2)
  WITNESS (holds in H0, fails in G*): V3 _||_ V5 | [V1, V2]   (m-separated in H0's MAG, m-connected in G*)
  true PAG G* (over observed):
Graph Nodes:
V1;V2;V3;V4;V5

Graph Edges:
1. V1 o-> V3
2. V1 o-> V5
3. V3 <-> V4
4. V4 --> V2
5. V5 <-> V2
6. V5 <-> V4


  H0 (legal PAG = G* + spurious, cold-reoriented):
Graph Nodes:
V1;V2;V3;V4;V5

Graph Edges:
1. V1 o-o V2
2. V1 o-> V3
3. V1 o-> V5
4. V2 o-> V3
5. V2 o-> V4
6. V2 o-> V5
7. V4 <-> V3
8. V4 <-> V5



==== NON-I-MAP H0 (cold reorient of G*+spurious is NOT an I-map of G*) ====
  Under the corrected sepset regime this population is expected EMPTY; an entry
  here is a defect. The witness CI below is the proof of the violation.
  model                 : PAG#16171
  extra (spurious) edges: [V1 o-o V5, V3 o-o V5]  (k=2)
  WITNESS (holds in H0, fails in G*): V1 _||_ V4 | [V3, V5]   (m-separated in H0's MAG, m-connected in G*)
  true PAG G* (over observed):
Graph Nodes:
V1;V2;V3;V4;V5

Graph Edges:
1. V1 --> V2
2. V2 --> V5
3. V3 o-o V1
4. V4 --> V2
5. V4 o-o V3
6. V4 --> V5


  H0 (legal PAG = G* + spurious, cold-reoriented):
Graph Nodes:
V1;V2;V3;V4;V5

Graph Edges:
1. V1 --> V2
2. V1 o-o V5
3. V3 o-o V1
4. V3 o-o V5
5. V4 --> V2
6. V4 o-o V3
7. V4 o-o V5
8. V5 --> V2



==== NON-I-MAP H0 (cold reorient of G*+spurious is NOT an I-map of G*) ====
  Under the corrected sepset regime this population is expected EMPTY; an entry
  here is a defect. The witness CI below is the proof of the violation.
  model                 : PAG#16182
  extra (spurious) edges: [V1 o-o V4, V2 o-o V5]  (k=2)
  WITNESS (holds in H0, fails in G*): V1 _||_ V5 | [V2, V4]   (m-separated in H0's MAG, m-connected in G*)
  true PAG G* (over observed):
Graph Nodes:
V1;V2;V3;V4;V5

Graph Edges:
1. V2 o-> V1
2. V2 o-> V4
3. V3 <-> V1
4. V3 --> V4
5. V3 <-> V5
6. V4 <-> V5


  H0 (legal PAG = G* + spurious, cold-reoriented):
Graph Nodes:
V1;V2;V3;V4;V5

Graph Edges:
1. V2 --> V1
2. V2 o-> V4
3. V2 o-o V5
4. V3 <-> V1
5. V4 --> V1
6. V4 <-> V3
7. V5 o-> V3
8. V5 o-> V4



==== NON-I-MAP H0 (cold reorient of G*+spurious is NOT an I-map of G*) ====
  Under the corrected sepset regime this population is expected EMPTY; an entry
  here is a defect. The witness CI below is the proof of the violation.
  model                 : PAG#16209
  extra (spurious) edges: [V1 o-o V5, V2 o-o V5]  (k=2)
  WITNESS (holds in H0, fails in G*): V1 _||_ V4 | [V2, V5]   (m-separated in H0's MAG, m-connected in G*)
  true PAG G* (over observed):
Graph Nodes:
V1;V2;V3;V4;V5

Graph Edges:
1. V1 --> V3
2. V2 o-o V1
3. V3 --> V5
4. V4 o-o V2
5. V4 --> V3
6. V4 --> V5


  H0 (legal PAG = G* + spurious, cold-reoriented):
Graph Nodes:
V1;V2;V3;V4;V5

Graph Edges:
1. V1 --> V3
2. V1 o-o V5
3. V2 o-o V1
4. V2 o-o V5
5. V4 o-o V2
6. V4 --> V3
7. V4 o-o V5
8. V5 --> V3



==== NON-I-MAP H0 (cold reorient of G*+spurious is NOT an I-map of G*) ====
  Under the corrected sepset regime this population is expected EMPTY; an entry
  here is a defect. The witness CI below is the proof of the violation.
  model                 : PAG#16210
  extra (spurious) edges: [V1 o-o V3, V1 o-o V4, V1 o-o V5]  (k=3)
  WITNESS (holds in H0, fails in G*): V4 _||_ V5 | [V1, V3]   (m-separated in H0's MAG, m-connected in G*)
  true PAG G* (over observed):
Graph Nodes:
V1;V2;V3;V4;V5

Graph Edges:
1. V2 --> V1
2. V3 o-o V4
3. V3 o-o V5
4. V4 --> V2
5. V5 --> V2


  H0 (legal PAG = G* + spurious, cold-reoriented):
Graph Nodes:
V1;V2;V3;V4;V5

Graph Edges:
1. V1 --> V2
2. V1 o-o V3
3. V1 o-o V4
4. V1 o-o V5
5. V3 o-o V4
6. V3 o-o V5
7. V4 --> V2
8. V5 --> V2



==== NON-I-MAP H0 (cold reorient of G*+spurious is NOT an I-map of G*) ====
  Under the corrected sepset regime this population is expected EMPTY; an entry
  here is a defect. The witness CI below is the proof of the violation.
  model                 : PAG#16235
  extra (spurious) edges: [V2 o-o V5, V3 o-o V5]  (k=2)
  WITNESS (holds in H0, fails in G*): V1 _||_ V2 | [V5]   (m-separated in H0's MAG, m-connected in G*)
  true PAG G* (over observed):
Graph Nodes:
V1;V2;V3;V4;V5

Graph Edges:
1. V1 <-> V5
2. V3 o-> V2
3. V4 <-> V1
4. V4 <-> V2
5. V4 --> V5


  H0 (legal PAG = G* + spurious, cold-reoriented):
Graph Nodes:
V1;V2;V3;V4;V5

Graph Edges:
1. V1 o-> V4
2. V1 o-o V5
3. V3 o-> V2
4. V3 o-o V5
5. V4 <-> V2
6. V5 o-> V2
7. V5 o-> V4



==== NON-I-MAP H0 (cold reorient of G*+spurious is NOT an I-map of G*) ====
  Under the corrected sepset regime this population is expected EMPTY; an entry
  here is a defect. The witness CI below is the proof of the violation.
  model                 : PAG#16240
  extra (spurious) edges: [V2 o-o V3, V3 o-o V4]  (k=2)
  WITNESS (holds in H0, fails in G*): V1 _||_ V2 | [V3, V4]   (m-separated in H0's MAG, m-connected in G*)
  true PAG G* (over observed):
Graph Nodes:
V1;V2;V3;V4;V5

Graph Edges:
1. V1 --> V3
2. V1 o-o V4
3. V1 o-> V5
4. V4 o-> V2
5. V5 <-> V2
6. V5 --> V3


  H0 (legal PAG = G* + spurious, cold-reoriented):
Graph Nodes:
V1;V2;V3;V4;V5

Graph Edges:
1. V1 o-o V3
2. V1 o-o V4
3. V1 o-> V5
4. V2 <-> V5
5. V3 o-> V2
6. V3 o-o V4
7. V3 o-> V5
8. V4 o-> V2



==== NON-I-MAP H0 (cold reorient of G*+spurious is NOT an I-map of G*) ====
  Under the corrected sepset regime this population is expected EMPTY; an entry
  here is a defect. The witness CI below is the proof of the violation.
  model                 : PAG#16314
  extra (spurious) edges: [V2 o-o V4, V3 o-o V4]  (k=2)
  WITNESS (holds in H0, fails in G*): V1 _||_ V2 | [V3, V4]   (m-separated in H0's MAG, m-connected in G*)
  true PAG G* (over observed):
Graph Nodes:
V1;V2;V3;V4;V5

Graph Edges:
1. V1 --> V4
2. V1 o-> V5
3. V2 o-> V3
4. V5 <-> V3
5. V5 --> V4


  H0 (legal PAG = G* + spurious, cold-reoriented):
Graph Nodes:
V1;V2;V3;V4;V5

Graph Edges:
1. V1 o-o V4
2. V1 o-> V5
3. V2 o-> V3
4. V2 o-o V4
5. V3 <-> V5
6. V4 o-> V3
7. V4 o-> V5



==== NON-I-MAP H0 (cold reorient of G*+spurious is NOT an I-map of G*) ====
  Under the corrected sepset regime this population is expected EMPTY; an entry
  here is a defect. The witness CI below is the proof of the violation.
  model                 : PAG#16318
  extra (spurious) edges: [V1 o-o V5, V2 o-o V5]  (k=2)
  WITNESS (holds in H0, fails in G*): V1 _||_ V3 | [V2, V5]   (m-separated in H0's MAG, m-connected in G*)
  true PAG G* (over observed):
Graph Nodes:
V1;V2;V3;V4;V5

Graph Edges:
1. V1 o-o V2
2. V1 o-> V4
3. V2 o-> V3
4. V3 --> V5
5. V4 <-> V3
6. V4 --> V5


  H0 (legal PAG = G* + spurious, cold-reoriented):
Graph Nodes:
V1;V2;V3;V4;V5

Graph Edges:
1. V1 o-o V2
2. V1 o-> V4
3. V1 o-o V5
4. V2 o-> V3
5. V2 o-o V5
6. V3 <-> V4
7. V5 o-> V3
8. V5 o-> V4



==== NON-I-MAP H0 (cold reorient of G*+spurious is NOT an I-map of G*) ====
  Under the corrected sepset regime this population is expected EMPTY; an entry
  here is a defect. The witness CI below is the proof of the violation.
  model                 : PAG#16332
  extra (spurious) edges: [V1 o-o V3, V2 o-o V3]  (k=2)
  WITNESS (holds in H0, fails in G*): V1 _||_ V4 | [V2, V3]   (m-separated in H0's MAG, m-connected in G*)
  true PAG G* (over observed):
Graph Nodes:
V1;V2;V3;V4;V5

Graph Edges:
1. V2 o-> V1
2. V2 o-o V4
3. V4 --> V3
4. V4 o-> V5
5. V5 <-> V1
6. V5 --> V3


  H0 (legal PAG = G* + spurious, cold-reoriented):
Graph Nodes:
V1;V2;V3;V4;V5

Graph Edges:
1. V2 o-> V1
2. V2 o-o V3
3. V2 o-o V4
4. V3 o-> V1
5. V3 o-> V5
6. V4 o-o V3
7. V4 o-> V5
8. V5 <-> V1



==== NON-I-MAP H0 (cold reorient of G*+spurious is NOT an I-map of G*) ====
  Under the corrected sepset regime this population is expected EMPTY; an entry
  here is a defect. The witness CI below is the proof of the violation.
  model                 : PAG#16338
  extra (spurious) edges: [V2 o-o V5, V3 o-o V4]  (k=2)
  WITNESS (holds in H0, fails in G*): V1 _||_ V2 | [V5]   (m-separated in H0's MAG, m-connected in G*)
  true PAG G* (over observed):
Graph Nodes:
V1;V2;V3;V4;V5

Graph Edges:
1. V1 --> V3
2. V1 <-> V5
3. V2 --> V3
4. V2 o-o V4
5. V3 <-> V5
6. V4 o-> V1


  H0 (legal PAG = G* + spurious, cold-reoriented):
Graph Nodes:
V1;V2;V3;V4;V5

Graph Edges:
1. V1 <-> V4
2. V2 o-> V3
3. V2 --> V4
4. V2 o-o V5
5. V3 <-> V1
6. V3 --> V4
7. V5 o-> V1
8. V5 o-> V3



==== NON-I-MAP H0 (cold reorient of G*+spurious is NOT an I-map of G*) ====
  Under the corrected sepset regime this population is expected EMPTY; an entry
  here is a defect. The witness CI below is the proof of the violation.
  model                 : PAG#16355
  extra (spurious) edges: [V2 o-o V3, V2 o-o V5]  (k=2)
  WITNESS (holds in H0, fails in G*): V1 _||_ V5 | [V2, V3]   (m-separated in H0's MAG, m-connected in G*)
  true PAG G* (over observed):
Graph Nodes:
V1;V2;V3;V4;V5

Graph Edges:
1. V1 --> V2
2. V1 o-o V3
3. V1 --> V4
4. V3 o-o V5
5. V4 --> V2
6. V5 --> V4


  H0 (legal PAG = G* + spurious, cold-reoriented):
Graph Nodes:
V1;V2;V3;V4;V5

Graph Edges:
1. V1 o-o V2
2. V1 o-o V3
3. V1 --> V4
4. V2 o-o V3
5. V2 --> V4
6. V2 o-o V5
7. V3 o-o V5
8. V5 --> V4



==== NON-I-MAP H0 (cold reorient of G*+spurious is NOT an I-map of G*) ====
  Under the corrected sepset regime this population is expected EMPTY; an entry
  here is a defect. The witness CI below is the proof of the violation.
  model                 : PAG#16398
  extra (spurious) edges: [V2 o-o V4, V3 o-o V4]  (k=2)
  WITNESS (holds in H0, fails in G*): V1 _||_ V2 | [V3, V4]   (m-separated in H0's MAG, m-connected in G*)
  true PAG G* (over observed):
Graph Nodes:
V1;V2;V3;V4;V5

Graph Edges:
1. V1 <-> V4
2. V2 o-> V3
3. V5 <-> V1
4. V5 <-> V3
5. V5 --> V4


  H0 (legal PAG = G* + spurious, cold-reoriented):
Graph Nodes:
V1;V2;V3;V4;V5

Graph Edges:
1. V1 o-o V4
2. V1 o-> V5
3. V2 o-> V3
4. V2 o-o V4
5. V3 <-> V5
6. V4 o-> V3
7. V4 o-> V5



==== NON-I-MAP H0 (cold reorient of G*+spurious is NOT an I-map of G*) ====
  Under the corrected sepset regime this population is expected EMPTY; an entry
  here is a defect. The witness CI below is the proof of the violation.
  model                 : PAG#16407
  extra (spurious) edges: [V1 o-o V5, V3 o-o V4]  (k=2)
  WITNESS (holds in H0, fails in G*): V1 _||_ V2 | [V5]   (m-separated in H0's MAG, m-connected in G*)
  true PAG G* (over observed):
Graph Nodes:
V1;V2;V3;V4;V5

Graph Edges:
1. V1 o-o V3
2. V1 --> V4
3. V2 --> V4
4. V2 <-> V5
5. V3 o-> V2
6. V4 <-> V5


  H0 (legal PAG = G* + spurious, cold-reoriented):
Graph Nodes:
V1;V2;V3;V4;V5

Graph Edges:
1. V1 --> V3
2. V1 o-> V4
3. V1 o-o V5
4. V2 <-> V3
5. V4 <-> V2
6. V4 --> V3
7. V5 o-> V2
8. V5 o-> V4



==== NON-I-MAP H0 (cold reorient of G*+spurious is NOT an I-map of G*) ====
  Under the corrected sepset regime this population is expected EMPTY; an entry
  here is a defect. The witness CI below is the proof of the violation.
  model                 : PAG#16441
  extra (spurious) edges: [V3 o-o V5, V4 o-o V5]  (k=2)
  WITNESS (holds in H0, fails in G*): V1 _||_ V2 | []   (m-separated in H0's MAG, m-connected in G*)
  true PAG G* (over observed):
Graph Nodes:
V1;V2;V3;V4;V5

Graph Edges:
1. V3 o-> V1
2. V4 o-> V2
3. V4 o-o V3
4. V5 <-> V1
5. V5 <-> V2


  H0 (legal PAG = G* + spurious, cold-reoriented):
Graph Nodes:
V1;V2;V3;V4;V5

Graph Edges:
1. V1 <-> V3
2. V1 <-> V5
3. V2 <-> V4
4. V2 <-> V5
5. V4 --> V3
6. V5 --> V3
7. V5 --> V4



==== NON-I-MAP H0 (cold reorient of G*+spurious is NOT an I-map of G*) ====
  Under the corrected sepset regime this population is expected EMPTY; an entry
  here is a defect. The witness CI below is the proof of the violation.
  model                 : PAG#16465
  extra (spurious) edges: [V1 o-o V5, V3 o-o V5]  (k=2)
  WITNESS (holds in H0, fails in G*): V1 _||_ V2 | [V5]   (m-separated in H0's MAG, m-connected in G*)
  true PAG G* (over observed):
Graph Nodes:
V1;V2;V3;V4;V5

Graph Edges:
1. V2 <-> V5
2. V3 o-> V1
3. V4 <-> V1
4. V4 <-> V2
5. V4 --> V5


  H0 (legal PAG = G* + spurious, cold-reoriented):
Graph Nodes:
V1;V2;V3;V4;V5

Graph Edges:
1. V2 o-> V4
2. V2 o-o V5
3. V3 o-> V1
4. V3 o-o V5
5. V4 <-> V1
6. V5 o-> V1
7. V5 o-> V4



==== NON-I-MAP H0 (cold reorient of G*+spurious is NOT an I-map of G*) ====
  Under the corrected sepset regime this population is expected EMPTY; an entry
  here is a defect. The witness CI below is the proof of the violation.
  model                 : PAG#16476
  extra (spurious) edges: [V1 o-o V2, V2 o-o V3]  (k=2)
  WITNESS (holds in H0, fails in G*): V3 _||_ V4 | [V1, V2]   (m-separated in H0's MAG, m-connected in G*)
  true PAG G* (over observed):
Graph Nodes:
V1;V2;V3;V4;V5

Graph Edges:
1. V1 o-o V4
2. V3 o-o V1
3. V3 --> V5
4. V4 --> V2
5. V4 --> V5
6. V5 --> V2


  H0 (legal PAG = G* + spurious, cold-reoriented):
Graph Nodes:
V1;V2;V3;V4;V5

Graph Edges:
1. V1 o-o V2
2. V1 o-o V4
3. V2 o-o V3
4. V2 --> V5
5. V3 o-o V1
6. V3 --> V5
7. V4 o-o V2
8. V4 --> V5



==== NON-I-MAP H0 (cold reorient of G*+spurious is NOT an I-map of G*) ====
  Under the corrected sepset regime this population is expected EMPTY; an entry
  here is a defect. The witness CI below is the proof of the violation.
  model                 : PAG#16480
  extra (spurious) edges: [V1 o-o V4, V2 o-o V4]  (k=2)
  WITNESS (holds in H0, fails in G*): V1 _||_ V5 | [V4]   (m-separated in H0's MAG, m-connected in G*)
  true PAG G* (over observed):
Graph Nodes:
V1;V2;V3;V4;V5

Graph Edges:
1. V1 <-> V2
2. V3 <-> V1
3. V3 --> V2
4. V3 --> V4
5. V3 <-> V5
6. V4 <-> V5


  H0 (legal PAG = G* + spurious, cold-reoriented):
Graph Nodes:
V1;V2;V3;V4;V5

Graph Edges:
1. V1 <-> V2
2. V3 <-> V1
3. V3 --> V2
4. V4 o-> V1
5. V4 --> V2
6. V4 o-> V3
7. V4 o-o V5
8. V5 o-> V3



==== NON-I-MAP H0 (cold reorient of G*+spurious is NOT an I-map of G*) ====
  Under the corrected sepset regime this population is expected EMPTY; an entry
  here is a defect. The witness CI below is the proof of the violation.
  model                 : PAG#16480
  extra (spurious) edges: [V2 o-o V4, V2 o-o V5]  (k=2)
  WITNESS (holds in H0, fails in G*): V1 _||_ V5 | [V2]   (m-separated in H0's MAG, m-connected in G*)
  true PAG G* (over observed):
Graph Nodes:
V1;V2;V3;V4;V5

Graph Edges:
1. V1 <-> V2
2. V3 <-> V1
3. V3 --> V2
4. V3 --> V4
5. V3 <-> V5
6. V4 <-> V5


  H0 (legal PAG = G* + spurious, cold-reoriented):
Graph Nodes:
V1;V2;V3;V4;V5

Graph Edges:
1. V1 o-o V2
2. V1 o-> V3
3. V2 o-> V3
4. V2 --> V4
5. V2 o-> V5
6. V3 --> V4
7. V3 <-> V5
8. V4 <-> V5



==== NON-I-MAP H0 (cold reorient of G*+spurious is NOT an I-map of G*) ====
  Under the corrected sepset regime this population is expected EMPTY; an entry
  here is a defect. The witness CI below is the proof of the violation.
  model                 : PAG#16482
  extra (spurious) edges: [V1 o-o V5, V2 o-o V5]  (k=2)
  WITNESS (holds in H0, fails in G*): V1 _||_ V2 | [V5]   (m-separated in H0's MAG, m-connected in G*)
  true PAG G* (over observed):
Graph Nodes:
V1;V2;V3;V4;V5

Graph Edges:
1. V3 <-> V1
2. V3 <-> V2
3. V3 --> V5
4. V4 <-> V1
5. V4 <-> V2
6. V5 --> V4


  H0 (legal PAG = G* + spurious, cold-reoriented):
Graph Nodes:
V1;V2;V3;V4;V5

Graph Edges:
1. V1 <-> V4
2. V3 <-> V1
3. V3 <-> V2
4. V4 <-> V2
5. V5 o-> V1
6. V5 o-> V2
7. V5 o-> V3
8. V5 o-> V4



==== NON-I-MAP H0 (cold reorient of G*+spurious is NOT an I-map of G*) ====
  Under the corrected sepset regime this population is expected EMPTY; an entry
  here is a defect. The witness CI below is the proof of the violation.
  model                 : PAG#16513
  extra (spurious) edges: [V1 o-o V4, V3 o-o V4]  (k=2)
  WITNESS (holds in H0, fails in G*): V3 _||_ V5 | [V1, V4]   (m-separated in H0's MAG, m-connected in G*)
  true PAG G* (over observed):
Graph Nodes:
V1;V2;V3;V4;V5

Graph Edges:
1. V1 o-> V3
2. V1 o-o V5
3. V2 --> V4
4. V3 <-> V2
5. V5 o-> V2
6. V5 --> V4


  H0 (legal PAG = G* + spurious, cold-reoriented):
Graph Nodes:
V1;V2;V3;V4;V5

Graph Edges:
1. V1 o-> V3
2. V1 o-o V4
3. V1 o-o V5
4. V2 <-> V3
5. V4 o-> V2
6. V4 o-> V3
7. V5 o-> V2
8. V5 o-o V4



==== NON-I-MAP H0 (cold reorient of G*+spurious is NOT an I-map of G*) ====
  Under the corrected sepset regime this population is expected EMPTY; an entry
  here is a defect. The witness CI below is the proof of the violation.
  model                 : PAG#16525
  extra (spurious) edges: [V1 o-o V5, V2 o-o V5, V4 o-o V5]  (k=3)
  WITNESS (holds in H0, fails in G*): V1 _||_ V2 | [V4, V5]   (m-separated in H0's MAG, m-connected in G*)
  true PAG G* (over observed):
Graph Nodes:
V1;V2;V3;V4;V5

Graph Edges:
1. V1 o-> V3
2. V2 o-> V4
3. V3 --> V5
4. V4 <-> V3


  H0 (legal PAG = G* + spurious, cold-reoriented):
Graph Nodes:
V1;V2;V3;V4;V5

Graph Edges:
1. V1 o-> V3
2. V1 o-o V5
3. V2 o-> V4
4. V2 o-o V5
5. V3 <-> V4
6. V5 o-> V3
7. V5 o-> V4



==== NON-I-MAP H0 (cold reorient of G*+spurious is NOT an I-map of G*) ====
  Under the corrected sepset regime this population is expected EMPTY; an entry
  here is a defect. The witness CI below is the proof of the violation.
  model                 : PAG#16535
  extra (spurious) edges: [V1 o-o V2, V4 o-o V5]  (k=2)
  WITNESS (holds in H0, fails in G*): V1 _||_ V5 | [V2, V4]   (m-separated in H0's MAG, m-connected in G*)
  true PAG G* (over observed):
Graph Nodes:
V1;V2;V3;V4;V5

Graph Edges:
1. V2 o-> V4
2. V2 o-> V5
3. V3 <-> V1
4. V3 --> V4
5. V4 <-> V1
6. V5 <-> V3


  H0 (legal PAG = G* + spurious, cold-reoriented):
Graph Nodes:
V1;V2;V3;V4;V5

Graph Edges:
1. V1 o-o V2
2. V1 o-> V3
3. V1 o-> V4
4. V2 o-> V4
5. V2 --> V5
6. V4 <-> V3
7. V4 --> V5
8. V5 <-> V3



==== NON-I-MAP H0 (cold reorient of G*+spurious is NOT an I-map of G*) ====
  Under the corrected sepset regime this population is expected EMPTY; an entry
  here is a defect. The witness CI below is the proof of the violation.
  model                 : PAG#16550
  extra (spurious) edges: [V1 o-o V2, V2 o-o V5]  (k=2)
  WITNESS (holds in H0, fails in G*): V1 _||_ V3 | [V2, V5]   (m-separated in H0's MAG, m-connected in G*)
  true PAG G* (over observed):
Graph Nodes:
V1;V2;V3;V4;V5

Graph Edges:
1. V1 --> V4
2. V3 --> V2
3. V3 --> V4
4. V3 o-o V5
5. V4 --> V2
6. V5 o-o V1


  H0 (legal PAG = G* + spurious, cold-reoriented):
Graph Nodes:
V1;V2;V3;V4;V5

Graph Edges:
1. V1 o-o V2
2. V1 --> V4
3. V2 --> V4
4. V2 o-o V5
5. V3 o-o V2
6. V3 --> V4
7. V3 o-o V5
8. V5 o-o V1



==== NON-I-MAP H0 (cold reorient of G*+spurious is NOT an I-map of G*) ====
  Under the corrected sepset regime this population is expected EMPTY; an entry
  here is a defect. The witness CI below is the proof of the violation.
  model                 : PAG#16567
  extra (spurious) edges: [V1 o-o V2, V2 o-o V3, V2 o-o V5]  (k=3)
  WITNESS (holds in H0, fails in G*): V1 _||_ V3 | [V2, V5]   (m-separated in H0's MAG, m-connected in G*)
  true PAG G* (over observed):
Graph Nodes:
V1;V2;V3;V4;V5

Graph Edges:
1. V1 --> V4
2. V3 --> V4
3. V3 o-o V5
4. V4 --> V2
5. V5 o-o V1


  H0 (legal PAG = G* + spurious, cold-reoriented):
Graph Nodes:
V1;V2;V3;V4;V5

Graph Edges:
1. V1 o-o V2
2. V1 --> V4
3. V2 o-o V3
4. V2 --> V4
5. V2 o-o V5
6. V3 --> V4
7. V3 o-o V5
8. V5 o-o V1



==== NON-I-MAP H0 (cold reorient of G*+spurious is NOT an I-map of G*) ====
  Under the corrected sepset regime this population is expected EMPTY; an entry
  here is a defect. The witness CI below is the proof of the violation.
  model                 : PAG#16568
  extra (spurious) edges: [V2 o-o V4, V3 o-o V4, V4 o-o V5]  (k=3)
  WITNESS (holds in H0, fails in G*): V2 _||_ V3 | [V4, V5]   (m-separated in H0's MAG, m-connected in G*)
  true PAG G* (over observed):
Graph Nodes:
V1;V2;V3;V4;V5

Graph Edges:
1. V1 --> V4
2. V2 <-> V1
3. V3 o-> V1
4. V3 o-o V5
5. V5 o-> V2


  H0 (legal PAG = G* + spurious, cold-reoriented):
Graph Nodes:
V1;V2;V3;V4;V5

Graph Edges:
1. V2 <-> V1
2. V3 o-> V1
3. V3 o-o V4
4. V3 o-o V5
5. V4 o-> V1
6. V4 o-> V2
7. V4 o-o V5
8. V5 o-> V2



==== NON-I-MAP H0 (cold reorient of G*+spurious is NOT an I-map of G*) ====
  Under the corrected sepset regime this population is expected EMPTY; an entry
  here is a defect. The witness CI below is the proof of the violation.
  model                 : PAG#16585
  extra (spurious) edges: [V1 o-o V3, V3 o-o V4]  (k=2)
  WITNESS (holds in H0, fails in G*): V2 _||_ V4 | [V3, V5]   (m-separated in H0's MAG, m-connected in G*)
  true PAG G* (over observed):
Graph Nodes:
V1;V2;V3;V4;V5

Graph Edges:
1. V1 o-o V2
2. V1 o-o V4
3. V2 --> V3
4. V4 o-o V5
5. V5 --> V3


  H0 (legal PAG = G* + spurious, cold-reoriented):
Graph Nodes:
V1;V2;V3;V4;V5

Graph Edges:
1. V2 --> V1
2. V2 o-> V3
3. V3 --> V1
4. V3 --> V4
5. V4 --> V1
6. V5 o-> V3
7. V5 --> V4



==== NON-I-MAP H0 (cold reorient of G*+spurious is NOT an I-map of G*) ====
  Under the corrected sepset regime this population is expected EMPTY; an entry
  here is a defect. The witness CI below is the proof of the violation.
  model                 : PAG#16601
  extra (spurious) edges: [V2 o-o V3, V2 o-o V5]  (k=2)
  WITNESS (holds in H0, fails in G*): V1 _||_ V3 | [V2]   (m-separated in H0's MAG, m-connected in G*)
  true PAG G* (over observed):
Graph Nodes:
V1;V2;V3;V4;V5

Graph Edges:
1. V1 --> V2
2. V1 o-> V4
3. V4 --> V2
4. V4 <-> V3
5. V5 o-> V3


  H0 (legal PAG = G* + spurious, cold-reoriented):
Graph Nodes:
V1;V2;V3;V4;V5

Graph Edges:
1. V1 o-o V2
2. V1 o-> V4
3. V2 o-> V3
4. V2 o-> V4
5. V2 o-o V5
6. V4 <-> V3
7. V5 o-> V3



==== NON-I-MAP H0 (cold reorient of G*+spurious is NOT an I-map of G*) ====
  Under the corrected sepset regime this population is expected EMPTY; an entry
  here is a defect. The witness CI below is the proof of the violation.
  model                 : PAG#16624
  extra (spurious) edges: [V1 o-o V5, V2 o-o V5]  (k=2)
  WITNESS (holds in H0, fails in G*): V1 _||_ V3 | [V4, V5]   (m-separated in H0's MAG, m-connected in G*)
  true PAG G* (over observed):
Graph Nodes:
V1;V2;V3;V4;V5

Graph Edges:
1. V1 o-o V4
2. V2 o-o V1
3. V3 o-o V2
4. V3 --> V5
5. V4 --> V5


  H0 (legal PAG = G* + spurious, cold-reoriented):
Graph Nodes:
V1;V2;V3;V4;V5

Graph Edges:
1. V1 --> V2
2. V3 --> V2
3. V3 o-> V5
4. V4 --> V1
5. V4 o-> V5
6. V5 --> V1
7. V5 --> V2



==== NON-I-MAP H0 (cold reorient of G*+spurious is NOT an I-map of G*) ====
  Under the corrected sepset regime this population is expected EMPTY; an entry
  here is a defect. The witness CI below is the proof of the violation.
  model                 : PAG#16647
  extra (spurious) edges: [V1 o-o V5, V3 o-o V5]  (k=2)
  WITNESS (holds in H0, fails in G*): V1 _||_ V2 | [V5]   (m-separated in H0's MAG, m-connected in G*)
  true PAG G* (over observed):
Graph Nodes:
V1;V2;V3;V4;V5

Graph Edges:
1. V1 <-> V3
2. V4 <-> V1
3. V4 <-> V2
4. V4 --> V3
5. V4 --> V5
6. V5 <-> V2


  H0 (legal PAG = G* + spurious, cold-reoriented):
Graph Nodes:
V1;V2;V3;V4;V5

Graph Edges:
1. V1 <-> V3
2. V2 o-> V4
3. V4 <-> V1
4. V4 --> V3
5. V5 o-> V1
6. V5 o-o V2
7. V5 --> V3
8. V5 o-> V4



==== NON-I-MAP H0 (cold reorient of G*+spurious is NOT an I-map of G*) ====
  Under the corrected sepset regime this population is expected EMPTY; an entry
  here is a defect. The witness CI below is the proof of the violation.
  model                 : PAG#16647
  extra (spurious) edges: [V2 o-o V3, V3 o-o V5]  (k=2)
  WITNESS (holds in H0, fails in G*): V1 _||_ V2 | [V3]   (m-separated in H0's MAG, m-connected in G*)
  true PAG G* (over observed):
Graph Nodes:
V1;V2;V3;V4;V5

Graph Edges:
1. V1 <-> V3
2. V4 <-> V1
3. V4 <-> V2
4. V4 --> V3
5. V4 --> V5
6. V5 <-> V2


  H0 (legal PAG = G* + spurious, cold-reoriented):
Graph Nodes:
V1;V2;V3;V4;V5

Graph Edges:
1. V1 o-o V3
2. V1 o-> V4
3. V3 o-> V2
4. V3 o-> V4
5. V3 --> V5
6. V4 <-> V2
7. V4 --> V5
8. V5 <-> V2



==== NON-I-MAP H0 (cold reorient of G*+spurious is NOT an I-map of G*) ====
  Under the corrected sepset regime this population is expected EMPTY; an entry
  here is a defect. The witness CI below is the proof of the violation.
  model                 : PAG#16688
  extra (spurious) edges: [V1 o-o V3, V3 o-o V4]  (k=2)
  WITNESS (holds in H0, fails in G*): V1 _||_ V2 | [V3]   (m-separated in H0's MAG, m-connected in G*)
  true PAG G* (over observed):
Graph Nodes:
V1;V2;V3;V4;V5

Graph Edges:
1. V1 <-> V4
2. V3 <-> V2
3. V5 <-> V1
4. V5 <-> V2
5. V5 --> V3
6. V5 --> V4


  H0 (legal PAG = G* + spurious, cold-reoriented):
Graph Nodes:
V1;V2;V3;V4;V5

Graph Edges:
1. V1 <-> V4
2. V2 o-> V5
3. V3 o-> V1
4. V3 o-o V2
5. V3 --> V4
6. V3 o-> V5
7. V5 <-> V1
8. V5 --> V4



==== NON-I-MAP H0 (cold reorient of G*+spurious is NOT an I-map of G*) ====
  Under the corrected sepset regime this population is expected EMPTY; an entry
  here is a defect. The witness CI below is the proof of the violation.
  model                 : PAG#16688
  extra (spurious) edges: [V2 o-o V4, V3 o-o V4]  (k=2)
  WITNESS (holds in H0, fails in G*): V1 _||_ V2 | [V4]   (m-separated in H0's MAG, m-connected in G*)
  true PAG G* (over observed):
Graph Nodes:
V1;V2;V3;V4;V5

Graph Edges:
1. V1 <-> V4
2. V3 <-> V2
3. V5 <-> V1
4. V5 <-> V2
5. V5 --> V3
6. V5 --> V4


  H0 (legal PAG = G* + spurious, cold-reoriented):
Graph Nodes:
V1;V2;V3;V4;V5

Graph Edges:
1. V1 o-o V4
2. V1 o-> V5
3. V3 <-> V2
4. V4 o-> V2
5. V4 --> V3
6. V4 o-> V5
7. V5 <-> V2
8. V5 --> V3



==== NON-I-MAP H0 (cold reorient of G*+spurious is NOT an I-map of G*) ====
  Under the corrected sepset regime this population is expected EMPTY; an entry
  here is a defect. The witness CI below is the proof of the violation.
  model                 : PAG#16726
  extra (spurious) edges: [V1 o-o V2, V2 o-o V3, V2 o-o V4]  (k=3)
  WITNESS (holds in H0, fails in G*): V3 _||_ V4 | [V1, V2]   (m-separated in H0's MAG, m-connected in G*)
  true PAG G* (over observed):
Graph Nodes:
V1;V2;V3;V4;V5

Graph Edges:
1. V1 o-o V4
2. V3 o-o V1
3. V3 --> V5
4. V4 --> V5
5. V5 --> V2


  H0 (legal PAG = G* + spurious, cold-reoriented):
Graph Nodes:
V1;V2;V3;V4;V5

Graph Edges:
1. V1 o-o V2
2. V1 o-o V4
3. V2 o-o V3
4. V2 o-o V4
5. V2 --> V5
6. V3 o-o V1
7. V3 --> V5
8. V4 --> V5



==== NON-I-MAP H0 (cold reorient of G*+spurious is NOT an I-map of G*) ====
  Under the corrected sepset regime this population is expected EMPTY; an entry
  here is a defect. The witness CI below is the proof of the violation.
  model                 : PAG#16729
  extra (spurious) edges: [V1 o-o V2, V3 o-o V5]  (k=2)
  WITNESS (holds in H0, fails in G*): V1 _||_ V5 | [V2, V3]   (m-separated in H0's MAG, m-connected in G*)
  true PAG G* (over observed):
Graph Nodes:
V1;V2;V3;V4;V5

Graph Edges:
1. V2 o-> V3
2. V2 o-> V5
3. V3 <-> V1
4. V4 <-> V1
5. V4 --> V3
6. V5 <-> V4


  H0 (legal PAG = G* + spurious, cold-reoriented):
Graph Nodes:
V1;V2;V3;V4;V5

Graph Edges:
1. V1 o-o V2
2. V1 o-> V3
3. V1 o-> V4
4. V2 o-> V3
5. V2 --> V5
6. V3 <-> V4
7. V3 --> V5
8. V4 <-> V5



==== NON-I-MAP H0 (cold reorient of G*+spurious is NOT an I-map of G*) ====
  Under the corrected sepset regime this population is expected EMPTY; an entry
  here is a defect. The witness CI below is the proof of the violation.
  model                 : PAG#16797
  extra (spurious) edges: [V1 o-o V3, V1 o-o V5]  (k=2)
  WITNESS (holds in H0, fails in G*): V3 _||_ V4 | [V1, V5]   (m-separated in H0's MAG, m-connected in G*)
  true PAG G* (over observed):
Graph Nodes:
V1;V2;V3;V4;V5

Graph Edges:
1. V2 --> V1
2. V3 --> V2
3. V4 --> V1
4. V4 --> V2
5. V4 o-o V5
6. V5 o-o V3


  H0 (legal PAG = G* + spurious, cold-reoriented):
Graph Nodes:
V1;V2;V3;V4;V5

Graph Edges:
1. V1 --> V2
2. V1 o-o V3
3. V1 o-o V5
4. V3 --> V2
5. V4 o-o V1
6. V4 --> V2
7. V4 o-o V5
8. V5 o-o V3



==== NON-I-MAP H0 (cold reorient of G*+spurious is NOT an I-map of G*) ====
  Under the corrected sepset regime this population is expected EMPTY; an entry
  here is a defect. The witness CI below is the proof of the violation.
  model                 : PAG#16801
  extra (spurious) edges: [V1 o-o V3, V2 o-o V4]  (k=2)
  WITNESS (holds in H0, fails in G*): V1 _||_ V2 | [V3, V4]   (m-separated in H0's MAG, m-connected in G*)
  true PAG G* (over observed):
Graph Nodes:
V1;V2;V3;V4;V5

Graph Edges:
1. V3 <-> V2
2. V4 o-> V1
3. V4 o-> V3
4. V5 <-> V1
5. V5 <-> V2
6. V5 --> V3


  H0 (legal PAG = G* + spurious, cold-reoriented):
Graph Nodes:
V1;V2;V3;V4;V5

Graph Edges:
1. V1 <-> V5
2. V2 o-> V3
3. V2 o-o V4
4. V2 o-> V5
5. V3 --> V1
6. V3 <-> V5
7. V4 --> V1
8. V4 o-> V3



==== NON-I-MAP H0 (cold reorient of G*+spurious is NOT an I-map of G*) ====
  Under the corrected sepset regime this population is expected EMPTY; an entry
  here is a defect. The witness CI below is the proof of the violation.
  model                 : PAG#16865
  extra (spurious) edges: [V2 o-o V3, V3 o-o V4]  (k=2)
  WITNESS (holds in H0, fails in G*): V1 _||_ V2 | [V3, V4]   (m-separated in H0's MAG, m-connected in G*)
  true PAG G* (over observed):
Graph Nodes:
V1;V2;V3;V4;V5

Graph Edges:
1. V1 <-> V3
2. V4 o-> V1
3. V4 o-> V2
4. V5 <-> V1
5. V5 <-> V2
6. V5 --> V3


  H0 (legal PAG = G* + spurious, cold-reoriented):
Graph Nodes:
V1;V2;V3;V4;V5

Graph Edges:
1. V1 <-> V5
2. V2 <-> V5
3. V3 o-> V1
4. V3 o-> V2
5. V3 o-o V4
6. V3 o-> V5
7. V4 o-> V1
8. V4 o-> V2



==== NON-I-MAP H0 (cold reorient of G*+spurious is NOT an I-map of G*) ====
  Under the corrected sepset regime this population is expected EMPTY; an entry
  here is a defect. The witness CI below is the proof of the violation.
  model                 : PAG#16883
  extra (spurious) edges: [V1 o-o V2, V1 o-o V5]  (k=2)
  WITNESS (holds in H0, fails in G*): V2 _||_ V4 | [V1, V5]   (m-separated in H0's MAG, m-connected in G*)
  true PAG G* (over observed):
Graph Nodes:
V1;V2;V3;V4;V5

Graph Edges:
1. V2 --> V3
2. V2 o-o V5
3. V3 --> V1
4. V4 --> V1
5. V4 --> V3
6. V5 o-o V4


  H0 (legal PAG = G* + spurious, cold-reoriented):
Graph Nodes:
V1;V2;V3;V4;V5

Graph Edges:
1. V1 o-o V2
2. V1 --> V3
3. V1 o-o V5
4. V2 --> V3
5. V2 o-o V5
6. V4 o-o V1
7. V4 --> V3
8. V5 o-o V4



==== NON-I-MAP H0 (cold reorient of G*+spurious is NOT an I-map of G*) ====
  Under the corrected sepset regime this population is expected EMPTY; an entry
  here is a defect. The witness CI below is the proof of the violation.
  model                 : PAG#16887
  extra (spurious) edges: [V2 o-o V3, V2 o-o V4]  (k=2)
  WITNESS (holds in H0, fails in G*): V1 _||_ V3 | [V2, V4]   (m-separated in H0's MAG, m-connected in G*)
  true PAG G* (over observed):
Graph Nodes:
V1;V2;V3;V4;V5

Graph Edges:
1. V1 <-> V2
2. V3 o-> V4
3. V5 <-> V1
4. V5 --> V2
5. V5 <-> V4


  H0 (legal PAG = G* + spurious, cold-reoriented):
Graph Nodes:
V1;V2;V3;V4;V5

Graph Edges:
1. V1 o-o V2
2. V1 o-> V5
3. V2 o-o V3
4. V2 o-> V4
5. V2 o-> V5
6. V3 o-> V4
7. V4 <-> V5



==== NON-I-MAP H0 (cold reorient of G*+spurious is NOT an I-map of G*) ====
  Under the corrected sepset regime this population is expected EMPTY; an entry
  here is a defect. The witness CI below is the proof of the violation.
  model                 : PAG#16898
  extra (spurious) edges: [V1 o-o V5, V2 o-o V5]  (k=2)
  WITNESS (holds in H0, fails in G*): V1 _||_ V4 | [V2, V5]   (m-separated in H0's MAG, m-connected in G*)
  true PAG G* (over observed):
Graph Nodes:
V1;V2;V3;V4;V5

Graph Edges:
1. V1 o-o V2
2. V1 o-> V3
3. V2 o-> V4
4. V3 --> V5
5. V4 <-> V3
6. V4 --> V5


  H0 (legal PAG = G* + spurious, cold-reoriented):
Graph Nodes:
V1;V2;V3;V4;V5

Graph Edges:
1. V1 o-o V2
2. V1 o-> V3
3. V1 o-o V5
4. V2 o-> V4
5. V2 o-o V5
6. V3 <-> V4
7. V5 o-> V3
8. V5 o-> V4



==== NON-I-MAP H0 (cold reorient of G*+spurious is NOT an I-map of G*) ====
  Under the corrected sepset regime this population is expected EMPTY; an entry
  here is a defect. The witness CI below is the proof of the violation.
  model                 : PAG#16955
  extra (spurious) edges: [V2 o-o V4, V3 o-o V4]  (k=2)
  WITNESS (holds in H0, fails in G*): V1 _||_ V3 | [V4, V5]   (m-separated in H0's MAG, m-connected in G*)
  true PAG G* (over observed):
Graph Nodes:
V1;V2;V3;V4;V5

Graph Edges:
1. V1 o-o V2
2. V1 --> V4
3. V2 o-o V3
4. V3 o-o V5
5. V5 --> V4


  H0 (legal PAG = G* + spurious, cold-reoriented):
Graph Nodes:
V1;V2;V3;V4;V5

Graph Edges:
1. V1 --> V2
2. V1 o-> V4
3. V3 --> V2
4. V4 --> V2
5. V4 --> V3
6. V5 --> V3
7. V5 o-> V4



==== NON-I-MAP H0 (cold reorient of G*+spurious is NOT an I-map of G*) ====
  Under the corrected sepset regime this population is expected EMPTY; an entry
  here is a defect. The witness CI below is the proof of the violation.
  model                 : PAG#16975
  extra (spurious) edges: [V2 o-o V4, V2 o-o V5]  (k=2)
  WITNESS (holds in H0, fails in G*): V1 _||_ V4 | [V2, V5]   (m-separated in H0's MAG, m-connected in G*)
  true PAG G* (over observed):
Graph Nodes:
V1;V2;V3;V4;V5

Graph Edges:
1. V1 <-> V2
2. V3 <-> V1
3. V3 --> V2
4. V3 <-> V5
5. V4 o-> V5


  H0 (legal PAG = G* + spurious, cold-reoriented):
Graph Nodes:
V1;V2;V3;V4;V5

Graph Edges:
1. V1 o-o V2
2. V1 o-> V3
3. V2 o-> V3
4. V2 o-o V4
5. V2 o-> V5
6. V4 o-> V5
7. V5 <-> V3



==== NON-I-MAP H0 (cold reorient of G*+spurious is NOT an I-map of G*) ====
  Under the corrected sepset regime this population is expected EMPTY; an entry
  here is a defect. The witness CI below is the proof of the violation.
  model                 : PAG#17012
  extra (spurious) edges: [V1 o-o V4, V1 o-o V5]  (k=2)
  WITNESS (holds in H0, fails in G*): V2 _||_ V4 | [V1]   (m-separated in H0's MAG, m-connected in G*)
  true PAG G* (over observed):
Graph Nodes:
V1;V2;V3;V4;V5

Graph Edges:
1. V2 <-> V1
2. V3 --> V1
3. V3 <-> V2
4. V3 <-> V4
5. V5 o-> V4


  H0 (legal PAG = G* + spurious, cold-reoriented):
Graph Nodes:
V1;V2;V3;V4;V5

Graph Edges:
1. V1 o-> V3
2. V1 o-> V4
3. V1 o-o V5
4. V2 o-o V1
5. V2 o-> V3
6. V4 <-> V3
7. V5 o-> V4



==== NON-I-MAP H0 (cold reorient of G*+spurious is NOT an I-map of G*) ====
  Under the corrected sepset regime this population is expected EMPTY; an entry
  here is a defect. The witness CI below is the proof of the violation.
  model                 : PAG#17015
  extra (spurious) edges: [V2 o-o V3, V2 o-o V4, V2 o-o V5]  (k=3)
  WITNESS (holds in H0, fails in G*): V3 _||_ V4 | [V2, V5]   (m-separated in H0's MAG, m-connected in G*)
  true PAG G* (over observed):
Graph Nodes:
V1;V2;V3;V4;V5

Graph Edges:
1. V1 --> V2
2. V3 --> V1
3. V4 --> V1
4. V4 o-o V5
5. V5 o-o V3


  H0 (legal PAG = G* + spurious, cold-reoriented):
Graph Nodes:
V1;V2;V3;V4;V5

Graph Edges:
1. V2 --> V1
2. V2 o-o V3
3. V2 o-o V4
4. V2 o-o V5
5. V3 --> V1
6. V4 --> V1
7. V4 o-o V5
8. V5 o-o V3



==== NON-I-MAP H0 (cold reorient of G*+spurious is NOT an I-map of G*) ====
  Under the corrected sepset regime this population is expected EMPTY; an entry
  here is a defect. The witness CI below is the proof of the violation.
  model                 : PAG#17020
  extra (spurious) edges: [V1 o-o V2, V2 o-o V5]  (k=2)
  WITNESS (holds in H0, fails in G*): V1 _||_ V3 | [V2, V4]   (m-separated in H0's MAG, m-connected in G*)
  true PAG G* (over observed):
Graph Nodes:
V1;V2;V3;V4;V5

Graph Edges:
1. V1 o-o V4
2. V3 --> V2
3. V3 o-o V5
4. V4 --> V2
5. V5 o-o V1


  H0 (legal PAG = G* + spurious, cold-reoriented):
Graph Nodes:
V1;V2;V3;V4;V5

Graph Edges:
1. V1 --> V5
2. V2 --> V1
3. V2 --> V5
4. V3 o-> V2
5. V3 --> V5
6. V4 --> V1
7. V4 o-> V2



==== NON-I-MAP H0 (cold reorient of G*+spurious is NOT an I-map of G*) ====
  Under the corrected sepset regime this population is expected EMPTY; an entry
  here is a defect. The witness CI below is the proof of the violation.
  model                 : PAG#17022
  extra (spurious) edges: [V2 o-o V5, V4 o-o V5]  (k=2)
  WITNESS (holds in H0, fails in G*): V1 _||_ V3 | []   (m-separated in H0's MAG, m-connected in G*)
  true PAG G* (over observed):
Graph Nodes:
V1;V2;V3;V4;V5

Graph Edges:
1. V2 o-> V1
2. V3 o-o V4
3. V3 o-> V5
4. V4 o-o V2
5. V5 <-> V1


  H0 (legal PAG = G* + spurious, cold-reoriented):
Graph Nodes:
V1;V2;V3;V4;V5

Graph Edges:
1. V1 <-> V2
2. V1 <-> V5
3. V2 --> V4
4. V3 --> V4
5. V3 o-> V5
6. V5 --> V2
7. V5 --> V4



==== NON-I-MAP H0 (cold reorient of G*+spurious is NOT an I-map of G*) ====
  Under the corrected sepset regime this population is expected EMPTY; an entry
  here is a defect. The witness CI below is the proof of the violation.
  model                 : PAG#17043
  extra (spurious) edges: [V1 o-o V2, V3 o-o V4]  (k=2)
  WITNESS (holds in H0, fails in G*): V2 _||_ V4 | [V1, V3]   (m-separated in H0's MAG, m-connected in G*)
  true PAG G* (over observed):
Graph Nodes:
V1;V2;V3;V4;V5

Graph Edges:
1. V1 o-> V3
2. V1 o-> V4
3. V3 <-> V2
4. V5 <-> V2
5. V5 --> V3
6. V5 <-> V4


  H0 (legal PAG = G* + spurious, cold-reoriented):
Graph Nodes:
V1;V2;V3;V4;V5

Graph Edges:
1. V1 o-o V2
2. V1 o-> V3
3. V1 --> V4
4. V2 o-> V3
5. V2 o-> V5
6. V3 --> V4
7. V3 <-> V5
8. V4 <-> V5



==== NON-I-MAP H0 (cold reorient of G*+spurious is NOT an I-map of G*) ====
  Under the corrected sepset regime this population is expected EMPTY; an entry
  here is a defect. The witness CI below is the proof of the violation.
  model                 : PAG#17109
  extra (spurious) edges: [V1 o-o V3, V1 o-o V5]  (k=2)
  WITNESS (holds in H0, fails in G*): V3 _||_ V4 | [V1]   (m-separated in H0's MAG, m-connected in G*)
  true PAG G* (over observed):
Graph Nodes:
V1;V2;V3;V4;V5

Graph Edges:
1. V2 --> V1
2. V3 o-> V2
3. V4 o-> V1
4. V5 o-> V2


  H0 (legal PAG = G* + spurious, cold-reoriented):
Graph Nodes:
V1;V2;V3;V4;V5

Graph Edges:
1. V1 <-> V2
2. V1 --> V3
3. V1 --> V5
4. V2 <-> V3
5. V2 <-> V5
6. V4 o-> V1



==== NON-I-MAP H0 (cold reorient of G*+spurious is NOT an I-map of G*) ====
  Under the corrected sepset regime this population is expected EMPTY; an entry
  here is a defect. The witness CI below is the proof of the violation.
  model                 : PAG#17119
  extra (spurious) edges: [V2 o-o V5, V4 o-o V5]  (k=2)
  WITNESS (holds in H0, fails in G*): V1 _||_ V4 | [V5]   (m-separated in H0's MAG, m-connected in G*)
  true PAG G* (over observed):
Graph Nodes:
V1;V2;V3;V4;V5

Graph Edges:
1. V1 --> V5
2. V2 o-> V1
3. V3 <-> V1
4. V3 --> V5
5. V4 o-> V3


  H0 (legal PAG = G* + spurious, cold-reoriented):
Graph Nodes:
V1;V2;V3;V4;V5

Graph Edges:
1. V2 o-> V1
2. V2 o-o V5
3. V3 <-> V1
4. V4 o-> V3
5. V4 o-o V5
6. V5 o-> V1
7. V5 o-> V3



==== NON-I-MAP H0 (cold reorient of G*+spurious is NOT an I-map of G*) ====
  Under the corrected sepset regime this population is expected EMPTY; an entry
  here is a defect. The witness CI below is the proof of the violation.
  model                 : PAG#17136
  extra (spurious) edges: [V1 o-o V2, V1 o-o V4]  (k=2)
  WITNESS (holds in H0, fails in G*): V2 _||_ V3 | [V1]   (m-separated in H0's MAG, m-connected in G*)
  true PAG G* (over observed):
Graph Nodes:
V1;V2;V3;V4;V5

Graph Edges:
1. V3 <-> V1
2. V4 o-> V2
3. V5 --> V1
4. V5 <-> V2
5. V5 <-> V3


  H0 (legal PAG = G* + spurious, cold-reoriented):
Graph Nodes:
V1;V2;V3;V4;V5

Graph Edges:
1. V1 o-> V2
2. V1 o-o V4
3. V1 o-> V5
4. V3 o-o V1
5. V3 o-> V5
6. V4 o-> V2
7. V5 <-> V2



==== NON-I-MAP H0 (cold reorient of G*+spurious is NOT an I-map of G*) ====
  Under the corrected sepset regime this population is expected EMPTY; an entry
  here is a defect. The witness CI below is the proof of the violation.
  model                 : PAG#17140
  extra (spurious) edges: [V1 o-o V5, V4 o-o V5]  (k=2)
  WITNESS (holds in H0, fails in G*): V1 _||_ V2 | [V4, V5]   (m-separated in H0's MAG, m-connected in G*)
  true PAG G* (over observed):
Graph Nodes:
V1;V2;V3;V4;V5

Graph Edges:
1. V1 --> V3
2. V2 --> V3
3. V2 o-o V4
4. V2 --> V5
5. V3 --> V5
6. V4 o-o V1


  H0 (legal PAG = G* + spurious, cold-reoriented):
Graph Nodes:
V1;V2;V3;V4;V5

Graph Edges:
1. V1 --> V3
2. V1 o-o V5
3. V2 --> V3
4. V2 o-o V4
5. V2 o-o V5
6. V4 o-o V1
7. V4 o-o V5
8. V5 --> V3



==== NON-I-MAP H0 (cold reorient of G*+spurious is NOT an I-map of G*) ====
  Under the corrected sepset regime this population is expected EMPTY; an entry
  here is a defect. The witness CI below is the proof of the violation.
  model                 : PAG#17149
  extra (spurious) edges: [V1 o-o V3, V2 o-o V3]  (k=2)
  WITNESS (holds in H0, fails in G*): V1 _||_ V2 | [V3]   (m-separated in H0's MAG, m-connected in G*)
  true PAG G* (over observed):
Graph Nodes:
V1;V2;V3;V4;V5

Graph Edges:
1. V1 o-> V4
2. V2 o-> V4
3. V4 --> V3
4. V5 o-> V3


  H0 (legal PAG = G* + spurious, cold-reoriented):
Graph Nodes:
V1;V2;V3;V4;V5

Graph Edges:
1. V3 --> V1
2. V3 --> V2
3. V3 <-> V4
4. V4 <-> V1
5. V4 <-> V2
6. V5 o-> V3



==== NON-I-MAP H0 (cold reorient of G*+spurious is NOT an I-map of G*) ====
  Under the corrected sepset regime this population is expected EMPTY; an entry
  here is a defect. The witness CI below is the proof of the violation.
  model                 : PAG#17163
  extra (spurious) edges: [V1 o-o V2, V2 o-o V3]  (k=2)
  WITNESS (holds in H0, fails in G*): V1 _||_ V5 | [V2]   (m-separated in H0's MAG, m-connected in G*)
  true PAG G* (over observed):
Graph Nodes:
V1;V2;V3;V4;V5

Graph Edges:
1. V1 o-o V3
2. V1 o-> V4
3. V3 o-> V5
4. V4 <-> V2
5. V5 <-> V2


  H0 (legal PAG = G* + spurious, cold-reoriented):
Graph Nodes:
V1;V2;V3;V4;V5

Graph Edges:
1. V1 --> V3
2. V2 --> V1
3. V2 --> V3
4. V2 <-> V4
5. V4 <-> V1
6. V5 <-> V2
7. V5 <-> V3



==== NON-I-MAP H0 (cold reorient of G*+spurious is NOT an I-map of G*) ====
  Under the corrected sepset regime this population is expected EMPTY; an entry
  here is a defect. The witness CI below is the proof of the violation.
  model                 : PAG#17180
  extra (spurious) edges: [V1 o-o V5, V2 o-o V5, V4 o-o V5]  (k=3)
  WITNESS (holds in H0, fails in G*): V2 _||_ V4 | [V1, V5]   (m-separated in H0's MAG, m-connected in G*)
  true PAG G* (over observed):
Graph Nodes:
V1;V2;V3;V4;V5

Graph Edges:
1. V1 o-> V2
2. V3 <-> V2
3. V3 --> V5
4. V4 o-o V1
5. V4 o-> V3


  H0 (legal PAG = G* + spurious, cold-reoriented):
Graph Nodes:
V1;V2;V3;V4;V5

Graph Edges:
1. V1 o-> V2
2. V1 o-o V5
3. V2 <-> V3
4. V4 o-o V1
5. V4 o-> V3
6. V4 o-o V5
7. V5 o-> V2
8. V5 o-> V3



==== NON-I-MAP H0 (cold reorient of G*+spurious is NOT an I-map of G*) ====
  Under the corrected sepset regime this population is expected EMPTY; an entry
  here is a defect. The witness CI below is the proof of the violation.
  model                 : PAG#17184
  extra (spurious) edges: [V2 o-o V5, V4 o-o V5]  (k=2)
  WITNESS (holds in H0, fails in G*): V1 _||_ V2 | [V5]   (m-separated in H0's MAG, m-connected in G*)
  true PAG G* (over observed):
Graph Nodes:
V1;V2;V3;V4;V5

Graph Edges:
1. V1 <-> V5
2. V3 <-> V1
3. V3 <-> V2
4. V3 --> V5
5. V4 o-> V2


  H0 (legal PAG = G* + spurious, cold-reoriented):
Graph Nodes:
V1;V2;V3;V4;V5

Graph Edges:
1. V1 o-> V3
2. V1 o-o V5
3. V3 <-> V2
4. V4 o-> V2
5. V4 o-o V5
6. V5 o-> V2
7. V5 o-> V3



==== NON-I-MAP H0 (cold reorient of G*+spurious is NOT an I-map of G*) ====
  Under the corrected sepset regime this population is expected EMPTY; an entry
  here is a defect. The witness CI below is the proof of the violation.
  model                 : PAG#17186
  extra (spurious) edges: [V1 o-o V2, V1 o-o V4]  (k=2)
  WITNESS (holds in H0, fails in G*): V2 _||_ V3 | [V1, V4]   (m-separated in H0's MAG, m-connected in G*)
  true PAG G* (over observed):
Graph Nodes:
V1;V2;V3;V4;V5

Graph Edges:
1. V2 o-> V4
2. V3 <-> V1
3. V4 <-> V5
4. V5 --> V1
5. V5 <-> V3


  H0 (legal PAG = G* + spurious, cold-reoriented):
Graph Nodes:
V1;V2;V3;V4;V5

Graph Edges:
1. V1 o-o V2
2. V1 o-> V4
3. V1 o-> V5
4. V2 o-> V4
5. V3 o-o V1
6. V3 o-> V5
7. V5 <-> V4



==== NON-I-MAP H0 (cold reorient of G*+spurious is NOT an I-map of G*) ====
  Under the corrected sepset regime this population is expected EMPTY; an entry
  here is a defect. The witness CI below is the proof of the violation.
  model                 : PAG#17202
  extra (spurious) edges: [V3 o-o V4, V4 o-o V5]  (k=2)
  WITNESS (holds in H0, fails in G*): V1 _||_ V2 | []   (m-separated in H0's MAG, m-connected in G*)
  true PAG G* (over observed):
Graph Nodes:
V1;V2;V3;V4;V5

Graph Edges:
1. V3 o-> V1
2. V3 o-o V5
3. V4 <-> V1
4. V4 <-> V2
5. V5 o-> V2


  H0 (legal PAG = G* + spurious, cold-reoriented):
Graph Nodes:
V1;V2;V3;V4;V5

Graph Edges:
1. V1 <-> V3
2. V2 <-> V4
3. V2 <-> V5
4. V3 --> V5
5. V4 <-> V1
6. V4 --> V3
7. V4 --> V5



==== NON-I-MAP H0 (cold reorient of G*+spurious is NOT an I-map of G*) ====
  Under the corrected sepset regime this population is expected EMPTY; an entry
  here is a defect. The witness CI below is the proof of the violation.
  model                 : PAG#17318
  extra (spurious) edges: [V1 o-o V4, V3 o-o V4]  (k=2)
  WITNESS (holds in H0, fails in G*): V2 _||_ V5 | []   (m-separated in H0's MAG, m-connected in G*)
  true PAG G* (over observed):
Graph Nodes:
V1;V2;V3;V4;V5

Graph Edges:
1. V1 o-o V3
2. V1 o-> V5
3. V3 o-> V2
4. V4 <-> V2
5. V5 <-> V4


  H0 (legal PAG = G* + spurious, cold-reoriented):
Graph Nodes:
V1;V2;V3;V4;V5

Graph Edges:
1. V2 <-> V3
2. V3 --> V1
3. V4 --> V1
4. V4 <-> V2
5. V4 --> V3
6. V4 <-> V5
7. V5 <-> V1



==== NON-I-MAP H0 (cold reorient of G*+spurious is NOT an I-map of G*) ====
  Under the corrected sepset regime this population is expected EMPTY; an entry
  here is a defect. The witness CI below is the proof of the violation.
  model                 : PAG#17326
  extra (spurious) edges: [V1 o-o V2, V2 o-o V5]  (k=2)
  WITNESS (holds in H0, fails in G*): V1 _||_ V4 | [V2, V5]   (m-separated in H0's MAG, m-connected in G*)
  true PAG G* (over observed):
Graph Nodes:
V1;V2;V3;V4;V5

Graph Edges:
1. V1 o-> V5
2. V3 --> V2
3. V3 <-> V4
4. V4 <-> V2
5. V5 <-> V3


  H0 (legal PAG = G* + spurious, cold-reoriented):
Graph Nodes:
V1;V2;V3;V4;V5

Graph Edges:
1. V1 o-o V2
2. V1 o-> V5
3. V2 o-> V3
4. V2 o-> V5
5. V4 o-o V2
6. V4 o-> V3
7. V5 <-> V3



==== NON-I-MAP H0 (cold reorient of G*+spurious is NOT an I-map of G*) ====
  Under the corrected sepset regime this population is expected EMPTY; an entry
  here is a defect. The witness CI below is the proof of the violation.
  model                 : PAG#17341
  extra (spurious) edges: [V1 o-o V5, V2 o-o V5]  (k=2)
  WITNESS (holds in H0, fails in G*): V1 _||_ V3 | [V5]   (m-separated in H0's MAG, m-connected in G*)
  true PAG G* (over observed):
Graph Nodes:
V1;V2;V3;V4;V5

Graph Edges:
1. V1 o-o V2
2. V1 o-> V4
3. V2 o-o V3
4. V3 o-> V5
5. V5 <-> V4


  H0 (legal PAG = G* + spurious, cold-reoriented):
Graph Nodes:
V1;V2;V3;V4;V5

Graph Edges:
1. V1 --> V2
2. V3 --> V2
3. V3 o-> V5
4. V4 <-> V1
5. V5 --> V1
6. V5 --> V2
7. V5 <-> V4



==== NON-I-MAP H0 (cold reorient of G*+spurious is NOT an I-map of G*) ====
  Under the corrected sepset regime this population is expected EMPTY; an entry
  here is a defect. The witness CI below is the proof of the violation.
  model                 : PAG#17341
  extra (spurious) edges: [V2 o-o V4, V3 o-o V4]  (k=2)
  WITNESS (holds in H0, fails in G*): V1 _||_ V3 | [V4]   (m-separated in H0's MAG, m-connected in G*)
  true PAG G* (over observed):
Graph Nodes:
V1;V2;V3;V4;V5

Graph Edges:
1. V1 o-o V2
2. V1 o-> V4
3. V2 o-o V3
4. V3 o-> V5
5. V5 <-> V4


  H0 (legal PAG = G* + spurious, cold-reoriented):
Graph Nodes:
V1;V2;V3;V4;V5

Graph Edges:
1. V1 --> V2
2. V1 o-> V4
3. V3 --> V2
4. V4 --> V2
5. V4 --> V3
6. V5 <-> V3
7. V5 <-> V4



==== NON-I-MAP H0 (cold reorient of G*+spurious is NOT an I-map of G*) ====
  Under the corrected sepset regime this population is expected EMPTY; an entry
  here is a defect. The witness CI below is the proof of the violation.
  model                 : PAG#17342
  extra (spurious) edges: [V1 o-o V3, V3 o-o V5]  (k=2)
  WITNESS (holds in H0, fails in G*): V4 _||_ V5 | [V3]   (m-separated in H0's MAG, m-connected in G*)
  true PAG G* (over observed):
Graph Nodes:
V1;V2;V3;V4;V5

Graph Edges:
1. V1 <-> V5
2. V2 --> V1
3. V2 --> V3
4. V2 <-> V5
5. V4 o-> V2
6. V4 --> V3


  H0 (legal PAG = G* + spurious, cold-reoriented):
Graph Nodes:
V1;V2;V3;V4;V5

Graph Edges:
1. V2 --> V1
2. V2 <-> V5
3. V3 --> V1
4. V3 o-> V2
5. V3 o-> V5
6. V4 o-> V2
7. V4 o-o V3
8. V5 <-> V1



==== NON-I-MAP H0 (cold reorient of G*+spurious is NOT an I-map of G*) ====
  Under the corrected sepset regime this population is expected EMPTY; an entry
  here is a defect. The witness CI below is the proof of the violation.
  model                 : PAG#17356
  extra (spurious) edges: [V1 o-o V5, V3 o-o V5]  (k=2)
  WITNESS (holds in H0, fails in G*): V2 _||_ V3 | [V4, V5]   (m-separated in H0's MAG, m-connected in G*)
  true PAG G* (over observed):
Graph Nodes:
V1;V2;V3;V4;V5

Graph Edges:
1. V1 o-o V2
2. V2 --> V5
3. V3 o-o V1
4. V4 o-o V3
5. V4 --> V5


  H0 (legal PAG = G* + spurious, cold-reoriented):
Graph Nodes:
V1;V2;V3;V4;V5

Graph Edges:
1. V2 --> V1
2. V2 o-> V5
3. V3 --> V1
4. V4 --> V3
5. V4 o-> V5
6. V5 --> V1
7. V5 --> V3



==== NON-I-MAP H0 (cold reorient of G*+spurious is NOT an I-map of G*) ====
  Under the corrected sepset regime this population is expected EMPTY; an entry
  here is a defect. The witness CI below is the proof of the violation.
  model                 : PAG#17357
  extra (spurious) edges: [V1 o-o V3, V3 o-o V5]  (k=2)
  WITNESS (holds in H0, fails in G*): V2 _||_ V5 | [V1, V3]   (m-separated in H0's MAG, m-connected in G*)
  true PAG G* (over observed):
Graph Nodes:
V1;V2;V3;V4;V5

Graph Edges:
1. V1 o-> V2
2. V1 o-> V5
3. V2 <-> V3
4. V4 <-> V2
5. V4 --> V3
6. V5 <-> V4


  H0 (legal PAG = G* + spurious, cold-reoriented):
Graph Nodes:
V1;V2;V3;V4;V5

Graph Edges:
1. V1 o-> V2
2. V1 o-o V3
3. V1 o-> V5
4. V3 o-> V2
5. V3 o-> V4
6. V3 o-> V5
7. V4 <-> V2
8. V4 <-> V5



==== NON-I-MAP H0 (cold reorient of G*+spurious is NOT an I-map of G*) ====
  Under the corrected sepset regime this population is expected EMPTY; an entry
  here is a defect. The witness CI below is the proof of the violation.
  model                 : PAG#17452
  extra (spurious) edges: [V2 o-o V5, V3 o-o V5, V4 o-o V5]  (k=3)
  WITNESS (holds in H0, fails in G*): V2 _||_ V3 | [V4, V5]   (m-separated in H0's MAG, m-connected in G*)
  true PAG G* (over observed):
Graph Nodes:
V1;V2;V3;V4;V5

Graph Edges:
1. V1 --> V5
2. V2 o-> V4
3. V3 o-> V1
4. V4 <-> V1


  H0 (legal PAG = G* + spurious, cold-reoriented):
Graph Nodes:
V1;V2;V3;V4;V5

Graph Edges:
1. V2 o-> V4
2. V2 o-o V5
3. V3 o-> V1
4. V3 o-o V5
5. V4 <-> V1
6. V5 o-> V1
7. V5 o-> V4



==== NON-I-MAP H0 (cold reorient of G*+spurious is NOT an I-map of G*) ====
  Under the corrected sepset regime this population is expected EMPTY; an entry
  here is a defect. The witness CI below is the proof of the violation.
  model                 : PAG#17477
  extra (spurious) edges: [V1 o-o V2, V1 o-o V3]  (k=2)
  WITNESS (holds in H0, fails in G*): V3 _||_ V4 | [V1, V5]   (m-separated in H0's MAG, m-connected in G*)
  true PAG G* (over observed):
Graph Nodes:
V1;V2;V3;V4;V5

Graph Edges:
1. V2 o-o V3
2. V2 o-> V4
3. V3 o-o V5
4. V4 <-> V1
5. V5 o-> V1


  H0 (legal PAG = G* + spurious, cold-reoriented):
Graph Nodes:
V1;V2;V3;V4;V5

Graph Edges:
1. V1 --> V2
2. V1 --> V3
3. V3 --> V2
4. V4 <-> V1
5. V4 <-> V2
6. V5 o-> V1
7. V5 --> V3



==== NON-I-MAP H0 (cold reorient of G*+spurious is NOT an I-map of G*) ====
  Under the corrected sepset regime this population is expected EMPTY; an entry
  here is a defect. The witness CI below is the proof of the violation.
  model                 : PAG#17477
  extra (spurious) edges: [V3 o-o V4, V4 o-o V5]  (k=2)
  WITNESS (holds in H0, fails in G*): V1 _||_ V2 | []   (m-separated in H0's MAG, m-connected in G*)
  true PAG G* (over observed):
Graph Nodes:
V1;V2;V3;V4;V5

Graph Edges:
1. V2 o-o V3
2. V2 o-> V4
3. V3 o-o V5
4. V4 <-> V1
5. V5 o-> V1


  H0 (legal PAG = G* + spurious, cold-reoriented):
Graph Nodes:
V1;V2;V3;V4;V5

Graph Edges:
1. V1 <-> V5
2. V2 --> V3
3. V2 o-> V4
4. V4 <-> V1
5. V4 --> V3
6. V4 --> V5
7. V5 --> V3



==== NON-I-MAP H0 (cold reorient of G*+spurious is NOT an I-map of G*) ====
  Under the corrected sepset regime this population is expected EMPTY; an entry
  here is a defect. The witness CI below is the proof of the violation.
  model                 : PAG#17497
  extra (spurious) edges: [V1 o-o V3, V1 o-o V5]  (k=2)
  WITNESS (holds in H0, fails in G*): V2 _||_ V3 | [V1]   (m-separated in H0's MAG, m-connected in G*)
  true PAG G* (over observed):
Graph Nodes:
V1;V2;V3;V4;V5

Graph Edges:
1. V2 --> V1
2. V2 o-> V4
3. V4 --> V1
4. V4 <-> V3
5. V5 o-> V3


  H0 (legal PAG = G* + spurious, cold-reoriented):
Graph Nodes:
V1;V2;V3;V4;V5

Graph Edges:
1. V1 o-> V3
2. V1 o-> V4
3. V1 o-o V5
4. V2 o-o V1
5. V2 o-> V4
6. V4 <-> V3
7. V5 o-> V3



==== NON-I-MAP H0 (cold reorient of G*+spurious is NOT an I-map of G*) ====
  Under the corrected sepset regime this population is expected EMPTY; an entry
  here is a defect. The witness CI below is the proof of the violation.
  model                 : PAG#17507
  extra (spurious) edges: [V3 o-o V4, V3 o-o V5]  (k=2)
  WITNESS (holds in H0, fails in G*): V1 _||_ V5 | [V3, V4]   (m-separated in H0's MAG, m-connected in G*)
  true PAG G* (over observed):
Graph Nodes:
V1;V2;V3;V4;V5

Graph Edges:
1. V1 <-> V2
2. V1 --> V3
3. V2 --> V3
4. V4 o-> V1
5. V5 o-> V2
6. V5 o-o V4


  H0 (legal PAG = G* + spurious, cold-reoriented):
Graph Nodes:
V1;V2;V3;V4;V5

Graph Edges:
1. V2 <-> V1
2. V3 o-> V1
3. V3 o-> V2
4. V3 o-o V4
5. V3 o-o V5
6. V4 o-> V1
7. V5 o-> V2
8. V5 o-o V4



==== NON-I-MAP H0 (cold reorient of G*+spurious is NOT an I-map of G*) ====
  Under the corrected sepset regime this population is expected EMPTY; an entry
  here is a defect. The witness CI below is the proof of the violation.
  model                 : PAG#17508
  extra (spurious) edges: [V2 o-o V3, V3 o-o V5]  (k=2)
  WITNESS (holds in H0, fails in G*): V1 _||_ V5 | [V2, V3]   (m-separated in H0's MAG, m-connected in G*)
  true PAG G* (over observed):
Graph Nodes:
V1;V2;V3;V4;V5

Graph Edges:
1. V1 --> V3
2. V2 o-> V1
3. V2 o-o V5
4. V4 <-> V1
5. V4 --> V3
6. V5 o-> V4


  H0 (legal PAG = G* + spurious, cold-reoriented):
Graph Nodes:
V1;V2;V3;V4;V5

Graph Edges:
1. V1 <-> V4
2. V2 o-> V1
3. V2 o-o V3
4. V2 o-o V5
5. V3 o-> V1
6. V3 o-> V4
7. V3 o-o V5
8. V5 o-> V4



==== NON-I-MAP H0 (cold reorient of G*+spurious is NOT an I-map of G*) ====
  Under the corrected sepset regime this population is expected EMPTY; an entry
  here is a defect. The witness CI below is the proof of the violation.
  model                 : PAG#17546
  extra (spurious) edges: [V3 o-o V4, V4 o-o V5]  (k=2)
  WITNESS (holds in H0, fails in G*): V2 _||_ V3 | [V4, V5]   (m-separated in H0's MAG, m-connected in G*)
  true PAG G* (over observed):
Graph Nodes:
V1;V2;V3;V4;V5

Graph Edges:
1. V1 --> V4
2. V2 <-> V1
3. V2 <-> V4
4. V3 <-> V1
5. V5 o-> V2
6. V5 o-> V3


  H0 (legal PAG = G* + spurious, cold-reoriented):
Graph Nodes:
V1;V2;V3;V4;V5

Graph Edges:
1. V2 <-> V1
2. V3 <-> V1
3. V4 o-> V1
4. V4 o-> V2
5. V4 o-> V3
6. V4 o-o V5
7. V5 o-> V2
8. V5 o-> V3



==== NON-I-MAP H0 (cold reorient of G*+spurious is NOT an I-map of G*) ====
  Under the corrected sepset regime this population is expected EMPTY; an entry
  here is a defect. The witness CI below is the proof of the violation.
  model                 : PAG#17570
  extra (spurious) edges: [V2 o-o V5, V3 o-o V5]  (k=2)
  WITNESS (holds in H0, fails in G*): V1 _||_ V3 | [V5]   (m-separated in H0's MAG, m-connected in G*)
  true PAG G* (over observed):
Graph Nodes:
V1;V2;V3;V4;V5

Graph Edges:
1. V1 --> V5
2. V2 o-> V1
3. V3 o-> V4
4. V4 <-> V1
5. V4 --> V5


  H0 (legal PAG = G* + spurious, cold-reoriented):
Graph Nodes:
V1;V2;V3;V4;V5

Graph Edges:
1. V1 <-> V4
2. V2 o-> V1
3. V2 o-o V5
4. V3 o-> V4
5. V3 o-o V5
6. V5 o-> V1
7. V5 o-> V4



==== NON-I-MAP H0 (cold reorient of G*+spurious is NOT an I-map of G*) ====
  Under the corrected sepset regime this population is expected EMPTY; an entry
  here is a defect. The witness CI below is the proof of the violation.
  model                 : PAG#17610
  extra (spurious) edges: [V1 o-o V2, V1 o-o V5]  (k=2)
  WITNESS (holds in H0, fails in G*): V4 _||_ V5 | [V1, V2]   (m-separated in H0's MAG, m-connected in G*)
  true PAG G* (over observed):
Graph Nodes:
V1;V2;V3;V4;V5

Graph Edges:
1. V2 o-> V4
2. V2 o-> V5
3. V3 --> V1
4. V4 <-> V1
5. V4 <-> V3
6. V5 <-> V3


  H0 (legal PAG = G* + spurious, cold-reoriented):
Graph Nodes:
V1;V2;V3;V4;V5

Graph Edges:
1. V1 o-o V2
2. V1 o-> V3
3. V1 o-> V4
4. V1 o-> V5
5. V2 o-> V4
6. V2 o-> V5
7. V4 <-> V3
8. V5 <-> V3



==== NON-I-MAP H0 (cold reorient of G*+spurious is NOT an I-map of G*) ====
  Under the corrected sepset regime this population is expected EMPTY; an entry
  here is a defect. The witness CI below is the proof of the violation.
  model                 : PAG#17616
  extra (spurious) edges: [V1 o-o V2, V1 o-o V3]  (k=2)
  WITNESS (holds in H0, fails in G*): V3 _||_ V5 | [V1, V2]   (m-separated in H0's MAG, m-connected in G*)
  true PAG G* (over observed):
Graph Nodes:
V1;V2;V3;V4;V5

Graph Edges:
1. V2 o-> V3
2. V2 o-> V5
3. V3 <-> V4
4. V4 --> V1
5. V5 <-> V1
6. V5 <-> V4


  H0 (legal PAG = G* + spurious, cold-reoriented):
Graph Nodes:
V1;V2;V3;V4;V5

Graph Edges:
1. V1 o-o V2
2. V1 o-> V3
3. V1 o-> V4
4. V1 o-> V5
5. V2 o-> V3
6. V2 o-> V5
7. V4 <-> V3
8. V4 <-> V5



==== NON-I-MAP H0 (cold reorient of G*+spurious is NOT an I-map of G*) ====
  Under the corrected sepset regime this population is expected EMPTY; an entry
  here is a defect. The witness CI below is the proof of the violation.
  model                 : PAG#17667
  extra (spurious) edges: [V2 o-o V5, V3 o-o V5]  (k=2)
  WITNESS (holds in H0, fails in G*): V1 _||_ V2 | [V5]   (m-separated in H0's MAG, m-connected in G*)
  true PAG G* (over observed):
Graph Nodes:
V1;V2;V3;V4;V5

Graph Edges:
1. V1 o-> V4
2. V1 --> V5
3. V3 o-> V2
4. V4 <-> V2
5. V4 --> V5


  H0 (legal PAG = G* + spurious, cold-reoriented):
Graph Nodes:
V1;V2;V3;V4;V5

Graph Edges:
1. V1 o-> V4
2. V1 o-o V5
3. V3 o-> V2
4. V3 o-o V5
5. V4 <-> V2
6. V5 o-> V2
7. V5 o-> V4



==== NON-I-MAP H0 (cold reorient of G*+spurious is NOT an I-map of G*) ====
  Under the corrected sepset regime this population is expected EMPTY; an entry
  here is a defect. The witness CI below is the proof of the violation.
  model                 : PAG#17715
  extra (spurious) edges: [V1 o-o V4, V3 o-o V4]  (k=2)
  WITNESS (holds in H0, fails in G*): V1 _||_ V2 | [V4]   (m-separated in H0's MAG, m-connected in G*)
  true PAG G* (over observed):
Graph Nodes:
V1;V2;V3;V4;V5

Graph Edges:
1. V1 o-> V5
2. V2 o-> V4
3. V3 o-> V5
4. V5 --> V4


  H0 (legal PAG = G* + spurious, cold-reoriented):
Graph Nodes:
V1;V2;V3;V4;V5

Graph Edges:
1. V2 o-> V4
2. V4 --> V1
3. V4 --> V3
4. V4 <-> V5
5. V5 <-> V1
6. V5 <-> V3



==== NON-I-MAP H0 (cold reorient of G*+spurious is NOT an I-map of G*) ====
  Under the corrected sepset regime this population is expected EMPTY; an entry
  here is a defect. The witness CI below is the proof of the violation.
  model                 : PAG#17732
  extra (spurious) edges: [V1 o-o V4, V2 o-o V3]  (k=2)
  WITNESS (holds in H0, fails in G*): V2 _||_ V4 | [V1, V3]   (m-separated in H0's MAG, m-connected in G*)
  true PAG G* (over observed):
Graph Nodes:
V1;V2;V3;V4;V5

Graph Edges:
1. V1 o-> V2
2. V1 o-> V3
3. V3 <-> V4
4. V5 <-> V2
5. V5 --> V3
6. V5 <-> V4


  H0 (legal PAG = G* + spurious, cold-reoriented):
Graph Nodes:
V1;V2;V3;V4;V5

Graph Edges:
1. V1 --> V2
2. V1 o-> V3
3. V1 o-o V4
4. V2 <-> V5
5. V3 --> V2
6. V3 <-> V5
7. V4 o-> V3
8. V4 o-> V5



==== NON-I-MAP H0 (cold reorient of G*+spurious is NOT an I-map of G*) ====
  Under the corrected sepset regime this population is expected EMPTY; an entry
  here is a defect. The witness CI below is the proof of the violation.
  model                 : PAG#17771
  extra (spurious) edges: [V1 o-o V3, V1 o-o V4]  (k=2)
  WITNESS (holds in H0, fails in G*): V2 _||_ V4 | [V1, V3]   (m-separated in H0's MAG, m-connected in G*)
  true PAG G* (over observed):
Graph Nodes:
V1;V2;V3;V4;V5

Graph Edges:
1. V2 --> V1
2. V2 --> V5
3. V3 o-o V2
4. V4 o-o V3
5. V4 --> V5
6. V5 --> V1


  H0 (legal PAG = G* + spurious, cold-reoriented):
Graph Nodes:
V1;V2;V3;V4;V5

Graph Edges:
1. V1 o-o V3
2. V1 o-o V4
3. V1 --> V5
4. V2 o-o V1
5. V2 --> V5
6. V3 o-o V2
7. V4 o-o V3
8. V4 --> V5



==== NON-I-MAP H0 (cold reorient of G*+spurious is NOT an I-map of G*) ====
  Under the corrected sepset regime this population is expected EMPTY; an entry
  here is a defect. The witness CI below is the proof of the violation.
  model                 : PAG#17812
  extra (spurious) edges: [V1 o-o V5, V4 o-o V5]  (k=2)
  WITNESS (holds in H0, fails in G*): V1 _||_ V3 | [V4, V5]   (m-separated in H0's MAG, m-connected in G*)
  true PAG G* (over observed):
Graph Nodes:
V1;V2;V3;V4;V5

Graph Edges:
1. V2 <-> V1
2. V2 --> V5
3. V3 o-> V2
4. V3 o-o V4
5. V3 --> V5
6. V4 o-> V1


  H0 (legal PAG = G* + spurious, cold-reoriented):
Graph Nodes:
V1;V2;V3;V4;V5

Graph Edges:
1. V2 <-> V1
2. V3 o-> V2
3. V3 o-o V4
4. V3 o-o V5
5. V4 o-> V1
6. V4 o-o V5
7. V5 o-> V1
8. V5 o-> V2



==== NON-I-MAP H0 (cold reorient of G*+spurious is NOT an I-map of G*) ====
  Under the corrected sepset regime this population is expected EMPTY; an entry
  here is a defect. The witness CI below is the proof of the violation.
  model                 : PAG#17813
  extra (spurious) edges: [V2 o-o V3, V2 o-o V4]  (k=2)
  WITNESS (holds in H0, fails in G*): V1 _||_ V3 | [V2]   (m-separated in H0's MAG, m-connected in G*)
  true PAG G* (over observed):
Graph Nodes:
V1;V2;V3;V4;V5

Graph Edges:
1. V1 <-> V2
2. V4 o-> V3
3. V5 <-> V1
4. V5 --> V2
5. V5 <-> V3


  H0 (legal PAG = G* + spurious, cold-reoriented):
Graph Nodes:
V1;V2;V3;V4;V5

Graph Edges:
1. V1 o-o V2
2. V1 o-> V5
3. V2 o-> V3
4. V2 o-o V4
5. V2 o-> V5
6. V4 o-> V3
7. V5 <-> V3



==== NON-I-MAP H0 (cold reorient of G*+spurious is NOT an I-map of G*) ====
  Under the corrected sepset regime this population is expected EMPTY; an entry
  here is a defect. The witness CI below is the proof of the violation.
  model                 : PAG#17835
  extra (spurious) edges: [V1 o-o V5, V3 o-o V5]  (k=2)
  WITNESS (holds in H0, fails in G*): V1 _||_ V3 | [V5]   (m-separated in H0's MAG, m-connected in G*)
  true PAG G* (over observed):
Graph Nodes:
V1;V2;V3;V4;V5

Graph Edges:
1. V1 o-> V2
2. V2 --> V5
3. V3 o-> V4
4. V4 <-> V2
5. V4 --> V5


  H0 (legal PAG = G* + spurious, cold-reoriented):
Graph Nodes:
V1;V2;V3;V4;V5

Graph Edges:
1. V1 o-> V2
2. V1 o-o V5
3. V3 o-> V4
4. V3 o-o V5
5. V4 <-> V2
6. V5 o-> V2
7. V5 o-> V4



==== NON-I-MAP H0 (cold reorient of G*+spurious is NOT an I-map of G*) ====
  Under the corrected sepset regime this population is expected EMPTY; an entry
  here is a defect. The witness CI below is the proof of the violation.
  model                 : PAG#17841
  extra (spurious) edges: [V1 o-o V2, V2 o-o V3, V2 o-o V4]  (k=3)
  WITNESS (holds in H0, fails in G*): V1 _||_ V4 | [V2, V3]   (m-separated in H0's MAG, m-connected in G*)
  true PAG G* (over observed):
Graph Nodes:
V1;V2;V3;V4;V5

Graph Edges:
1. V1 --> V5
2. V3 o-o V1
3. V4 o-o V3
4. V4 --> V5
5. V5 --> V2


  H0 (legal PAG = G* + spurious, cold-reoriented):
Graph Nodes:
V1;V2;V3;V4;V5

Graph Edges:
1. V1 o-o V2
2. V1 --> V5
3. V2 o-o V3
4. V2 o-o V4
5. V2 --> V5
6. V3 o-o V1
7. V4 o-o V3
8. V4 --> V5



==== NON-I-MAP H0 (cold reorient of G*+spurious is NOT an I-map of G*) ====
  Under the corrected sepset regime this population is expected EMPTY; an entry
  here is a defect. The witness CI below is the proof of the violation.
  model                 : PAG#17845
  extra (spurious) edges: [V1 o-o V2, V3 o-o V5]  (k=2)
  WITNESS (holds in H0, fails in G*): V1 _||_ V3 | [V2, V5]   (m-separated in H0's MAG, m-connected in G*)
  true PAG G* (over observed):
Graph Nodes:
V1;V2;V3;V4;V5

Graph Edges:
1. V2 --> V5
2. V3 o-o V2
3. V3 o-> V4
4. V4 <-> V1
5. V4 --> V5
6. V5 <-> V1


  H0 (legal PAG = G* + spurious, cold-reoriented):
Graph Nodes:
V1;V2;V3;V4;V5

Graph Edges:
1. V1 o-o V2
2. V1 o-> V4
3. V1 o-> V5
4. V2 --> V3
5. V2 o-> V5
6. V4 <-> V3
7. V5 --> V3
8. V5 <-> V4



==== NON-I-MAP H0 (cold reorient of G*+spurious is NOT an I-map of G*) ====
  Under the corrected sepset regime this population is expected EMPTY; an entry
  here is a defect. The witness CI below is the proof of the violation.
  model                 : PAG#17858
  extra (spurious) edges: [V1 o-o V4, V2 o-o V4]  (k=2)
  WITNESS (holds in H0, fails in G*): V1 _||_ V3 | [V4]   (m-separated in H0's MAG, m-connected in G*)
  true PAG G* (over observed):
Graph Nodes:
V1;V2;V3;V4;V5

Graph Edges:
1. V2 o-> V1
2. V3 --> V4
3. V3 o-> V5
4. V5 <-> V1
5. V5 --> V4


  H0 (legal PAG = G* + spurious, cold-reoriented):
Graph Nodes:
V1;V2;V3;V4;V5

Graph Edges:
1. V1 <-> V5
2. V2 o-> V1
3. V2 o-o V4
4. V3 o-o V4
5. V3 o-> V5
6. V4 o-> V1
7. V4 o-> V5



==== NON-I-MAP H0 (cold reorient of G*+spurious is NOT an I-map of G*) ====
  Under the corrected sepset regime this population is expected EMPTY; an entry
  here is a defect. The witness CI below is the proof of the violation.
  model                 : PAG#17868
  extra (spurious) edges: [V1 o-o V3, V4 o-o V5]  (k=2)
  WITNESS (holds in H0, fails in G*): V3 _||_ V4 | [V1, V5]   (m-separated in H0's MAG, m-connected in G*)
  true PAG G* (over observed):
Graph Nodes:
V1;V2;V3;V4;V5

Graph Edges:
1. V1 o-> V4
2. V1 o-> V5
3. V2 <-> V3
4. V2 --> V5
5. V4 <-> V2
6. V5 <-> V3


  H0 (legal PAG = G* + spurious, cold-reoriented):
Graph Nodes:
V1;V2;V3;V4;V5

Graph Edges:
1. V1 o-o V3
2. V1 --> V4
3. V1 o-> V5
4. V3 o-> V2
5. V3 o-> V5
6. V4 <-> V2
7. V5 <-> V2
8. V5 --> V4



==== NON-I-MAP H0 (cold reorient of G*+spurious is NOT an I-map of G*) ====
  Under the corrected sepset regime this population is expected EMPTY; an entry
  here is a defect. The witness CI below is the proof of the violation.
  model                 : PAG#17889
  extra (spurious) edges: [V1 o-o V4, V3 o-o V4]  (k=2)
  WITNESS (holds in H0, fails in G*): V1 _||_ V2 | [V4]   (m-separated in H0's MAG, m-connected in G*)
  true PAG G* (over observed):
Graph Nodes:
V1;V2;V3;V4;V5

Graph Edges:
1. V2 <-> V4
2. V3 o-> V1
3. V5 <-> V1
4. V5 <-> V2
5. V5 --> V4


  H0 (legal PAG = G* + spurious, cold-reoriented):
Graph Nodes:
V1;V2;V3;V4;V5

Graph Edges:
1. V1 <-> V5
2. V2 o-o V4
3. V2 o-> V5
4. V3 o-> V1
5. V3 o-o V4
6. V4 o-> V1
7. V4 o-> V5



==== NON-I-MAP H0 (cold reorient of G*+spurious is NOT an I-map of G*) ====
  Under the corrected sepset regime this population is expected EMPTY; an entry
  here is a defect. The witness CI below is the proof of the violation.
  model                 : PAG#17901
  extra (spurious) edges: [V1 o-o V4, V2 o-o V4]  (k=2)
  WITNESS (holds in H0, fails in G*): V1 _||_ V5 | [V4]   (m-separated in H0's MAG, m-connected in G*)
  true PAG G* (over observed):
Graph Nodes:
V1;V2;V3;V4;V5

Graph Edges:
1. V1 <-> V2
2. V3 <-> V1
3. V3 --> V2
4. V3 --> V4
5. V5 o-> V3
6. V5 --> V4


  H0 (legal PAG = G* + spurious, cold-reoriented):
Graph Nodes:
V1;V2;V3;V4;V5

Graph Edges:
1. V1 <-> V2
2. V3 <-> V1
3. V3 --> V2
4. V4 o-> V1
5. V4 --> V2
6. V4 o-> V3
7. V5 o-> V3
8. V5 o-o V4



==== NON-I-MAP H0 (cold reorient of G*+spurious is NOT an I-map of G*) ====
  Under the corrected sepset regime this population is expected EMPTY; an entry
  here is a defect. The witness CI below is the proof of the violation.
  model                 : PAG#17938
  extra (spurious) edges: [V1 o-o V4, V3 o-o V4, V4 o-o V5]  (k=3)
  WITNESS (holds in H0, fails in G*): V3 _||_ V5 | [V1, V4]   (m-separated in H0's MAG, m-connected in G*)
  true PAG G* (over observed):
Graph Nodes:
V1;V2;V3;V4;V5

Graph Edges:
1. V1 o-o V3
2. V1 o-o V5
3. V2 --> V4
4. V3 --> V2
5. V5 --> V2


  H0 (legal PAG = G* + spurious, cold-reoriented):
Graph Nodes:
V1;V2;V3;V4;V5

Graph Edges:
1. V1 o-o V3
2. V1 o-o V4
3. V1 o-o V5
4. V3 --> V2
5. V3 o-o V4
6. V4 --> V2
7. V4 o-o V5
8. V5 --> V2



==== NON-I-MAP H0 (cold reorient of G*+spurious is NOT an I-map of G*) ====
  Under the corrected sepset regime this population is expected EMPTY; an entry
  here is a defect. The witness CI below is the proof of the violation.
  model                 : PAG#17978
  extra (spurious) edges: [V1 o-o V4, V3 o-o V4, V4 o-o V5]  (k=3)
  WITNESS (holds in H0, fails in G*): V1 _||_ V5 | [V3, V4]   (m-separated in H0's MAG, m-connected in G*)
  true PAG G* (over observed):
Graph Nodes:
V1;V2;V3;V4;V5

Graph Edges:
1. V2 <-> V1
2. V2 --> V4
3. V3 o-> V1
4. V3 o-o V5
5. V5 o-> V2


  H0 (legal PAG = G* + spurious, cold-reoriented):
Graph Nodes:
V1;V2;V3;V4;V5

Graph Edges:
1. V2 <-> V1
2. V3 o-> V1
3. V3 o-o V4
4. V3 o-o V5
5. V4 o-> V1
6. V4 o-> V2
7. V4 o-o V5
8. V5 o-> V2



==== NON-I-MAP H0 (cold reorient of G*+spurious is NOT an I-map of G*) ====
  Under the corrected sepset regime this population is expected EMPTY; an entry
  here is a defect. The witness CI below is the proof of the violation.
  model                 : PAG#17990
  extra (spurious) edges: [V1 o-o V5, V3 o-o V5]  (k=2)
  WITNESS (holds in H0, fails in G*): V1 _||_ V3 | [V5]   (m-separated in H0's MAG, m-connected in G*)
  true PAG G* (over observed):
Graph Nodes:
V1;V2;V3;V4;V5

Graph Edges:
1. V2 <-> V1
2. V2 --> V5
3. V3 <-> V2
4. V3 <-> V4
5. V4 <-> V1
6. V5 --> V4


  H0 (legal PAG = G* + spurious, cold-reoriented):
Graph Nodes:
V1;V2;V3;V4;V5

Graph Edges:
1. V1 <-> V4
2. V2 <-> V1
3. V2 <-> V3
4. V3 <-> V4
5. V5 o-> V1
6. V5 o-> V2
7. V5 o-> V3
8. V5 o-> V4



==== NON-I-MAP H0 (cold reorient of G*+spurious is NOT an I-map of G*) ====
  Under the corrected sepset regime this population is expected EMPTY; an entry
  here is a defect. The witness CI below is the proof of the violation.
  model                 : PAG#18008
  extra (spurious) edges: [V1 o-o V3, V2 o-o V3]  (k=2)
  WITNESS (holds in H0, fails in G*): V2 _||_ V4 | [V1, V3]   (m-separated in H0's MAG, m-connected in G*)
  true PAG G* (over observed):
Graph Nodes:
V1;V2;V3;V4;V5

Graph Edges:
1. V1 o-> V2
2. V1 o-o V4
3. V4 --> V3
4. V4 o-> V5
5. V5 <-> V2
6. V5 --> V3


  H0 (legal PAG = G* + spurious, cold-reoriented):
Graph Nodes:
V1;V2;V3;V4;V5

Graph Edges:
1. V1 o-> V2
2. V1 o-o V3
3. V1 o-o V4
4. V2 <-> V5
5. V3 o-> V2
6. V3 o-> V5
7. V4 o-o V3
8. V4 o-> V5



==== NON-I-MAP H0 (cold reorient of G*+spurious is NOT an I-map of G*) ====
  Under the corrected sepset regime this population is expected EMPTY; an entry
  here is a defect. The witness CI below is the proof of the violation.
  model                 : PAG#18019
  extra (spurious) edges: [V2 o-o V3, V3 o-o V4]  (k=2)
  WITNESS (holds in H0, fails in G*): V1 _||_ V2 | [V3]   (m-separated in H0's MAG, m-connected in G*)
  true PAG G* (over observed):
Graph Nodes:
V1;V2;V3;V4;V5

Graph Edges:
1. V1 --> V3
2. V1 o-> V5
3. V4 o-> V2
4. V5 <-> V2
5. V5 --> V3


  H0 (legal PAG = G* + spurious, cold-reoriented):
Graph Nodes:
V1;V2;V3;V4;V5

Graph Edges:
1. V1 o-o V3
2. V1 o-> V5
3. V2 <-> V5
4. V3 o-> V2
5. V3 o-o V4
6. V3 o-> V5
7. V4 o-> V2



==== NON-I-MAP H0 (cold reorient of G*+spurious is NOT an I-map of G*) ====
  Under the corrected sepset regime this population is expected EMPTY; an entry
  here is a defect. The witness CI below is the proof of the violation.
  model                 : PAG#18085
  extra (spurious) edges: [V1 o-o V5, V4 o-o V5]  (k=2)
  WITNESS (holds in H0, fails in G*): V1 _||_ V2 | [V5]   (m-separated in H0's MAG, m-connected in G*)
  true PAG G* (over observed):
Graph Nodes:
V1;V2;V3;V4;V5

Graph Edges:
1. V2 <-> V5
2. V3 <-> V1
3. V3 <-> V2
4. V3 --> V5
5. V4 o-> V1


  H0 (legal PAG = G* + spurious, cold-reoriented):
Graph Nodes:
V1;V2;V3;V4;V5

Graph Edges:
1. V2 o-> V3
2. V2 o-o V5
3. V3 <-> V1
4. V4 o-> V1
5. V4 o-o V5
6. V5 o-> V1
7. V5 o-> V3



==== NON-I-MAP H0 (cold reorient of G*+spurious is NOT an I-map of G*) ====
  Under the corrected sepset regime this population is expected EMPTY; an entry
  here is a defect. The witness CI below is the proof of the violation.
  model                 : PAG#18089
  extra (spurious) edges: [V1 o-o V5, V2 o-o V4]  (k=2)
  WITNESS (holds in H0, fails in G*): V1 _||_ V2 | [V4, V5]   (m-separated in H0's MAG, m-connected in G*)
  true PAG G* (over observed):
Graph Nodes:
V1;V2;V3;V4;V5

Graph Edges:
1. V3 <-> V1
2. V3 <-> V2
3. V3 --> V5
4. V4 o-> V1
5. V4 o-> V5
6. V5 <-> V2


  H0 (legal PAG = G* + spurious, cold-reoriented):
Graph Nodes:
V1;V2;V3;V4;V5

Graph Edges:
1. V2 o-> V3
2. V2 o-o V4
3. V2 o-> V5
4. V3 <-> V1
5. V4 --> V1
6. V4 o-> V5
7. V5 --> V1
8. V5 <-> V3



==== NON-I-MAP H0 (cold reorient of G*+spurious is NOT an I-map of G*) ====
  Under the corrected sepset regime this population is expected EMPTY; an entry
  here is a defect. The witness CI below is the proof of the violation.
  model                 : PAG#18095
  extra (spurious) edges: [V2 o-o V5, V3 o-o V5]  (k=2)
  WITNESS (holds in H0, fails in G*): V2 _||_ V4 | [V5]   (m-separated in H0's MAG, m-connected in G*)
  true PAG G* (over observed):
Graph Nodes:
V1;V2;V3;V4;V5

Graph Edges:
1. V1 --> V5
2. V2 <-> V1
3. V3 o-> V2
4. V4 o-> V1
5. V4 --> V5


  H0 (legal PAG = G* + spurious, cold-reoriented):
Graph Nodes:
V1;V2;V3;V4;V5

Graph Edges:
1. V2 <-> V1
2. V3 o-> V2
3. V3 o-o V5
4. V4 o-> V1
5. V4 o-o V5
6. V5 o-> V1
7. V5 o-> V2



==== NON-I-MAP H0 (cold reorient of G*+spurious is NOT an I-map of G*) ====
  Under the corrected sepset regime this population is expected EMPTY; an entry
  here is a defect. The witness CI below is the proof of the violation.
  model                 : PAG#18112
  extra (spurious) edges: [V1 o-o V4, V1 o-o V5]  (k=2)
  WITNESS (holds in H0, fails in G*): V3 _||_ V4 | [V1]   (m-separated in H0's MAG, m-connected in G*)
  true PAG G* (over observed):
Graph Nodes:
V1;V2;V3;V4;V5

Graph Edges:
1. V2 --> V1
2. V3 o-> V1
3. V4 o-> V2
4. V5 o-> V2


  H0 (legal PAG = G* + spurious, cold-reoriented):
Graph Nodes:
V1;V2;V3;V4;V5

Graph Edges:
1. V1 <-> V2
2. V1 --> V4
3. V1 --> V5
4. V2 <-> V4
5. V2 <-> V5
6. V3 o-> V1



==== NON-I-MAP H0 (cold reorient of G*+spurious is NOT an I-map of G*) ====
  Under the corrected sepset regime this population is expected EMPTY; an entry
  here is a defect. The witness CI below is the proof of the violation.
  model                 : PAG#18137
  extra (spurious) edges: [V2 o-o V3, V3 o-o V5]  (k=2)
  WITNESS (holds in H0, fails in G*): V2 _||_ V4 | [V3]   (m-separated in H0's MAG, m-connected in G*)
  true PAG G* (over observed):
Graph Nodes:
V1;V2;V3;V4;V5

Graph Edges:
1. V1 <-> V2
2. V1 --> V3
3. V1 <-> V4
4. V1 --> V5
5. V2 <-> V5
6. V3 <-> V4


  H0 (legal PAG = G* + spurious, cold-reoriented):
Graph Nodes:
V1;V2;V3;V4;V5

Graph Edges:
1. V1 <-> V2
2. V1 --> V5
3. V2 <-> V5
4. V3 o-> V1
5. V3 o-> V2
6. V3 o-o V4
7. V3 --> V5
8. V4 o-> V1



==== NON-I-MAP H0 (cold reorient of G*+spurious is NOT an I-map of G*) ====
  Under the corrected sepset regime this population is expected EMPTY; an entry
  here is a defect. The witness CI below is the proof of the violation.
  model                 : PAG#18137
  extra (spurious) edges: [V3 o-o V5, V4 o-o V5]  (k=2)
  WITNESS (holds in H0, fails in G*): V2 _||_ V4 | [V5]   (m-separated in H0's MAG, m-connected in G*)
  true PAG G* (over observed):
Graph Nodes:
V1;V2;V3;V4;V5

Graph Edges:
1. V1 <-> V2
2. V1 --> V3
3. V1 <-> V4
4. V1 --> V5
5. V2 <-> V5
6. V3 <-> V4


  H0 (legal PAG = G* + spurious, cold-reoriented):
Graph Nodes:
V1;V2;V3;V4;V5

Graph Edges:
1. V1 --> V3
2. V1 <-> V4
3. V2 o-> V1
4. V2 o-o V5
5. V3 <-> V4
6. V5 o-> V1
7. V5 --> V3
8. V5 o-> V4



==== NON-I-MAP H0 (cold reorient of G*+spurious is NOT an I-map of G*) ====
  Under the corrected sepset regime this population is expected EMPTY; an entry
  here is a defect. The witness CI below is the proof of the violation.
  model                 : PAG#18177
  extra (spurious) edges: [V1 o-o V2, V1 o-o V3]  (k=2)
  WITNESS (holds in H0, fails in G*): V3 _||_ V4 | [V1]   (m-separated in H0's MAG, m-connected in G*)
  true PAG G* (over observed):
Graph Nodes:
V1;V2;V3;V4;V5

Graph Edges:
1. V2 o-o V3
2. V2 o-o V4
3. V3 o-> V5
4. V4 o-> V1
5. V5 <-> V1


  H0 (legal PAG = G* + spurious, cold-reoriented):
Graph Nodes:
V1;V2;V3;V4;V5

Graph Edges:
1. V1 --> V2
2. V1 --> V3
3. V1 <-> V5
4. V3 --> V2
5. V4 o-> V1
6. V4 --> V2
7. V5 <-> V3



==== NON-I-MAP H0 (cold reorient of G*+spurious is NOT an I-map of G*) ====
  Under the corrected sepset regime this population is expected EMPTY; an entry
  here is a defect. The witness CI below is the proof of the violation.
  model                 : PAG#18177
  extra (spurious) edges: [V2 o-o V5, V4 o-o V5]  (k=2)
  WITNESS (holds in H0, fails in G*): V1 _||_ V3 | []   (m-separated in H0's MAG, m-connected in G*)
  true PAG G* (over observed):
Graph Nodes:
V1;V2;V3;V4;V5

Graph Edges:
1. V2 o-o V3
2. V2 o-o V4
3. V3 o-> V5
4. V4 o-> V1
5. V5 <-> V1


  H0 (legal PAG = G* + spurious, cold-reoriented):
Graph Nodes:
V1;V2;V3;V4;V5

Graph Edges:
1. V1 <-> V4
2. V1 <-> V5
3. V3 --> V2
4. V3 o-> V5
5. V4 --> V2
6. V5 --> V2
7. V5 --> V4



==== NON-I-MAP H0 (cold reorient of G*+spurious is NOT an I-map of G*) ====
  Under the corrected sepset regime this population is expected EMPTY; an entry
  here is a defect. The witness CI below is the proof of the violation.
  model                 : PAG#18205
  extra (spurious) edges: [V1 o-o V5, V3 o-o V5]  (k=2)
  WITNESS (holds in H0, fails in G*): V1 _||_ V2 | [V4, V5]   (m-separated in H0's MAG, m-connected in G*)
  true PAG G* (over observed):
Graph Nodes:
V1;V2;V3;V4;V5

Graph Edges:
1. V1 o-o V4
2. V2 o-o V3
3. V2 --> V5
4. V3 o-o V1
5. V4 --> V5


  H0 (legal PAG = G* + spurious, cold-reoriented):
Graph Nodes:
V1;V2;V3;V4;V5

Graph Edges:
1. V1 --> V3
2. V2 --> V3
3. V2 o-> V5
4. V4 --> V1
5. V4 o-> V5
6. V5 --> V1
7. V5 --> V3



==== NON-I-MAP H0 (cold reorient of G*+spurious is NOT an I-map of G*) ====
  Under the corrected sepset regime this population is expected EMPTY; an entry
  here is a defect. The witness CI below is the proof of the violation.
  model                 : PAG#18213
  extra (spurious) edges: [V1 o-o V5, V2 o-o V4]  (k=2)
  WITNESS (holds in H0, fails in G*): V1 _||_ V2 | [V4, V5]   (m-separated in H0's MAG, m-connected in G*)
  true PAG G* (over observed):
Graph Nodes:
V1;V2;V3;V4;V5

Graph Edges:
1. V2 o-> V3
2. V2 o-o V5
3. V3 <-> V1
4. V3 --> V4
5. V4 <-> V1
6. V5 --> V4


  H0 (legal PAG = G* + spurious, cold-reoriented):
Graph Nodes:
V1;V2;V3;V4;V5

Graph Edges:
1. V1 o-> V3
2. V1 o-> V4
3. V1 o-o V5
4. V3 <-> V2
5. V4 --> V2
6. V4 <-> V3
7. V5 --> V2
8. V5 o-> V4



==== NON-I-MAP H0 (cold reorient of G*+spurious is NOT an I-map of G*) ====
  Under the corrected sepset regime this population is expected EMPTY; an entry
  here is a defect. The witness CI below is the proof of the violation.
  model                 : PAG#18246
  extra (spurious) edges: [V1 o-o V5, V2 o-o V5, V3 o-o V5]  (k=3)
  WITNESS (holds in H0, fails in G*): V1 _||_ V2 | [V3, V5]   (m-separated in H0's MAG, m-connected in G*)
  true PAG G* (over observed):
Graph Nodes:
V1;V2;V3;V4;V5

Graph Edges:
1. V1 o-> V4
2. V2 o-> V3
3. V4 <-> V3
4. V4 --> V5


  H0 (legal PAG = G* + spurious, cold-reoriented):
Graph Nodes:
V1;V2;V3;V4;V5

Graph Edges:
1. V1 o-> V4
2. V1 o-o V5
3. V2 o-> V3
4. V2 o-o V5
5. V3 <-> V4
6. V5 o-> V3
7. V5 o-> V4



==== NON-I-MAP H0 (cold reorient of G*+spurious is NOT an I-map of G*) ====
  Under the corrected sepset regime this population is expected EMPTY; an entry
  here is a defect. The witness CI below is the proof of the violation.
  model                 : PAG#18257
  extra (spurious) edges: [V2 o-o V5, V4 o-o V5]  (k=2)
  WITNESS (holds in H0, fails in G*): V1 _||_ V2 | [V5]   (m-separated in H0's MAG, m-connected in G*)
  true PAG G* (over observed):
Graph Nodes:
V1;V2;V3;V4;V5

Graph Edges:
1. V1 o-> V3
2. V1 --> V5
3. V3 <-> V2
4. V3 --> V4
5. V3 --> V5
6. V4 <-> V2


  H0 (legal PAG = G* + spurious, cold-reoriented):
Graph Nodes:
V1;V2;V3;V4;V5

Graph Edges:
1. V1 o-> V3
2. V1 o-o V5
3. V3 <-> V2
4. V3 --> V4
5. V4 <-> V2
6. V5 o-> V2
7. V5 o-> V3
8. V5 --> V4



==== NON-I-MAP H0 (cold reorient of G*+spurious is NOT an I-map of G*) ====
  Under the corrected sepset regime this population is expected EMPTY; an entry
  here is a defect. The witness CI below is the proof of the violation.
  model                 : PAG#18308
  extra (spurious) edges: [V1 o-o V3, V4 o-o V5]  (k=2)
  WITNESS (holds in H0, fails in G*): V1 _||_ V2 | [V3]   (m-separated in H0's MAG, m-connected in G*)
  true PAG G* (over observed):
Graph Nodes:
V1;V2;V3;V4;V5

Graph Edges:
1. V1 o-o V4
2. V1 --> V5
3. V2 <-> V3
4. V2 --> V5
5. V4 o-> V2
6. V5 <-> V3


  H0 (legal PAG = G* + spurious, cold-reoriented):
Graph Nodes:
V1;V2;V3;V4;V5

Graph Edges:
1. V1 o-o V3
2. V1 --> V4
3. V1 o-> V5
4. V2 <-> V4
5. V3 o-> V2
6. V3 o-> V5
7. V5 <-> V2
8. V5 --> V4



==== NON-I-MAP H0 (cold reorient of G*+spurious is NOT an I-map of G*) ====
  Under the corrected sepset regime this population is expected EMPTY; an entry
  here is a defect. The witness CI below is the proof of the violation.
  model                 : PAG#18317
  extra (spurious) edges: [V1 o-o V5, V2 o-o V5]  (k=2)
  WITNESS (holds in H0, fails in G*): V2 _||_ V4 | [V5]   (m-separated in H0's MAG, m-connected in G*)
  true PAG G* (over observed):
Graph Nodes:
V1;V2;V3;V4;V5

Graph Edges:
1. V2 <-> V1
2. V3 --> V1
3. V3 <-> V2
4. V3 --> V5
5. V4 o-> V3
6. V4 --> V5


  H0 (legal PAG = G* + spurious, cold-reoriented):
Graph Nodes:
V1;V2;V3;V4;V5

Graph Edges:
1. V2 <-> V1
2. V3 --> V1
3. V3 <-> V2
4. V4 o-> V3
5. V4 o-o V5
6. V5 --> V1
7. V5 o-> V2
8. V5 o-> V3



==== NON-I-MAP H0 (cold reorient of G*+spurious is NOT an I-map of G*) ====
  Under the corrected sepset regime this population is expected EMPTY; an entry
  here is a defect. The witness CI below is the proof of the violation.
  model                 : PAG#18328
  extra (spurious) edges: [V1 o-o V3, V2 o-o V3]  (k=2)
  WITNESS (holds in H0, fails in G*): V1 _||_ V4 | [V3]   (m-separated in H0's MAG, m-connected in G*)
  true PAG G* (over observed):
Graph Nodes:
V1;V2;V3;V4;V5

Graph Edges:
1. V1 o-o V2
2. V1 o-> V5
3. V2 o-o V4
4. V4 o-> V3
5. V5 <-> V3


  H0 (legal PAG = G* + spurious, cold-reoriented):
Graph Nodes:
V1;V2;V3;V4;V5

Graph Edges:
1. V1 --> V2
2. V3 --> V1
3. V3 --> V2
4. V4 --> V2
5. V4 o-> V3
6. V5 <-> V1
7. V5 <-> V3



==== NON-I-MAP H0 (cold reorient of G*+spurious is NOT an I-map of G*) ====
  Under the corrected sepset regime this population is expected EMPTY; an entry
  here is a defect. The witness CI below is the proof of the violation.
  model                 : PAG#18328
  extra (spurious) edges: [V2 o-o V5, V4 o-o V5]  (k=2)
  WITNESS (holds in H0, fails in G*): V1 _||_ V3 | []   (m-separated in H0's MAG, m-connected in G*)
  true PAG G* (over observed):
Graph Nodes:
V1;V2;V3;V4;V5

Graph Edges:
1. V1 o-o V2
2. V1 o-> V5
3. V2 o-o V4
4. V4 o-> V3
5. V5 <-> V3


  H0 (legal PAG = G* + spurious, cold-reoriented):
Graph Nodes:
V1;V2;V3;V4;V5

Graph Edges:
1. V1 --> V2
2. V1 o-> V5
3. V3 <-> V4
4. V4 --> V2
5. V5 --> V2
6. V5 <-> V3
7. V5 --> V4



==== NON-I-MAP H0 (cold reorient of G*+spurious is NOT an I-map of G*) ====
  Under the corrected sepset regime this population is expected EMPTY; an entry
  here is a defect. The witness CI below is the proof of the violation.
  model                 : PAG#18353
  extra (spurious) edges: [V2 o-o V5, V3 o-o V5]  (k=2)
  WITNESS (holds in H0, fails in G*): V3 _||_ V4 | [V2, V5]   (m-separated in H0's MAG, m-connected in G*)
  true PAG G* (over observed):
Graph Nodes:
V1;V2;V3;V4;V5

Graph Edges:
1. V1 --> V5
2. V2 o-o V3
3. V2 o-o V4
4. V3 --> V1
5. V4 --> V1
6. V4 --> V5


  H0 (legal PAG = G* + spurious, cold-reoriented):
Graph Nodes:
V1;V2;V3;V4;V5

Graph Edges:
1. V2 o-o V3
2. V2 o-o V4
3. V2 o-o V5
4. V3 --> V1
5. V3 o-o V5
6. V4 --> V1
7. V4 o-o V5
8. V5 --> V1



==== NON-I-MAP H0 (cold reorient of G*+spurious is NOT an I-map of G*) ====
  Under the corrected sepset regime this population is expected EMPTY; an entry
  here is a defect. The witness CI below is the proof of the violation.
  model                 : PAG#18381
  extra (spurious) edges: [V1 o-o V3, V3 o-o V4]  (k=2)
  WITNESS (holds in H0, fails in G*): V4 _||_ V5 | [V1, V3]   (m-separated in H0's MAG, m-connected in G*)
  true PAG G* (over observed):
Graph Nodes:
V1;V2;V3;V4;V5

Graph Edges:
1. V1 o-o V4
2. V1 o-o V5
3. V2 --> V3
4. V4 --> V2
5. V5 --> V2
6. V5 --> V3


  H0 (legal PAG = G* + spurious, cold-reoriented):
Graph Nodes:
V1;V2;V3;V4;V5

Graph Edges:
1. V1 o-o V3
2. V1 o-o V4
3. V1 o-o V5
4. V3 --> V2
5. V3 o-o V4
6. V4 --> V2
7. V5 --> V2
8. V5 o-o V3



==== NON-I-MAP H0 (cold reorient of G*+spurious is NOT an I-map of G*) ====
  Under the corrected sepset regime this population is expected EMPTY; an entry
  here is a defect. The witness CI below is the proof of the violation.
  model                 : PAG#18428
  extra (spurious) edges: [V1 o-o V3, V3 o-o V5]  (k=2)
  WITNESS (holds in H0, fails in G*): V2 _||_ V4 | []   (m-separated in H0's MAG, m-connected in G*)
  true PAG G* (over observed):
Graph Nodes:
V1;V2;V3;V4;V5

Graph Edges:
1. V1 o-o V2
2. V1 o-o V5
3. V2 o-> V3
4. V3 <-> V4
5. V5 o-> V4


  H0 (legal PAG = G* + spurious, cold-reoriented):
Graph Nodes:
V1;V2;V3;V4;V5

Graph Edges:
1. V2 --> V1
2. V2 o-> V3
3. V3 --> V1
4. V3 --> V5
5. V4 <-> V3
6. V4 <-> V5
7. V5 --> V1



==== NON-I-MAP H0 (cold reorient of G*+spurious is NOT an I-map of G*) ====
  Under the corrected sepset regime this population is expected EMPTY; an entry
  here is a defect. The witness CI below is the proof of the violation.
  model                 : PAG#18428
  extra (spurious) edges: [V1 o-o V4, V2 o-o V4]  (k=2)
  WITNESS (holds in H0, fails in G*): V2 _||_ V5 | [V4]   (m-separated in H0's MAG, m-connected in G*)
  true PAG G* (over observed):
Graph Nodes:
V1;V2;V3;V4;V5

Graph Edges:
1. V1 o-o V2
2. V1 o-o V5
3. V2 o-> V3
4. V3 <-> V4
5. V5 o-> V4


  H0 (legal PAG = G* + spurious, cold-reoriented):
Graph Nodes:
V1;V2;V3;V4;V5

Graph Edges:
1. V2 --> V1
2. V3 <-> V2
3. V4 --> V1
4. V4 --> V2
5. V4 <-> V3
6. V5 --> V1
7. V5 o-> V4



==== NON-I-MAP H0 (cold reorient of G*+spurious is NOT an I-map of G*) ====
  Under the corrected sepset regime this population is expected EMPTY; an entry
  here is a defect. The witness CI below is the proof of the violation.
  model                 : PAG#18434
  extra (spurious) edges: [V3 o-o V5, V4 o-o V5]  (k=2)
  WITNESS (holds in H0, fails in G*): V1 _||_ V3 | [V5]   (m-separated in H0's MAG, m-connected in G*)
  true PAG G* (over observed):
Graph Nodes:
V1;V2;V3;V4;V5

Graph Edges:
1. V1 o-> V2
2. V1 --> V5
3. V2 --> V5
4. V3 <-> V2
5. V4 o-> V3


  H0 (legal PAG = G* + spurious, cold-reoriented):
Graph Nodes:
V1;V2;V3;V4;V5

Graph Edges:
1. V1 o-> V2
2. V1 o-o V5
3. V2 <-> V3
4. V4 o-> V3
5. V4 o-o V5
6. V5 o-> V2
7. V5 o-> V3



==== NON-I-MAP H0 (cold reorient of G*+spurious is NOT an I-map of G*) ====
  Under the corrected sepset regime this population is expected EMPTY; an entry
  here is a defect. The witness CI below is the proof of the violation.
  model                 : PAG#18459
  extra (spurious) edges: [V1 o-o V2, V2 o-o V3]  (k=2)
  WITNESS (holds in H0, fails in G*): V1 _||_ V4 | [V2, V3]   (m-separated in H0's MAG, m-connected in G*)
  true PAG G* (over observed):
Graph Nodes:
V1;V2;V3;V4;V5

Graph Edges:
1. V1 o-> V3
2. V2 <-> V4
3. V3 <-> V5
4. V5 --> V2
5. V5 <-> V4


  H0 (legal PAG = G* + spurious, cold-reoriented):
Graph Nodes:
V1;V2;V3;V4;V5

Graph Edges:
1. V1 o-o V2
2. V1 o-> V3
3. V2 o-> V3
4. V2 o-o V4
5. V2 o-> V5
6. V4 o-> V5
7. V5 <-> V3



==== NON-I-MAP H0 (cold reorient of G*+spurious is NOT an I-map of G*) ====
  Under the corrected sepset regime this population is expected EMPTY; an entry
  here is a defect. The witness CI below is the proof of the violation.
  model                 : PAG#18463
  extra (spurious) edges: [V2 o-o V5, V3 o-o V5]  (k=2)
  WITNESS (holds in H0, fails in G*): V2 _||_ V4 | [V3, V5]   (m-separated in H0's MAG, m-connected in G*)
  true PAG G* (over observed):
Graph Nodes:
V1;V2;V3;V4;V5

Graph Edges:
1. V1 --> V5
2. V2 --> V1
3. V3 o-o V2
4. V4 --> V1
5. V4 o-o V3
6. V4 --> V5


  H0 (legal PAG = G* + spurious, cold-reoriented):
Graph Nodes:
V1;V2;V3;V4;V5

Graph Edges:
1. V2 --> V1
2. V2 o-o V5
3. V3 o-o V2
4. V3 o-o V5
5. V4 --> V1
6. V4 o-o V3
7. V4 o-o V5
8. V5 --> V1



==== NON-I-MAP H0 (cold reorient of G*+spurious is NOT an I-map of G*) ====
  Under the corrected sepset regime this population is expected EMPTY; an entry
  here is a defect. The witness CI below is the proof of the violation.
  model                 : PAG#18620
  extra (spurious) edges: [V2 o-o V4, V2 o-o V5]  (k=2)
  WITNESS (holds in H0, fails in G*): V1 _||_ V5 | [V2, V4]   (m-separated in H0's MAG, m-connected in G*)
  true PAG G* (over observed):
Graph Nodes:
V1;V2;V3;V4;V5

Graph Edges:
1. V1 <-> V2
2. V3 <-> V1
3. V3 --> V2
4. V3 <-> V5
5. V4 o-> V1
6. V4 o-> V5


  H0 (legal PAG = G* + spurious, cold-reoriented):
Graph Nodes:
V1;V2;V3;V4;V5

Graph Edges:
1. V2 o-> V1
2. V2 o-> V3
3. V2 o-o V4
4. V2 o-> V5
5. V3 <-> V1
6. V4 o-> V1
7. V4 o-> V5
8. V5 <-> V3



==== NON-I-MAP H0 (cold reorient of G*+spurious is NOT an I-map of G*) ====
  Under the corrected sepset regime this population is expected EMPTY; an entry
  here is a defect. The witness CI below is the proof of the violation.
  model                 : PAG#18677
  extra (spurious) edges: [V2 o-o V5, V4 o-o V5]  (k=2)
  WITNESS (holds in H0, fails in G*): V3 _||_ V4 | [V2, V5]   (m-separated in H0's MAG, m-connected in G*)
  true PAG G* (over observed):
Graph Nodes:
V1;V2;V3;V4;V5

Graph Edges:
1. V1 --> V5
2. V2 o-o V3
3. V2 o-> V4
4. V3 o-> V1
5. V3 --> V5
6. V4 <-> V1


  H0 (legal PAG = G* + spurious, cold-reoriented):
Graph Nodes:
V1;V2;V3;V4;V5

Graph Edges:
1. V2 o-o V3
2. V2 o-> V4
3. V2 o-o V5
4. V3 o-> V1
5. V3 o-o V5
6. V4 <-> V1
7. V5 o-> V1
8. V5 o-> V4



==== NON-I-MAP H0 (cold reorient of G*+spurious is NOT an I-map of G*) ====
  Under the corrected sepset regime this population is expected EMPTY; an entry
  here is a defect. The witness CI below is the proof of the violation.
  model                 : PAG#18691
  extra (spurious) edges: [V1 o-o V4, V2 o-o V4]  (k=2)
  WITNESS (holds in H0, fails in G*): V1 _||_ V3 | [V4]   (m-separated in H0's MAG, m-connected in G*)
  true PAG G* (over observed):
Graph Nodes:
V1;V2;V3;V4;V5

Graph Edges:
1. V1 o-o V2
2. V1 o-> V5
3. V2 o-o V3
4. V3 o-> V4
5. V5 <-> V4


  H0 (legal PAG = G* + spurious, cold-reoriented):
Graph Nodes:
V1;V2;V3;V4;V5

Graph Edges:
1. V1 --> V2
2. V3 --> V2
3. V3 o-> V4
4. V4 --> V1
5. V4 --> V2
6. V4 <-> V5
7. V5 <-> V1



==== NON-I-MAP H0 (cold reorient of G*+spurious is NOT an I-map of G*) ====
  Under the corrected sepset regime this population is expected EMPTY; an entry
  here is a defect. The witness CI below is the proof of the violation.
  model                 : PAG#18691
  extra (spurious) edges: [V2 o-o V5, V3 o-o V5]  (k=2)
  WITNESS (holds in H0, fails in G*): V1 _||_ V3 | [V5]   (m-separated in H0's MAG, m-connected in G*)
  true PAG G* (over observed):
Graph Nodes:
V1;V2;V3;V4;V5

Graph Edges:
1. V1 o-o V2
2. V1 o-> V5
3. V2 o-o V3
4. V3 o-> V4
5. V5 <-> V4


  H0 (legal PAG = G* + spurious, cold-reoriented):
Graph Nodes:
V1;V2;V3;V4;V5

Graph Edges:
1. V1 --> V2
2. V1 o-> V5
3. V3 --> V2
4. V4 <-> V3
5. V4 <-> V5
6. V5 --> V2
7. V5 --> V3



==== NON-I-MAP H0 (cold reorient of G*+spurious is NOT an I-map of G*) ====
  Under the corrected sepset regime this population is expected EMPTY; an entry
  here is a defect. The witness CI below is the proof of the violation.
  model                 : PAG#18700
  extra (spurious) edges: [V1 o-o V5, V2 o-o V5]  (k=2)
  WITNESS (holds in H0, fails in G*): V1 _||_ V3 | [V2, V5]   (m-separated in H0's MAG, m-connected in G*)
  true PAG G* (over observed):
Graph Nodes:
V1;V2;V3;V4;V5

Graph Edges:
1. V2 o-> V1
2. V2 o-> V3
3. V3 <-> V5
4. V4 <-> V1
5. V4 <-> V3
6. V4 --> V5


  H0 (legal PAG = G* + spurious, cold-reoriented):
Graph Nodes:
V1;V2;V3;V4;V5

Graph Edges:
1. V1 <-> V4
2. V2 o-> V1
3. V2 o-> V3
4. V2 o-o V5
5. V3 <-> V4
6. V5 o-> V1
7. V5 o-> V3
8. V5 o-> V4



==== NON-I-MAP H0 (cold reorient of G*+spurious is NOT an I-map of G*) ====
  Under the corrected sepset regime this population is expected EMPTY; an entry
  here is a defect. The witness CI below is the proof of the violation.
  model                 : PAG#18715
  extra (spurious) edges: [V2 o-o V5, V4 o-o V5]  (k=2)
  WITNESS (holds in H0, fails in G*): V1 _||_ V2 | [V3, V5]   (m-separated in H0's MAG, m-connected in G*)
  true PAG G* (over observed):
Graph Nodes:
V1;V2;V3;V4;V5

Graph Edges:
1. V1 --> V5
2. V2 o-o V3
3. V2 o-o V4
4. V3 --> V5
5. V4 o-o V1


  H0 (legal PAG = G* + spurious, cold-reoriented):
Graph Nodes:
V1;V2;V3;V4;V5

Graph Edges:
1. V1 --> V4
2. V1 o-> V5
3. V2 --> V4
4. V3 --> V2
5. V3 o-> V5
6. V5 --> V2
7. V5 --> V4



==== NON-I-MAP H0 (cold reorient of G*+spurious is NOT an I-map of G*) ====
  Under the corrected sepset regime this population is expected EMPTY; an entry
  here is a defect. The witness CI below is the proof of the violation.
  model                 : PAG#18753
  extra (spurious) edges: [V2 o-o V4, V2 o-o V5]  (k=2)
  WITNESS (holds in H0, fails in G*): V3 _||_ V5 | [V2, V4]   (m-separated in H0's MAG, m-connected in G*)
  true PAG G* (over observed):
Graph Nodes:
V1;V2;V3;V4;V5

Graph Edges:
1. V1 --> V2
2. V3 --> V1
3. V3 --> V2
4. V4 o-o V3
5. V5 --> V1
6. V5 o-o V4


  H0 (legal PAG = G* + spurious, cold-reoriented):
Graph Nodes:
V1;V2;V3;V4;V5

Graph Edges:
1. V2 --> V1
2. V2 o-o V4
3. V2 o-o V5
4. V3 --> V1
5. V3 o-o V2
6. V4 o-o V3
7. V5 --> V1
8. V5 o-o V4



==== NON-I-MAP H0 (cold reorient of G*+spurious is NOT an I-map of G*) ====
  Under the corrected sepset regime this population is expected EMPTY; an entry
  here is a defect. The witness CI below is the proof of the violation.
  model                 : PAG#18833
  extra (spurious) edges: [V2 o-o V4, V2 o-o V5]  (k=2)
  WITNESS (holds in H0, fails in G*): V1 _||_ V3 | []   (m-separated in H0's MAG, m-connected in G*)
  true PAG G* (over observed):
Graph Nodes:
V1;V2;V3;V4;V5

Graph Edges:
1. V1 --> V2
2. V1 o-o V4
3. V3 --> V2
4. V4 o-o V5
5. V5 o-o V3


  H0 (legal PAG = G* + spurious, cold-reoriented):
Graph Nodes:
V1;V2;V3;V4;V5

Graph Edges:
1. V1 o-> V2
2. V1 --> V4
3. V2 --> V4
4. V2 --> V5
5. V3 o-> V2
6. V3 --> V5
7. V5 --> V4



==== NON-I-MAP H0 (cold reorient of G*+spurious is NOT an I-map of G*) ====
  Under the corrected sepset regime this population is expected EMPTY; an entry
  here is a defect. The witness CI below is the proof of the violation.
  model                 : PAG#18858
  extra (spurious) edges: [V3 o-o V4, V4 o-o V5]  (k=2)
  WITNESS (holds in H0, fails in G*): V2 _||_ V5 | [V3, V4]   (m-separated in H0's MAG, m-connected in G*)
  true PAG G* (over observed):
Graph Nodes:
V1;V2;V3;V4;V5

Graph Edges:
1. V1 --> V4
2. V2 --> V1
3. V2 o-o V3
4. V2 --> V4
5. V3 o-o V5
6. V5 --> V1


  H0 (legal PAG = G* + spurious, cold-reoriented):
Graph Nodes:
V1;V2;V3;V4;V5

Graph Edges:
1. V2 --> V1
2. V2 o-o V3
3. V2 o-o V4
4. V3 o-o V4
5. V3 o-o V5
6. V4 --> V1
7. V4 o-o V5
8. V5 --> V1



==== NON-I-MAP H0 (cold reorient of G*+spurious is NOT an I-map of G*) ====
  Under the corrected sepset regime this population is expected EMPTY; an entry
  here is a defect. The witness CI below is the proof of the violation.
  model                 : PAG#18934
  extra (spurious) edges: [V1 o-o V2, V1 o-o V3]  (k=2)
  WITNESS (holds in H0, fails in G*): V2 _||_ V5 | [V1, V3]   (m-separated in H0's MAG, m-connected in G*)
  true PAG G* (over observed):
Graph Nodes:
V1;V2;V3;V4;V5

Graph Edges:
1. V2 o-o V3
2. V2 --> V4
3. V3 o-o V5
4. V4 --> V1
5. V5 --> V1
6. V5 --> V4


  H0 (legal PAG = G* + spurious, cold-reoriented):
Graph Nodes:
V1;V2;V3;V4;V5

Graph Edges:
1. V1 o-o V2
2. V1 o-o V3
3. V1 --> V4
4. V2 o-o V3
5. V2 --> V4
6. V3 o-o V5
7. V5 o-o V1
8. V5 --> V4



==== NON-I-MAP H0 (cold reorient of G*+spurious is NOT an I-map of G*) ====
  Under the corrected sepset regime this population is expected EMPTY; an entry
  here is a defect. The witness CI below is the proof of the violation.
  model                 : PAG#18945
  extra (spurious) edges: [V1 o-o V4, V2 o-o V4]  (k=2)
  WITNESS (holds in H0, fails in G*): V1 _||_ V2 | [V4]   (m-separated in H0's MAG, m-connected in G*)
  true PAG G* (over observed):
Graph Nodes:
V1;V2;V3;V4;V5

Graph Edges:
1. V1 o-> V5
2. V2 o-> V5
3. V3 o-> V4
4. V5 --> V4


  H0 (legal PAG = G* + spurious, cold-reoriented):
Graph Nodes:
V1;V2;V3;V4;V5

Graph Edges:
1. V3 o-> V4
2. V4 --> V1
3. V4 --> V2
4. V4 <-> V5
5. V5 <-> V1
6. V5 <-> V2



==== NON-I-MAP H0 (cold reorient of G*+spurious is NOT an I-map of G*) ====
  Under the corrected sepset regime this population is expected EMPTY; an entry
  here is a defect. The witness CI below is the proof of the violation.
  model                 : PAG#18968
  extra (spurious) edges: [V3 o-o V4, V4 o-o V5]  (k=2)
  WITNESS (holds in H0, fails in G*): V2 _||_ V3 | [V4]   (m-separated in H0's MAG, m-connected in G*)
  true PAG G* (over observed):
Graph Nodes:
V1;V2;V3;V4;V5

Graph Edges:
1. V1 --> V4
2. V2 o-> V1
3. V2 --> V4
4. V3 <-> V1
5. V5 o-> V3


  H0 (legal PAG = G* + spurious, cold-reoriented):
Graph Nodes:
V1;V2;V3;V4;V5

Graph Edges:
1. V2 o-> V1
2. V2 o-o V4
3. V3 <-> V1
4. V4 o-> V1
5. V4 o-> V3
6. V4 o-o V5
7. V5 o-> V3



==== NON-I-MAP H0 (cold reorient of G*+spurious is NOT an I-map of G*) ====
  Under the corrected sepset regime this population is expected EMPTY; an entry
  here is a defect. The witness CI below is the proof of the violation.
  model                 : PAG#18981
  extra (spurious) edges: [V2 o-o V5, V4 o-o V5]  (k=2)
  WITNESS (holds in H0, fails in G*): V3 _||_ V4 | [V2, V5]   (m-separated in H0's MAG, m-connected in G*)
  true PAG G* (over observed):
Graph Nodes:
V1;V2;V3;V4;V5

Graph Edges:
1. V1 --> V5
2. V2 o-o V3
3. V2 o-o V4
4. V3 --> V1
5. V3 --> V5
6. V4 --> V1


  H0 (legal PAG = G* + spurious, cold-reoriented):
Graph Nodes:
V1;V2;V3;V4;V5

Graph Edges:
1. V2 o-o V3
2. V2 o-o V4
3. V2 o-o V5
4. V3 --> V1
5. V3 o-o V5
6. V4 --> V1
7. V4 o-o V5
8. V5 --> V1



==== NON-I-MAP H0 (cold reorient of G*+spurious is NOT an I-map of G*) ====
  Under the corrected sepset regime this population is expected EMPTY; an entry
  here is a defect. The witness CI below is the proof of the violation.
  model                 : PAG#18990
  extra (spurious) edges: [V3 o-o V5, V4 o-o V5]  (k=2)
  WITNESS (holds in H0, fails in G*): V2 _||_ V3 | [V5]   (m-separated in H0's MAG, m-connected in G*)
  true PAG G* (over observed):
Graph Nodes:
V1;V2;V3;V4;V5

Graph Edges:
1. V1 --> V5
2. V2 o-> V1
3. V2 --> V5
4. V3 <-> V1
5. V4 o-> V3


  H0 (legal PAG = G* + spurious, cold-reoriented):
Graph Nodes:
V1;V2;V3;V4;V5

Graph Edges:
1. V2 o-> V1
2. V2 o-o V5
3. V3 <-> V1
4. V4 o-> V3
5. V4 o-o V5
6. V5 o-> V1
7. V5 o-> V3



==== NON-I-MAP H0 (cold reorient of G*+spurious is NOT an I-map of G*) ====
  Under the corrected sepset regime this population is expected EMPTY; an entry
  here is a defect. The witness CI below is the proof of the violation.
  model                 : PAG#19015
  extra (spurious) edges: [V2 o-o V4, V3 o-o V5]  (k=2)
  WITNESS (holds in H0, fails in G*): V2 _||_ V5 | [V3, V4]   (m-separated in H0's MAG, m-connected in G*)
  true PAG G* (over observed):
Graph Nodes:
V1;V2;V3;V4;V5

Graph Edges:
1. V1 --> V4
2. V1 <-> V5
3. V2 <-> V1
4. V3 o-> V2
5. V3 o-> V4
6. V4 <-> V5


  H0 (legal PAG = G* + spurious, cold-reoriented):
Graph Nodes:
V1;V2;V3;V4;V5

Graph Edges:
1. V1 <-> V2
2. V3 --> V2
3. V3 o-> V4
4. V3 o-o V5
5. V4 <-> V1
6. V4 --> V2
7. V5 o-> V1
8. V5 o-> V4



==== NON-I-MAP H0 (cold reorient of G*+spurious is NOT an I-map of G*) ====
  Under the corrected sepset regime this population is expected EMPTY; an entry
  here is a defect. The witness CI below is the proof of the violation.
  model                 : PAG#19027
  extra (spurious) edges: [V1 o-o V5, V2 o-o V5, V4 o-o V5]  (k=3)
  WITNESS (holds in H0, fails in G*): V1 _||_ V2 | [V4, V5]   (m-separated in H0's MAG, m-connected in G*)
  true PAG G* (over observed):
Graph Nodes:
V1;V2;V3;V4;V5

Graph Edges:
1. V1 o-> V4
2. V2 o-> V3
3. V3 --> V5
4. V4 <-> V3


  H0 (legal PAG = G* + spurious, cold-reoriented):
Graph Nodes:
V1;V2;V3;V4;V5

Graph Edges:
1. V1 o-> V4
2. V1 o-o V5
3. V2 o-> V3
4. V2 o-o V5
5. V3 <-> V4
6. V5 o-> V3
7. V5 o-> V4



==== NON-I-MAP H0 (cold reorient of G*+spurious is NOT an I-map of G*) ====
  Under the corrected sepset regime this population is expected EMPTY; an entry
  here is a defect. The witness CI below is the proof of the violation.
  model                 : PAG#19039
  extra (spurious) edges: [V1 o-o V2, V1 o-o V4]  (k=2)
  WITNESS (holds in H0, fails in G*): V2 _||_ V5 | [V1, V4]   (m-separated in H0's MAG, m-connected in G*)
  true PAG G* (over observed):
Graph Nodes:
V1;V2;V3;V4;V5

Graph Edges:
1. V2 <-> V3
2. V3 --> V1
3. V4 o-> V2
4. V4 o-> V5
5. V5 <-> V1
6. V5 <-> V3


  H0 (legal PAG = G* + spurious, cold-reoriented):
Graph Nodes:
V1;V2;V3;V4;V5

Graph Edges:
1. V1 o-> V2
2. V1 o-> V3
3. V1 o-o V4
4. V1 o-> V5
5. V3 <-> V2
6. V4 o-> V2
7. V4 o-> V5
8. V5 <-> V3



==== NON-I-MAP H0 (cold reorient of G*+spurious is NOT an I-map of G*) ====
  Under the corrected sepset regime this population is expected EMPTY; an entry
  here is a defect. The witness CI below is the proof of the violation.
  model                 : PAG#19065
  extra (spurious) edges: [V1 o-o V4, V4 o-o V5]  (k=2)
  WITNESS (holds in H0, fails in G*): V2 _||_ V3 | []   (m-separated in H0's MAG, m-connected in G*)
  true PAG G* (over observed):
Graph Nodes:
V1;V2;V3;V4;V5

Graph Edges:
1. V1 o-o V2
2. V1 o-o V5
3. V2 o-> V4
4. V4 <-> V3
5. V5 o-> V3


  H0 (legal PAG = G* + spurious, cold-reoriented):
Graph Nodes:
V1;V2;V3;V4;V5

Graph Edges:
1. V2 --> V1
2. V2 o-> V4
3. V3 <-> V5
4. V4 --> V1
5. V4 <-> V3
6. V4 --> V5
7. V5 --> V1



==== NON-I-MAP H0 (cold reorient of G*+spurious is NOT an I-map of G*) ====
  Under the corrected sepset regime this population is expected EMPTY; an entry
  here is a defect. The witness CI below is the proof of the violation.
  model                 : PAG#19066
  extra (spurious) edges: [V2 o-o V4, V4 o-o V5]  (k=2)
  WITNESS (holds in H0, fails in G*): V2 _||_ V3 | [V4]   (m-separated in H0's MAG, m-connected in G*)
  true PAG G* (over observed):
Graph Nodes:
V1;V2;V3;V4;V5

Graph Edges:
1. V1 <-> V2
2. V1 --> V4
3. V1 --> V5
4. V2 <-> V5
5. V3 o-> V1
6. V3 --> V4


  H0 (legal PAG = G* + spurious, cold-reoriented):
Graph Nodes:
V1;V2;V3;V4;V5

Graph Edges:
1. V1 <-> V2
2. V1 --> V5
3. V2 <-> V5
4. V3 o-> V1
5. V3 o-o V4
6. V4 o-> V1
7. V4 o-> V2
8. V4 --> V5



==== NON-I-MAP H0 (cold reorient of G*+spurious is NOT an I-map of G*) ====
  Under the corrected sepset regime this population is expected EMPTY; an entry
  here is a defect. The witness CI below is the proof of the violation.
  model                 : PAG#19067
  extra (spurious) edges: [V1 o-o V5, V2 o-o V5, V3 o-o V5]  (k=3)
  WITNESS (holds in H0, fails in G*): V1 _||_ V3 | [V5]   (m-separated in H0's MAG, m-connected in G*)
  true PAG G* (over observed):
Graph Nodes:
V1;V2;V3;V4;V5

Graph Edges:
1. V2 o-> V1
2. V3 o-> V4
3. V4 <-> V1
4. V4 --> V5


  H0 (legal PAG = G* + spurious, cold-reoriented):
Graph Nodes:
V1;V2;V3;V4;V5

Graph Edges:
1. V1 <-> V4
2. V2 o-> V1
3. V2 o-o V5
4. V3 o-> V4
5. V3 o-o V5
6. V5 o-> V1
7. V5 o-> V4



==== NON-I-MAP H0 (cold reorient of G*+spurious is NOT an I-map of G*) ====
  Under the corrected sepset regime this population is expected EMPTY; an entry
  here is a defect. The witness CI below is the proof of the violation.
  model                 : PAG#19073
  extra (spurious) edges: [V1 o-o V5, V3 o-o V5]  (k=2)
  WITNESS (holds in H0, fails in G*): V1 _||_ V4 | [V5]   (m-separated in H0's MAG, m-connected in G*)
  true PAG G* (over observed):
Graph Nodes:
V1;V2;V3;V4;V5

Graph Edges:
1. V2 <-> V1
2. V2 <-> V4
3. V2 --> V5
4. V3 o-> V1
5. V4 <-> V5


  H0 (legal PAG = G* + spurious, cold-reoriented):
Graph Nodes:
V1;V2;V3;V4;V5

Graph Edges:
1. V1 <-> V2
2. V3 o-> V1
3. V3 o-o V5
4. V4 o-> V2
5. V4 o-o V5
6. V5 o-> V1
7. V5 o-> V2



==== NON-I-MAP H0 (cold reorient of G*+spurious is NOT an I-map of G*) ====
  Under the corrected sepset regime this population is expected EMPTY; an entry
  here is a defect. The witness CI below is the proof of the violation.
  model                 : PAG#19101
  extra (spurious) edges: [V1 o-o V5, V2 o-o V5]  (k=2)
  WITNESS (holds in H0, fails in G*): V1 _||_ V3 | [V2, V5]   (m-separated in H0's MAG, m-connected in G*)
  true PAG G* (over observed):
Graph Nodes:
V1;V2;V3;V4;V5

Graph Edges:
1. V2 o-> V1
2. V3 o-o V2
3. V3 o-> V4
4. V3 --> V5
5. V4 <-> V1
6. V4 --> V5


  H0 (legal PAG = G* + spurious, cold-reoriented):
Graph Nodes:
V1;V2;V3;V4;V5

Graph Edges:
1. V1 <-> V4
2. V2 o-> V1
3. V2 o-o V5
4. V3 o-o V2
5. V3 o-> V4
6. V3 o-o V5
7. V5 o-> V1
8. V5 o-> V4



==== NON-I-MAP H0 (cold reorient of G*+spurious is NOT an I-map of G*) ====
  Under the corrected sepset regime this population is expected EMPTY; an entry
  here is a defect. The witness CI below is the proof of the violation.
  model                 : PAG#19129
  extra (spurious) edges: [V1 o-o V2, V2 o-o V5]  (k=2)
  WITNESS (holds in H0, fails in G*): V3 _||_ V5 | []   (m-separated in H0's MAG, m-connected in G*)
  true PAG G* (over observed):
Graph Nodes:
V1;V2;V3;V4;V5

Graph Edges:
1. V2 o-> V4
2. V3 o-> V1
3. V3 o-> V4
4. V4 --> V5
5. V5 <-> V1


  H0 (legal PAG = G* + spurious, cold-reoriented):
Graph Nodes:
V1;V2;V3;V4;V5

Graph Edges:
1. V1 --> V2
2. V2 --> V4
3. V2 <-> V5
4. V3 o-> V1
5. V3 --> V4
6. V5 <-> V1
7. V5 <-> V4



==== NON-I-MAP H0 (cold reorient of G*+spurious is NOT an I-map of G*) ====
  Under the corrected sepset regime this population is expected EMPTY; an entry
  here is a defect. The witness CI below is the proof of the violation.
  model                 : PAG#19133
  extra (spurious) edges: [V1 o-o V2, V2 o-o V3]  (k=2)
  WITNESS (holds in H0, fails in G*): V1 _||_ V4 | [V2, V5]   (m-separated in H0's MAG, m-connected in G*)
  true PAG G* (over observed):
Graph Nodes:
V1;V2;V3;V4;V5

Graph Edges:
1. V1 o-o V5
2. V3 o-o V1
3. V4 --> V2
4. V4 o-o V3
5. V5 --> V2


  H0 (legal PAG = G* + spurious, cold-reoriented):
Graph Nodes:
V1;V2;V3;V4;V5

Graph Edges:
1. V1 --> V3
2. V2 --> V1
3. V2 --> V3
4. V4 o-> V2
5. V4 --> V3
6. V5 --> V1
7. V5 o-> V2



==== NON-I-MAP H0 (cold reorient of G*+spurious is NOT an I-map of G*) ====
  Under the corrected sepset regime this population is expected EMPTY; an entry
  here is a defect. The witness CI below is the proof of the violation.
  model                 : PAG#19140
  extra (spurious) edges: [V1 o-o V5, V2 o-o V5]  (k=2)
  WITNESS (holds in H0, fails in G*): V1 _||_ V4 | [V2, V5]   (m-separated in H0's MAG, m-connected in G*)
  true PAG G* (over observed):
Graph Nodes:
V1;V2;V3;V4;V5

Graph Edges:
1. V2 o-> V1
2. V2 o-> V4
3. V3 <-> V1
4. V3 --> V5
5. V4 <-> V3
6. V4 <-> V5


  H0 (legal PAG = G* + spurious, cold-reoriented):
Graph Nodes:
V1;V2;V3;V4;V5

Graph Edges:
1. V2 o-> V1
2. V2 o-> V4
3. V2 o-o V5
4. V3 <-> V1
5. V3 <-> V4
6. V5 o-> V1
7. V5 o-> V3
8. V5 o-> V4



==== NON-I-MAP H0 (cold reorient of G*+spurious is NOT an I-map of G*) ====
  Under the corrected sepset regime this population is expected EMPTY; an entry
  here is a defect. The witness CI below is the proof of the violation.
  model                 : PAG#19184
  extra (spurious) edges: [V1 o-o V3, V3 o-o V4, V3 o-o V5]  (k=3)
  WITNESS (holds in H0, fails in G*): V1 _||_ V4 | [V3, V5]   (m-separated in H0's MAG, m-connected in G*)
  true PAG G* (over observed):
Graph Nodes:
V1;V2;V3;V4;V5

Graph Edges:
1. V1 --> V2
2. V1 o-o V5
3. V2 --> V3
4. V4 --> V2
5. V5 o-o V4


  H0 (legal PAG = G* + spurious, cold-reoriented):
Graph Nodes:
V1;V2;V3;V4;V5

Graph Edges:
1. V1 --> V2
2. V1 o-o V3
3. V1 o-o V5
4. V3 --> V2
5. V3 o-o V4
6. V3 o-o V5
7. V4 --> V2
8. V5 o-o V4



==== NON-I-MAP H0 (cold reorient of G*+spurious is NOT an I-map of G*) ====
  Under the corrected sepset regime this population is expected EMPTY; an entry
  here is a defect. The witness CI below is the proof of the violation.
  model                 : PAG#19236
  extra (spurious) edges: [V2 o-o V4, V3 o-o V4]  (k=2)
  WITNESS (holds in H0, fails in G*): V1 _||_ V3 | [V4]   (m-separated in H0's MAG, m-connected in G*)
  true PAG G* (over observed):
Graph Nodes:
V1;V2;V3;V4;V5

Graph Edges:
1. V2 o-> V1
2. V2 o-o V3
3. V3 o-> V5
4. V4 <-> V1
5. V5 <-> V4


  H0 (legal PAG = G* + spurious, cold-reoriented):
Graph Nodes:
V1;V2;V3;V4;V5

Graph Edges:
1. V1 <-> V2
2. V1 <-> V4
3. V3 --> V2
4. V4 --> V2
5. V4 --> V3
6. V5 <-> V3
7. V5 <-> V4



==== NON-I-MAP H0 (cold reorient of G*+spurious is NOT an I-map of G*) ====
  Under the corrected sepset regime this population is expected EMPTY; an entry
  here is a defect. The witness CI below is the proof of the violation.
  model                 : PAG#19241
  extra (spurious) edges: [V1 o-o V5, V3 o-o V5]  (k=2)
  WITNESS (holds in H0, fails in G*): V1 _||_ V2 | [V5]   (m-separated in H0's MAG, m-connected in G*)
  true PAG G* (over observed):
Graph Nodes:
V1;V2;V3;V4;V5

Graph Edges:
1. V1 o-> V4
2. V2 o-o V3
3. V2 o-> V5
4. V3 o-o V1
5. V5 <-> V4


  H0 (legal PAG = G* + spurious, cold-reoriented):
Graph Nodes:
V1;V2;V3;V4;V5

Graph Edges:
1. V1 --> V3
2. V2 --> V3
3. V2 o-> V5
4. V4 <-> V1
5. V4 <-> V5
6. V5 --> V1
7. V5 --> V3



==== NON-I-MAP H0 (cold reorient of G*+spurious is NOT an I-map of G*) ====
  Under the corrected sepset regime this population is expected EMPTY; an entry
  here is a defect. The witness CI below is the proof of the violation.
  model                 : PAG#19241
  extra (spurious) edges: [V2 o-o V4, V3 o-o V4]  (k=2)
  WITNESS (holds in H0, fails in G*): V1 _||_ V2 | [V4]   (m-separated in H0's MAG, m-connected in G*)
  true PAG G* (over observed):
Graph Nodes:
V1;V2;V3;V4;V5

Graph Edges:
1. V1 o-> V4
2. V2 o-o V3
3. V2 o-> V5
4. V3 o-o V1
5. V5 <-> V4


  H0 (legal PAG = G* + spurious, cold-reoriented):
Graph Nodes:
V1;V2;V3;V4;V5

Graph Edges:
1. V1 --> V3
2. V1 o-> V4
3. V2 --> V3
4. V4 --> V2
5. V4 --> V3
6. V4 <-> V5
7. V5 <-> V2



==== NON-I-MAP H0 (cold reorient of G*+spurious is NOT an I-map of G*) ====
  Under the corrected sepset regime this population is expected EMPTY; an entry
  here is a defect. The witness CI below is the proof of the violation.
  model                 : PAG#19289
  extra (spurious) edges: [V1 o-o V2, V2 o-o V3]  (k=2)
  WITNESS (holds in H0, fails in G*): V3 _||_ V4 | [V1, V2]   (m-separated in H0's MAG, m-connected in G*)
  true PAG G* (over observed):
Graph Nodes:
V1;V2;V3;V4;V5

Graph Edges:
1. V1 o-> V3
2. V1 o-> V4
3. V3 <-> V5
4. V4 <-> V2
5. V5 --> V2
6. V5 <-> V4


  H0 (legal PAG = G* + spurious, cold-reoriented):
Graph Nodes:
V1;V2;V3;V4;V5

Graph Edges:
1. V1 o-o V2
2. V1 o-> V3
3. V1 o-> V4
4. V2 o-> V3
5. V2 o-> V4
6. V2 o-> V5
7. V5 <-> V3
8. V5 <-> V4



==== NON-I-MAP H0 (cold reorient of G*+spurious is NOT an I-map of G*) ====
  Under the corrected sepset regime this population is expected EMPTY; an entry
  here is a defect. The witness CI below is the proof of the violation.
  model                 : PAG#19311
  extra (spurious) edges: [V2 o-o V4, V2 o-o V5]  (k=2)
  WITNESS (holds in H0, fails in G*): V3 _||_ V4 | [V2]   (m-separated in H0's MAG, m-connected in G*)
  true PAG G* (over observed):
Graph Nodes:
V1;V2;V3;V4;V5

Graph Edges:
1. V1 --> V2
2. V1 <-> V4
3. V1 --> V5
4. V3 o-> V1
5. V3 --> V2
6. V5 <-> V4


  H0 (legal PAG = G* + spurious, cold-reoriented):
Graph Nodes:
V1;V2;V3;V4;V5

Graph Edges:
1. V1 <-> V4
2. V1 --> V5
3. V2 o-> V1
4. V2 o-> V4
5. V2 --> V5
6. V3 o-> V1
7. V3 o-o V2
8. V4 <-> V5



==== NON-I-MAP H0 (cold reorient of G*+spurious is NOT an I-map of G*) ====
  Under the corrected sepset regime this population is expected EMPTY; an entry
  here is a defect. The witness CI below is the proof of the violation.
  model                 : PAG#19319
  extra (spurious) edges: [V2 o-o V5, V4 o-o V5]  (k=2)
  WITNESS (holds in H0, fails in G*): V1 _||_ V4 | [V2, V5]   (m-separated in H0's MAG, m-connected in G*)
  true PAG G* (over observed):
Graph Nodes:
V1;V2;V3;V4;V5

Graph Edges:
1. V1 --> V3
2. V1 --> V5
3. V2 o-o V1
4. V3 --> V5
5. V4 o-o V2
6. V4 --> V3


  H0 (legal PAG = G* + spurious, cold-reoriented):
Graph Nodes:
V1;V2;V3;V4;V5

Graph Edges:
1. V1 --> V3
2. V1 o-o V5
3. V2 o-o V1
4. V2 o-o V5
5. V4 o-o V2
6. V4 --> V3
7. V4 o-o V5
8. V5 --> V3



==== NON-I-MAP H0 (cold reorient of G*+spurious is NOT an I-map of G*) ====
  Under the corrected sepset regime this population is expected EMPTY; an entry
  here is a defect. The witness CI below is the proof of the violation.
  model                 : PAG#19336
  extra (spurious) edges: [V1 o-o V3, V3 o-o V4, V3 o-o V5]  (k=3)
  WITNESS (holds in H0, fails in G*): V1 _||_ V4 | [V3, V5]   (m-separated in H0's MAG, m-connected in G*)
  true PAG G* (over observed):
Graph Nodes:
V1;V2;V3;V4;V5

Graph Edges:
1. V2 <-> V1
2. V2 --> V3
3. V4 o-> V2
4. V5 o-> V1
5. V5 o-o V4


  H0 (legal PAG = G* + spurious, cold-reoriented):
Graph Nodes:
V1;V2;V3;V4;V5

Graph Edges:
1. V1 <-> V2
2. V3 o-> V1
3. V3 o-> V2
4. V3 o-o V4
5. V3 o-o V5
6. V4 o-> V2
7. V5 o-> V1
8. V5 o-o V4



==== NON-I-MAP H0 (cold reorient of G*+spurious is NOT an I-map of G*) ====
  Under the corrected sepset regime this population is expected EMPTY; an entry
  here is a defect. The witness CI below is the proof of the violation.
  model                 : PAG#19351
  extra (spurious) edges: [V1 o-o V4, V1 o-o V5]  (k=2)
  WITNESS (holds in H0, fails in G*): V2 _||_ V4 | [V1]   (m-separated in H0's MAG, m-connected in G*)
  true PAG G* (over observed):
Graph Nodes:
V1;V2;V3;V4;V5

Graph Edges:
1. V2 o-> V1
2. V3 --> V1
3. V4 o-> V3
4. V5 o-> V3


  H0 (legal PAG = G* + spurious, cold-reoriented):
Graph Nodes:
V1;V2;V3;V4;V5

Graph Edges:
1. V1 <-> V3
2. V1 --> V4
3. V1 --> V5
4. V2 o-> V1
5. V3 <-> V4
6. V3 <-> V5



==== NON-I-MAP H0 (cold reorient of G*+spurious is NOT an I-map of G*) ====
  Under the corrected sepset regime this population is expected EMPTY; an entry
  here is a defect. The witness CI below is the proof of the violation.
  model                 : PAG#19356
  extra (spurious) edges: [V1 o-o V3, V1 o-o V4, V1 o-o V5]  (k=3)
  WITNESS (holds in H0, fails in G*): V3 _||_ V5 | [V1, V4]   (m-separated in H0's MAG, m-connected in G*)
  true PAG G* (over observed):
Graph Nodes:
V1;V2;V3;V4;V5

Graph Edges:
1. V2 --> V1
2. V3 --> V2
3. V4 o-o V3
4. V5 --> V2
5. V5 o-o V4


  H0 (legal PAG = G* + spurious, cold-reoriented):
Graph Nodes:
V1;V2;V3;V4;V5

Graph Edges:
1. V1 --> V2
2. V1 o-o V3
3. V1 o-o V4
4. V1 o-o V5
5. V3 --> V2
6. V4 o-o V3
7. V5 --> V2
8. V5 o-o V4



==== NON-I-MAP H0 (cold reorient of G*+spurious is NOT an I-map of G*) ====
  Under the corrected sepset regime this population is expected EMPTY; an entry
  here is a defect. The witness CI below is the proof of the violation.
  model                 : PAG#19391
  extra (spurious) edges: [V3 o-o V4, V4 o-o V5]  (k=2)
  WITNESS (holds in H0, fails in G*): V1 _||_ V2 | []   (m-separated in H0's MAG, m-connected in G*)
  true PAG G* (over observed):
Graph Nodes:
V1;V2;V3;V4;V5

Graph Edges:
1. V1 o-o V3
2. V1 --> V4
3. V2 --> V4
4. V3 o-o V5
5. V5 o-o V2


  H0 (legal PAG = G* + spurious, cold-reoriented):
Graph Nodes:
V1;V2;V3;V4;V5

Graph Edges:
1. V1 --> V3
2. V1 o-> V4
3. V2 o-> V4
4. V2 --> V5
5. V4 --> V3
6. V4 --> V5
7. V5 --> V3



==== NON-I-MAP H0 (cold reorient of G*+spurious is NOT an I-map of G*) ====
  Under the corrected sepset regime this population is expected EMPTY; an entry
  here is a defect. The witness CI below is the proof of the violation.
  model                 : PAG#19430
  extra (spurious) edges: [V2 o-o V5, V3 o-o V5]  (k=2)
  WITNESS (holds in H0, fails in G*): V1 _||_ V2 | [V3, V5]   (m-separated in H0's MAG, m-connected in G*)
  true PAG G* (over observed):
Graph Nodes:
V1;V2;V3;V4;V5

Graph Edges:
1. V1 --> V5
2. V2 o-o V3
3. V2 o-> V4
4. V3 o-> V1
5. V4 <-> V1
6. V4 --> V5


  H0 (legal PAG = G* + spurious, cold-reoriented):
Graph Nodes:
V1;V2;V3;V4;V5

Graph Edges:
1. V2 o-o V3
2. V2 o-> V4
3. V2 o-o V5
4. V3 o-> V1
5. V3 o-o V5
6. V4 <-> V1
7. V5 o-> V1
8. V5 o-> V4



==== NON-I-MAP H0 (cold reorient of G*+spurious is NOT an I-map of G*) ====
  Under the corrected sepset regime this population is expected EMPTY; an entry
  here is a defect. The witness CI below is the proof of the violation.
  model                 : PAG#19457
  extra (spurious) edges: [V1 o-o V2, V2 o-o V5]  (k=2)
  WITNESS (holds in H0, fails in G*): V1 _||_ V4 | [V2, V5]   (m-separated in H0's MAG, m-connected in G*)
  true PAG G* (over observed):
Graph Nodes:
V1;V2;V3;V4;V5

Graph Edges:
1. V3 <-> V1
2. V3 --> V2
3. V4 --> V2
4. V4 o-> V3
5. V5 o-> V1
6. V5 o-o V4


  H0 (legal PAG = G* + spurious, cold-reoriented):
Graph Nodes:
V1;V2;V3;V4;V5

Graph Edges:
1. V2 o-> V1
2. V2 o-> V3
3. V2 o-o V5
4. V3 <-> V1
5. V4 o-o V2
6. V4 o-> V3
7. V5 o-> V1
8. V5 o-o V4



==== NON-I-MAP H0 (cold reorient of G*+spurious is NOT an I-map of G*) ====
  Under the corrected sepset regime this population is expected EMPTY; an entry
  here is a defect. The witness CI below is the proof of the violation.
  model                 : PAG#19459
  extra (spurious) edges: [V1 o-o V5, V2 o-o V5]  (k=2)
  WITNESS (holds in H0, fails in G*): V1 _||_ V4 | [V5]   (m-separated in H0's MAG, m-connected in G*)
  true PAG G* (over observed):
Graph Nodes:
V1;V2;V3;V4;V5

Graph Edges:
1. V1 o-o V2
2. V1 o-> V3
3. V2 o-o V4
4. V3 <-> V5
5. V4 o-> V5


  H0 (legal PAG = G* + spurious, cold-reoriented):
Graph Nodes:
V1;V2;V3;V4;V5

Graph Edges:
1. V1 --> V2
2. V3 <-> V1
3. V4 --> V2
4. V4 o-> V5
5. V5 --> V1
6. V5 --> V2
7. V5 <-> V3



==== NON-I-MAP H0 (cold reorient of G*+spurious is NOT an I-map of G*) ====
  Under the corrected sepset regime this population is expected EMPTY; an entry
  here is a defect. The witness CI below is the proof of the violation.
  model                 : PAG#19459
  extra (spurious) edges: [V2 o-o V3, V3 o-o V4]  (k=2)
  WITNESS (holds in H0, fails in G*): V1 _||_ V4 | [V3]   (m-separated in H0's MAG, m-connected in G*)
  true PAG G* (over observed):
Graph Nodes:
V1;V2;V3;V4;V5

Graph Edges:
1. V1 o-o V2
2. V1 o-> V3
3. V2 o-o V4
4. V3 <-> V5
5. V4 o-> V5


  H0 (legal PAG = G* + spurious, cold-reoriented):
Graph Nodes:
V1;V2;V3;V4;V5

Graph Edges:
1. V1 --> V2
2. V1 o-> V3
3. V3 --> V2
4. V3 --> V4
5. V4 --> V2
6. V5 <-> V3
7. V5 <-> V4



==== NON-I-MAP H0 (cold reorient of G*+spurious is NOT an I-map of G*) ====
  Under the corrected sepset regime this population is expected EMPTY; an entry
  here is a defect. The witness CI below is the proof of the violation.
  model                 : PAG#19495
  extra (spurious) edges: [V1 o-o V2, V3 o-o V4]  (k=2)
  WITNESS (holds in H0, fails in G*): V1 _||_ V3 | [V2, V4]   (m-separated in H0's MAG, m-connected in G*)
  true PAG G* (over observed):
Graph Nodes:
V1;V2;V3;V4;V5

Graph Edges:
1. V1 o-o V4
2. V1 o-> V5
3. V2 <-> V3
4. V4 --> V2
5. V5 --> V2
6. V5 <-> V3


  H0 (legal PAG = G* + spurious, cold-reoriented):
Graph Nodes:
V1;V2;V3;V4;V5

Graph Edges:
1. V2 --> V1
2. V2 <-> V5
3. V3 o-> V2
4. V3 o-o V4
5. V3 o-> V5
6. V4 --> V1
7. V4 o-> V2
8. V5 <-> V1



==== NON-I-MAP H0 (cold reorient of G*+spurious is NOT an I-map of G*) ====
  Under the corrected sepset regime this population is expected EMPTY; an entry
  here is a defect. The witness CI below is the proof of the violation.
  model                 : PAG#19505
  extra (spurious) edges: [V1 o-o V4, V4 o-o V5]  (k=2)
  WITNESS (holds in H0, fails in G*): V1 _||_ V2 | [V4, V5]   (m-separated in H0's MAG, m-connected in G*)
  true PAG G* (over observed):
Graph Nodes:
V1;V2;V3;V4;V5

Graph Edges:
1. V2 <-> V4
2. V3 <-> V1
3. V3 <-> V2
4. V3 --> V4
5. V5 o-> V1
6. V5 o-> V2


  H0 (legal PAG = G* + spurious, cold-reoriented):
Graph Nodes:
V1;V2;V3;V4;V5

Graph Edges:
1. V2 <-> V3
2. V3 <-> V1
3. V4 o-> V1
4. V4 o-> V2
5. V4 o-> V3
6. V4 o-o V5
7. V5 o-> V1
8. V5 o-> V2



==== NON-I-MAP H0 (cold reorient of G*+spurious is NOT an I-map of G*) ====
  Under the corrected sepset regime this population is expected EMPTY; an entry
  here is a defect. The witness CI below is the proof of the violation.
  model                 : PAG#19507
  extra (spurious) edges: [V1 o-o V2, V2 o-o V5]  (k=2)
  WITNESS (holds in H0, fails in G*): V3 _||_ V5 | [V1, V2]   (m-separated in H0's MAG, m-connected in G*)
  true PAG G* (over observed):
Graph Nodes:
V1;V2;V3;V4;V5

Graph Edges:
1. V1 o-o V5
2. V3 o-o V1
3. V3 --> V2
4. V3 --> V4
5. V4 --> V2
6. V5 --> V4


  H0 (legal PAG = G* + spurious, cold-reoriented):
Graph Nodes:
V1;V2;V3;V4;V5

Graph Edges:
1. V1 o-o V2
2. V1 o-o V5
3. V2 --> V4
4. V2 o-o V5
5. V3 o-o V1
6. V3 o-o V2
7. V3 --> V4
8. V5 --> V4



==== NON-I-MAP H0 (cold reorient of G*+spurious is NOT an I-map of G*) ====
  Under the corrected sepset regime this population is expected EMPTY; an entry
  here is a defect. The witness CI below is the proof of the violation.
  model                 : PAG#19520
  extra (spurious) edges: [V2 o-o V4, V3 o-o V5]  (k=2)
  WITNESS (holds in H0, fails in G*): V1 _||_ V2 | [V4]   (m-separated in H0's MAG, m-connected in G*)
  true PAG G* (over observed):
Graph Nodes:
V1;V2;V3;V4;V5

Graph Edges:
1. V1 --> V3
2. V1 <-> V4
3. V2 --> V3
4. V2 o-o V5
5. V3 <-> V4
6. V5 o-> V1


  H0 (legal PAG = G* + spurious, cold-reoriented):
Graph Nodes:
V1;V2;V3;V4;V5

Graph Edges:
1. V1 <-> V5
2. V2 o-> V3
3. V2 o-o V4
4. V2 --> V5
5. V3 <-> V1
6. V3 --> V5
7. V4 o-> V1
8. V4 o-> V3



==== NON-I-MAP H0 (cold reorient of G*+spurious is NOT an I-map of G*) ====
  Under the corrected sepset regime this population is expected EMPTY; an entry
  here is a defect. The witness CI below is the proof of the violation.
  model                 : PAG#19562
  extra (spurious) edges: [V2 o-o V5, V3 o-o V5]  (k=2)
  WITNESS (holds in H0, fails in G*): V1 _||_ V2 | [V3, V5]   (m-separated in H0's MAG, m-connected in G*)
  true PAG G* (over observed):
Graph Nodes:
V1;V2;V3;V4;V5

Graph Edges:
1. V1 o-> V4
2. V1 --> V5
3. V2 o-> V3
4. V4 <-> V3
5. V4 --> V5


  H0 (legal PAG = G* + spurious, cold-reoriented):
Graph Nodes:
V1;V2;V3;V4;V5

Graph Edges:
1. V1 o-> V4
2. V1 o-o V5
3. V2 o-> V3
4. V2 o-o V5
5. V3 <-> V4
6. V5 o-> V3
7. V5 o-> V4



==== NON-I-MAP H0 (cold reorient of G*+spurious is NOT an I-map of G*) ====
  Under the corrected sepset regime this population is expected EMPTY; an entry
  here is a defect. The witness CI below is the proof of the violation.
  model                 : PAG#19586
  extra (spurious) edges: [V2 o-o V3, V3 o-o V5]  (k=2)
  WITNESS (holds in H0, fails in G*): V1 _||_ V4 | []   (m-separated in H0's MAG, m-connected in G*)
  true PAG G* (over observed):
Graph Nodes:
V1;V2;V3;V4;V5

Graph Edges:
1. V2 o-> V1
2. V2 o-o V5
3. V3 <-> V1
4. V4 o-> V3
5. V5 o-o V4


  H0 (legal PAG = G* + spurious, cold-reoriented):
Graph Nodes:
V1;V2;V3;V4;V5

Graph Edges:
1. V1 <-> V2
2. V2 --> V5
3. V3 <-> V1
4. V3 --> V2
5. V3 --> V5
6. V4 o-> V3
7. V4 --> V5



==== NON-I-MAP H0 (cold reorient of G*+spurious is NOT an I-map of G*) ====
  Under the corrected sepset regime this population is expected EMPTY; an entry
  here is a defect. The witness CI below is the proof of the violation.
  model                 : PAG#19638
  extra (spurious) edges: [V1 o-o V2, V1 o-o V3, V1 o-o V5]  (k=3)
  WITNESS (holds in H0, fails in G*): V2 _||_ V5 | [V1, V3]   (m-separated in H0's MAG, m-connected in G*)
  true PAG G* (over observed):
Graph Nodes:
V1;V2;V3;V4;V5

Graph Edges:
1. V2 o-o V3
2. V2 --> V4
3. V3 o-o V5
4. V4 --> V1
5. V5 --> V4


  H0 (legal PAG = G* + spurious, cold-reoriented):
Graph Nodes:
V1;V2;V3;V4;V5

Graph Edges:
1. V1 o-o V2
2. V1 o-o V3
3. V1 --> V4
4. V1 o-o V5
5. V2 o-o V3
6. V2 --> V4
7. V3 o-o V5
8. V5 --> V4



==== NON-I-MAP H0 (cold reorient of G*+spurious is NOT an I-map of G*) ====
  Under the corrected sepset regime this population is expected EMPTY; an entry
  here is a defect. The witness CI below is the proof of the violation.
  model                 : PAG#19662
  extra (spurious) edges: [V2 o-o V3, V3 o-o V4]  (k=2)
  WITNESS (holds in H0, fails in G*): V1 _||_ V2 | [V3]   (m-separated in H0's MAG, m-connected in G*)
  true PAG G* (over observed):
Graph Nodes:
V1;V2;V3;V4;V5

Graph Edges:
1. V1 <-> V3
2. V4 o-> V2
3. V5 <-> V1
4. V5 <-> V2
5. V5 --> V3


  H0 (legal PAG = G* + spurious, cold-reoriented):
Graph Nodes:
V1;V2;V3;V4;V5

Graph Edges:
1. V1 o-o V3
2. V1 o-> V5
3. V2 <-> V5
4. V3 o-> V2
5. V3 o-o V4
6. V3 o-> V5
7. V4 o-> V2



==== NON-I-MAP H0 (cold reorient of G*+spurious is NOT an I-map of G*) ====
  Under the corrected sepset regime this population is expected EMPTY; an entry
  here is a defect. The witness CI below is the proof of the violation.
  model                 : PAG#19695
  extra (spurious) edges: [V1 o-o V3, V4 o-o V5]  (k=2)
  WITNESS (holds in H0, fails in G*): V1 _||_ V5 | [V3, V4]   (m-separated in H0's MAG, m-connected in G*)
  true PAG G* (over observed):
Graph Nodes:
V1;V2;V3;V4;V5

Graph Edges:
1. V2 <-> V1
2. V2 --> V4
3. V3 o-> V4
4. V3 o-> V5
5. V4 <-> V1
6. V5 <-> V2


  H0 (legal PAG = G* + spurious, cold-reoriented):
Graph Nodes:
V1;V2;V3;V4;V5

Graph Edges:
1. V1 o-> V2
2. V1 o-o V3
3. V1 o-> V4
4. V3 o-> V4
5. V3 --> V5
6. V4 <-> V2
7. V4 --> V5
8. V5 <-> V2



==== NON-I-MAP H0 (cold reorient of G*+spurious is NOT an I-map of G*) ====
  Under the corrected sepset regime this population is expected EMPTY; an entry
  here is a defect. The witness CI below is the proof of the violation.
  model                 : PAG#19744
  extra (spurious) edges: [V2 o-o V5, V3 o-o V5]  (k=2)
  WITNESS (holds in H0, fails in G*): V2 _||_ V4 | [V3, V5]   (m-separated in H0's MAG, m-connected in G*)
  true PAG G* (over observed):
Graph Nodes:
V1;V2;V3;V4;V5

Graph Edges:
1. V1 <-> V4
2. V1 --> V5
3. V2 o-> V3
4. V3 <-> V1
5. V5 <-> V4


  H0 (legal PAG = G* + spurious, cold-reoriented):
Graph Nodes:
V1;V2;V3;V4;V5

Graph Edges:
1. V2 o-> V3
2. V2 o-o V5
3. V3 <-> V1
4. V4 o-> V1
5. V5 o-> V1
6. V5 o-> V3
7. V5 o-o V4



==== NON-I-MAP H0 (cold reorient of G*+spurious is NOT an I-map of G*) ====
  Under the corrected sepset regime this population is expected EMPTY; an entry
  here is a defect. The witness CI below is the proof of the violation.
  model                 : PAG#19765
  extra (spurious) edges: [V2 o-o V3, V3 o-o V5]  (k=2)
  WITNESS (holds in H0, fails in G*): V1 _||_ V2 | [V3, V5]   (m-separated in H0's MAG, m-connected in G*)
  true PAG G* (over observed):
Graph Nodes:
V1;V2;V3;V4;V5

Graph Edges:
1. V1 --> V3
2. V1 o-> V4
3. V1 o-o V5
4. V4 <-> V2
5. V4 --> V3
6. V5 o-> V2


  H0 (legal PAG = G* + spurious, cold-reoriented):
Graph Nodes:
V1;V2;V3;V4;V5

Graph Edges:
1. V1 o-o V3
2. V1 o-> V4
3. V1 o-o V5
4. V2 <-> V4
5. V3 o-> V2
6. V3 o-> V4
7. V3 o-o V5
8. V5 o-> V2



==== NON-I-MAP H0 (cold reorient of G*+spurious is NOT an I-map of G*) ====
  Under the corrected sepset regime this population is expected EMPTY; an entry
  here is a defect. The witness CI below is the proof of the violation.
  model                 : PAG#19788
  extra (spurious) edges: [V1 o-o V4, V2 o-o V4, V4 o-o V5]  (k=3)
  WITNESS (holds in H0, fails in G*): V2 _||_ V5 | [V1, V4]   (m-separated in H0's MAG, m-connected in G*)
  true PAG G* (over observed):
Graph Nodes:
V1;V2;V3;V4;V5

Graph Edges:
1. V1 o-> V2
2. V2 <-> V3
3. V3 --> V4
4. V5 o-o V1
5. V5 o-> V3


  H0 (legal PAG = G* + spurious, cold-reoriented):
Graph Nodes:
V1;V2;V3;V4;V5

Graph Edges:
1. V1 o-> V2
2. V1 o-o V4
3. V3 <-> V2
4. V4 o-> V2
5. V4 o-> V3
6. V4 o-o V5
7. V5 o-o V1
8. V5 o-> V3



==== NON-I-MAP H0 (cold reorient of G*+spurious is NOT an I-map of G*) ====
  Under the corrected sepset regime this population is expected EMPTY; an entry
  here is a defect. The witness CI below is the proof of the violation.
  model                 : PAG#19796
  extra (spurious) edges: [V1 o-o V3, V3 o-o V4]  (k=2)
  WITNESS (holds in H0, fails in G*): V1 _||_ V2 | [V3, V5]   (m-separated in H0's MAG, m-connected in G*)
  true PAG G* (over observed):
Graph Nodes:
V1;V2;V3;V4;V5

Graph Edges:
1. V1 o-o V5
2. V2 --> V3
3. V2 o-o V4
4. V4 o-o V1
5. V5 --> V3


  H0 (legal PAG = G* + spurious, cold-reoriented):
Graph Nodes:
V1;V2;V3;V4;V5

Graph Edges:
1. V1 --> V4
2. V2 o-> V3
3. V2 --> V4
4. V3 --> V1
5. V3 --> V4
6. V5 --> V1
7. V5 o-> V3



==== NON-I-MAP H0 (cold reorient of G*+spurious is NOT an I-map of G*) ====
  Under the corrected sepset regime this population is expected EMPTY; an entry
  here is a defect. The witness CI below is the proof of the violation.
  model                 : PAG#19808
  extra (spurious) edges: [V3 o-o V4, V4 o-o V5]  (k=2)
  WITNESS (holds in H0, fails in G*): V1 _||_ V3 | [V4, V5]   (m-separated in H0's MAG, m-connected in G*)
  true PAG G* (over observed):
Graph Nodes:
V1;V2;V3;V4;V5

Graph Edges:
1. V1 --> V4
2. V2 <-> V1
3. V2 --> V4
4. V3 o-> V2
5. V3 o-o V5
6. V5 o-> V1


  H0 (legal PAG = G* + spurious, cold-reoriented):
Graph Nodes:
V1;V2;V3;V4;V5

Graph Edges:
1. V1 <-> V2
2. V3 o-> V2
3. V3 o-o V4
4. V3 o-o V5
5. V4 o-> V1
6. V4 o-> V2
7. V4 o-o V5
8. V5 o-> V1



==== NON-I-MAP H0 (cold reorient of G*+spurious is NOT an I-map of G*) ====
  Under the corrected sepset regime this population is expected EMPTY; an entry
  here is a defect. The witness CI below is the proof of the violation.
  model                 : PAG#19905
  extra (spurious) edges: [V1 o-o V4, V3 o-o V4]  (k=2)
  WITNESS (holds in H0, fails in G*): V3 _||_ V5 | [V1, V4]   (m-separated in H0's MAG, m-connected in G*)
  true PAG G* (over observed):
Graph Nodes:
V1;V2;V3;V4;V5

Graph Edges:
1. V1 o-o V3
2. V1 o-o V5
3. V2 --> V4
4. V3 --> V2
5. V5 --> V2
6. V5 --> V4


  H0 (legal PAG = G* + spurious, cold-reoriented):
Graph Nodes:
V1;V2;V3;V4;V5

Graph Edges:
1. V1 o-o V3
2. V1 o-o V4
3. V1 o-o V5
4. V3 --> V2
5. V3 o-o V4
6. V4 --> V2
7. V5 --> V2
8. V5 o-o V4



==== NON-I-MAP H0 (cold reorient of G*+spurious is NOT an I-map of G*) ====
  Under the corrected sepset regime this population is expected EMPTY; an entry
  here is a defect. The witness CI below is the proof of the violation.
  model                 : PAG#19924
  extra (spurious) edges: [V1 o-o V2, V1 o-o V5]  (k=2)
  WITNESS (holds in H0, fails in G*): V2 _||_ V4 | [V1, V5]   (m-separated in H0's MAG, m-connected in G*)
  true PAG G* (over observed):
Graph Nodes:
V1;V2;V3;V4;V5

Graph Edges:
1. V2 o-> V5
2. V3 --> V1
3. V3 <-> V4
4. V4 <-> V1
5. V5 <-> V3


  H0 (legal PAG = G* + spurious, cold-reoriented):
Graph Nodes:
V1;V2;V3;V4;V5

Graph Edges:
1. V1 o-o V2
2. V1 o-> V3
3. V1 o-> V5
4. V2 o-> V5
5. V4 o-o V1
6. V4 o-> V3
7. V5 <-> V3



==== NON-I-MAP H0 (cold reorient of G*+spurious is NOT an I-map of G*) ====
  Under the corrected sepset regime this population is expected EMPTY; an entry
  here is a defect. The witness CI below is the proof of the violation.
  model                 : PAG#19928
  extra (spurious) edges: [V2 o-o V5, V3 o-o V5]  (k=2)
  WITNESS (holds in H0, fails in G*): V2 _||_ V4 | [V5]   (m-separated in H0's MAG, m-connected in G*)
  true PAG G* (over observed):
Graph Nodes:
V1;V2;V3;V4;V5

Graph Edges:
1. V1 <-> V4
2. V1 --> V5
3. V2 <-> V1
4. V3 o-> V2
5. V5 <-> V4


  H0 (legal PAG = G* + spurious, cold-reoriented):
Graph Nodes:
V1;V2;V3;V4;V5

Graph Edges:
1. V2 <-> V1
2. V3 o-> V2
3. V3 o-o V5
4. V4 o-> V1
5. V5 o-> V1
6. V5 o-> V2
7. V5 o-o V4



==== NON-I-MAP H0 (cold reorient of G*+spurious is NOT an I-map of G*) ====
  Under the corrected sepset regime this population is expected EMPTY; an entry
  here is a defect. The witness CI below is the proof of the violation.
  model                 : PAG#19932
  extra (spurious) edges: [V1 o-o V2, V2 o-o V4]  (k=2)
  WITNESS (holds in H0, fails in G*): V4 _||_ V5 | [V1, V2]   (m-separated in H0's MAG, m-connected in G*)
  true PAG G* (over observed):
Graph Nodes:
V1;V2;V3;V4;V5

Graph Edges:
1. V1 o-o V4
2. V1 o-o V5
3. V3 --> V2
4. V4 --> V3
5. V5 --> V2
6. V5 --> V3


  H0 (legal PAG = G* + spurious, cold-reoriented):
Graph Nodes:
V1;V2;V3;V4;V5

Graph Edges:
1. V1 o-o V2
2. V1 o-o V4
3. V1 o-o V5
4. V2 --> V3
5. V2 o-o V4
6. V4 --> V3
7. V5 o-o V2
8. V5 --> V3



==== NON-I-MAP H0 (cold reorient of G*+spurious is NOT an I-map of G*) ====
  Under the corrected sepset regime this population is expected EMPTY; an entry
  here is a defect. The witness CI below is the proof of the violation.
  model                 : PAG#19988
  extra (spurious) edges: [V2 o-o V4, V3 o-o V5]  (k=2)
  WITNESS (holds in H0, fails in G*): V1 _||_ V4 | [V2]   (m-separated in H0's MAG, m-connected in G*)
  true PAG G* (over observed):
Graph Nodes:
V1;V2;V3;V4;V5

Graph Edges:
1. V1 <-> V2
2. V1 --> V5
3. V3 o-> V1
4. V4 o-o V3
5. V4 --> V5
6. V5 <-> V2


  H0 (legal PAG = G* + spurious, cold-reoriented):
Graph Nodes:
V1;V2;V3;V4;V5

Graph Edges:
1. V1 <-> V3
2. V2 o-> V1
3. V2 o-o V4
4. V2 o-> V5
5. V4 --> V3
6. V4 o-> V5
7. V5 <-> V1
8. V5 --> V3



==== NON-I-MAP H0 (cold reorient of G*+spurious is NOT an I-map of G*) ====
  Under the corrected sepset regime this population is expected EMPTY; an entry
  here is a defect. The witness CI below is the proof of the violation.
  model                 : PAG#20010
  extra (spurious) edges: [V2 o-o V3, V2 o-o V5]  (k=2)
  WITNESS (holds in H0, fails in G*): V3 _||_ V4 | [V2, V5]   (m-separated in H0's MAG, m-connected in G*)
  true PAG G* (over observed):
Graph Nodes:
V1;V2;V3;V4;V5

Graph Edges:
1. V1 --> V2
2. V3 --> V1
3. V4 --> V1
4. V4 --> V2
5. V4 o-o V5
6. V5 o-o V3


  H0 (legal PAG = G* + spurious, cold-reoriented):
Graph Nodes:
V1;V2;V3;V4;V5

Graph Edges:
1. V2 --> V1
2. V2 o-o V3
3. V2 o-o V5
4. V3 --> V1
5. V4 --> V1
6. V4 o-o V2
7. V4 o-o V5
8. V5 o-o V3



==== NON-I-MAP H0 (cold reorient of G*+spurious is NOT an I-map of G*) ====
  Under the corrected sepset regime this population is expected EMPTY; an entry
  here is a defect. The witness CI below is the proof of the violation.
  model                 : PAG#20055
  extra (spurious) edges: [V1 o-o V4, V4 o-o V5]  (k=2)
  WITNESS (holds in H0, fails in G*): V1 _||_ V2 | [V4, V5]   (m-separated in H0's MAG, m-connected in G*)
  true PAG G* (over observed):
Graph Nodes:
V1;V2;V3;V4;V5

Graph Edges:
1. V1 o-> V3
2. V1 o-o V5
3. V2 --> V4
4. V3 <-> V2
5. V3 --> V4
6. V5 o-> V2


  H0 (legal PAG = G* + spurious, cold-reoriented):
Graph Nodes:
V1;V2;V3;V4;V5

Graph Edges:
1. V1 o-> V3
2. V1 o-o V4
3. V1 o-o V5
4. V2 <-> V3
5. V4 o-> V2
6. V4 o-> V3
7. V4 o-o V5
8. V5 o-> V2



==== NON-I-MAP H0 (cold reorient of G*+spurious is NOT an I-map of G*) ====
  Under the corrected sepset regime this population is expected EMPTY; an entry
  here is a defect. The witness CI below is the proof of the violation.
  model                 : PAG#20124
  extra (spurious) edges: [V1 o-o V2, V2 o-o V3]  (k=2)
  WITNESS (holds in H0, fails in G*): V1 _||_ V4 | [V2]   (m-separated in H0's MAG, m-connected in G*)
  true PAG G* (over observed):
Graph Nodes:
V1;V2;V3;V4;V5

Graph Edges:
1. V1 o-o V3
2. V1 o-> V5
3. V3 o-> V4
4. V4 <-> V2
5. V5 <-> V2


  H0 (legal PAG = G* + spurious, cold-reoriented):
Graph Nodes:
V1;V2;V3;V4;V5

Graph Edges:
1. V1 --> V3
2. V2 --> V1
3. V2 --> V3
4. V2 <-> V4
5. V2 <-> V5
6. V4 <-> V3
7. V5 <-> V1



==== NON-I-MAP H0 (cold reorient of G*+spurious is NOT an I-map of G*) ====
  Under the corrected sepset regime this population is expected EMPTY; an entry
  here is a defect. The witness CI below is the proof of the violation.
  model                 : PAG#20151
  extra (spurious) edges: [V3 o-o V5, V4 o-o V5]  (k=2)
  WITNESS (holds in H0, fails in G*): V1 _||_ V2 | []   (m-separated in H0's MAG, m-connected in G*)
  true PAG G* (over observed):
Graph Nodes:
V1;V2;V3;V4;V5

Graph Edges:
1. V2 o-o V4
2. V2 o-> V5
3. V3 o-> V1
4. V4 o-o V3
5. V5 <-> V1


  H0 (legal PAG = G* + spurious, cold-reoriented):
Graph Nodes:
V1;V2;V3;V4;V5

Graph Edges:
1. V1 <-> V3
2. V1 <-> V5
3. V2 --> V4
4. V2 o-> V5
5. V3 --> V4
6. V5 --> V3
7. V5 --> V4



==== NON-I-MAP H0 (cold reorient of G*+spurious is NOT an I-map of G*) ====
  Under the corrected sepset regime this population is expected EMPTY; an entry
  here is a defect. The witness CI below is the proof of the violation.
  model                 : PAG#20225
  extra (spurious) edges: [V2 o-o V3, V2 o-o V4]  (k=2)
  WITNESS (holds in H0, fails in G*): V4 _||_ V5 | [V2, V3]   (m-separated in H0's MAG, m-connected in G*)
  true PAG G* (over observed):
Graph Nodes:
V1;V2;V3;V4;V5

Graph Edges:
1. V1 --> V2
2. V3 o-o V4
3. V3 o-o V5
4. V4 --> V1
5. V5 --> V1
6. V5 --> V2


  H0 (legal PAG = G* + spurious, cold-reoriented):
Graph Nodes:
V1;V2;V3;V4;V5

Graph Edges:
1. V2 --> V1
2. V2 o-o V3
3. V2 o-o V4
4. V3 o-o V4
5. V3 o-o V5
6. V4 --> V1
7. V5 --> V1
8. V5 o-o V2



==== NON-I-MAP H0 (cold reorient of G*+spurious is NOT an I-map of G*) ====
  Under the corrected sepset regime this population is expected EMPTY; an entry
  here is a defect. The witness CI below is the proof of the violation.
  model                 : PAG#20261
  extra (spurious) edges: [V2 o-o V4, V4 o-o V5]  (k=2)
  WITNESS (holds in H0, fails in G*): V2 _||_ V3 | [V4, V5]   (m-separated in H0's MAG, m-connected in G*)
  true PAG G* (over observed):
Graph Nodes:
V1;V2;V3;V4;V5

Graph Edges:
1. V1 --> V4
2. V2 --> V1
3. V3 --> V1
4. V3 --> V4
5. V3 o-o V5
6. V5 o-o V2


  H0 (legal PAG = G* + spurious, cold-reoriented):
Graph Nodes:
V1;V2;V3;V4;V5

Graph Edges:
1. V2 --> V1
2. V2 o-o V4
3. V3 --> V1
4. V3 o-o V4
5. V3 o-o V5
6. V4 --> V1
7. V4 o-o V5
8. V5 o-o V2



==== NON-I-MAP H0 (cold reorient of G*+spurious is NOT an I-map of G*) ====
  Under the corrected sepset regime this population is expected EMPTY; an entry
  here is a defect. The witness CI below is the proof of the violation.
  model                 : PAG#20287
  extra (spurious) edges: [V1 o-o V3, V3 o-o V4]  (k=2)
  WITNESS (holds in H0, fails in G*): V1 _||_ V2 | [V3, V4]   (m-separated in H0's MAG, m-connected in G*)
  true PAG G* (over observed):
Graph Nodes:
V1;V2;V3;V4;V5

Graph Edges:
1. V2 --> V3
2. V2 o-o V4
3. V2 o-> V5
4. V4 o-> V1
5. V5 <-> V1
6. V5 --> V3


  H0 (legal PAG = G* + spurious, cold-reoriented):
Graph Nodes:
V1;V2;V3;V4;V5

Graph Edges:
1. V1 <-> V5
2. V2 o-o V3
3. V2 o-o V4
4. V2 o-> V5
5. V3 o-> V1
6. V3 o-o V4
7. V3 o-> V5
8. V4 o-> V1



==== NON-I-MAP H0 (cold reorient of G*+spurious is NOT an I-map of G*) ====
  Under the corrected sepset regime this population is expected EMPTY; an entry
  here is a defect. The witness CI below is the proof of the violation.
  model                 : PAG#20291
  extra (spurious) edges: [V1 o-o V4, V1 o-o V5]  (k=2)
  WITNESS (holds in H0, fails in G*): V3 _||_ V5 | [V1, V4]   (m-separated in H0's MAG, m-connected in G*)
  true PAG G* (over observed):
Graph Nodes:
V1;V2;V3;V4;V5

Graph Edges:
1. V2 --> V1
2. V3 <-> V1
3. V3 <-> V2
4. V4 o-> V3
5. V4 o-> V5
6. V5 <-> V2


  H0 (legal PAG = G* + spurious, cold-reoriented):
Graph Nodes:
V1;V2;V3;V4;V5

Graph Edges:
1. V1 o-> V2
2. V1 o-> V3
3. V1 o-o V4
4. V1 o-> V5
5. V2 <-> V3
6. V2 <-> V5
7. V4 o-> V3
8. V4 o-> V5



==== NON-I-MAP H0 (cold reorient of G*+spurious is NOT an I-map of G*) ====
  Under the corrected sepset regime this population is expected EMPTY; an entry
  here is a defect. The witness CI below is the proof of the violation.
  model                 : PAG#20326
  extra (spurious) edges: [V1 o-o V2, V2 o-o V5]  (k=2)
  WITNESS (holds in H0, fails in G*): V4 _||_ V5 | []   (m-separated in H0's MAG, m-connected in G*)
  true PAG G* (over observed):
Graph Nodes:
V1;V2;V3;V4;V5

Graph Edges:
1. V2 o-> V3
2. V3 --> V5
3. V4 o-> V1
4. V4 o-> V3
5. V5 <-> V1


  H0 (legal PAG = G* + spurious, cold-reoriented):
Graph Nodes:
V1;V2;V3;V4;V5

Graph Edges:
1. V1 --> V2
2. V1 <-> V5
3. V2 --> V3
4. V2 <-> V5
5. V4 o-> V1
6. V4 --> V3
7. V5 <-> V3



==== NON-I-MAP H0 (cold reorient of G*+spurious is NOT an I-map of G*) ====
  Under the corrected sepset regime this population is expected EMPTY; an entry
  here is a defect. The witness CI below is the proof of the violation.
  model                 : PAG#20347
  extra (spurious) edges: [V1 o-o V4, V1 o-o V5]  (k=2)
  WITNESS (holds in H0, fails in G*): V2 _||_ V4 | [V1, V5]   (m-separated in H0's MAG, m-connected in G*)
  true PAG G* (over observed):
Graph Nodes:
V1;V2;V3;V4;V5

Graph Edges:
1. V2 <-> V1
2. V3 --> V1
3. V3 <-> V2
4. V4 o-> V5
5. V5 <-> V3


  H0 (legal PAG = G* + spurious, cold-reoriented):
Graph Nodes:
V1;V2;V3;V4;V5

Graph Edges:
1. V1 o-> V3
2. V1 o-o V4
3. V1 o-> V5
4. V2 o-o V1
5. V2 o-> V3
6. V4 o-> V5
7. V5 <-> V3



==== NON-I-MAP H0 (cold reorient of G*+spurious is NOT an I-map of G*) ====
  Under the corrected sepset regime this population is expected EMPTY; an entry
  here is a defect. The witness CI below is the proof of the violation.
  model                 : PAG#20367
  extra (spurious) edges: [V1 o-o V2, V1 o-o V5]  (k=2)
  WITNESS (holds in H0, fails in G*): V2 _||_ V5 | [V1]   (m-separated in H0's MAG, m-connected in G*)
  true PAG G* (over observed):
Graph Nodes:
V1;V2;V3;V4;V5

Graph Edges:
1. V1 --> V3
2. V2 <-> V3
3. V4 --> V1
4. V4 <-> V2
5. V4 <-> V5
6. V5 <-> V3


  H0 (legal PAG = G* + spurious, cold-reoriented):
Graph Nodes:
V1;V2;V3;V4;V5

Graph Edges:
1. V1 o-> V2
2. V1 o-> V3
3. V1 o-> V4
4. V1 o-> V5
5. V3 <-> V2
6. V4 <-> V2
7. V5 <-> V3
8. V5 <-> V4



==== NON-I-MAP H0 (cold reorient of G*+spurious is NOT an I-map of G*) ====
  Under the corrected sepset regime this population is expected EMPTY; an entry
  here is a defect. The witness CI below is the proof of the violation.
  model                 : PAG#20481
  extra (spurious) edges: [V1 o-o V2, V2 o-o V4]  (k=2)
  WITNESS (holds in H0, fails in G*): V1 _||_ V5 | [V2, V4]   (m-separated in H0's MAG, m-connected in G*)
  true PAG G* (over observed):
Graph Nodes:
V1;V2;V3;V4;V5

Graph Edges:
1. V1 --> V3
2. V1 o-o V4
3. V3 --> V2
4. V4 o-o V5
5. V5 --> V2
6. V5 --> V3


  H0 (legal PAG = G* + spurious, cold-reoriented):
Graph Nodes:
V1;V2;V3;V4;V5

Graph Edges:
1. V1 o-o V2
2. V1 --> V3
3. V1 o-o V4
4. V2 --> V3
5. V2 o-o V4
6. V4 o-o V5
7. V5 o-o V2
8. V5 --> V3



==== NON-I-MAP H0 (cold reorient of G*+spurious is NOT an I-map of G*) ====
  Under the corrected sepset regime this population is expected EMPTY; an entry
  here is a defect. The witness CI below is the proof of the violation.
  model                 : PAG#20500
  extra (spurious) edges: [V2 o-o V5, V4 o-o V5]  (k=2)
  WITNESS (holds in H0, fails in G*): V2 _||_ V4 | [V5]   (m-separated in H0's MAG, m-connected in G*)
  true PAG G* (over observed):
Graph Nodes:
V1;V2;V3;V4;V5

Graph Edges:
1. V1 --> V5
2. V2 <-> V1
3. V2 <-> V3
4. V4 <-> V1
5. V4 <-> V3
6. V5 --> V3


  H0 (legal PAG = G* + spurious, cold-reoriented):
Graph Nodes:
V1;V2;V3;V4;V5

Graph Edges:
1. V1 <-> V4
2. V2 <-> V1
3. V2 <-> V3
4. V4 <-> V3
5. V5 o-> V1
6. V5 o-> V2
7. V5 o-> V3
8. V5 o-> V4



==== NON-I-MAP H0 (cold reorient of G*+spurious is NOT an I-map of G*) ====
  Under the corrected sepset regime this population is expected EMPTY; an entry
  here is a defect. The witness CI below is the proof of the violation.
  model                 : PAG#20501
  extra (spurious) edges: [V1 o-o V2, V2 o-o V3]  (k=2)
  WITNESS (holds in H0, fails in G*): V1 _||_ V3 | [V2]   (m-separated in H0's MAG, m-connected in G*)
  true PAG G* (over observed):
Graph Nodes:
V1;V2;V3;V4;V5

Graph Edges:
1. V2 --> V5
2. V4 <-> V1
3. V4 --> V2
4. V4 <-> V3
5. V5 <-> V1
6. V5 <-> V3


  H0 (legal PAG = G* + spurious, cold-reoriented):
Graph Nodes:
V1;V2;V3;V4;V5

Graph Edges:
1. V1 <-> V4
2. V1 <-> V5
3. V2 o-> V1
4. V2 o-> V3
5. V2 o-> V4
6. V2 o-> V5
7. V4 <-> V3
8. V5 <-> V3



==== NON-I-MAP H0 (cold reorient of G*+spurious is NOT an I-map of G*) ====
  Under the corrected sepset regime this population is expected EMPTY; an entry
  here is a defect. The witness CI below is the proof of the violation.
  model                 : PAG#20514
  extra (spurious) edges: [V1 o-o V3, V3 o-o V5]  (k=2)
  WITNESS (holds in H0, fails in G*): V1 _||_ V2 | [V3]   (m-separated in H0's MAG, m-connected in G*)
  true PAG G* (over observed):
Graph Nodes:
V1;V2;V3;V4;V5

Graph Edges:
1. V1 o-> V4
2. V1 o-o V5
3. V3 <-> V2
4. V4 <-> V3
5. V5 o-> V2


  H0 (legal PAG = G* + spurious, cold-reoriented):
Graph Nodes:
V1;V2;V3;V4;V5

Graph Edges:
1. V1 --> V5
2. V2 <-> V3
3. V2 <-> V5
4. V3 --> V1
5. V3 <-> V4
6. V3 --> V5
7. V4 <-> V1



==== NON-I-MAP H0 (cold reorient of G*+spurious is NOT an I-map of G*) ====
  Under the corrected sepset regime this population is expected EMPTY; an entry
  here is a defect. The witness CI below is the proof of the violation.
  model                 : PAG#20516
  extra (spurious) edges: [V2 o-o V3, V2 o-o V5]  (k=2)
  WITNESS (holds in H0, fails in G*): V1 _||_ V4 | []   (m-separated in H0's MAG, m-connected in G*)
  true PAG G* (over observed):
Graph Nodes:
V1;V2;V3;V4;V5

Graph Edges:
1. V2 <-> V1
2. V3 o-> V1
3. V3 o-o V5
4. V4 <-> V2
5. V5 o-> V4


  H0 (legal PAG = G* + spurious, cold-reoriented):
Graph Nodes:
V1;V2;V3;V4;V5

Graph Edges:
1. V1 <-> V2
2. V1 <-> V3
3. V2 --> V3
4. V2 --> V5
5. V4 <-> V2
6. V4 <-> V5
7. V5 --> V3



==== NON-I-MAP H0 (cold reorient of G*+spurious is NOT an I-map of G*) ====
  Under the corrected sepset regime this population is expected EMPTY; an entry
  here is a defect. The witness CI below is the proof of the violation.
  model                 : PAG#20528
  extra (spurious) edges: [V1 o-o V5, V2 o-o V3]  (k=2)
  WITNESS (holds in H0, fails in G*): V1 _||_ V2 | [V3, V5]   (m-separated in H0's MAG, m-connected in G*)
  true PAG G* (over observed):
Graph Nodes:
V1;V2;V3;V4;V5

Graph Edges:
1. V3 o-> V1
2. V3 o-> V5
3. V4 <-> V1
4. V4 <-> V2
5. V4 --> V5
6. V5 <-> V2


  H0 (legal PAG = G* + spurious, cold-reoriented):
Graph Nodes:
V1;V2;V3;V4;V5

Graph Edges:
1. V2 o-o V3
2. V2 o-> V4
3. V2 o-> V5
4. V3 --> V1
5. V3 o-> V5
6. V4 <-> V1
7. V5 --> V1
8. V5 <-> V4



==== NON-I-MAP H0 (cold reorient of G*+spurious is NOT an I-map of G*) ====
  Under the corrected sepset regime this population is expected EMPTY; an entry
  here is a defect. The witness CI below is the proof of the violation.
  model                 : PAG#20541
  extra (spurious) edges: [V2 o-o V4, V4 o-o V5]  (k=2)
  WITNESS (holds in H0, fails in G*): V1 _||_ V5 | [V2, V4]   (m-separated in H0's MAG, m-connected in G*)
  true PAG G* (over observed):
Graph Nodes:
V1;V2;V3;V4;V5

Graph Edges:
1. V1 o-o V2
2. V1 --> V3
3. V1 --> V4
4. V2 o-o V5
5. V3 --> V4
6. V5 --> V3


  H0 (legal PAG = G* + spurious, cold-reoriented):
Graph Nodes:
V1;V2;V3;V4;V5

Graph Edges:
1. V1 o-o V2
2. V1 --> V3
3. V1 o-o V4
4. V2 o-o V4
5. V2 o-o V5
6. V4 --> V3
7. V4 o-o V5
8. V5 --> V3



==== NON-I-MAP H0 (cold reorient of G*+spurious is NOT an I-map of G*) ====
  Under the corrected sepset regime this population is expected EMPTY; an entry
  here is a defect. The witness CI below is the proof of the violation.
  model                 : PAG#20628
  extra (spurious) edges: [V2 o-o V4, V4 o-o V5]  (k=2)
  WITNESS (holds in H0, fails in G*): V2 _||_ V3 | [V4]   (m-separated in H0's MAG, m-connected in G*)
  true PAG G* (over observed):
Graph Nodes:
V1;V2;V3;V4;V5

Graph Edges:
1. V1 <-> V3
2. V1 --> V4
3. V2 <-> V1
4. V4 <-> V3
5. V5 o-> V2


  H0 (legal PAG = G* + spurious, cold-reoriented):
Graph Nodes:
V1;V2;V3;V4;V5

Graph Edges:
1. V2 <-> V1
2. V3 o-> V1
3. V4 o-> V1
4. V4 o-> V2
5. V4 o-o V3
6. V4 o-o V5
7. V5 o-> V2



==== NON-I-MAP H0 (cold reorient of G*+spurious is NOT an I-map of G*) ====
  Under the corrected sepset regime this population is expected EMPTY; an entry
  here is a defect. The witness CI below is the proof of the violation.
  model                 : PAG#20646
  extra (spurious) edges: [V1 o-o V5, V2 o-o V5, V4 o-o V5]  (k=3)
  WITNESS (holds in H0, fails in G*): V1 _||_ V4 | [V5]   (m-separated in H0's MAG, m-connected in G*)
  true PAG G* (over observed):
Graph Nodes:
V1;V2;V3;V4;V5

Graph Edges:
1. V2 o-> V1
2. V3 <-> V1
3. V3 --> V5
4. V4 o-> V3


  H0 (legal PAG = G* + spurious, cold-reoriented):
Graph Nodes:
V1;V2;V3;V4;V5

Graph Edges:
1. V2 o-> V1
2. V2 o-o V5
3. V3 <-> V1
4. V4 o-> V3
5. V4 o-o V5
6. V5 o-> V1
7. V5 o-> V3



==== NON-I-MAP H0 (cold reorient of G*+spurious is NOT an I-map of G*) ====
  Under the corrected sepset regime this population is expected EMPTY; an entry
  here is a defect. The witness CI below is the proof of the violation.
  model                 : PAG#20656
  extra (spurious) edges: [V2 o-o V3, V4 o-o V5]  (k=2)
  WITNESS (holds in H0, fails in G*): V2 _||_ V4 | [V3, V5]   (m-separated in H0's MAG, m-connected in G*)
  true PAG G* (over observed):
Graph Nodes:
V1;V2;V3;V4;V5

Graph Edges:
1. V1 <-> V2
2. V1 --> V3
3. V1 <-> V4
4. V3 <-> V4
5. V5 o-> V2
6. V5 o-> V3


  H0 (legal PAG = G* + spurious, cold-reoriented):
Graph Nodes:
V1;V2;V3;V4;V5

Graph Edges:
1. V2 <-> V1
2. V3 <-> V1
3. V3 --> V2
4. V4 o-> V1
5. V4 o-> V3
6. V4 o-o V5
7. V5 --> V2
8. V5 o-> V3



==== NON-I-MAP H0 (cold reorient of G*+spurious is NOT an I-map of G*) ====
  Under the corrected sepset regime this population is expected EMPTY; an entry
  here is a defect. The witness CI below is the proof of the violation.
  model                 : PAG#20657
  extra (spurious) edges: [V1 o-o V5, V3 o-o V5, V4 o-o V5]  (k=3)
  WITNESS (holds in H0, fails in G*): V3 _||_ V4 | [V1, V5]   (m-separated in H0's MAG, m-connected in G*)
  true PAG G* (over observed):
Graph Nodes:
V1;V2;V3;V4;V5

Graph Edges:
1. V1 o-o V3
2. V1 o-> V4
3. V2 --> V5
4. V3 o-> V2
5. V4 <-> V2


  H0 (legal PAG = G* + spurious, cold-reoriented):
Graph Nodes:
V1;V2;V3;V4;V5

Graph Edges:
1. V1 o-o V3
2. V1 o-> V4
3. V1 o-o V5
4. V3 o-> V2
5. V3 o-o V5
6. V4 <-> V2
7. V5 o-> V2
8. V5 o-> V4



==== NON-I-MAP H0 (cold reorient of G*+spurious is NOT an I-map of G*) ====
  Under the corrected sepset regime this population is expected EMPTY; an entry
  here is a defect. The witness CI below is the proof of the violation.
  model                 : PAG#20694
  extra (spurious) edges: [V1 o-o V3, V2 o-o V3]  (k=2)
  WITNESS (holds in H0, fails in G*): V1 _||_ V4 | [V3, V5]   (m-separated in H0's MAG, m-connected in G*)
  true PAG G* (over observed):
Graph Nodes:
V1;V2;V3;V4;V5

Graph Edges:
1. V1 o-o V2
2. V2 o-o V4
3. V4 --> V3
4. V5 o-o V1
5. V5 --> V3


  H0 (legal PAG = G* + spurious, cold-reoriented):
Graph Nodes:
V1;V2;V3;V4;V5

Graph Edges:
1. V1 --> V2
2. V3 --> V1
3. V3 --> V2
4. V4 --> V2
5. V4 o-> V3
6. V5 --> V1
7. V5 o-> V3



==== NON-I-MAP H0 (cold reorient of G*+spurious is NOT an I-map of G*) ====
  Under the corrected sepset regime this population is expected EMPTY; an entry
  here is a defect. The witness CI below is the proof of the violation.
  model                 : PAG#20801
  extra (spurious) edges: [V1 o-o V2, V2 o-o V3]  (k=2)
  WITNESS (holds in H0, fails in G*): V1 _||_ V5 | [V2, V3]   (m-separated in H0's MAG, m-connected in G*)
  true PAG G* (over observed):
Graph Nodes:
V1;V2;V3;V4;V5

Graph Edges:
1. V1 o-o V3
2. V1 --> V4
3. V3 o-o V5
4. V4 --> V2
5. V5 --> V2
6. V5 --> V4


  H0 (legal PAG = G* + spurious, cold-reoriented):
Graph Nodes:
V1;V2;V3;V4;V5

Graph Edges:
1. V1 o-o V2
2. V1 o-o V3
3. V1 --> V4
4. V2 o-o V3
5. V2 --> V4
6. V3 o-o V5
7. V5 o-o V2
8. V5 --> V4



==== NON-I-MAP H0 (cold reorient of G*+spurious is NOT an I-map of G*) ====
  Under the corrected sepset regime this population is expected EMPTY; an entry
  here is a defect. The witness CI below is the proof of the violation.
  model                 : PAG#20834
  extra (spurious) edges: [V1 o-o V5, V3 o-o V4]  (k=2)
  WITNESS (holds in H0, fails in G*): V1 _||_ V3 | [V4, V5]   (m-separated in H0's MAG, m-connected in G*)
  true PAG G* (over observed):
Graph Nodes:
V1;V2;V3;V4;V5

Graph Edges:
1. V2 <-> V1
2. V2 <-> V3
3. V2 --> V4
4. V4 <-> V1
5. V5 o-> V3
6. V5 o-> V4


  H0 (legal PAG = G* + spurious, cold-reoriented):
Graph Nodes:
V1;V2;V3;V4;V5

Graph Edges:
1. V1 o-> V2
2. V1 o-> V4
3. V1 o-o V5
4. V3 <-> V2
5. V4 <-> V2
6. V4 --> V3
7. V5 --> V3
8. V5 o-> V4



==== NON-I-MAP H0 (cold reorient of G*+spurious is NOT an I-map of G*) ====
  Under the corrected sepset regime this population is expected EMPTY; an entry
  here is a defect. The witness CI below is the proof of the violation.
  model                 : PAG#20867
  extra (spurious) edges: [V1 o-o V2, V1 o-o V4]  (k=2)
  WITNESS (holds in H0, fails in G*): V2 _||_ V5 | [V1, V4]   (m-separated in H0's MAG, m-connected in G*)
  true PAG G* (over observed):
Graph Nodes:
V1;V2;V3;V4;V5

Graph Edges:
1. V2 <-> V3
2. V3 --> V1
3. V4 o-> V2
4. V4 o-o V5
5. V5 --> V1
6. V5 o-> V3


  H0 (legal PAG = G* + spurious, cold-reoriented):
Graph Nodes:
V1;V2;V3;V4;V5

Graph Edges:
1. V1 o-> V2
2. V1 o-> V3
3. V1 o-o V4
4. V3 <-> V2
5. V4 o-> V2
6. V4 o-o V5
7. V5 o-o V1
8. V5 o-> V3



==== NON-I-MAP H0 (cold reorient of G*+spurious is NOT an I-map of G*) ====
  Under the corrected sepset regime this population is expected EMPTY; an entry
  here is a defect. The witness CI below is the proof of the violation.
  model                 : PAG#20914
  extra (spurious) edges: [V1 o-o V3, V1 o-o V4]  (k=2)
  WITNESS (holds in H0, fails in G*): V2 _||_ V5 | []   (m-separated in H0's MAG, m-connected in G*)
  true PAG G* (over observed):
Graph Nodes:
V1;V2;V3;V4;V5

Graph Edges:
1. V2 <-> V1
2. V3 o-o V4
3. V3 o-o V5
4. V4 o-> V2
5. V5 o-> V1


  H0 (legal PAG = G* + spurious, cold-reoriented):
Graph Nodes:
V1;V2;V3;V4;V5

Graph Edges:
1. V1 <-> V2
2. V1 --> V3
3. V1 --> V4
4. V2 <-> V4
5. V4 --> V3
6. V5 o-> V1
7. V5 --> V3



==== NON-I-MAP H0 (cold reorient of G*+spurious is NOT an I-map of G*) ====
  Under the corrected sepset regime this population is expected EMPTY; an entry
  here is a defect. The witness CI below is the proof of the violation.
  model                 : PAG#20934
  extra (spurious) edges: [V2 o-o V3, V4 o-o V5]  (k=2)
  WITNESS (holds in H0, fails in G*): V1 _||_ V3 | [V2]   (m-separated in H0's MAG, m-connected in G*)
  true PAG G* (over observed):
Graph Nodes:
V1;V2;V3;V4;V5

Graph Edges:
1. V1 <-> V2
2. V1 --> V4
3. V3 --> V4
4. V3 o-o V5
5. V4 <-> V2
6. V5 o-> V1


  H0 (legal PAG = G* + spurious, cold-reoriented):
Graph Nodes:
V1;V2;V3;V4;V5

Graph Edges:
1. V1 <-> V5
2. V2 o-> V1
3. V2 o-o V3
4. V2 o-> V4
5. V3 o-> V4
6. V3 --> V5
7. V4 <-> V1
8. V4 --> V5



==== NON-I-MAP H0 (cold reorient of G*+spurious is NOT an I-map of G*) ====
  Under the corrected sepset regime this population is expected EMPTY; an entry
  here is a defect. The witness CI below is the proof of the violation.
  model                 : PAG#20952
  extra (spurious) edges: [V1 o-o V2, V1 o-o V3]  (k=2)
  WITNESS (holds in H0, fails in G*): V3 _||_ V4 | [V1]   (m-separated in H0's MAG, m-connected in G*)
  true PAG G* (over observed):
Graph Nodes:
V1;V2;V3;V4;V5

Graph Edges:
1. V2 o-o V3
2. V2 o-> V4
3. V3 o-> V5
4. V4 <-> V1
5. V5 <-> V1


  H0 (legal PAG = G* + spurious, cold-reoriented):
Graph Nodes:
V1;V2;V3;V4;V5

Graph Edges:
1. V1 --> V2
2. V1 --> V3
3. V1 <-> V5
4. V3 --> V2
5. V4 <-> V1
6. V4 <-> V2
7. V5 <-> V3



==== NON-I-MAP H0 (cold reorient of G*+spurious is NOT an I-map of G*) ====
  Under the corrected sepset regime this population is expected EMPTY; an entry
  here is a defect. The witness CI below is the proof of the violation.
  model                 : PAG#20953
  extra (spurious) edges: [V1 o-o V5, V3 o-o V5]  (k=2)
  WITNESS (holds in H0, fails in G*): V2 _||_ V3 | [V5]   (m-separated in H0's MAG, m-connected in G*)
  true PAG G* (over observed):
Graph Nodes:
V1;V2;V3;V4;V5

Graph Edges:
1. V1 o-> V2
2. V1 o-o V3
3. V3 o-> V4
4. V5 <-> V2
5. V5 <-> V4


  H0 (legal PAG = G* + spurious, cold-reoriented):
Graph Nodes:
V1;V2;V3;V4;V5

Graph Edges:
1. V2 <-> V1
2. V2 <-> V5
3. V3 --> V1
4. V4 <-> V3
5. V4 <-> V5
6. V5 --> V1
7. V5 --> V3



==== NON-I-MAP H0 (cold reorient of G*+spurious is NOT an I-map of G*) ====
  Under the corrected sepset regime this population is expected EMPTY; an entry
  here is a defect. The witness CI below is the proof of the violation.
  model                 : PAG#21022
  extra (spurious) edges: [V1 o-o V4, V4 o-o V5]  (k=2)
  WITNESS (holds in H0, fails in G*): V1 _||_ V2 | [V4, V5]   (m-separated in H0's MAG, m-connected in G*)
  true PAG G* (over observed):
Graph Nodes:
V1;V2;V3;V4;V5

Graph Edges:
1. V2 o-> V3
2. V2 --> V4
3. V2 o-o V5
4. V3 <-> V1
5. V3 --> V4
6. V5 o-> V1


  H0 (legal PAG = G* + spurious, cold-reoriented):
Graph Nodes:
V1;V2;V3;V4;V5

Graph Edges:
1. V2 o-> V3
2. V2 o-o V4
3. V2 o-o V5
4. V3 <-> V1
5. V4 o-> V1
6. V4 o-> V3
7. V4 o-o V5
8. V5 o-> V1



==== NON-I-MAP H0 (cold reorient of G*+spurious is NOT an I-map of G*) ====
  Under the corrected sepset regime this population is expected EMPTY; an entry
  here is a defect. The witness CI below is the proof of the violation.
  model                 : PAG#21025
  extra (spurious) edges: [V1 o-o V4, V1 o-o V5]  (k=2)
  WITNESS (holds in H0, fails in G*): V4 _||_ V5 | [V1]   (m-separated in H0's MAG, m-connected in G*)
  true PAG G* (over observed):
Graph Nodes:
V1;V2;V3;V4;V5

Graph Edges:
1. V1 --> V2
2. V3 --> V1
3. V4 <-> V2
4. V4 <-> V3
5. V5 <-> V2
6. V5 <-> V3


  H0 (legal PAG = G* + spurious, cold-reoriented):
Graph Nodes:
V1;V2;V3;V4;V5

Graph Edges:
1. V1 o-> V2
2. V1 o-> V3
3. V1 o-> V4
4. V1 o-> V5
5. V4 <-> V2
6. V4 <-> V3
7. V5 <-> V2
8. V5 <-> V3



==== NON-I-MAP H0 (cold reorient of G*+spurious is NOT an I-map of G*) ====
  Under the corrected sepset regime this population is expected EMPTY; an entry
  here is a defect. The witness CI below is the proof of the violation.
  model                 : PAG#21028
  extra (spurious) edges: [V1 o-o V2, V1 o-o V5]  (k=2)
  WITNESS (holds in H0, fails in G*): V2 _||_ V5 | [V1]   (m-separated in H0's MAG, m-connected in G*)
  true PAG G* (over observed):
Graph Nodes:
V1;V2;V3;V4;V5

Graph Edges:
1. V1 --> V4
2. V2 <-> V3
3. V3 --> V1
4. V4 <-> V2
5. V5 <-> V3
6. V5 <-> V4


  H0 (legal PAG = G* + spurious, cold-reoriented):
Graph Nodes:
V1;V2;V3;V4;V5

Graph Edges:
1. V1 o-> V2
2. V1 o-> V3
3. V1 o-> V4
4. V1 o-> V5
5. V3 <-> V2
6. V4 <-> V2
7. V5 <-> V3
8. V5 <-> V4



==== NON-I-MAP H0 (cold reorient of G*+spurious is NOT an I-map of G*) ====
  Under the corrected sepset regime this population is expected EMPTY; an entry
  here is a defect. The witness CI below is the proof of the violation.
  model                 : PAG#21129
  extra (spurious) edges: [V2 o-o V3, V2 o-o V5]  (k=2)
  WITNESS (holds in H0, fails in G*): V1 _||_ V4 | []   (m-separated in H0's MAG, m-connected in G*)
  true PAG G* (over observed):
Graph Nodes:
V1;V2;V3;V4;V5

Graph Edges:
1. V2 <-> V1
2. V3 o-> V1
3. V4 o-> V2
4. V4 o-o V5
5. V5 o-o V3


  H0 (legal PAG = G* + spurious, cold-reoriented):
Graph Nodes:
V1;V2;V3;V4;V5

Graph Edges:
1. V1 <-> V2
2. V1 <-> V3
3. V2 --> V3
4. V2 --> V5
5. V4 o-> V2
6. V4 --> V5
7. V5 --> V3



==== NON-I-MAP H0 (cold reorient of G*+spurious is NOT an I-map of G*) ====
  Under the corrected sepset regime this population is expected EMPTY; an entry
  here is a defect. The witness CI below is the proof of the violation.
  model                 : PAG#21155
  extra (spurious) edges: [V1 o-o V2, V2 o-o V4]  (k=2)
  WITNESS (holds in H0, fails in G*): V1 _||_ V4 | [V2]   (m-separated in H0's MAG, m-connected in G*)
  true PAG G* (over observed):
Graph Nodes:
V1;V2;V3;V4;V5

Graph Edges:
1. V1 o-> V3
2. V3 --> V2
3. V4 o-> V3
4. V5 o-> V2


  H0 (legal PAG = G* + spurious, cold-reoriented):
Graph Nodes:
V1;V2;V3;V4;V5

Graph Edges:
1. V2 --> V1
2. V2 <-> V3
3. V2 --> V4
4. V3 <-> V1
5. V3 <-> V4
6. V5 o-> V2



==== NON-I-MAP H0 (cold reorient of G*+spurious is NOT an I-map of G*) ====
  Under the corrected sepset regime this population is expected EMPTY; an entry
  here is a defect. The witness CI below is the proof of the violation.
  model                 : PAG#21183
  extra (spurious) edges: [V2 o-o V4, V3 o-o V5]  (k=2)
  WITNESS (holds in H0, fails in G*): V2 _||_ V3 | [V4, V5]   (m-separated in H0's MAG, m-connected in G*)
  true PAG G* (over observed):
Graph Nodes:
V1;V2;V3;V4;V5

Graph Edges:
1. V1 <-> V3
2. V1 --> V4
3. V2 <-> V1
4. V4 <-> V3
5. V5 o-> V2
6. V5 o-> V4


  H0 (legal PAG = G* + spurious, cold-reoriented):
Graph Nodes:
V1;V2;V3;V4;V5

Graph Edges:
1. V2 <-> V1
2. V3 o-> V1
3. V3 o-> V4
4. V3 o-o V5
5. V4 <-> V1
6. V4 --> V2
7. V5 --> V2
8. V5 o-> V4



==== NON-I-MAP H0 (cold reorient of G*+spurious is NOT an I-map of G*) ====
  Under the corrected sepset regime this population is expected EMPTY; an entry
  here is a defect. The witness CI below is the proof of the violation.
  model                 : PAG#21196
  extra (spurious) edges: [V1 o-o V2, V2 o-o V3]  (k=2)
  WITNESS (holds in H0, fails in G*): V1 _||_ V5 | [V2]   (m-separated in H0's MAG, m-connected in G*)
  true PAG G* (over observed):
Graph Nodes:
V1;V2;V3;V4;V5

Graph Edges:
1. V1 <-> V3
2. V2 <-> V5
3. V4 <-> V1
4. V4 --> V2
5. V4 --> V3
6. V4 <-> V5


  H0 (legal PAG = G* + spurious, cold-reoriented):
Graph Nodes:
V1;V2;V3;V4;V5

Graph Edges:
1. V1 <-> V3
2. V2 o-> V1
3. V2 --> V3
4. V2 o-> V4
5. V2 o-o V5
6. V4 <-> V1
7. V4 --> V3
8. V5 o-> V4



==== NON-I-MAP H0 (cold reorient of G*+spurious is NOT an I-map of G*) ====
  Under the corrected sepset regime this population is expected EMPTY; an entry
  here is a defect. The witness CI below is the proof of the violation.
  model                 : PAG#21196
  extra (spurious) edges: [V2 o-o V3, V3 o-o V5]  (k=2)
  WITNESS (holds in H0, fails in G*): V1 _||_ V5 | [V3]   (m-separated in H0's MAG, m-connected in G*)
  true PAG G* (over observed):
Graph Nodes:
V1;V2;V3;V4;V5

Graph Edges:
1. V1 <-> V3
2. V2 <-> V5
3. V4 <-> V1
4. V4 --> V2
5. V4 --> V3
6. V4 <-> V5


  H0 (legal PAG = G* + spurious, cold-reoriented):
Graph Nodes:
V1;V2;V3;V4;V5

Graph Edges:
1. V1 o-o V3
2. V1 o-> V4
3. V2 <-> V5
4. V3 --> V2
5. V3 o-> V4
6. V3 o-> V5
7. V4 --> V2
8. V4 <-> V5



==== NON-I-MAP H0 (cold reorient of G*+spurious is NOT an I-map of G*) ====
  Under the corrected sepset regime this population is expected EMPTY; an entry
  here is a defect. The witness CI below is the proof of the violation.
  model                 : PAG#21209
  extra (spurious) edges: [V1 o-o V3, V3 o-o V5]  (k=2)
  WITNESS (holds in H0, fails in G*): V1 _||_ V4 | [V3, V5]   (m-separated in H0's MAG, m-connected in G*)
  true PAG G* (over observed):
Graph Nodes:
V1;V2;V3;V4;V5

Graph Edges:
1. V1 --> V2
2. V1 o-o V5
3. V2 --> V3
4. V4 --> V2
5. V4 --> V3
6. V5 o-o V4


  H0 (legal PAG = G* + spurious, cold-reoriented):
Graph Nodes:
V1;V2;V3;V4;V5

Graph Edges:
1. V1 --> V2
2. V1 o-o V3
3. V1 o-o V5
4. V3 --> V2
5. V3 o-o V5
6. V4 --> V2
7. V4 o-o V3
8. V5 o-o V4



==== NON-I-MAP H0 (cold reorient of G*+spurious is NOT an I-map of G*) ====
  Under the corrected sepset regime this population is expected EMPTY; an entry
  here is a defect. The witness CI below is the proof of the violation.
  model                 : PAG#21271
  extra (spurious) edges: [V1 o-o V3, V2 o-o V3, V3 o-o V4]  (k=3)
  WITNESS (holds in H0, fails in G*): V1 _||_ V4 | [V2, V3]   (m-separated in H0's MAG, m-connected in G*)
  true PAG G* (over observed):
Graph Nodes:
V1;V2;V3;V4;V5

Graph Edges:
1. V1 o-o V2
2. V1 --> V5
3. V2 o-o V4
4. V4 --> V5
5. V5 --> V3


  H0 (legal PAG = G* + spurious, cold-reoriented):
Graph Nodes:
V1;V2;V3;V4;V5

Graph Edges:
1. V1 o-o V2
2. V1 o-o V3
3. V1 --> V5
4. V2 o-o V3
5. V2 o-o V4
6. V3 o-o V4
7. V3 --> V5
8. V4 --> V5



==== NON-I-MAP H0 (cold reorient of G*+spurious is NOT an I-map of G*) ====
  Under the corrected sepset regime this population is expected EMPTY; an entry
  here is a defect. The witness CI below is the proof of the violation.
  model                 : PAG#21272
  extra (spurious) edges: [V3 o-o V4, V3 o-o V5]  (k=2)
  WITNESS (holds in H0, fails in G*): V1 _||_ V5 | [V3, V4]   (m-separated in H0's MAG, m-connected in G*)
  true PAG G* (over observed):
Graph Nodes:
V1;V2;V3;V4;V5

Graph Edges:
1. V1 --> V2
2. V1 --> V3
3. V2 --> V3
4. V4 o-o V1
5. V5 --> V2
6. V5 o-o V4


  H0 (legal PAG = G* + spurious, cold-reoriented):
Graph Nodes:
V1;V2;V3;V4;V5

Graph Edges:
1. V1 --> V2
2. V1 o-o V3
3. V3 --> V2
4. V3 o-o V4
5. V3 o-o V5
6. V4 o-o V1
7. V5 --> V2
8. V5 o-o V4



==== NON-I-MAP H0 (cold reorient of G*+spurious is NOT an I-map of G*) ====
  Under the corrected sepset regime this population is expected EMPTY; an entry
  here is a defect. The witness CI below is the proof of the violation.
  model                 : PAG#21285
  extra (spurious) edges: [V1 o-o V3, V3 o-o V5]  (k=2)
  WITNESS (holds in H0, fails in G*): V1 _||_ V2 | [V3, V4]   (m-separated in H0's MAG, m-connected in G*)
  true PAG G* (over observed):
Graph Nodes:
V1;V2;V3;V4;V5

Graph Edges:
1. V1 o-o V4
2. V2 --> V3
3. V2 o-o V5
4. V4 --> V3
5. V5 o-o V1


  H0 (legal PAG = G* + spurious, cold-reoriented):
Graph Nodes:
V1;V2;V3;V4;V5

Graph Edges:
1. V1 --> V5
2. V2 o-> V3
3. V2 --> V5
4. V3 --> V1
5. V3 --> V5
6. V4 --> V1
7. V4 o-> V3



==== NON-I-MAP H0 (cold reorient of G*+spurious is NOT an I-map of G*) ====
  Under the corrected sepset regime this population is expected EMPTY; an entry
  here is a defect. The witness CI below is the proof of the violation.
  model                 : PAG#21299
  extra (spurious) edges: [V1 o-o V2, V1 o-o V5]  (k=2)
  WITNESS (holds in H0, fails in G*): V2 _||_ V3 | [V1, V5]   (m-separated in H0's MAG, m-connected in G*)
  true PAG G* (over observed):
Graph Nodes:
V1;V2;V3;V4;V5

Graph Edges:
1. V3 <-> V1
2. V4 --> V1
3. V4 <-> V2
4. V4 <-> V3
5. V5 o-> V2
6. V5 o-> V3


  H0 (legal PAG = G* + spurious, cold-reoriented):
Graph Nodes:
V1;V2;V3;V4;V5

Graph Edges:
1. V1 o-> V2
2. V1 o-> V3
3. V1 o-> V4
4. V1 o-o V5
5. V2 <-> V4
6. V4 <-> V3
7. V5 o-> V2
8. V5 o-> V3



==== NON-I-MAP H0 (cold reorient of G*+spurious is NOT an I-map of G*) ====
  Under the corrected sepset regime this population is expected EMPTY; an entry
  here is a defect. The witness CI below is the proof of the violation.
  model                 : PAG#21313
  extra (spurious) edges: [V2 o-o V3, V3 o-o V5]  (k=2)
  WITNESS (holds in H0, fails in G*): V1 _||_ V4 | []   (m-separated in H0's MAG, m-connected in G*)
  true PAG G* (over observed):
Graph Nodes:
V1;V2;V3;V4;V5

Graph Edges:
1. V2 o-> V1
2. V2 o-o V5
3. V3 <-> V1
4. V3 <-> V4
5. V5 o-> V4


  H0 (legal PAG = G* + spurious, cold-reoriented):
Graph Nodes:
V1;V2;V3;V4;V5

Graph Edges:
1. V1 <-> V2
2. V2 --> V5
3. V3 <-> V1
4. V3 --> V2
5. V3 --> V5
6. V4 <-> V3
7. V4 <-> V5



==== NON-I-MAP H0 (cold reorient of G*+spurious is NOT an I-map of G*) ====
  Under the corrected sepset regime this population is expected EMPTY; an entry
  here is a defect. The witness CI below is the proof of the violation.
  model                 : PAG#21325
  extra (spurious) edges: [V2 o-o V3, V3 o-o V5]  (k=2)
  WITNESS (holds in H0, fails in G*): V4 _||_ V5 | [V2, V3]   (m-separated in H0's MAG, m-connected in G*)
  true PAG G* (over observed):
Graph Nodes:
V1;V2;V3;V4;V5

Graph Edges:
1. V1 --> V3
2. V2 o-o V4
3. V2 o-o V5
4. V4 --> V1
5. V4 --> V3
6. V5 --> V1


  H0 (legal PAG = G* + spurious, cold-reoriented):
Graph Nodes:
V1;V2;V3;V4;V5

Graph Edges:
1. V2 o-o V3
2. V2 o-o V4
3. V2 o-o V5
4. V3 --> V1
5. V3 o-o V5
6. V4 --> V1
7. V4 o-o V3
8. V5 --> V1



==== NON-I-MAP H0 (cold reorient of G*+spurious is NOT an I-map of G*) ====
  Under the corrected sepset regime this population is expected EMPTY; an entry
  here is a defect. The witness CI below is the proof of the violation.
  model                 : PAG#21338
  extra (spurious) edges: [V2 o-o V3, V3 o-o V5]  (k=2)
  WITNESS (holds in H0, fails in G*): V1 _||_ V2 | [V3]   (m-separated in H0's MAG, m-connected in G*)
  true PAG G* (over observed):
Graph Nodes:
V1;V2;V3;V4;V5

Graph Edges:
1. V1 o-> V3
2. V2 o-> V4
3. V4 --> V3
4. V5 o-> V4


  H0 (legal PAG = G* + spurious, cold-reoriented):
Graph Nodes:
V1;V2;V3;V4;V5

Graph Edges:
1. V1 o-> V3
2. V3 --> V2
3. V3 <-> V4
4. V3 --> V5
5. V4 <-> V2
6. V4 <-> V5



==== NON-I-MAP H0 (cold reorient of G*+spurious is NOT an I-map of G*) ====
  Under the corrected sepset regime this population is expected EMPTY; an entry
  here is a defect. The witness CI below is the proof of the violation.
  model                 : PAG#21360
  extra (spurious) edges: [V2 o-o V5, V4 o-o V5]  (k=2)
  WITNESS (holds in H0, fails in G*): V1 _||_ V2 | [V4, V5]   (m-separated in H0's MAG, m-connected in G*)
  true PAG G* (over observed):
Graph Nodes:
V1;V2;V3;V4;V5

Graph Edges:
1. V1 o-> V3
2. V1 --> V5
3. V2 o-> V4
4. V3 --> V5
5. V4 <-> V3


  H0 (legal PAG = G* + spurious, cold-reoriented):
Graph Nodes:
V1;V2;V3;V4;V5

Graph Edges:
1. V1 o-> V3
2. V1 o-o V5
3. V2 o-> V4
4. V2 o-o V5
5. V3 <-> V4
6. V5 o-> V3
7. V5 o-> V4



==== NON-I-MAP H0 (cold reorient of G*+spurious is NOT an I-map of G*) ====
  Under the corrected sepset regime this population is expected EMPTY; an entry
  here is a defect. The witness CI below is the proof of the violation.
  model                 : PAG#21376
  extra (spurious) edges: [V1 o-o V5, V4 o-o V5]  (k=2)
  WITNESS (holds in H0, fails in G*): V1 _||_ V2 | [V5]   (m-separated in H0's MAG, m-connected in G*)
  true PAG G* (over observed):
Graph Nodes:
V1;V2;V3;V4;V5

Graph Edges:
1. V1 o-> V3
2. V2 o-o V4
3. V2 o-> V5
4. V4 o-o V1
5. V5 <-> V3


  H0 (legal PAG = G* + spurious, cold-reoriented):
Graph Nodes:
V1;V2;V3;V4;V5

Graph Edges:
1. V1 --> V4
2. V2 --> V4
3. V2 o-> V5
4. V3 <-> V1
5. V5 --> V1
6. V5 <-> V3
7. V5 --> V4



==== NON-I-MAP H0 (cold reorient of G*+spurious is NOT an I-map of G*) ====
  Under the corrected sepset regime this population is expected EMPTY; an entry
  here is a defect. The witness CI below is the proof of the violation.
  model                 : PAG#21376
  extra (spurious) edges: [V2 o-o V3, V3 o-o V4]  (k=2)
  WITNESS (holds in H0, fails in G*): V1 _||_ V2 | [V3]   (m-separated in H0's MAG, m-connected in G*)
  true PAG G* (over observed):
Graph Nodes:
V1;V2;V3;V4;V5

Graph Edges:
1. V1 o-> V3
2. V2 o-o V4
3. V2 o-> V5
4. V4 o-o V1
5. V5 <-> V3


  H0 (legal PAG = G* + spurious, cold-reoriented):
Graph Nodes:
V1;V2;V3;V4;V5

Graph Edges:
1. V1 o-> V3
2. V1 --> V4
3. V2 --> V4
4. V3 --> V2
5. V3 --> V4
6. V5 <-> V2
7. V5 <-> V3



==== NON-I-MAP H0 (cold reorient of G*+spurious is NOT an I-map of G*) ====
  Under the corrected sepset regime this population is expected EMPTY; an entry
  here is a defect. The witness CI below is the proof of the violation.
  model                 : PAG#21398
  extra (spurious) edges: [V2 o-o V5, V3 o-o V4]  (k=2)
  WITNESS (holds in H0, fails in G*): V3 _||_ V5 | [V2, V4]   (m-separated in H0's MAG, m-connected in G*)
  true PAG G* (over observed):
Graph Nodes:
V1;V2;V3;V4;V5

Graph Edges:
1. V1 --> V4
2. V1 <-> V5
3. V2 o-> V3
4. V2 o-> V4
5. V3 <-> V1
6. V4 <-> V5


  H0 (legal PAG = G* + spurious, cold-reoriented):
Graph Nodes:
V1;V2;V3;V4;V5

Graph Edges:
1. V2 --> V3
2. V2 o-> V4
3. V2 o-o V5
4. V3 <-> V1
5. V4 <-> V1
6. V4 --> V3
7. V5 o-> V1
8. V5 o-> V4



==== NON-I-MAP H0 (cold reorient of G*+spurious is NOT an I-map of G*) ====
  Under the corrected sepset regime this population is expected EMPTY; an entry
  here is a defect. The witness CI below is the proof of the violation.
  model                 : PAG#21406
  extra (spurious) edges: [V1 o-o V4, V2 o-o V3]  (k=2)
  WITNESS (holds in H0, fails in G*): V1 _||_ V5 | [V4]   (m-separated in H0's MAG, m-connected in G*)
  true PAG G* (over observed):
Graph Nodes:
V1;V2;V3;V4;V5

Graph Edges:
1. V1 --> V2
2. V1 o-o V3
3. V2 <-> V4
4. V3 o-> V5
5. V5 --> V2
6. V5 <-> V4


  H0 (legal PAG = G* + spurious, cold-reoriented):
Graph Nodes:
V1;V2;V3;V4;V5

Graph Edges:
1. V1 o-> V2
2. V1 --> V3
3. V1 o-o V4
4. V2 --> V3
5. V2 <-> V5
6. V4 o-> V2
7. V4 o-> V5
8. V5 <-> V3



==== NON-I-MAP H0 (cold reorient of G*+spurious is NOT an I-map of G*) ====
  Under the corrected sepset regime this population is expected EMPTY; an entry
  here is a defect. The witness CI below is the proof of the violation.
  model                 : PAG#21426
  extra (spurious) edges: [V1 o-o V3, V3 o-o V5]  (k=2)
  WITNESS (holds in H0, fails in G*): V1 _||_ V4 | [V3, V5]   (m-separated in H0's MAG, m-connected in G*)
  true PAG G* (over observed):
Graph Nodes:
V1;V2;V3;V4;V5

Graph Edges:
1. V2 <-> V1
2. V2 --> V3
3. V4 o-> V2
4. V4 --> V3
5. V5 o-> V1
6. V5 o-o V4


  H0 (legal PAG = G* + spurious, cold-reoriented):
Graph Nodes:
V1;V2;V3;V4;V5

Graph Edges:
1. V1 <-> V2
2. V3 o-> V1
3. V3 o-> V2
4. V3 o-o V5
5. V4 o-> V2
6. V4 o-o V3
7. V5 o-> V1
8. V5 o-o V4



==== NON-I-MAP H0 (cold reorient of G*+spurious is NOT an I-map of G*) ====
  Under the corrected sepset regime this population is expected EMPTY; an entry
  here is a defect. The witness CI below is the proof of the violation.
  model                 : PAG#21496
  extra (spurious) edges: [V1 o-o V4, V2 o-o V4]  (k=2)
  WITNESS (holds in H0, fails in G*): V1 _||_ V3 | [V4]   (m-separated in H0's MAG, m-connected in G*)
  true PAG G* (over observed):
Graph Nodes:
V1;V2;V3;V4;V5

Graph Edges:
1. V2 o-> V1
2. V3 <-> V4
3. V5 <-> V1
4. V5 <-> V3
5. V5 --> V4


  H0 (legal PAG = G* + spurious, cold-reoriented):
Graph Nodes:
V1;V2;V3;V4;V5

Graph Edges:
1. V1 <-> V5
2. V2 o-> V1
3. V2 o-o V4
4. V3 o-o V4
5. V3 o-> V5
6. V4 o-> V1
7. V4 o-> V5



==== NON-I-MAP H0 (cold reorient of G*+spurious is NOT an I-map of G*) ====
  Under the corrected sepset regime this population is expected EMPTY; an entry
  here is a defect. The witness CI below is the proof of the violation.
  model                 : PAG#21526
  extra (spurious) edges: [V2 o-o V4, V3 o-o V4]  (k=2)
  WITNESS (holds in H0, fails in G*): V1 _||_ V2 | [V3, V4]   (m-separated in H0's MAG, m-connected in G*)
  true PAG G* (over observed):
Graph Nodes:
V1;V2;V3;V4;V5

Graph Edges:
1. V1 --> V4
2. V1 --> V5
3. V2 o-o V3
4. V2 --> V5
5. V3 o-o V1
6. V5 --> V4


  H0 (legal PAG = G* + spurious, cold-reoriented):
Graph Nodes:
V1;V2;V3;V4;V5

Graph Edges:
1. V1 o-o V4
2. V1 --> V5
3. V2 o-o V3
4. V2 o-o V4
5. V2 --> V5
6. V3 o-o V1
7. V3 o-o V4
8. V4 --> V5



==== NON-I-MAP H0 (cold reorient of G*+spurious is NOT an I-map of G*) ====
  Under the corrected sepset regime this population is expected EMPTY; an entry
  here is a defect. The witness CI below is the proof of the violation.
  model                 : PAG#21529
  extra (spurious) edges: [V2 o-o V4, V4 o-o V5]  (k=2)
  WITNESS (holds in H0, fails in G*): V2 _||_ V3 | [V4]   (m-separated in H0's MAG, m-connected in G*)
  true PAG G* (over observed):
Graph Nodes:
V1;V2;V3;V4;V5

Graph Edges:
1. V1 <-> V2
2. V1 <-> V3
3. V1 --> V4
4. V1 --> V5
5. V2 <-> V5
6. V4 <-> V3


  H0 (legal PAG = G* + spurious, cold-reoriented):
Graph Nodes:
V1;V2;V3;V4;V5

Graph Edges:
1. V1 <-> V2
2. V1 --> V5
3. V2 <-> V5
4. V3 o-> V1
5. V4 o-> V1
6. V4 o-> V2
7. V4 o-o V3
8. V4 --> V5



==== NON-I-MAP H0 (cold reorient of G*+spurious is NOT an I-map of G*) ====
  Under the corrected sepset regime this population is expected EMPTY; an entry
  here is a defect. The witness CI below is the proof of the violation.
  model                 : PAG#21529
  extra (spurious) edges: [V3 o-o V5, V4 o-o V5]  (k=2)
  WITNESS (holds in H0, fails in G*): V2 _||_ V3 | [V5]   (m-separated in H0's MAG, m-connected in G*)
  true PAG G* (over observed):
Graph Nodes:
V1;V2;V3;V4;V5

Graph Edges:
1. V1 <-> V2
2. V1 <-> V3
3. V1 --> V4
4. V1 --> V5
5. V2 <-> V5
6. V4 <-> V3


  H0 (legal PAG = G* + spurious, cold-reoriented):
Graph Nodes:
V1;V2;V3;V4;V5

Graph Edges:
1. V1 <-> V3
2. V1 --> V4
3. V2 o-> V1
4. V2 o-o V5
5. V4 <-> V3
6. V5 o-> V1
7. V5 o-> V3
8. V5 --> V4



==== NON-I-MAP H0 (cold reorient of G*+spurious is NOT an I-map of G*) ====
  Under the corrected sepset regime this population is expected EMPTY; an entry
  here is a defect. The witness CI below is the proof of the violation.
  model                 : PAG#21534
  extra (spurious) edges: [V1 o-o V4, V2 o-o V5]  (k=2)
  WITNESS (holds in H0, fails in G*): V1 _||_ V2 | [V4, V5]   (m-separated in H0's MAG, m-connected in G*)
  true PAG G* (over observed):
Graph Nodes:
V1;V2;V3;V4;V5

Graph Edges:
1. V2 o-> V3
2. V2 o-o V4
3. V3 <-> V1
4. V3 --> V5
5. V4 --> V5
6. V5 <-> V1


  H0 (legal PAG = G* + spurious, cold-reoriented):
Graph Nodes:
V1;V2;V3;V4;V5

Graph Edges:
1. V1 o-> V3
2. V1 o-o V4
3. V1 o-> V5
4. V3 <-> V2
5. V4 --> V2
6. V4 o-> V5
7. V5 --> V2
8. V5 <-> V3



==== NON-I-MAP H0 (cold reorient of G*+spurious is NOT an I-map of G*) ====
  Under the corrected sepset regime this population is expected EMPTY; an entry
  here is a defect. The witness CI below is the proof of the violation.
  model                 : PAG#21593
  extra (spurious) edges: [V1 o-o V4, V2 o-o V3]  (k=2)
  WITNESS (holds in H0, fails in G*): V1 _||_ V2 | [V3, V4]   (m-separated in H0's MAG, m-connected in G*)
  true PAG G* (over observed):
Graph Nodes:
V1;V2;V3;V4;V5

Graph Edges:
1. V3 <-> V1
2. V4 o-> V2
3. V4 o-> V3
4. V5 <-> V1
5. V5 <-> V2
6. V5 --> V3


  H0 (legal PAG = G* + spurious, cold-reoriented):
Graph Nodes:
V1;V2;V3;V4;V5

Graph Edges:
1. V1 o-> V3
2. V1 o-o V4
3. V1 o-> V5
4. V2 <-> V5
5. V3 --> V2
6. V3 <-> V5
7. V4 --> V2
8. V4 o-> V3



==== NON-I-MAP H0 (cold reorient of G*+spurious is NOT an I-map of G*) ====
  Under the corrected sepset regime this population is expected EMPTY; an entry
  here is a defect. The witness CI below is the proof of the violation.
  model                 : PAG#21598
  extra (spurious) edges: [V1 o-o V3, V2 o-o V5]  (k=2)
  WITNESS (holds in H0, fails in G*): V1 _||_ V4 | [V3]   (m-separated in H0's MAG, m-connected in G*)
  true PAG G* (over observed):
Graph Nodes:
V1;V2;V3;V4;V5

Graph Edges:
1. V1 o-o V2
2. V1 --> V5
3. V2 o-> V4
4. V4 <-> V3
5. V4 --> V5
6. V5 <-> V3


  H0 (legal PAG = G* + spurious, cold-reoriented):
Graph Nodes:
V1;V2;V3;V4;V5

Graph Edges:
1. V1 --> V2
2. V1 o-o V3
3. V1 o-> V5
4. V3 o-> V4
5. V3 o-> V5
6. V4 <-> V2
7. V5 --> V2
8. V5 <-> V4



==== NON-I-MAP H0 (cold reorient of G*+spurious is NOT an I-map of G*) ====
  Under the corrected sepset regime this population is expected EMPTY; an entry
  here is a defect. The witness CI below is the proof of the violation.
  model                 : PAG#21650
  extra (spurious) edges: [V1 o-o V2, V1 o-o V4]  (k=2)
  WITNESS (holds in H0, fails in G*): V3 _||_ V4 | [V1]   (m-separated in H0's MAG, m-connected in G*)
  true PAG G* (over observed):
Graph Nodes:
V1;V2;V3;V4;V5

Graph Edges:
1. V2 o-> V3
2. V2 o-o V4
3. V3 <-> V1
4. V4 o-> V5
5. V5 <-> V1


  H0 (legal PAG = G* + spurious, cold-reoriented):
Graph Nodes:
V1;V2;V3;V4;V5

Graph Edges:
1. V1 --> V2
2. V1 --> V4
3. V3 <-> V1
4. V3 <-> V2
5. V4 --> V2
6. V5 <-> V1
7. V5 <-> V4



==== NON-I-MAP H0 (cold reorient of G*+spurious is NOT an I-map of G*) ====
  Under the corrected sepset regime this population is expected EMPTY; an entry
  here is a defect. The witness CI below is the proof of the violation.
  model                 : PAG#21652
  extra (spurious) edges: [V1 o-o V4, V1 o-o V5]  (k=2)
  WITNESS (holds in H0, fails in G*): V4 _||_ V5 | [V1]   (m-separated in H0's MAG, m-connected in G*)
  true PAG G* (over observed):
Graph Nodes:
V1;V2;V3;V4;V5

Graph Edges:
1. V1 --> V3
2. V2 --> V1
3. V4 <-> V2
4. V4 <-> V3
5. V5 <-> V2
6. V5 <-> V3


  H0 (legal PAG = G* + spurious, cold-reoriented):
Graph Nodes:
V1;V2;V3;V4;V5

Graph Edges:
1. V1 o-> V2
2. V1 o-> V3
3. V1 o-> V4
4. V1 o-> V5
5. V2 <-> V4
6. V4 <-> V3
7. V5 <-> V2
8. V5 <-> V3



==== NON-I-MAP H0 (cold reorient of G*+spurious is NOT an I-map of G*) ====
  Under the corrected sepset regime this population is expected EMPTY; an entry
  here is a defect. The witness CI below is the proof of the violation.
  model                 : PAG#21663
  extra (spurious) edges: [V2 o-o V3, V3 o-o V4]  (k=2)
  WITNESS (holds in H0, fails in G*): V1 _||_ V4 | []   (m-separated in H0's MAG, m-connected in G*)
  true PAG G* (over observed):
Graph Nodes:
V1;V2;V3;V4;V5

Graph Edges:
1. V1 o-> V2
2. V1 o-> V5
3. V3 o-> V5
4. V4 <-> V2
5. V5 --> V4


  H0 (legal PAG = G* + spurious, cold-reoriented):
Graph Nodes:
V1;V2;V3;V4;V5

Graph Edges:
1. V1 o-> V2
2. V1 --> V5
3. V2 --> V3
4. V3 <-> V4
5. V3 --> V5
6. V4 <-> V2
7. V4 <-> V5



==== NON-I-MAP H0 (cold reorient of G*+spurious is NOT an I-map of G*) ====
  Under the corrected sepset regime this population is expected EMPTY; an entry
  here is a defect. The witness CI below is the proof of the violation.
  model                 : PAG#21666
  extra (spurious) edges: [V2 o-o V4, V4 o-o V5]  (k=2)
  WITNESS (holds in H0, fails in G*): V1 _||_ V2 | [V4]   (m-separated in H0's MAG, m-connected in G*)
  true PAG G* (over observed):
Graph Nodes:
V1;V2;V3;V4;V5

Graph Edges:
1. V1 o-> V3
2. V1 --> V4
3. V3 <-> V2
4. V3 --> V4
5. V5 o-> V2


  H0 (legal PAG = G* + spurious, cold-reoriented):
Graph Nodes:
V1;V2;V3;V4;V5

Graph Edges:
1. V1 o-> V3
2. V1 o-o V4
3. V2 <-> V3
4. V4 o-> V2
5. V4 o-> V3
6. V4 o-o V5
7. V5 o-> V2



==== NON-I-MAP H0 (cold reorient of G*+spurious is NOT an I-map of G*) ====
  Under the corrected sepset regime this population is expected EMPTY; an entry
  here is a defect. The witness CI below is the proof of the violation.
  model                 : PAG#21685
  extra (spurious) edges: [V1 o-o V2, V3 o-o V4]  (k=2)
  WITNESS (holds in H0, fails in G*): V1 _||_ V4 | [V2, V3]   (m-separated in H0's MAG, m-connected in G*)
  true PAG G* (over observed):
Graph Nodes:
V1;V2;V3;V4;V5

Graph Edges:
1. V1 o-o V3
2. V1 o-> V5
3. V2 <-> V4
4. V3 --> V2
5. V5 --> V2
6. V5 <-> V4


  H0 (legal PAG = G* + spurious, cold-reoriented):
Graph Nodes:
V1;V2;V3;V4;V5

Graph Edges:
1. V2 --> V1
2. V2 <-> V5
3. V3 --> V1
4. V3 o-> V2
5. V3 o-o V4
6. V4 o-> V2
7. V4 o-> V5
8. V5 <-> V1



==== NON-I-MAP H0 (cold reorient of G*+spurious is NOT an I-map of G*) ====
  Under the corrected sepset regime this population is expected EMPTY; an entry
  here is a defect. The witness CI below is the proof of the violation.
  model                 : PAG#21740
  extra (spurious) edges: [V1 o-o V4, V3 o-o V4]  (k=2)
  WITNESS (holds in H0, fails in G*): V1 _||_ V2 | [V3, V4]   (m-separated in H0's MAG, m-connected in G*)
  true PAG G* (over observed):
Graph Nodes:
V1;V2;V3;V4;V5

Graph Edges:
1. V1 --> V5
2. V2 o-o V3
3. V2 --> V4
4. V2 --> V5
5. V3 o-o V1
6. V5 --> V4


  H0 (legal PAG = G* + spurious, cold-reoriented):
Graph Nodes:
V1;V2;V3;V4;V5

Graph Edges:
1. V1 o-o V4
2. V1 --> V5
3. V2 o-o V3
4. V2 o-o V4
5. V2 --> V5
6. V3 o-o V1
7. V3 o-o V4
8. V4 --> V5



==== NON-I-MAP H0 (cold reorient of G*+spurious is NOT an I-map of G*) ====
  Under the corrected sepset regime this population is expected EMPTY; an entry
  here is a defect. The witness CI below is the proof of the violation.
  model                 : PAG#21745
  extra (spurious) edges: [V1 o-o V3, V2 o-o V3, V3 o-o V4]  (k=3)
  WITNESS (holds in H0, fails in G*): V2 _||_ V4 | [V1, V3]   (m-separated in H0's MAG, m-connected in G*)
  true PAG G* (over observed):
Graph Nodes:
V1;V2;V3;V4;V5

Graph Edges:
1. V1 o-o V2
2. V1 o-o V4
3. V2 --> V5
4. V4 --> V5
5. V5 --> V3


  H0 (legal PAG = G* + spurious, cold-reoriented):
Graph Nodes:
V1;V2;V3;V4;V5

Graph Edges:
1. V1 o-o V2
2. V1 o-o V3
3. V1 o-o V4
4. V2 o-o V3
5. V2 --> V5
6. V3 o-o V4
7. V3 --> V5
8. V4 --> V5



==== NON-I-MAP H0 (cold reorient of G*+spurious is NOT an I-map of G*) ====
  Under the corrected sepset regime this population is expected EMPTY; an entry
  here is a defect. The witness CI below is the proof of the violation.
  model                 : PAG#21780
  extra (spurious) edges: [V1 o-o V5, V2 o-o V5]  (k=2)
  WITNESS (holds in H0, fails in G*): V1 _||_ V2 | [V5]   (m-separated in H0's MAG, m-connected in G*)
  true PAG G* (over observed):
Graph Nodes:
V1;V2;V3;V4;V5

Graph Edges:
1. V1 o-> V4
2. V2 o-> V3
3. V3 --> V5
4. V4 <-> V3
5. V4 --> V5


  H0 (legal PAG = G* + spurious, cold-reoriented):
Graph Nodes:
V1;V2;V3;V4;V5

Graph Edges:
1. V1 o-> V4
2. V1 o-o V5
3. V2 o-> V3
4. V2 o-o V5
5. V3 <-> V4
6. V5 o-> V3
7. V5 o-> V4



==== NON-I-MAP H0 (cold reorient of G*+spurious is NOT an I-map of G*) ====
  Under the corrected sepset regime this population is expected EMPTY; an entry
  here is a defect. The witness CI below is the proof of the violation.
  model                 : PAG#21787
  extra (spurious) edges: [V1 o-o V3, V1 o-o V5]  (k=2)
  WITNESS (holds in H0, fails in G*): V2 _||_ V3 | [V1, V5]   (m-separated in H0's MAG, m-connected in G*)
  true PAG G* (over observed):
Graph Nodes:
V1;V2;V3;V4;V5

Graph Edges:
1. V2 --> V1
2. V2 --> V4
3. V3 --> V4
4. V3 o-o V5
5. V4 --> V1
6. V5 o-o V2


  H0 (legal PAG = G* + spurious, cold-reoriented):
Graph Nodes:
V1;V2;V3;V4;V5

Graph Edges:
1. V1 o-o V3
2. V1 --> V4
3. V1 o-o V5
4. V2 o-o V1
5. V2 --> V4
6. V3 --> V4
7. V3 o-o V5
8. V5 o-o V2



==== NON-I-MAP H0 (cold reorient of G*+spurious is NOT an I-map of G*) ====
  Under the corrected sepset regime this population is expected EMPTY; an entry
  here is a defect. The witness CI below is the proof of the violation.
  model                 : PAG#21788
  extra (spurious) edges: [V2 o-o V4, V3 o-o V4]  (k=2)
  WITNESS (holds in H0, fails in G*): V1 _||_ V3 | [V2, V4]   (m-separated in H0's MAG, m-connected in G*)
  true PAG G* (over observed):
Graph Nodes:
V1;V2;V3;V4;V5

Graph Edges:
1. V1 <-> V4
2. V2 o-> V1
3. V2 o-> V3
4. V5 <-> V1
5. V5 <-> V3
6. V5 --> V4


  H0 (legal PAG = G* + spurious, cold-reoriented):
Graph Nodes:
V1;V2;V3;V4;V5

Graph Edges:
1. V1 <-> V5
2. V2 o-> V1
3. V2 o-> V3
4. V2 o-o V4
5. V3 <-> V5
6. V4 o-> V1
7. V4 o-> V3
8. V4 o-> V5



==== NON-I-MAP H0 (cold reorient of G*+spurious is NOT an I-map of G*) ====
  Under the corrected sepset regime this population is expected EMPTY; an entry
  here is a defect. The witness CI below is the proof of the violation.
  model                 : PAG#21792
  extra (spurious) edges: [V1 o-o V2, V2 o-o V3]  (k=2)
  WITNESS (holds in H0, fails in G*): V3 _||_ V4 | [V2]   (m-separated in H0's MAG, m-connected in G*)
  true PAG G* (over observed):
Graph Nodes:
V1;V2;V3;V4;V5

Graph Edges:
1. V1 o-o V3
2. V1 o-o V4
3. V3 o-> V5
4. V4 o-> V2
5. V5 <-> V2


  H0 (legal PAG = G* + spurious, cold-reoriented):
Graph Nodes:
V1;V2;V3;V4;V5

Graph Edges:
1. V2 --> V1
2. V2 --> V3
3. V3 --> V1
4. V4 --> V1
5. V4 o-> V2
6. V5 <-> V2
7. V5 <-> V3



==== NON-I-MAP H0 (cold reorient of G*+spurious is NOT an I-map of G*) ====
  Under the corrected sepset regime this population is expected EMPTY; an entry
  here is a defect. The witness CI below is the proof of the violation.
  model                 : PAG#21792
  extra (spurious) edges: [V1 o-o V5, V4 o-o V5]  (k=2)
  WITNESS (holds in H0, fails in G*): V2 _||_ V3 | []   (m-separated in H0's MAG, m-connected in G*)
  true PAG G* (over observed):
Graph Nodes:
V1;V2;V3;V4;V5

Graph Edges:
1. V1 o-o V3
2. V1 o-o V4
3. V3 o-> V5
4. V4 o-> V2
5. V5 <-> V2


  H0 (legal PAG = G* + spurious, cold-reoriented):
Graph Nodes:
V1;V2;V3;V4;V5

Graph Edges:
1. V2 <-> V4
2. V3 --> V1
3. V3 o-> V5
4. V4 --> V1
5. V5 --> V1
6. V5 <-> V2
7. V5 --> V4



==== NON-I-MAP H0 (cold reorient of G*+spurious is NOT an I-map of G*) ====
  Under the corrected sepset regime this population is expected EMPTY; an entry
  here is a defect. The witness CI below is the proof of the violation.
  model                 : PAG#21795
  extra (spurious) edges: [V2 o-o V3, V3 o-o V5]  (k=2)
  WITNESS (holds in H0, fails in G*): V2 _||_ V4 | [V3, V5]   (m-separated in H0's MAG, m-connected in G*)
  true PAG G* (over observed):
Graph Nodes:
V1;V2;V3;V4;V5

Graph Edges:
1. V1 <-> V2
2. V1 --> V3
3. V4 o-> V1
4. V4 --> V3
5. V5 o-> V2
6. V5 o-o V4


  H0 (legal PAG = G* + spurious, cold-reoriented):
Graph Nodes:
V1;V2;V3;V4;V5

Graph Edges:
1. V2 <-> V1
2. V3 o-> V1
3. V3 o-> V2
4. V3 o-o V5
5. V4 o-> V1
6. V4 o-o V3
7. V5 o-> V2
8. V5 o-o V4



==== NON-I-MAP H0 (cold reorient of G*+spurious is NOT an I-map of G*) ====
  Under the corrected sepset regime this population is expected EMPTY; an entry
  here is a defect. The witness CI below is the proof of the violation.
  model                 : PAG#21861
  extra (spurious) edges: [V2 o-o V5, V3 o-o V4]  (k=2)
  WITNESS (holds in H0, fails in G*): V2 _||_ V3 | [V4, V5]   (m-separated in H0's MAG, m-connected in G*)
  true PAG G* (over observed):
Graph Nodes:
V1;V2;V3;V4;V5

Graph Edges:
1. V1 <-> V2
2. V1 --> V4
3. V3 <-> V1
4. V4 <-> V2
5. V5 o-> V3
6. V5 o-> V4


  H0 (legal PAG = G* + spurious, cold-reoriented):
Graph Nodes:
V1;V2;V3;V4;V5

Graph Edges:
1. V2 o-> V1
2. V2 o-> V4
3. V2 o-o V5
4. V3 <-> V1
5. V4 <-> V1
6. V4 --> V3
7. V5 --> V3
8. V5 o-> V4



==== NON-I-MAP H0 (cold reorient of G*+spurious is NOT an I-map of G*) ====
  Under the corrected sepset regime this population is expected EMPTY; an entry
  here is a defect. The witness CI below is the proof of the violation.
  model                 : PAG#21984
  extra (spurious) edges: [V2 o-o V3, V2 o-o V4]  (k=2)
  WITNESS (holds in H0, fails in G*): V1 _||_ V5 | []   (m-separated in H0's MAG, m-connected in G*)
  true PAG G* (over observed):
Graph Nodes:
V1;V2;V3;V4;V5

Graph Edges:
1. V1 <-> V2
2. V3 o-o V4
3. V3 o-> V5
4. V4 o-> V1
5. V5 <-> V2


  H0 (legal PAG = G* + spurious, cold-reoriented):
Graph Nodes:
V1;V2;V3;V4;V5

Graph Edges:
1. V1 <-> V4
2. V2 <-> V1
3. V2 --> V3
4. V2 --> V4
5. V4 --> V3
6. V5 <-> V2
7. V5 <-> V3



==== NON-I-MAP H0 (cold reorient of G*+spurious is NOT an I-map of G*) ====
  Under the corrected sepset regime this population is expected EMPTY; an entry
  here is a defect. The witness CI below is the proof of the violation.
  model                 : PAG#22002
  extra (spurious) edges: [V1 o-o V5, V2 o-o V5]  (k=2)
  WITNESS (holds in H0, fails in G*): V1 _||_ V4 | [V5]   (m-separated in H0's MAG, m-connected in G*)
  true PAG G* (over observed):
Graph Nodes:
V1;V2;V3;V4;V5

Graph Edges:
1. V1 <-> V2
2. V3 <-> V1
3. V3 --> V2
4. V3 --> V5
5. V4 o-> V3
6. V4 --> V5


  H0 (legal PAG = G* + spurious, cold-reoriented):
Graph Nodes:
V1;V2;V3;V4;V5

Graph Edges:
1. V1 <-> V2
2. V3 <-> V1
3. V3 --> V2
4. V4 o-> V3
5. V4 o-o V5
6. V5 o-> V1
7. V5 --> V2
8. V5 o-> V3



==== NON-I-MAP H0 (cold reorient of G*+spurious is NOT an I-map of G*) ====
  Under the corrected sepset regime this population is expected EMPTY; an entry
  here is a defect. The witness CI below is the proof of the violation.
  model                 : PAG#22022
  extra (spurious) edges: [V1 o-o V4, V4 o-o V5]  (k=2)
  WITNESS (holds in H0, fails in G*): V1 _||_ V3 | [V4]   (m-separated in H0's MAG, m-connected in G*)
  true PAG G* (over observed):
Graph Nodes:
V1;V2;V3;V4;V5

Graph Edges:
1. V1 <-> V5
2. V2 <-> V1
3. V2 --> V4
4. V2 --> V5
5. V3 o-> V2
6. V3 --> V4


  H0 (legal PAG = G* + spurious, cold-reoriented):
Graph Nodes:
V1;V2;V3;V4;V5

Graph Edges:
1. V1 <-> V5
2. V2 <-> V1
3. V2 --> V5
4. V3 o-> V2
5. V3 o-o V4
6. V4 o-> V1
7. V4 o-> V2
8. V4 --> V5



==== NON-I-MAP H0 (cold reorient of G*+spurious is NOT an I-map of G*) ====
  Under the corrected sepset regime this population is expected EMPTY; an entry
  here is a defect. The witness CI below is the proof of the violation.
  model                 : PAG#22023
  extra (spurious) edges: [V2 o-o V3, V2 o-o V4]  (k=2)
  WITNESS (holds in H0, fails in G*): V1 _||_ V3 | [V2, V4]   (m-separated in H0's MAG, m-connected in G*)
  true PAG G* (over observed):
Graph Nodes:
V1;V2;V3;V4;V5

Graph Edges:
1. V1 --> V2
2. V1 --> V5
3. V3 o-o V4
4. V3 --> V5
5. V4 o-o V1
6. V5 --> V2


  H0 (legal PAG = G* + spurious, cold-reoriented):
Graph Nodes:
V1;V2;V3;V4;V5

Graph Edges:
1. V1 o-o V2
2. V1 --> V5
3. V2 o-o V3
4. V2 o-o V4
5. V2 --> V5
6. V3 o-o V4
7. V3 --> V5
8. V4 o-o V1



==== NON-I-MAP H0 (cold reorient of G*+spurious is NOT an I-map of G*) ====
  Under the corrected sepset regime this population is expected EMPTY; an entry
  here is a defect. The witness CI below is the proof of the violation.
  model                 : PAG#22025
  extra (spurious) edges: [V1 o-o V5, V3 o-o V5]  (k=2)
  WITNESS (holds in H0, fails in G*): V1 _||_ V4 | [V5]   (m-separated in H0's MAG, m-connected in G*)
  true PAG G* (over observed):
Graph Nodes:
V1;V2;V3;V4;V5

Graph Edges:
1. V2 <-> V1
2. V2 --> V5
3. V3 o-> V1
4. V4 o-> V2
5. V4 --> V5


  H0 (legal PAG = G* + spurious, cold-reoriented):
Graph Nodes:
V1;V2;V3;V4;V5

Graph Edges:
1. V1 <-> V2
2. V3 o-> V1
3. V3 o-o V5
4. V4 o-> V2
5. V4 o-o V5
6. V5 o-> V1
7. V5 o-> V2



==== NON-I-MAP H0 (cold reorient of G*+spurious is NOT an I-map of G*) ====
  Under the corrected sepset regime this population is expected EMPTY; an entry
  here is a defect. The witness CI below is the proof of the violation.
  model                 : PAG#22042
  extra (spurious) edges: [V2 o-o V3, V2 o-o V5]  (k=2)
  WITNESS (holds in H0, fails in G*): V1 _||_ V3 | [V2, V5]   (m-separated in H0's MAG, m-connected in G*)
  true PAG G* (over observed):
Graph Nodes:
V1;V2;V3;V4;V5

Graph Edges:
1. V1 <-> V2
2. V3 o-> V5
3. V4 <-> V1
4. V4 --> V2
5. V5 <-> V4


  H0 (legal PAG = G* + spurious, cold-reoriented):
Graph Nodes:
V1;V2;V3;V4;V5

Graph Edges:
1. V1 o-o V2
2. V1 o-> V4
3. V2 o-o V3
4. V2 o-> V4
5. V2 o-> V5
6. V3 o-> V5
7. V5 <-> V4



==== NON-I-MAP H0 (cold reorient of G*+spurious is NOT an I-map of G*) ====
  Under the corrected sepset regime this population is expected EMPTY; an entry
  here is a defect. The witness CI below is the proof of the violation.
  model                 : PAG#22044
  extra (spurious) edges: [V1 o-o V5, V2 o-o V5, V3 o-o V5]  (k=3)
  WITNESS (holds in H0, fails in G*): V1 _||_ V2 | [V3, V5]   (m-separated in H0's MAG, m-connected in G*)
  true PAG G* (over observed):
Graph Nodes:
V1;V2;V3;V4;V5

Graph Edges:
1. V1 o-o V3
2. V1 o-> V4
3. V3 o-> V2
4. V4 <-> V2
5. V4 --> V5


  H0 (legal PAG = G* + spurious, cold-reoriented):
Graph Nodes:
V1;V2;V3;V4;V5

Graph Edges:
1. V1 o-o V3
2. V1 o-> V4
3. V1 o-o V5
4. V3 o-> V2
5. V3 o-o V5
6. V4 <-> V2
7. V5 o-> V2
8. V5 o-> V4



==== NON-I-MAP H0 (cold reorient of G*+spurious is NOT an I-map of G*) ====
  Under the corrected sepset regime this population is expected EMPTY; an entry
  here is a defect. The witness CI below is the proof of the violation.
  model                 : PAG#22067
  extra (spurious) edges: [V2 o-o V3, V3 o-o V4]  (k=2)
  WITNESS (holds in H0, fails in G*): V1 _||_ V5 | []   (m-separated in H0's MAG, m-connected in G*)
  true PAG G* (over observed):
Graph Nodes:
V1;V2;V3;V4;V5

Graph Edges:
1. V2 o-o V4
2. V2 o-o V5
3. V3 <-> V1
4. V4 o-> V1
5. V5 o-> V3


  H0 (legal PAG = G* + spurious, cold-reoriented):
Graph Nodes:
V1;V2;V3;V4;V5

Graph Edges:
1. V1 <-> V4
2. V3 <-> V1
3. V3 --> V2
4. V3 --> V4
5. V4 --> V2
6. V5 --> V2
7. V5 o-> V3



==== NON-I-MAP H0 (cold reorient of G*+spurious is NOT an I-map of G*) ====
  Under the corrected sepset regime this population is expected EMPTY; an entry
  here is a defect. The witness CI below is the proof of the violation.
  model                 : PAG#22072
  extra (spurious) edges: [V1 o-o V5, V2 o-o V5]  (k=2)
  WITNESS (holds in H0, fails in G*): V1 _||_ V4 | [V5]   (m-separated in H0's MAG, m-connected in G*)
  true PAG G* (over observed):
Graph Nodes:
V1;V2;V3;V4;V5

Graph Edges:
1. V2 o-> V1
2. V3 <-> V1
3. V3 <-> V4
4. V3 --> V5
5. V4 <-> V5


  H0 (legal PAG = G* + spurious, cold-reoriented):
Graph Nodes:
V1;V2;V3;V4;V5

Graph Edges:
1. V2 o-> V1
2. V2 o-o V5
3. V3 <-> V1
4. V4 o-> V3
5. V4 o-o V5
6. V5 o-> V1
7. V5 o-> V3



==== NON-I-MAP H0 (cold reorient of G*+spurious is NOT an I-map of G*) ====
  Under the corrected sepset regime this population is expected EMPTY; an entry
  here is a defect. The witness CI below is the proof of the violation.
  model                 : PAG#22075
  extra (spurious) edges: [V1 o-o V5, V2 o-o V5, V4 o-o V5]  (k=3)
  WITNESS (holds in H0, fails in G*): V1 _||_ V4 | [V2, V5]   (m-separated in H0's MAG, m-connected in G*)
  true PAG G* (over observed):
Graph Nodes:
V1;V2;V3;V4;V5

Graph Edges:
1. V1 --> V3
2. V2 o-o V1
3. V3 --> V5
4. V4 o-o V2
5. V4 --> V3


  H0 (legal PAG = G* + spurious, cold-reoriented):
Graph Nodes:
V1;V2;V3;V4;V5

Graph Edges:
1. V1 --> V3
2. V1 o-o V5
3. V2 o-o V1
4. V2 o-o V5
5. V4 o-o V2
6. V4 --> V3
7. V4 o-o V5
8. V5 --> V3



==== NON-I-MAP H0 (cold reorient of G*+spurious is NOT an I-map of G*) ====
  Under the corrected sepset regime this population is expected EMPTY; an entry
  here is a defect. The witness CI below is the proof of the violation.
  model                 : PAG#22102
  extra (spurious) edges: [V1 o-o V5, V3 o-o V5]  (k=2)
  WITNESS (holds in H0, fails in G*): V1 _||_ V2 | [V5]   (m-separated in H0's MAG, m-connected in G*)
  true PAG G* (over observed):
Graph Nodes:
V1;V2;V3;V4;V5

Graph Edges:
1. V2 o-> V4
2. V2 --> V5
3. V3 o-> V1
4. V4 <-> V1
5. V4 --> V5


  H0 (legal PAG = G* + spurious, cold-reoriented):
Graph Nodes:
V1;V2;V3;V4;V5

Graph Edges:
1. V2 o-> V4
2. V2 o-o V5
3. V3 o-> V1
4. V3 o-o V5
5. V4 <-> V1
6. V5 o-> V1
7. V5 o-> V4



==== NON-I-MAP H0 (cold reorient of G*+spurious is NOT an I-map of G*) ====
  Under the corrected sepset regime this population is expected EMPTY; an entry
  here is a defect. The witness CI below is the proof of the violation.
  model                 : PAG#22103
  extra (spurious) edges: [V1 o-o V3, V2 o-o V3, V3 o-o V5]  (k=3)
  WITNESS (holds in H0, fails in G*): V1 _||_ V5 | [V2, V3]   (m-separated in H0's MAG, m-connected in G*)
  true PAG G* (over observed):
Graph Nodes:
V1;V2;V3;V4;V5

Graph Edges:
1. V1 o-o V2
2. V1 --> V4
3. V2 o-o V5
4. V4 --> V3
5. V5 --> V4


  H0 (legal PAG = G* + spurious, cold-reoriented):
Graph Nodes:
V1;V2;V3;V4;V5

Graph Edges:
1. V1 o-o V2
2. V1 o-o V3
3. V1 --> V4
4. V2 o-o V3
5. V2 o-o V5
6. V3 --> V4
7. V3 o-o V5
8. V5 --> V4



==== NON-I-MAP H0 (cold reorient of G*+spurious is NOT an I-map of G*) ====
  Under the corrected sepset regime this population is expected EMPTY; an entry
  here is a defect. The witness CI below is the proof of the violation.
  model                 : PAG#22105
  extra (spurious) edges: [V1 o-o V3, V1 o-o V5]  (k=2)
  WITNESS (holds in H0, fails in G*): V2 _||_ V3 | [V1, V5]   (m-separated in H0's MAG, m-connected in G*)
  true PAG G* (over observed):
Graph Nodes:
V1;V2;V3;V4;V5

Graph Edges:
1. V2 <-> V1
2. V3 o-> V5
3. V4 --> V1
4. V4 <-> V2
5. V4 <-> V5


  H0 (legal PAG = G* + spurious, cold-reoriented):
Graph Nodes:
V1;V2;V3;V4;V5

Graph Edges:
1. V1 o-o V3
2. V1 o-> V4
3. V1 o-> V5
4. V2 o-o V1
5. V2 o-> V4
6. V3 o-> V5
7. V5 <-> V4



==== NON-I-MAP H0 (cold reorient of G*+spurious is NOT an I-map of G*) ====
  Under the corrected sepset regime this population is expected EMPTY; an entry
  here is a defect. The witness CI below is the proof of the violation.
  model                 : PAG#22134
  extra (spurious) edges: [V1 o-o V5, V2 o-o V5, V3 o-o V5]  (k=3)
  WITNESS (holds in H0, fails in G*): V1 _||_ V3 | [V2, V5]   (m-separated in H0's MAG, m-connected in G*)
  true PAG G* (over observed):
Graph Nodes:
V1;V2;V3;V4;V5

Graph Edges:
1. V1 o-> V2
2. V3 o-> V4
3. V4 <-> V2
4. V4 --> V5


  H0 (legal PAG = G* + spurious, cold-reoriented):
Graph Nodes:
V1;V2;V3;V4;V5

Graph Edges:
1. V1 o-> V2
2. V1 o-o V5
3. V3 o-> V4
4. V3 o-o V5
5. V4 <-> V2
6. V5 o-> V2
7. V5 o-> V4



==== NON-I-MAP H0 (cold reorient of G*+spurious is NOT an I-map of G*) ====
  Under the corrected sepset regime this population is expected EMPTY; an entry
  here is a defect. The witness CI below is the proof of the violation.
  model                 : PAG#22207
  extra (spurious) edges: [V2 o-o V5, V3 o-o V5]  (k=2)
  WITNESS (holds in H0, fails in G*): V2 _||_ V4 | [V3, V5]   (m-separated in H0's MAG, m-connected in G*)
  true PAG G* (over observed):
Graph Nodes:
V1;V2;V3;V4;V5

Graph Edges:
1. V1 --> V5
2. V2 <-> V1
3. V3 o-> V2
4. V3 o-> V4
5. V4 <-> V1
6. V4 <-> V5


  H0 (legal PAG = G* + spurious, cold-reoriented):
Graph Nodes:
V1;V2;V3;V4;V5

Graph Edges:
1. V1 <-> V4
2. V2 <-> V1
3. V3 o-> V2
4. V3 o-> V4
5. V3 o-o V5
6. V5 o-> V1
7. V5 o-> V2
8. V5 o-> V4



==== NON-I-MAP H0 (cold reorient of G*+spurious is NOT an I-map of G*) ====
  Under the corrected sepset regime this population is expected EMPTY; an entry
  here is a defect. The witness CI below is the proof of the violation.
  model                 : PAG#22228
  extra (spurious) edges: [V1 o-o V4, V3 o-o V4]  (k=2)
  WITNESS (holds in H0, fails in G*): V2 _||_ V3 | [V1, V4]   (m-separated in H0's MAG, m-connected in G*)
  true PAG G* (over observed):
Graph Nodes:
V1;V2;V3;V4;V5

Graph Edges:
1. V1 o-o V2
2. V1 o-o V3
3. V2 --> V4
4. V2 --> V5
5. V3 --> V5
6. V5 --> V4


  H0 (legal PAG = G* + spurious, cold-reoriented):
Graph Nodes:
V1;V2;V3;V4;V5

Graph Edges:
1. V1 o-o V2
2. V1 o-o V3
3. V1 o-o V4
4. V2 o-o V4
5. V2 --> V5
6. V3 o-o V4
7. V3 --> V5
8. V4 --> V5



==== NON-I-MAP H0 (cold reorient of G*+spurious is NOT an I-map of G*) ====
  Under the corrected sepset regime this population is expected EMPTY; an entry
  here is a defect. The witness CI below is the proof of the violation.
  model                 : PAG#22237
  extra (spurious) edges: [V1 o-o V4, V3 o-o V4]  (k=2)
  WITNESS (holds in H0, fails in G*): V2 _||_ V3 | [V1, V4]   (m-separated in H0's MAG, m-connected in G*)
  true PAG G* (over observed):
Graph Nodes:
V1;V2;V3;V4;V5

Graph Edges:
1. V1 o-o V2
2. V1 o-> V3
3. V2 --> V4
4. V2 o-> V5
5. V5 <-> V3
6. V5 --> V4


  H0 (legal PAG = G* + spurious, cold-reoriented):
Graph Nodes:
V1;V2;V3;V4;V5

Graph Edges:
1. V1 o-o V2
2. V1 o-> V3
3. V1 o-o V4
4. V2 o-o V4
5. V2 o-> V5
6. V4 o-> V3
7. V4 o-> V5
8. V5 <-> V3



==== NON-I-MAP H0 (cold reorient of G*+spurious is NOT an I-map of G*) ====
  Under the corrected sepset regime this population is expected EMPTY; an entry
  here is a defect. The witness CI below is the proof of the violation.
  model                 : PAG#22257
  extra (spurious) edges: [V2 o-o V3, V4 o-o V5]  (k=2)
  WITNESS (holds in H0, fails in G*): V3 _||_ V4 | [V2, V5]   (m-separated in H0's MAG, m-connected in G*)
  true PAG G* (over observed):
Graph Nodes:
V1;V2;V3;V4;V5

Graph Edges:
1. V1 --> V2
2. V1 <-> V4
3. V2 <-> V4
4. V3 <-> V1
5. V5 o-> V2
6. V5 o-> V3


  H0 (legal PAG = G* + spurious, cold-reoriented):
Graph Nodes:
V1;V2;V3;V4;V5

Graph Edges:
1. V2 <-> V1
2. V2 --> V3
3. V3 <-> V1
4. V4 o-> V1
5. V4 o-> V2
6. V4 o-o V5
7. V5 o-> V2
8. V5 --> V3



==== NON-I-MAP H0 (cold reorient of G*+spurious is NOT an I-map of G*) ====
  Under the corrected sepset regime this population is expected EMPTY; an entry
  here is a defect. The witness CI below is the proof of the violation.
  model                 : PAG#22318
  extra (spurious) edges: [V1 o-o V2, V2 o-o V5]  (k=2)
  WITNESS (holds in H0, fails in G*): V1 _||_ V3 | [V2, V5]   (m-separated in H0's MAG, m-connected in G*)
  true PAG G* (over observed):
Graph Nodes:
V1;V2;V3;V4;V5

Graph Edges:
1. V1 o-> V5
2. V3 <-> V2
3. V4 --> V2
4. V4 <-> V3
5. V5 <-> V4


  H0 (legal PAG = G* + spurious, cold-reoriented):
Graph Nodes:
V1;V2;V3;V4;V5

Graph Edges:
1. V1 o-o V2
2. V1 o-> V5
3. V2 o-> V4
4. V2 o-> V5
5. V3 o-o V2
6. V3 o-> V4
7. V4 <-> V5



==== NON-I-MAP H0 (cold reorient of G*+spurious is NOT an I-map of G*) ====
  Under the corrected sepset regime this population is expected EMPTY; an entry
  here is a defect. The witness CI below is the proof of the violation.
  model                 : PAG#22326
  extra (spurious) edges: [V1 o-o V2, V2 o-o V4]  (k=2)
  WITNESS (holds in H0, fails in G*): V1 _||_ V5 | [V2]   (m-separated in H0's MAG, m-connected in G*)
  true PAG G* (over observed):
Graph Nodes:
V1;V2;V3;V4;V5

Graph Edges:
1. V1 o-> V3
2. V3 <-> V2
3. V4 o-o V1
4. V5 o-> V2
5. V5 o-o V4


  H0 (legal PAG = G* + spurious, cold-reoriented):
Graph Nodes:
V1;V2;V3;V4;V5

Graph Edges:
1. V1 --> V4
2. V2 --> V1
3. V2 <-> V3
4. V2 --> V4
5. V3 <-> V1
6. V5 o-> V2
7. V5 --> V4



==== NON-I-MAP H0 (cold reorient of G*+spurious is NOT an I-map of G*) ====
  Under the corrected sepset regime this population is expected EMPTY; an entry
  here is a defect. The witness CI below is the proof of the violation.
  model                 : PAG#22326
  extra (spurious) edges: [V3 o-o V4, V3 o-o V5]  (k=2)
  WITNESS (holds in H0, fails in G*): V1 _||_ V2 | []   (m-separated in H0's MAG, m-connected in G*)
  true PAG G* (over observed):
Graph Nodes:
V1;V2;V3;V4;V5

Graph Edges:
1. V1 o-> V3
2. V3 <-> V2
3. V4 o-o V1
4. V5 o-> V2
5. V5 o-o V4


  H0 (legal PAG = G* + spurious, cold-reoriented):
Graph Nodes:
V1;V2;V3;V4;V5

Graph Edges:
1. V1 o-> V3
2. V1 --> V4
3. V2 <-> V3
4. V2 <-> V5
5. V3 --> V4
6. V3 --> V5
7. V5 --> V4



==== NON-I-MAP H0 (cold reorient of G*+spurious is NOT an I-map of G*) ====
  Under the corrected sepset regime this population is expected EMPTY; an entry
  here is a defect. The witness CI below is the proof of the violation.
  model                 : PAG#22351
  extra (spurious) edges: [V1 o-o V2, V2 o-o V4]  (k=2)
  WITNESS (holds in H0, fails in G*): V3 _||_ V4 | []   (m-separated in H0's MAG, m-connected in G*)
  true PAG G* (over observed):
Graph Nodes:
V1;V2;V3;V4;V5

Graph Edges:
1. V2 o-> V5
2. V3 o-> V1
3. V3 o-> V5
4. V4 <-> V1
5. V5 --> V4


  H0 (legal PAG = G* + spurious, cold-reoriented):
Graph Nodes:
V1;V2;V3;V4;V5

Graph Edges:
1. V1 --> V2
2. V1 <-> V4
3. V2 <-> V4
4. V2 --> V5
5. V3 o-> V1
6. V3 --> V5
7. V4 <-> V5



==== NON-I-MAP H0 (cold reorient of G*+spurious is NOT an I-map of G*) ====
  Under the corrected sepset regime this population is expected EMPTY; an entry
  here is a defect. The witness CI below is the proof of the violation.
  model                 : PAG#22400
  extra (spurious) edges: [V1 o-o V4, V4 o-o V5]  (k=2)
  WITNESS (holds in H0, fails in G*): V1 _||_ V3 | [V4]   (m-separated in H0's MAG, m-connected in G*)
  true PAG G* (over observed):
Graph Nodes:
V1;V2;V3;V4;V5

Graph Edges:
1. V1 o-> V2
2. V1 o-o V5
3. V4 <-> V2
4. V4 <-> V3
5. V5 o-> V3


  H0 (legal PAG = G* + spurious, cold-reoriented):
Graph Nodes:
V1;V2;V3;V4;V5

Graph Edges:
1. V1 --> V5
2. V2 <-> V1
3. V3 <-> V5
4. V4 --> V1
5. V4 <-> V2
6. V4 <-> V3
7. V4 --> V5



==== NON-I-MAP H0 (cold reorient of G*+spurious is NOT an I-map of G*) ====
  Under the corrected sepset regime this population is expected EMPTY; an entry
  here is a defect. The witness CI below is the proof of the violation.
  model                 : PAG#22482
  extra (spurious) edges: [V1 o-o V5, V2 o-o V5, V4 o-o V5]  (k=3)
  WITNESS (holds in H0, fails in G*): V1 _||_ V4 | [V2, V5]   (m-separated in H0's MAG, m-connected in G*)
  true PAG G* (over observed):
Graph Nodes:
V1;V2;V3;V4;V5

Graph Edges:
1. V2 o-> V1
2. V3 <-> V1
3. V3 --> V5
4. V4 o-o V2
5. V4 o-> V3


  H0 (legal PAG = G* + spurious, cold-reoriented):
Graph Nodes:
V1;V2;V3;V4;V5

Graph Edges:
1. V2 o-> V1
2. V2 o-o V5
3. V3 <-> V1
4. V4 o-o V2
5. V4 o-> V3
6. V4 o-o V5
7. V5 o-> V1
8. V5 o-> V3



==== NON-I-MAP H0 (cold reorient of G*+spurious is NOT an I-map of G*) ====
  Under the corrected sepset regime this population is expected EMPTY; an entry
  here is a defect. The witness CI below is the proof of the violation.
  model                 : PAG#22486
  extra (spurious) edges: [V1 o-o V2, V1 o-o V4]  (k=2)
  WITNESS (holds in H0, fails in G*): V4 _||_ V5 | [V1]   (m-separated in H0's MAG, m-connected in G*)
  true PAG G* (over observed):
Graph Nodes:
V1;V2;V3;V4;V5

Graph Edges:
1. V3 --> V1
2. V3 --> V2
3. V3 <-> V4
4. V4 <-> V2
5. V5 --> V1
6. V5 o-> V3


  H0 (legal PAG = G* + spurious, cold-reoriented):
Graph Nodes:
V1;V2;V3;V4;V5

Graph Edges:
1. V1 --> V2
2. V1 o-> V3
3. V1 o-> V4
4. V3 --> V2
5. V3 <-> V4
6. V4 <-> V2
7. V5 o-o V1
8. V5 o-> V3



==== NON-I-MAP H0 (cold reorient of G*+spurious is NOT an I-map of G*) ====
  Under the corrected sepset regime this population is expected EMPTY; an entry
  here is a defect. The witness CI below is the proof of the violation.
  model                 : PAG#22497
  extra (spurious) edges: [V1 o-o V3, V2 o-o V4]  (k=2)
  WITNESS (holds in H0, fails in G*): V3 _||_ V4 | [V1, V2]   (m-separated in H0's MAG, m-connected in G*)
  true PAG G* (over observed):
Graph Nodes:
V1;V2;V3;V4;V5

Graph Edges:
1. V1 o-> V2
2. V1 o-> V4
3. V2 <-> V3
4. V5 --> V2
5. V5 <-> V3
6. V5 <-> V4


  H0 (legal PAG = G* + spurious, cold-reoriented):
Graph Nodes:
V1;V2;V3;V4;V5

Graph Edges:
1. V1 o-> V2
2. V1 o-o V3
3. V1 --> V4
4. V2 --> V4
5. V2 <-> V5
6. V3 o-> V2
7. V3 o-> V5
8. V5 <-> V4



==== NON-I-MAP H0 (cold reorient of G*+spurious is NOT an I-map of G*) ====
  Under the corrected sepset regime this population is expected EMPTY; an entry
  here is a defect. The witness CI below is the proof of the violation.
  model                 : PAG#22501
  extra (spurious) edges: [V1 o-o V5, V3 o-o V5]  (k=2)
  WITNESS (holds in H0, fails in G*): V2 _||_ V3 | [V1, V5]   (m-separated in H0's MAG, m-connected in G*)
  true PAG G* (over observed):
Graph Nodes:
V1;V2;V3;V4;V5

Graph Edges:
1. V1 o-o V2
2. V2 --> V4
3. V2 --> V5
4. V3 o-o V1
5. V3 --> V4
6. V4 --> V5


  H0 (legal PAG = G* + spurious, cold-reoriented):
Graph Nodes:
V1;V2;V3;V4;V5

Graph Edges:
1. V1 o-o V2
2. V1 o-o V5
3. V2 --> V4
4. V2 o-o V5
5. V3 o-o V1
6. V3 --> V4
7. V3 o-o V5
8. V5 --> V4



==== NON-I-MAP H0 (cold reorient of G*+spurious is NOT an I-map of G*) ====
  Under the corrected sepset regime this population is expected EMPTY; an entry
  here is a defect. The witness CI below is the proof of the violation.
  model                 : PAG#22519
  extra (spurious) edges: [V1 o-o V5, V3 o-o V4]  (k=2)
  WITNESS (holds in H0, fails in G*): V1 _||_ V3 | [V4, V5]   (m-separated in H0's MAG, m-connected in G*)
  true PAG G* (over observed):
Graph Nodes:
V1;V2;V3;V4;V5

Graph Edges:
1. V2 <-> V1
2. V2 <-> V3
3. V2 --> V5
4. V4 o-> V1
5. V4 o-> V5
6. V5 <-> V3


  H0 (legal PAG = G* + spurious, cold-reoriented):
Graph Nodes:
V1;V2;V3;V4;V5

Graph Edges:
1. V2 <-> V1
2. V3 o-> V2
3. V3 o-o V4
4. V3 o-> V5
5. V4 --> V1
6. V4 o-> V5
7. V5 --> V1
8. V5 <-> V2



==== NON-I-MAP H0 (cold reorient of G*+spurious is NOT an I-map of G*) ====
  Under the corrected sepset regime this population is expected EMPTY; an entry
  here is a defect. The witness CI below is the proof of the violation.
  model                 : PAG#22524
  extra (spurious) edges: [V1 o-o V4, V1 o-o V5]  (k=2)
  WITNESS (holds in H0, fails in G*): V3 _||_ V5 | [V1]   (m-separated in H0's MAG, m-connected in G*)
  true PAG G* (over observed):
Graph Nodes:
V1;V2;V3;V4;V5

Graph Edges:
1. V2 --> V1
2. V2 <-> V3
3. V2 --> V4
4. V2 <-> V5
5. V3 <-> V1
6. V4 <-> V5


  H0 (legal PAG = G* + spurious, cold-reoriented):
Graph Nodes:
V1;V2;V3;V4;V5

Graph Edges:
1. V1 o-> V2
2. V1 --> V4
3. V1 o-> V5
4. V2 --> V4
5. V2 <-> V5
6. V3 o-o V1
7. V3 o-> V2
8. V4 <-> V5



==== NON-I-MAP H0 (cold reorient of G*+spurious is NOT an I-map of G*) ====
  Under the corrected sepset regime this population is expected EMPTY; an entry
  here is a defect. The witness CI below is the proof of the violation.
  model                 : PAG#22524
  extra (spurious) edges: [V1 o-o V4, V3 o-o V4]  (k=2)
  WITNESS (holds in H0, fails in G*): V3 _||_ V5 | [V4]   (m-separated in H0's MAG, m-connected in G*)
  true PAG G* (over observed):
Graph Nodes:
V1;V2;V3;V4;V5

Graph Edges:
1. V2 --> V1
2. V2 <-> V3
3. V2 --> V4
4. V2 <-> V5
5. V3 <-> V1
6. V4 <-> V5


  H0 (legal PAG = G* + spurious, cold-reoriented):
Graph Nodes:
V1;V2;V3;V4;V5

Graph Edges:
1. V2 --> V1
2. V2 <-> V3
3. V3 <-> V1
4. V4 --> V1
5. V4 o-> V2
6. V4 o-> V3
7. V4 o-o V5
8. V5 o-> V2



==== NON-I-MAP H0 (cold reorient of G*+spurious is NOT an I-map of G*) ====
  Under the corrected sepset regime this population is expected EMPTY; an entry
  here is a defect. The witness CI below is the proof of the violation.
  model                 : PAG#22532
  extra (spurious) edges: [V1 o-o V3, V3 o-o V4]  (k=2)
  WITNESS (holds in H0, fails in G*): V1 _||_ V2 | [V3, V4]   (m-separated in H0's MAG, m-connected in G*)
  true PAG G* (over observed):
Graph Nodes:
V1;V2;V3;V4;V5

Graph Edges:
1. V2 <-> V3
2. V4 o-> V1
3. V4 o-> V2
4. V5 <-> V1
5. V5 <-> V2
6. V5 --> V3


  H0 (legal PAG = G* + spurious, cold-reoriented):
Graph Nodes:
V1;V2;V3;V4;V5

Graph Edges:
1. V1 <-> V5
2. V2 <-> V5
3. V3 o-> V1
4. V3 o-> V2
5. V3 o-o V4
6. V3 o-> V5
7. V4 o-> V1
8. V4 o-> V2



==== NON-I-MAP H0 (cold reorient of G*+spurious is NOT an I-map of G*) ====
  Under the corrected sepset regime this population is expected EMPTY; an entry
  here is a defect. The witness CI below is the proof of the violation.
  model                 : PAG#22551
  extra (spurious) edges: [V1 o-o V4, V4 o-o V5]  (k=2)
  WITNESS (holds in H0, fails in G*): V1 _||_ V2 | [V3, V4]   (m-separated in H0's MAG, m-connected in G*)
  true PAG G* (over observed):
Graph Nodes:
V1;V2;V3;V4;V5

Graph Edges:
1. V1 o-o V3
2. V2 --> V4
3. V2 o-o V5
4. V3 --> V4
5. V5 o-o V1


  H0 (legal PAG = G* + spurious, cold-reoriented):
Graph Nodes:
V1;V2;V3;V4;V5

Graph Edges:
1. V1 --> V5
2. V2 o-> V4
3. V2 --> V5
4. V3 --> V1
5. V3 o-> V4
6. V4 --> V1
7. V4 --> V5



==== NON-I-MAP H0 (cold reorient of G*+spurious is NOT an I-map of G*) ====
  Under the corrected sepset regime this population is expected EMPTY; an entry
  here is a defect. The witness CI below is the proof of the violation.
  model                 : PAG#22605
  extra (spurious) edges: [V1 o-o V5, V4 o-o V5]  (k=2)
  WITNESS (holds in H0, fails in G*): V1 _||_ V2 | [V4, V5]   (m-separated in H0's MAG, m-connected in G*)
  true PAG G* (over observed):
Graph Nodes:
V1;V2;V3;V4;V5

Graph Edges:
1. V2 <-> V5
2. V3 <-> V1
3. V3 <-> V2
4. V3 --> V5
5. V4 o-> V1
6. V4 o-> V2


  H0 (legal PAG = G* + spurious, cold-reoriented):
Graph Nodes:
V1;V2;V3;V4;V5

Graph Edges:
1. V3 <-> V1
2. V3 <-> V2
3. V4 o-> V1
4. V4 o-> V2
5. V4 o-o V5
6. V5 o-> V1
7. V5 o-> V2
8. V5 o-> V3



==== NON-I-MAP H0 (cold reorient of G*+spurious is NOT an I-map of G*) ====
  Under the corrected sepset regime this population is expected EMPTY; an entry
  here is a defect. The witness CI below is the proof of the violation.
  model                 : PAG#22636
  extra (spurious) edges: [V1 o-o V4, V3 o-o V4]  (k=2)
  WITNESS (holds in H0, fails in G*): V1 _||_ V2 | [V4, V5]   (m-separated in H0's MAG, m-connected in G*)
  true PAG G* (over observed):
Graph Nodes:
V1;V2;V3;V4;V5

Graph Edges:
1. V1 o-o V5
2. V2 o-o V3
3. V2 --> V4
4. V3 o-o V1
5. V5 --> V4


  H0 (legal PAG = G* + spurious, cold-reoriented):
Graph Nodes:
V1;V2;V3;V4;V5

Graph Edges:
1. V1 --> V3
2. V2 --> V3
3. V2 o-> V4
4. V4 --> V1
5. V4 --> V3
6. V5 --> V1
7. V5 o-> V4



==== NON-I-MAP H0 (cold reorient of G*+spurious is NOT an I-map of G*) ====
  Under the corrected sepset regime this population is expected EMPTY; an entry
  here is a defect. The witness CI below is the proof of the violation.
  model                 : PAG#22674
  extra (spurious) edges: [V1 o-o V5, V3 o-o V5]  (k=2)
  WITNESS (holds in H0, fails in G*): V1 _||_ V4 | [V5]   (m-separated in H0's MAG, m-connected in G*)
  true PAG G* (over observed):
Graph Nodes:
V1;V2;V3;V4;V5

Graph Edges:
1. V1 o-> V2
2. V3 o-o V1
3. V4 o-o V3
4. V4 o-> V5
5. V5 <-> V2


  H0 (legal PAG = G* + spurious, cold-reoriented):
Graph Nodes:
V1;V2;V3;V4;V5

Graph Edges:
1. V1 --> V3
2. V2 <-> V1
3. V2 <-> V5
4. V4 --> V3
5. V4 o-> V5
6. V5 --> V1
7. V5 --> V3



==== NON-I-MAP H0 (cold reorient of G*+spurious is NOT an I-map of G*) ====
  Under the corrected sepset regime this population is expected EMPTY; an entry
  here is a defect. The witness CI below is the proof of the violation.
  model                 : PAG#22674
  extra (spurious) edges: [V2 o-o V3, V2 o-o V4]  (k=2)
  WITNESS (holds in H0, fails in G*): V1 _||_ V4 | [V2]   (m-separated in H0's MAG, m-connected in G*)
  true PAG G* (over observed):
Graph Nodes:
V1;V2;V3;V4;V5

Graph Edges:
1. V1 o-> V2
2. V3 o-o V1
3. V4 o-o V3
4. V4 o-> V5
5. V5 <-> V2


  H0 (legal PAG = G* + spurious, cold-reoriented):
Graph Nodes:
V1;V2;V3;V4;V5

Graph Edges:
1. V1 o-> V2
2. V1 --> V3
3. V2 --> V3
4. V2 --> V4
5. V2 <-> V5
6. V4 --> V3
7. V5 <-> V4



==== NON-I-MAP H0 (cold reorient of G*+spurious is NOT an I-map of G*) ====
  Under the corrected sepset regime this population is expected EMPTY; an entry
  here is a defect. The witness CI below is the proof of the violation.
  model                 : PAG#22698
  extra (spurious) edges: [V2 o-o V3, V3 o-o V4, V3 o-o V5]  (k=3)
  WITNESS (holds in H0, fails in G*): V2 _||_ V5 | [V3, V4]   (m-separated in H0's MAG, m-connected in G*)
  true PAG G* (over observed):
Graph Nodes:
V1;V2;V3;V4;V5

Graph Edges:
1. V1 --> V3
2. V2 <-> V1
3. V4 o-> V2
4. V5 o-> V1
5. V5 o-o V4


  H0 (legal PAG = G* + spurious, cold-reoriented):
Graph Nodes:
V1;V2;V3;V4;V5

Graph Edges:
1. V1 <-> V2
2. V3 o-> V1
3. V3 o-> V2
4. V3 o-o V4
5. V3 o-o V5
6. V4 o-> V2
7. V5 o-> V1
8. V5 o-o V4



==== NON-I-MAP H0 (cold reorient of G*+spurious is NOT an I-map of G*) ====
  Under the corrected sepset regime this population is expected EMPTY; an entry
  here is a defect. The witness CI below is the proof of the violation.
  model                 : PAG#22706
  extra (spurious) edges: [V2 o-o V5, V4 o-o V5]  (k=2)
  WITNESS (holds in H0, fails in G*): V2 _||_ V3 | [V5]   (m-separated in H0's MAG, m-connected in G*)
  true PAG G* (over observed):
Graph Nodes:
V1;V2;V3;V4;V5

Graph Edges:
1. V1 <-> V3
2. V1 --> V5
3. V2 <-> V1
4. V4 o-> V2
5. V5 <-> V3


  H0 (legal PAG = G* + spurious, cold-reoriented):
Graph Nodes:
V1;V2;V3;V4;V5

Graph Edges:
1. V1 <-> V2
2. V3 o-> V1
3. V4 o-> V2
4. V4 o-o V5
5. V5 o-> V1
6. V5 o-> V2
7. V5 o-o V3



==== NON-I-MAP H0 (cold reorient of G*+spurious is NOT an I-map of G*) ====
  Under the corrected sepset regime this population is expected EMPTY; an entry
  here is a defect. The witness CI below is the proof of the violation.
  model                 : PAG#22716
  extra (spurious) edges: [V1 o-o V2, V1 o-o V4]  (k=2)
  WITNESS (holds in H0, fails in G*): V3 _||_ V4 | [V1, V2]   (m-separated in H0's MAG, m-connected in G*)
  true PAG G* (over observed):
Graph Nodes:
V1;V2;V3;V4;V5

Graph Edges:
1. V2 o-o V4
2. V3 --> V1
3. V3 o-o V2
4. V3 --> V5
5. V4 --> V5
6. V5 --> V1


  H0 (legal PAG = G* + spurious, cold-reoriented):
Graph Nodes:
V1;V2;V3;V4;V5

Graph Edges:
1. V1 o-o V2
2. V1 o-o V4
3. V1 --> V5
4. V2 o-o V4
5. V3 o-o V1
6. V3 o-o V2
7. V3 --> V5
8. V4 --> V5



==== NON-I-MAP H0 (cold reorient of G*+spurious is NOT an I-map of G*) ====
  Under the corrected sepset regime this population is expected EMPTY; an entry
  here is a defect. The witness CI below is the proof of the violation.
  model                 : PAG#22760
  extra (spurious) edges: [V1 o-o V5, V3 o-o V5, V4 o-o V5]  (k=3)
  WITNESS (holds in H0, fails in G*): V1 _||_ V3 | [V5]   (m-separated in H0's MAG, m-connected in G*)
  true PAG G* (over observed):
Graph Nodes:
V1;V2;V3;V4;V5

Graph Edges:
1. V1 o-> V2
2. V2 --> V5
3. V3 <-> V2
4. V4 o-> V3


  H0 (legal PAG = G* + spurious, cold-reoriented):
Graph Nodes:
V1;V2;V3;V4;V5

Graph Edges:
1. V1 o-> V2
2. V1 o-o V5
3. V2 <-> V3
4. V4 o-> V3
5. V4 o-o V5
6. V5 o-> V2
7. V5 o-> V3



==== NON-I-MAP H0 (cold reorient of G*+spurious is NOT an I-map of G*) ====
  Under the corrected sepset regime this population is expected EMPTY; an entry
  here is a defect. The witness CI below is the proof of the violation.
  model                 : PAG#22771
  extra (spurious) edges: [V1 o-o V3, V1 o-o V5]  (k=2)
  WITNESS (holds in H0, fails in G*): V2 _||_ V3 | [V1]   (m-separated in H0's MAG, m-connected in G*)
  true PAG G* (over observed):
Graph Nodes:
V1;V2;V3;V4;V5

Graph Edges:
1. V2 <-> V1
2. V4 --> V1
3. V4 <-> V2
4. V4 <-> V3
5. V4 --> V5
6. V5 <-> V3


  H0 (legal PAG = G* + spurious, cold-reoriented):
Graph Nodes:
V1;V2;V3;V4;V5

Graph Edges:
1. V1 o-> V3
2. V1 o-> V4
3. V1 --> V5
4. V2 o-o V1
5. V2 o-> V4
6. V4 <-> V3
7. V4 --> V5
8. V5 <-> V3



==== NON-I-MAP H0 (cold reorient of G*+spurious is NOT an I-map of G*) ====
  Under the corrected sepset regime this population is expected EMPTY; an entry
  here is a defect. The witness CI below is the proof of the violation.
  model                 : PAG#22771
  extra (spurious) edges: [V1 o-o V5, V2 o-o V5]  (k=2)
  WITNESS (holds in H0, fails in G*): V2 _||_ V3 | [V5]   (m-separated in H0's MAG, m-connected in G*)
  true PAG G* (over observed):
Graph Nodes:
V1;V2;V3;V4;V5

Graph Edges:
1. V2 <-> V1
2. V4 --> V1
3. V4 <-> V2
4. V4 <-> V3
5. V4 --> V5
6. V5 <-> V3


  H0 (legal PAG = G* + spurious, cold-reoriented):
Graph Nodes:
V1;V2;V3;V4;V5

Graph Edges:
1. V2 <-> V1
2. V3 o-> V4
3. V4 --> V1
4. V4 <-> V2
5. V5 --> V1
6. V5 o-> V2
7. V5 o-o V3
8. V5 o-> V4



==== NON-I-MAP H0 (cold reorient of G*+spurious is NOT an I-map of G*) ====
  Under the corrected sepset regime this population is expected EMPTY; an entry
  here is a defect. The witness CI below is the proof of the violation.
  model                 : PAG#22839
  extra (spurious) edges: [V1 o-o V4, V2 o-o V4]  (k=2)
  WITNESS (holds in H0, fails in G*): V1 _||_ V3 | [V2, V4]   (m-separated in H0's MAG, m-connected in G*)
  true PAG G* (over observed):
Graph Nodes:
V1;V2;V3;V4;V5

Graph Edges:
1. V2 o-> V1
2. V2 o-> V3
3. V3 <-> V4
4. V5 <-> V1
5. V5 <-> V3
6. V5 --> V4


  H0 (legal PAG = G* + spurious, cold-reoriented):
Graph Nodes:
V1;V2;V3;V4;V5

Graph Edges:
1. V1 <-> V5
2. V2 o-> V1
3. V2 o-> V3
4. V2 o-o V4
5. V3 <-> V5
6. V4 o-> V1
7. V4 o-> V3
8. V4 o-> V5



==== NON-I-MAP H0 (cold reorient of G*+spurious is NOT an I-map of G*) ====
  Under the corrected sepset regime this population is expected EMPTY; an entry
  here is a defect. The witness CI below is the proof of the violation.
  model                 : PAG#22847
  extra (spurious) edges: [V2 o-o V5, V3 o-o V4]  (k=2)
  WITNESS (holds in H0, fails in G*): V4 _||_ V5 | [V2, V3]   (m-separated in H0's MAG, m-connected in G*)
  true PAG G* (over observed):
Graph Nodes:
V1;V2;V3;V4;V5

Graph Edges:
1. V1 --> V2
2. V1 <-> V4
3. V2 <-> V4
4. V3 o-> V2
5. V3 o-> V5
6. V5 <-> V1


  H0 (legal PAG = G* + spurious, cold-reoriented):
Graph Nodes:
V1;V2;V3;V4;V5

Graph Edges:
1. V1 <-> V5
2. V2 <-> V1
3. V2 --> V5
4. V3 o-> V2
5. V3 o-o V4
6. V3 --> V5
7. V4 o-> V1
8. V4 o-> V2



==== NON-I-MAP H0 (cold reorient of G*+spurious is NOT an I-map of G*) ====
  Under the corrected sepset regime this population is expected EMPTY; an entry
  here is a defect. The witness CI below is the proof of the violation.
  model                 : PAG#22959
  extra (spurious) edges: [V1 o-o V2, V1 o-o V5]  (k=2)
  WITNESS (holds in H0, fails in G*): V2 _||_ V3 | [V1, V5]   (m-separated in H0's MAG, m-connected in G*)
  true PAG G* (over observed):
Graph Nodes:
V1;V2;V3;V4;V5

Graph Edges:
1. V2 o-> V5
2. V3 <-> V1
3. V4 --> V1
4. V4 <-> V3
5. V5 <-> V4


  H0 (legal PAG = G* + spurious, cold-reoriented):
Graph Nodes:
V1;V2;V3;V4;V5

Graph Edges:
1. V1 o-o V2
2. V1 o-> V4
3. V1 o-> V5
4. V2 o-> V5
5. V3 o-o V1
6. V3 o-> V4
7. V4 <-> V5



==== NON-I-MAP H0 (cold reorient of G*+spurious is NOT an I-map of G*) ====
  Under the corrected sepset regime this population is expected EMPTY; an entry
  here is a defect. The witness CI below is the proof of the violation.
  model                 : PAG#23001
  extra (spurious) edges: [V1 o-o V2, V2 o-o V4]  (k=2)
  WITNESS (holds in H0, fails in G*): V3 _||_ V4 | [V2, V5]   (m-separated in H0's MAG, m-connected in G*)
  true PAG G* (over observed):
Graph Nodes:
V1;V2;V3;V4;V5

Graph Edges:
1. V1 o-o V3
2. V3 --> V2
3. V4 o-o V1
4. V5 --> V2
5. V5 o-o V4


  H0 (legal PAG = G* + spurious, cold-reoriented):
Graph Nodes:
V1;V2;V3;V4;V5

Graph Edges:
1. V2 --> V1
2. V2 --> V4
3. V3 --> V1
4. V3 o-> V2
5. V4 --> V1
6. V5 o-> V2
7. V5 --> V4



==== NON-I-MAP H0 (cold reorient of G*+spurious is NOT an I-map of G*) ====
  Under the corrected sepset regime this population is expected EMPTY; an entry
  here is a defect. The witness CI below is the proof of the violation.
  model                 : PAG#23009
  extra (spurious) edges: [V2 o-o V4, V2 o-o V5]  (k=2)
  WITNESS (holds in H0, fails in G*): V1 _||_ V4 | [V2, V5]   (m-separated in H0's MAG, m-connected in G*)
  true PAG G* (over observed):
Graph Nodes:
V1;V2;V3;V4;V5

Graph Edges:
1. V1 --> V2
2. V1 --> V3
3. V1 o-o V5
4. V3 --> V2
5. V4 --> V3
6. V5 o-o V4


  H0 (legal PAG = G* + spurious, cold-reoriented):
Graph Nodes:
V1;V2;V3;V4;V5

Graph Edges:
1. V1 o-o V2
2. V1 --> V3
3. V1 o-o V5
4. V2 --> V3
5. V2 o-o V4
6. V2 o-o V5
7. V4 --> V3
8. V5 o-o V4



==== NON-I-MAP H0 (cold reorient of G*+spurious is NOT an I-map of G*) ====
  Under the corrected sepset regime this population is expected EMPTY; an entry
  here is a defect. The witness CI below is the proof of the violation.
  model                 : PAG#23045
  extra (spurious) edges: [V1 o-o V3, V2 o-o V4]  (k=2)
  WITNESS (holds in H0, fails in G*): V1 _||_ V2 | [V3, V4]   (m-separated in H0's MAG, m-connected in G*)
  true PAG G* (over observed):
Graph Nodes:
V1;V2;V3;V4;V5

Graph Edges:
1. V2 o-> V5
2. V3 o-o V2
3. V3 --> V4
4. V4 <-> V1
5. V5 <-> V1
6. V5 --> V4


  H0 (legal PAG = G* + spurious, cold-reoriented):
Graph Nodes:
V1;V2;V3;V4;V5

Graph Edges:
1. V1 o-o V3
2. V1 o-> V4
3. V1 o-> V5
4. V3 --> V2
5. V3 o-> V4
6. V4 --> V2
7. V4 <-> V5
8. V5 <-> V2



==== NON-I-MAP H0 (cold reorient of G*+spurious is NOT an I-map of G*) ====
  Under the corrected sepset regime this population is expected EMPTY; an entry
  here is a defect. The witness CI below is the proof of the violation.
  model                 : PAG#23058
  extra (spurious) edges: [V2 o-o V5, V4 o-o V5]  (k=2)
  WITNESS (holds in H0, fails in G*): V2 _||_ V3 | [V4, V5]   (m-separated in H0's MAG, m-connected in G*)
  true PAG G* (over observed):
Graph Nodes:
V1;V2;V3;V4;V5

Graph Edges:
1. V1 --> V5
2. V2 <-> V1
3. V3 o-> V1
4. V3 o-o V4
5. V3 --> V5
6. V4 o-> V2


  H0 (legal PAG = G* + spurious, cold-reoriented):
Graph Nodes:
V1;V2;V3;V4;V5

Graph Edges:
1. V1 <-> V2
2. V3 o-> V1
3. V3 o-o V4
4. V3 o-o V5
5. V4 o-> V2
6. V4 o-o V5
7. V5 o-> V1
8. V5 o-> V2



==== NON-I-MAP H0 (cold reorient of G*+spurious is NOT an I-map of G*) ====
  Under the corrected sepset regime this population is expected EMPTY; an entry
  here is a defect. The witness CI below is the proof of the violation.
  model                 : PAG#23083
  extra (spurious) edges: [V1 o-o V4, V1 o-o V5]  (k=2)
  WITNESS (holds in H0, fails in G*): V2 _||_ V4 | [V1, V5]   (m-separated in H0's MAG, m-connected in G*)
  true PAG G* (over observed):
Graph Nodes:
V1;V2;V3;V4;V5

Graph Edges:
1. V2 --> V1
2. V2 --> V3
3. V2 o-o V5
4. V3 --> V1
5. V4 --> V3
6. V5 o-o V4


  H0 (legal PAG = G* + spurious, cold-reoriented):
Graph Nodes:
V1;V2;V3;V4;V5

Graph Edges:
1. V1 --> V3
2. V1 o-o V4
3. V1 o-o V5
4. V2 o-o V1
5. V2 --> V3
6. V2 o-o V5
7. V4 --> V3
8. V5 o-o V4



==== NON-I-MAP H0 (cold reorient of G*+spurious is NOT an I-map of G*) ====
  Under the corrected sepset regime this population is expected EMPTY; an entry
  here is a defect. The witness CI below is the proof of the violation.
  model                 : PAG#23159
  extra (spurious) edges: [V3 o-o V4, V3 o-o V5]  (k=2)
  WITNESS (holds in H0, fails in G*): V1 _||_ V4 | [V3, V5]   (m-separated in H0's MAG, m-connected in G*)
  true PAG G* (over observed):
Graph Nodes:
V1;V2;V3;V4;V5

Graph Edges:
1. V1 --> V3
2. V2 <-> V1
3. V2 --> V3
4. V4 o-> V2
5. V5 o-> V1
6. V5 o-o V4


  H0 (legal PAG = G* + spurious, cold-reoriented):
Graph Nodes:
V1;V2;V3;V4;V5

Graph Edges:
1. V1 <-> V2
2. V3 o-> V1
3. V3 o-> V2
4. V3 o-o V4
5. V3 o-o V5
6. V4 o-> V2
7. V5 o-> V1
8. V5 o-o V4



==== NON-I-MAP H0 (cold reorient of G*+spurious is NOT an I-map of G*) ====
  Under the corrected sepset regime this population is expected EMPTY; an entry
  here is a defect. The witness CI below is the proof of the violation.
  model                 : PAG#23177
  extra (spurious) edges: [V1 o-o V4, V3 o-o V4]  (k=2)
  WITNESS (holds in H0, fails in G*): V2 _||_ V3 | [V4]   (m-separated in H0's MAG, m-connected in G*)
  true PAG G* (over observed):
Graph Nodes:
V1;V2;V3;V4;V5

Graph Edges:
1. V1 o-o V2
2. V1 o-o V3
3. V2 o-> V4
4. V3 o-> V5
5. V4 <-> V5


  H0 (legal PAG = G* + spurious, cold-reoriented):
Graph Nodes:
V1;V2;V3;V4;V5

Graph Edges:
1. V2 --> V1
2. V2 o-> V4
3. V3 --> V1
4. V4 --> V1
5. V4 --> V3
6. V5 <-> V3
7. V5 <-> V4



==== NON-I-MAP H0 (cold reorient of G*+spurious is NOT an I-map of G*) ====
  Under the corrected sepset regime this population is expected EMPTY; an entry
  here is a defect. The witness CI below is the proof of the violation.
  model                 : PAG#23177
  extra (spurious) edges: [V1 o-o V5, V2 o-o V5]  (k=2)
  WITNESS (holds in H0, fails in G*): V2 _||_ V3 | [V5]   (m-separated in H0's MAG, m-connected in G*)
  true PAG G* (over observed):
Graph Nodes:
V1;V2;V3;V4;V5

Graph Edges:
1. V1 o-o V2
2. V1 o-o V3
3. V2 o-> V4
4. V3 o-> V5
5. V4 <-> V5


  H0 (legal PAG = G* + spurious, cold-reoriented):
Graph Nodes:
V1;V2;V3;V4;V5

Graph Edges:
1. V2 --> V1
2. V3 --> V1
3. V3 o-> V5
4. V4 <-> V2
5. V5 --> V1
6. V5 --> V2
7. V5 <-> V4



==== NON-I-MAP H0 (cold reorient of G*+spurious is NOT an I-map of G*) ====
  Under the corrected sepset regime this population is expected EMPTY; an entry
  here is a defect. The witness CI below is the proof of the violation.
  model                 : PAG#23179
  extra (spurious) edges: [V1 o-o V2, V2 o-o V3]  (k=2)
  WITNESS (holds in H0, fails in G*): V1 _||_ V4 | [V2]   (m-separated in H0's MAG, m-connected in G*)
  true PAG G* (over observed):
Graph Nodes:
V1;V2;V3;V4;V5

Graph Edges:
1. V1 o-> V5
2. V3 o-o V1
3. V4 o-> V2
4. V4 o-o V3
5. V5 <-> V2


  H0 (legal PAG = G* + spurious, cold-reoriented):
Graph Nodes:
V1;V2;V3;V4;V5

Graph Edges:
1. V1 --> V3
2. V2 --> V1
3. V2 --> V3
4. V2 <-> V5
5. V4 o-> V2
6. V4 --> V3
7. V5 <-> V1



==== NON-I-MAP H0 (cold reorient of G*+spurious is NOT an I-map of G*) ====
  Under the corrected sepset regime this population is expected EMPTY; an entry
  here is a defect. The witness CI below is the proof of the violation.
  model                 : PAG#23179
  extra (spurious) edges: [V3 o-o V5, V4 o-o V5]  (k=2)
  WITNESS (holds in H0, fails in G*): V1 _||_ V2 | []   (m-separated in H0's MAG, m-connected in G*)
  true PAG G* (over observed):
Graph Nodes:
V1;V2;V3;V4;V5

Graph Edges:
1. V1 o-> V5
2. V3 o-o V1
3. V4 o-> V2
4. V4 o-o V3
5. V5 <-> V2


  H0 (legal PAG = G* + spurious, cold-reoriented):
Graph Nodes:
V1;V2;V3;V4;V5

Graph Edges:
1. V1 --> V3
2. V1 o-> V5
3. V2 <-> V4
4. V2 <-> V5
5. V4 --> V3
6. V5 --> V3
7. V5 --> V4



==== NON-I-MAP H0 (cold reorient of G*+spurious is NOT an I-map of G*) ====
  Under the corrected sepset regime this population is expected EMPTY; an entry
  here is a defect. The witness CI below is the proof of the violation.
  model                 : PAG#23180
  extra (spurious) edges: [V1 o-o V5, V2 o-o V5]  (k=2)
  WITNESS (holds in H0, fails in G*): V1 _||_ V3 | [V2, V5]   (m-separated in H0's MAG, m-connected in G*)
  true PAG G* (over observed):
Graph Nodes:
V1;V2;V3;V4;V5

Graph Edges:
1. V1 o-> V2
2. V3 <-> V5
3. V4 <-> V2
4. V4 <-> V3
5. V4 --> V5


  H0 (legal PAG = G* + spurious, cold-reoriented):
Graph Nodes:
V1;V2;V3;V4;V5

Graph Edges:
1. V1 o-> V2
2. V1 o-o V5
3. V3 o-> V4
4. V3 o-o V5
5. V4 <-> V2
6. V5 o-> V2
7. V5 o-> V4



==== NON-I-MAP H0 (cold reorient of G*+spurious is NOT an I-map of G*) ====
  Under the corrected sepset regime this population is expected EMPTY; an entry
  here is a defect. The witness CI below is the proof of the violation.
  model                 : PAG#23215
  extra (spurious) edges: [V2 o-o V3, V2 o-o V4]  (k=2)
  WITNESS (holds in H0, fails in G*): V1 _||_ V4 | [V2]   (m-separated in H0's MAG, m-connected in G*)
  true PAG G* (over observed):
Graph Nodes:
V1;V2;V3;V4;V5

Graph Edges:
1. V2 <-> V1
2. V3 o-> V1
3. V4 o-o V3
4. V4 o-> V5
5. V5 <-> V2


  H0 (legal PAG = G* + spurious, cold-reoriented):
Graph Nodes:
V1;V2;V3;V4;V5

Graph Edges:
1. V1 <-> V3
2. V2 <-> V1
3. V2 --> V3
4. V2 --> V4
5. V2 <-> V5
6. V4 --> V3
7. V5 <-> V4



==== NON-I-MAP H0 (cold reorient of G*+spurious is NOT an I-map of G*) ====
  Under the corrected sepset regime this population is expected EMPTY; an entry
  here is a defect. The witness CI below is the proof of the violation.
  model                 : PAG#23230
  extra (spurious) edges: [V1 o-o V4, V2 o-o V4, V4 o-o V5]  (k=3)
  WITNESS (holds in H0, fails in G*): V1 _||_ V2 | [V4, V5]   (m-separated in H0's MAG, m-connected in G*)
  true PAG G* (over observed):
Graph Nodes:
V1;V2;V3;V4;V5

Graph Edges:
1. V1 --> V3
2. V2 --> V3
3. V2 o-o V5
4. V3 --> V4
5. V5 o-o V1


  H0 (legal PAG = G* + spurious, cold-reoriented):
Graph Nodes:
V1;V2;V3;V4;V5

Graph Edges:
1. V1 --> V3
2. V1 o-o V4
3. V2 --> V3
4. V2 o-o V4
5. V2 o-o V5
6. V4 --> V3
7. V4 o-o V5
8. V5 o-o V1



==== NON-I-MAP H0 (cold reorient of G*+spurious is NOT an I-map of G*) ====
  Under the corrected sepset regime this population is expected EMPTY; an entry
  here is a defect. The witness CI below is the proof of the violation.
  model                 : PAG#23256
  extra (spurious) edges: [V2 o-o V3, V3 o-o V4]  (k=2)
  WITNESS (holds in H0, fails in G*): V2 _||_ V5 | [V3, V4]   (m-separated in H0's MAG, m-connected in G*)
  true PAG G* (over observed):
Graph Nodes:
V1;V2;V3;V4;V5

Graph Edges:
1. V1 --> V3
2. V2 <-> V1
3. V4 o-> V2
4. V4 o-o V5
5. V5 o-> V1
6. V5 --> V3


  H0 (legal PAG = G* + spurious, cold-reoriented):
Graph Nodes:
V1;V2;V3;V4;V5

Graph Edges:
1. V1 <-> V2
2. V3 o-> V1
3. V3 o-> V2
4. V3 o-o V4
5. V4 o-> V2
6. V4 o-o V5
7. V5 o-> V1
8. V5 o-o V3



==== NON-I-MAP H0 (cold reorient of G*+spurious is NOT an I-map of G*) ====
  Under the corrected sepset regime this population is expected EMPTY; an entry
  here is a defect. The witness CI below is the proof of the violation.
  model                 : PAG#23270
  extra (spurious) edges: [V3 o-o V5, V4 o-o V5]  (k=2)
  WITNESS (holds in H0, fails in G*): V2 _||_ V4 | [V3, V5]   (m-separated in H0's MAG, m-connected in G*)
  true PAG G* (over observed):
Graph Nodes:
V1;V2;V3;V4;V5

Graph Edges:
1. V1 --> V5
2. V2 <-> V1
3. V2 <-> V5
4. V3 o-> V2
5. V3 o-> V4
6. V4 <-> V1


  H0 (legal PAG = G* + spurious, cold-reoriented):
Graph Nodes:
V1;V2;V3;V4;V5

Graph Edges:
1. V1 <-> V4
2. V2 <-> V1
3. V3 o-> V2
4. V3 o-> V4
5. V3 o-o V5
6. V5 o-> V1
7. V5 o-> V2
8. V5 o-> V4



==== NON-I-MAP H0 (cold reorient of G*+spurious is NOT an I-map of G*) ====
  Under the corrected sepset regime this population is expected EMPTY; an entry
  here is a defect. The witness CI below is the proof of the violation.
  model                 : PAG#23277
  extra (spurious) edges: [V1 o-o V5, V3 o-o V5]  (k=2)
  WITNESS (holds in H0, fails in G*): V1 _||_ V2 | [V3, V5]   (m-separated in H0's MAG, m-connected in G*)
  true PAG G* (over observed):
Graph Nodes:
V1;V2;V3;V4;V5

Graph Edges:
1. V1 o-> V3
2. V2 o-> V4
3. V2 --> V5
4. V4 <-> V3
5. V4 --> V5


  H0 (legal PAG = G* + spurious, cold-reoriented):
Graph Nodes:
V1;V2;V3;V4;V5

Graph Edges:
1. V1 o-> V3
2. V1 o-o V5
3. V2 o-> V4
4. V2 o-o V5
5. V3 <-> V4
6. V5 o-> V3
7. V5 o-> V4



==== NON-I-MAP H0 (cold reorient of G*+spurious is NOT an I-map of G*) ====
  Under the corrected sepset regime this population is expected EMPTY; an entry
  here is a defect. The witness CI below is the proof of the violation.
  model                 : PAG#23299
  extra (spurious) edges: [V2 o-o V4, V3 o-o V4]  (k=2)
  WITNESS (holds in H0, fails in G*): V1 _||_ V2 | [V3, V4]   (m-separated in H0's MAG, m-connected in G*)
  true PAG G* (over observed):
Graph Nodes:
V1;V2;V3;V4;V5

Graph Edges:
1. V1 o-o V3
2. V1 --> V4
3. V1 o-> V5
4. V3 o-> V2
5. V5 <-> V2
6. V5 --> V4


  H0 (legal PAG = G* + spurious, cold-reoriented):
Graph Nodes:
V1;V2;V3;V4;V5

Graph Edges:
1. V1 o-o V3
2. V1 o-o V4
3. V1 o-> V5
4. V2 <-> V5
5. V3 o-> V2
6. V3 o-o V4
7. V4 o-> V2
8. V4 o-> V5



==== NON-I-MAP H0 (cold reorient of G*+spurious is NOT an I-map of G*) ====
  Under the corrected sepset regime this population is expected EMPTY; an entry
  here is a defect. The witness CI below is the proof of the violation.
  model                 : PAG#23319
  extra (spurious) edges: [V2 o-o V5, V3 o-o V5, V4 o-o V5]  (k=3)
  WITNESS (holds in H0, fails in G*): V3 _||_ V4 | [V2, V5]   (m-separated in H0's MAG, m-connected in G*)
  true PAG G* (over observed):
Graph Nodes:
V1;V2;V3;V4;V5

Graph Edges:
1. V1 --> V5
2. V2 o-o V3
3. V2 o-o V4
4. V3 --> V1
5. V4 --> V1


  H0 (legal PAG = G* + spurious, cold-reoriented):
Graph Nodes:
V1;V2;V3;V4;V5

Graph Edges:
1. V2 o-o V3
2. V2 o-o V4
3. V2 o-o V5
4. V3 --> V1
5. V3 o-o V5
6. V4 --> V1
7. V4 o-o V5
8. V5 --> V1



==== NON-I-MAP H0 (cold reorient of G*+spurious is NOT an I-map of G*) ====
  Under the corrected sepset regime this population is expected EMPTY; an entry
  here is a defect. The witness CI below is the proof of the violation.
  model                 : PAG#23328
  extra (spurious) edges: [V1 o-o V5, V4 o-o V5]  (k=2)
  WITNESS (holds in H0, fails in G*): V1 _||_ V3 | [V4, V5]   (m-separated in H0's MAG, m-connected in G*)
  true PAG G* (over observed):
Graph Nodes:
V1;V2;V3;V4;V5

Graph Edges:
1. V1 o-> V4
2. V2 <-> V3
3. V2 --> V5
4. V3 <-> V5
5. V4 <-> V2


  H0 (legal PAG = G* + spurious, cold-reoriented):
Graph Nodes:
V1;V2;V3;V4;V5

Graph Edges:
1. V1 o-> V4
2. V1 o-o V5
3. V3 o-> V2
4. V3 o-o V5
5. V4 <-> V2
6. V5 o-> V2
7. V5 o-> V4



==== NON-I-MAP H0 (cold reorient of G*+spurious is NOT an I-map of G*) ====
  Under the corrected sepset regime this population is expected EMPTY; an entry
  here is a defect. The witness CI below is the proof of the violation.
  model                 : PAG#23412
  extra (spurious) edges: [V3 o-o V5, V4 o-o V5]  (k=2)
  WITNESS (holds in H0, fails in G*): V3 _||_ V4 | [V5]   (m-separated in H0's MAG, m-connected in G*)
  true PAG G* (over observed):
Graph Nodes:
V1;V2;V3;V4;V5

Graph Edges:
1. V2 --> V5
2. V3 <-> V1
3. V3 <-> V2
4. V4 <-> V1
5. V4 <-> V2
6. V5 --> V1


  H0 (legal PAG = G* + spurious, cold-reoriented):
Graph Nodes:
V1;V2;V3;V4;V5

Graph Edges:
1. V3 <-> V1
2. V3 <-> V2
3. V4 <-> V1
4. V4 <-> V2
5. V5 o-> V1
6. V5 o-> V2
7. V5 o-> V3
8. V5 o-> V4



==== NON-I-MAP H0 (cold reorient of G*+spurious is NOT an I-map of G*) ====
  Under the corrected sepset regime this population is expected EMPTY; an entry
  here is a defect. The witness CI below is the proof of the violation.
  model                 : PAG#23478
  extra (spurious) edges: [V1 o-o V3, V3 o-o V4]  (k=2)
  WITNESS (holds in H0, fails in G*): V1 _||_ V5 | [V3]   (m-separated in H0's MAG, m-connected in G*)
  true PAG G* (over observed):
Graph Nodes:
V1;V2;V3;V4;V5

Graph Edges:
1. V1 o-> V2
2. V1 o-o V4
3. V2 <-> V3
4. V4 o-> V5
5. V5 <-> V3


  H0 (legal PAG = G* + spurious, cold-reoriented):
Graph Nodes:
V1;V2;V3;V4;V5

Graph Edges:
1. V1 --> V4
2. V2 <-> V1
3. V3 --> V1
4. V3 <-> V2
5. V3 --> V4
6. V5 <-> V3
7. V5 <-> V4



==== NON-I-MAP H0 (cold reorient of G*+spurious is NOT an I-map of G*) ====
  Under the corrected sepset regime this population is expected EMPTY; an entry
  here is a defect. The witness CI below is the proof of the violation.
  model                 : PAG#23483
  extra (spurious) edges: [V1 o-o V4, V2 o-o V3]  (k=2)
  WITNESS (holds in H0, fails in G*): V3 _||_ V4 | [V1, V2]   (m-separated in H0's MAG, m-connected in G*)
  true PAG G* (over observed):
Graph Nodes:
V1;V2;V3;V4;V5

Graph Edges:
1. V1 o-> V2
2. V1 o-> V3
3. V2 <-> V4
4. V3 <-> V5
5. V5 --> V2
6. V5 <-> V4


  H0 (legal PAG = G* + spurious, cold-reoriented):
Graph Nodes:
V1;V2;V3;V4;V5

Graph Edges:
1. V1 o-> V2
2. V1 --> V3
3. V1 o-o V4
4. V2 --> V3
5. V2 <-> V5
6. V4 o-> V2
7. V4 o-> V5
8. V5 <-> V3



==== NON-I-MAP H0 (cold reorient of G*+spurious is NOT an I-map of G*) ====
  Under the corrected sepset regime this population is expected EMPTY; an entry
  here is a defect. The witness CI below is the proof of the violation.
  model                 : PAG#23502
  extra (spurious) edges: [V1 o-o V4, V2 o-o V5]  (k=2)
  WITNESS (holds in H0, fails in G*): V1 _||_ V3 | [V4]   (m-separated in H0's MAG, m-connected in G*)
  true PAG G* (over observed):
Graph Nodes:
V1;V2;V3;V4;V5

Graph Edges:
1. V1 --> V2
2. V1 o-o V5
3. V2 <-> V4
4. V3 --> V2
5. V3 <-> V4
6. V5 o-> V3


  H0 (legal PAG = G* + spurious, cold-reoriented):
Graph Nodes:
V1;V2;V3;V4;V5

Graph Edges:
1. V1 o-> V2
2. V1 o-o V4
3. V1 --> V5
4. V2 <-> V3
5. V2 --> V5
6. V3 <-> V5
7. V4 o-> V2
8. V4 o-> V3



==== NON-I-MAP H0 (cold reorient of G*+spurious is NOT an I-map of G*) ====
  Under the corrected sepset regime this population is expected EMPTY; an entry
  here is a defect. The witness CI below is the proof of the violation.
  model                 : PAG#23513
  extra (spurious) edges: [V2 o-o V4, V3 o-o V4]  (k=2)
  WITNESS (holds in H0, fails in G*): V1 _||_ V2 | [V4]   (m-separated in H0's MAG, m-connected in G*)
  true PAG G* (over observed):
Graph Nodes:
V1;V2;V3;V4;V5

Graph Edges:
1. V1 --> V4
2. V1 o-> V5
3. V3 o-> V2
4. V5 <-> V2
5. V5 --> V4


  H0 (legal PAG = G* + spurious, cold-reoriented):
Graph Nodes:
V1;V2;V3;V4;V5

Graph Edges:
1. V1 o-o V4
2. V1 o-> V5
3. V2 <-> V5
4. V3 o-> V2
5. V3 o-o V4
6. V4 o-> V2
7. V4 o-> V5



==== NON-I-MAP H0 (cold reorient of G*+spurious is NOT an I-map of G*) ====
  Under the corrected sepset regime this population is expected EMPTY; an entry
  here is a defect. The witness CI below is the proof of the violation.
  model                 : PAG#23541
  extra (spurious) edges: [V1 o-o V2, V1 o-o V5]  (k=2)
  WITNESS (holds in H0, fails in G*): V4 _||_ V5 | [V1, V2]   (m-separated in H0's MAG, m-connected in G*)
  true PAG G* (over observed):
Graph Nodes:
V1;V2;V3;V4;V5

Graph Edges:
1. V2 o-o V4
2. V2 o-o V5
3. V3 --> V1
4. V4 --> V1
5. V4 --> V3
6. V5 --> V3


  H0 (legal PAG = G* + spurious, cold-reoriented):
Graph Nodes:
V1;V2;V3;V4;V5

Graph Edges:
1. V1 o-o V2
2. V1 --> V3
3. V1 o-o V5
4. V2 o-o V4
5. V2 o-o V5
6. V4 o-o V1
7. V4 --> V3
8. V5 --> V3



==== NON-I-MAP H0 (cold reorient of G*+spurious is NOT an I-map of G*) ====
  Under the corrected sepset regime this population is expected EMPTY; an entry
  here is a defect. The witness CI below is the proof of the violation.
  model                 : PAG#23548
  extra (spurious) edges: [V1 o-o V3, V1 o-o V4]  (k=2)
  WITNESS (holds in H0, fails in G*): V3 _||_ V4 | [V1]   (m-separated in H0's MAG, m-connected in G*)
  true PAG G* (over observed):
Graph Nodes:
V1;V2;V3;V4;V5

Graph Edges:
1. V1 --> V2
2. V2 <-> V3
3. V4 <-> V2
4. V4 <-> V5
5. V5 --> V1
6. V5 <-> V3


  H0 (legal PAG = G* + spurious, cold-reoriented):
Graph Nodes:
V1;V2;V3;V4;V5

Graph Edges:
1. V1 o-> V2
2. V1 o-> V3
3. V1 o-> V4
4. V1 o-> V5
5. V3 <-> V2
6. V4 <-> V2
7. V5 <-> V3
8. V5 <-> V4



==== NON-I-MAP H0 (cold reorient of G*+spurious is NOT an I-map of G*) ====
  Under the corrected sepset regime this population is expected EMPTY; an entry
  here is a defect. The witness CI below is the proof of the violation.
  model                 : PAG#23557
  extra (spurious) edges: [V1 o-o V4, V3 o-o V4]  (k=2)
  WITNESS (holds in H0, fails in G*): V1 _||_ V5 | [V4]   (m-separated in H0's MAG, m-connected in G*)
  true PAG G* (over observed):
Graph Nodes:
V1;V2;V3;V4;V5

Graph Edges:
1. V1 o-> V2
2. V1 o-o V3
3. V3 o-o V5
4. V4 <-> V2
5. V5 o-> V4


  H0 (legal PAG = G* + spurious, cold-reoriented):
Graph Nodes:
V1;V2;V3;V4;V5

Graph Edges:
1. V1 --> V3
2. V2 <-> V1
3. V4 --> V1
4. V4 <-> V2
5. V4 --> V3
6. V5 --> V3
7. V5 o-> V4



==== NON-I-MAP H0 (cold reorient of G*+spurious is NOT an I-map of G*) ====
  Under the corrected sepset regime this population is expected EMPTY; an entry
  here is a defect. The witness CI below is the proof of the violation.
  model                 : PAG#23557
  extra (spurious) edges: [V2 o-o V3, V2 o-o V5]  (k=2)
  WITNESS (holds in H0, fails in G*): V1 _||_ V4 | []   (m-separated in H0's MAG, m-connected in G*)
  true PAG G* (over observed):
Graph Nodes:
V1;V2;V3;V4;V5

Graph Edges:
1. V1 o-> V2
2. V1 o-o V3
3. V3 o-o V5
4. V4 <-> V2
5. V5 o-> V4


  H0 (legal PAG = G* + spurious, cold-reoriented):
Graph Nodes:
V1;V2;V3;V4;V5

Graph Edges:
1. V1 o-> V2
2. V1 --> V3
3. V2 --> V3
4. V2 --> V5
5. V4 <-> V2
6. V4 <-> V5
7. V5 --> V3



==== NON-I-MAP H0 (cold reorient of G*+spurious is NOT an I-map of G*) ====
  Under the corrected sepset regime this population is expected EMPTY; an entry
  here is a defect. The witness CI below is the proof of the violation.
  model                 : PAG#23584
  extra (spurious) edges: [V1 o-o V5, V3 o-o V4]  (k=2)
  WITNESS (holds in H0, fails in G*): V1 _||_ V3 | [V4, V5]   (m-separated in H0's MAG, m-connected in G*)
  true PAG G* (over observed):
Graph Nodes:
V1;V2;V3;V4;V5

Graph Edges:
1. V2 <-> V1
2. V2 --> V4
3. V3 o-> V2
4. V3 o-o V5
5. V4 <-> V1
6. V5 --> V4


  H0 (legal PAG = G* + spurious, cold-reoriented):
Graph Nodes:
V1;V2;V3;V4;V5

Graph Edges:
1. V1 o-> V2
2. V1 o-> V4
3. V1 o-o V5
4. V2 <-> V3
5. V4 <-> V2
6. V4 --> V3
7. V5 --> V3
8. V5 o-> V4



==== NON-I-MAP H0 (cold reorient of G*+spurious is NOT an I-map of G*) ====
  Under the corrected sepset regime this population is expected EMPTY; an entry
  here is a defect. The witness CI below is the proof of the violation.
  model                 : PAG#23589
  extra (spurious) edges: [V2 o-o V4, V2 o-o V5]  (k=2)
  WITNESS (holds in H0, fails in G*): V3 _||_ V4 | [V2, V5]   (m-separated in H0's MAG, m-connected in G*)
  true PAG G* (over observed):
Graph Nodes:
V1;V2;V3;V4;V5

Graph Edges:
1. V1 --> V2
2. V3 o-> V1
3. V3 --> V2
4. V3 o-o V5
5. V4 <-> V1
6. V5 o-> V4


  H0 (legal PAG = G* + spurious, cold-reoriented):
Graph Nodes:
V1;V2;V3;V4;V5

Graph Edges:
1. V1 <-> V4
2. V2 o-> V1
3. V2 o-> V4
4. V2 o-o V5
5. V3 o-> V1
6. V3 o-o V2
7. V3 o-o V5
8. V5 o-> V4



==== NON-I-MAP H0 (cold reorient of G*+spurious is NOT an I-map of G*) ====
  Under the corrected sepset regime this population is expected EMPTY; an entry
  here is a defect. The witness CI below is the proof of the violation.
  model                 : PAG#23590
  extra (spurious) edges: [V1 o-o V3, V3 o-o V4]  (k=2)
  WITNESS (holds in H0, fails in G*): V1 _||_ V2 | [V3]   (m-separated in H0's MAG, m-connected in G*)
  true PAG G* (over observed):
Graph Nodes:
V1;V2;V3;V4;V5

Graph Edges:
1. V1 o-o V4
2. V1 o-> V5
3. V2 <-> V3
4. V4 o-> V2
5. V5 <-> V3


  H0 (legal PAG = G* + spurious, cold-reoriented):
Graph Nodes:
V1;V2;V3;V4;V5

Graph Edges:
1. V1 --> V4
2. V2 <-> V4
3. V3 --> V1
4. V3 <-> V2
5. V3 --> V4
6. V3 <-> V5
7. V5 <-> V1



==== NON-I-MAP H0 (cold reorient of G*+spurious is NOT an I-map of G*) ====
  Under the corrected sepset regime this population is expected EMPTY; an entry
  here is a defect. The witness CI below is the proof of the violation.
  model                 : PAG#23655
  extra (spurious) edges: [V3 o-o V5, V4 o-o V5]  (k=2)
  WITNESS (holds in H0, fails in G*): V1 _||_ V4 | [V3, V5]   (m-separated in H0's MAG, m-connected in G*)
  true PAG G* (over observed):
Graph Nodes:
V1;V2;V3;V4;V5

Graph Edges:
1. V1 <-> V5
2. V2 <-> V1
3. V2 --> V5
4. V3 o-> V1
5. V3 o-> V4
6. V4 <-> V2


  H0 (legal PAG = G* + spurious, cold-reoriented):
Graph Nodes:
V1;V2;V3;V4;V5

Graph Edges:
1. V1 <-> V2
2. V3 o-> V1
3. V3 o-> V4
4. V3 o-o V5
5. V4 <-> V2
6. V5 o-> V1
7. V5 o-> V2
8. V5 o-> V4



==== NON-I-MAP H0 (cold reorient of G*+spurious is NOT an I-map of G*) ====
  Under the corrected sepset regime this population is expected EMPTY; an entry
  here is a defect. The witness CI below is the proof of the violation.
  model                 : PAG#23735
  extra (spurious) edges: [V2 o-o V4, V4 o-o V5]  (k=2)
  WITNESS (holds in H0, fails in G*): V1 _||_ V2 | [V4, V5]   (m-separated in H0's MAG, m-connected in G*)
  true PAG G* (over observed):
Graph Nodes:
V1;V2;V3;V4;V5

Graph Edges:
1. V1 o-> V3
2. V1 --> V4
3. V1 o-o V5
4. V3 <-> V2
5. V3 --> V4
6. V5 o-> V2


  H0 (legal PAG = G* + spurious, cold-reoriented):
Graph Nodes:
V1;V2;V3;V4;V5

Graph Edges:
1. V1 o-> V3
2. V1 o-o V4
3. V1 o-o V5
4. V2 <-> V3
5. V4 o-> V2
6. V4 o-> V3
7. V4 o-o V5
8. V5 o-> V2



==== NON-I-MAP H0 (cold reorient of G*+spurious is NOT an I-map of G*) ====
  Under the corrected sepset regime this population is expected EMPTY; an entry
  here is a defect. The witness CI below is the proof of the violation.
  model                 : PAG#23774
  extra (spurious) edges: [V1 o-o V2, V3 o-o V4]  (k=2)
  WITNESS (holds in H0, fails in G*): V1 _||_ V3 | [V2, V4]   (m-separated in H0's MAG, m-connected in G*)
  true PAG G* (over observed):
Graph Nodes:
V1;V2;V3;V4;V5

Graph Edges:
1. V2 o-o V3
2. V2 --> V4
3. V3 o-> V5
4. V4 <-> V1
5. V5 <-> V1
6. V5 --> V4


  H0 (legal PAG = G* + spurious, cold-reoriented):
Graph Nodes:
V1;V2;V3;V4;V5

Graph Edges:
1. V1 o-o V2
2. V1 o-> V4
3. V1 o-> V5
4. V2 --> V3
5. V2 o-> V4
6. V4 --> V3
7. V4 <-> V5
8. V5 <-> V3



==== NON-I-MAP H0 (cold reorient of G*+spurious is NOT an I-map of G*) ====
  Under the corrected sepset regime this population is expected EMPTY; an entry
  here is a defect. The witness CI below is the proof of the violation.
  model                 : PAG#23817
  extra (spurious) edges: [V1 o-o V4, V2 o-o V4, V4 o-o V5]  (k=3)
  WITNESS (holds in H0, fails in G*): V1 _||_ V5 | [V2, V4]   (m-separated in H0's MAG, m-connected in G*)
  true PAG G* (over observed):
Graph Nodes:
V1;V2;V3;V4;V5

Graph Edges:
1. V2 o-> V1
2. V2 o-o V5
3. V3 <-> V1
4. V3 --> V4
5. V5 o-> V3


  H0 (legal PAG = G* + spurious, cold-reoriented):
Graph Nodes:
V1;V2;V3;V4;V5

Graph Edges:
1. V2 o-> V1
2. V2 o-o V4
3. V2 o-o V5
4. V3 <-> V1
5. V4 o-> V1
6. V4 o-> V3
7. V4 o-o V5
8. V5 o-> V3



==== NON-I-MAP H0 (cold reorient of G*+spurious is NOT an I-map of G*) ====
  Under the corrected sepset regime this population is expected EMPTY; an entry
  here is a defect. The witness CI below is the proof of the violation.
  model                 : PAG#23826
  extra (spurious) edges: [V1 o-o V3, V1 o-o V5]  (k=2)
  WITNESS (holds in H0, fails in G*): V3 _||_ V4 | [V1, V5]   (m-separated in H0's MAG, m-connected in G*)
  true PAG G* (over observed):
Graph Nodes:
V1;V2;V3;V4;V5

Graph Edges:
1. V2 --> V1
2. V2 <-> V4
3. V3 o-> V5
4. V4 <-> V1
5. V5 <-> V2


  H0 (legal PAG = G* + spurious, cold-reoriented):
Graph Nodes:
V1;V2;V3;V4;V5

Graph Edges:
1. V1 o-> V2
2. V1 o-o V3
3. V1 o-> V5
4. V3 o-> V5
5. V4 o-o V1
6. V4 o-> V2
7. V5 <-> V2



==== NON-I-MAP H0 (cold reorient of G*+spurious is NOT an I-map of G*) ====
  Under the corrected sepset regime this population is expected EMPTY; an entry
  here is a defect. The witness CI below is the proof of the violation.
  model                 : PAG#23854
  extra (spurious) edges: [V1 o-o V4, V4 o-o V5]  (k=2)
  WITNESS (holds in H0, fails in G*): V1 _||_ V3 | [V4]   (m-separated in H0's MAG, m-connected in G*)
  true PAG G* (over observed):
Graph Nodes:
V1;V2;V3;V4;V5

Graph Edges:
1. V2 <-> V1
2. V2 --> V4
3. V3 o-> V2
4. V3 --> V4
5. V5 o-> V1


  H0 (legal PAG = G* + spurious, cold-reoriented):
Graph Nodes:
V1;V2;V3;V4;V5

Graph Edges:
1. V1 <-> V2
2. V3 o-> V2
3. V3 o-o V4
4. V4 o-> V1
5. V4 o-> V2
6. V4 o-o V5
7. V5 o-> V1



==== NON-I-MAP H0 (cold reorient of G*+spurious is NOT an I-map of G*) ====
  Under the corrected sepset regime this population is expected EMPTY; an entry
  here is a defect. The witness CI below is the proof of the violation.
  model                 : PAG#23856
  extra (spurious) edges: [V1 o-o V3, V3 o-o V5]  (k=2)
  WITNESS (holds in H0, fails in G*): V1 _||_ V4 | [V3]   (m-separated in H0's MAG, m-connected in G*)
  true PAG G* (over observed):
Graph Nodes:
V1;V2;V3;V4;V5

Graph Edges:
1. V1 <-> V5
2. V2 <-> V1
3. V2 --> V3
4. V2 --> V5
5. V4 o-> V2
6. V4 --> V3


  H0 (legal PAG = G* + spurious, cold-reoriented):
Graph Nodes:
V1;V2;V3;V4;V5

Graph Edges:
1. V1 <-> V5
2. V2 <-> V1
3. V2 --> V5
4. V3 o-> V1
5. V3 o-> V2
6. V3 --> V5
7. V4 o-> V2
8. V4 o-o V3



==== NON-I-MAP H0 (cold reorient of G*+spurious is NOT an I-map of G*) ====
  Under the corrected sepset regime this population is expected EMPTY; an entry
  here is a defect. The witness CI below is the proof of the violation.
  model                 : PAG#23887
  extra (spurious) edges: [V1 o-o V3, V3 o-o V4]  (k=2)
  WITNESS (holds in H0, fails in G*): V2 _||_ V4 | []   (m-separated in H0's MAG, m-connected in G*)
  true PAG G* (over observed):
Graph Nodes:
V1;V2;V3;V4;V5

Graph Edges:
1. V1 <-> V2
2. V3 o-> V5
3. V4 <-> V1
4. V5 <-> V2
5. V5 --> V4


  H0 (legal PAG = G* + spurious, cold-reoriented):
Graph Nodes:
V1;V2;V3;V4;V5

Graph Edges:
1. V1 --> V3
2. V1 <-> V4
3. V2 <-> V1
4. V3 <-> V4
5. V3 --> V5
6. V4 <-> V5
7. V5 <-> V2



==== NON-I-MAP H0 (cold reorient of G*+spurious is NOT an I-map of G*) ====
  Under the corrected sepset regime this population is expected EMPTY; an entry
  here is a defect. The witness CI below is the proof of the violation.
  model                 : PAG#23893
  extra (spurious) edges: [V1 o-o V4, V3 o-o V5]  (k=2)
  WITNESS (holds in H0, fails in G*): V1 _||_ V3 | [V4, V5]   (m-separated in H0's MAG, m-connected in G*)
  true PAG G* (over observed):
Graph Nodes:
V1;V2;V3;V4;V5

Graph Edges:
1. V2 <-> V1
2. V2 <-> V3
3. V2 --> V4
4. V4 <-> V3
5. V5 o-> V1
6. V5 o-> V4


  H0 (legal PAG = G* + spurious, cold-reoriented):
Graph Nodes:
V1;V2;V3;V4;V5

Graph Edges:
1. V1 <-> V2
2. V3 o-> V2
3. V3 o-> V4
4. V3 o-o V5
5. V4 --> V1
6. V4 <-> V2
7. V5 --> V1
8. V5 o-> V4



==== NON-I-MAP H0 (cold reorient of G*+spurious is NOT an I-map of G*) ====
  Under the corrected sepset regime this population is expected EMPTY; an entry
  here is a defect. The witness CI below is the proof of the violation.
  model                 : PAG#23919
  extra (spurious) edges: [V1 o-o V3, V1 o-o V5]  (k=2)
  WITNESS (holds in H0, fails in G*): V2 _||_ V4 | []   (m-separated in H0's MAG, m-connected in G*)
  true PAG G* (over observed):
Graph Nodes:
V1;V2;V3;V4;V5

Graph Edges:
1. V2 o-> V1
2. V2 o-o V3
3. V3 o-o V5
4. V4 <-> V1
5. V5 o-> V4


  H0 (legal PAG = G* + spurious, cold-reoriented):
Graph Nodes:
V1;V2;V3;V4;V5

Graph Edges:
1. V1 --> V3
2. V1 <-> V4
3. V1 --> V5
4. V2 o-> V1
5. V2 --> V3
6. V4 <-> V5
7. V5 --> V3



==== NON-I-MAP H0 (cold reorient of G*+spurious is NOT an I-map of G*) ====
  Under the corrected sepset regime this population is expected EMPTY; an entry
  here is a defect. The witness CI below is the proof of the violation.
  model                 : PAG#23919
  extra (spurious) edges: [V2 o-o V4, V3 o-o V4]  (k=2)
  WITNESS (holds in H0, fails in G*): V1 _||_ V3 | [V4, V5]   (m-separated in H0's MAG, m-connected in G*)
  true PAG G* (over observed):
Graph Nodes:
V1;V2;V3;V4;V5

Graph Edges:
1. V2 o-> V1
2. V2 o-o V3
3. V3 o-o V5
4. V4 <-> V1
5. V5 o-> V4


  H0 (legal PAG = G* + spurious, cold-reoriented):
Graph Nodes:
V1;V2;V3;V4;V5

Graph Edges:
1. V1 <-> V2
2. V1 <-> V4
3. V3 --> V2
4. V4 --> V2
5. V4 --> V3
6. V5 --> V3
7. V5 o-> V4



==== NON-I-MAP H0 (cold reorient of G*+spurious is NOT an I-map of G*) ====
  Under the corrected sepset regime this population is expected EMPTY; an entry
  here is a defect. The witness CI below is the proof of the violation.
  model                 : PAG#23920
  extra (spurious) edges: [V1 o-o V5, V3 o-o V4]  (k=2)
  WITNESS (holds in H0, fails in G*): V4 _||_ V5 | [V1, V3]   (m-separated in H0's MAG, m-connected in G*)
  true PAG G* (over observed):
Graph Nodes:
V1;V2;V3;V4;V5

Graph Edges:
1. V1 o-> V3
2. V1 o-> V4
3. V2 --> V3
4. V2 <-> V5
5. V3 <-> V5
6. V4 <-> V2


  H0 (legal PAG = G* + spurious, cold-reoriented):
Graph Nodes:
V1;V2;V3;V4;V5

Graph Edges:
1. V1 o-> V3
2. V1 --> V4
3. V1 o-o V5
4. V2 <-> V4
5. V3 <-> V2
6. V3 --> V4
7. V5 o-> V2
8. V5 o-> V3



==== NON-I-MAP H0 (cold reorient of G*+spurious is NOT an I-map of G*) ====
  Under the corrected sepset regime this population is expected EMPTY; an entry
  here is a defect. The witness CI below is the proof of the violation.
  model                 : PAG#23960
  extra (spurious) edges: [V2 o-o V4, V3 o-o V4]  (k=2)
  WITNESS (holds in H0, fails in G*): V2 _||_ V5 | [V3, V4]   (m-separated in H0's MAG, m-connected in G*)
  true PAG G* (over observed):
Graph Nodes:
V1;V2;V3;V4;V5

Graph Edges:
1. V1 --> V4
2. V2 <-> V1
3. V3 o-> V2
4. V3 o-o V5
5. V5 o-> V1
6. V5 --> V4


  H0 (legal PAG = G* + spurious, cold-reoriented):
Graph Nodes:
V1;V2;V3;V4;V5

Graph Edges:
1. V1 <-> V2
2. V3 o-> V2
3. V3 o-o V4
4. V3 o-o V5
5. V4 o-> V1
6. V4 o-> V2
7. V5 o-> V1
8. V5 o-o V4



==== NON-I-MAP H0 (cold reorient of G*+spurious is NOT an I-map of G*) ====
  Under the corrected sepset regime this population is expected EMPTY; an entry
  here is a defect. The witness CI below is the proof of the violation.
  model                 : PAG#23967
  extra (spurious) edges: [V1 o-o V2, V1 o-o V3]  (k=2)
  WITNESS (holds in H0, fails in G*): V2 _||_ V5 | [V1]   (m-separated in H0's MAG, m-connected in G*)
  true PAG G* (over observed):
Graph Nodes:
V1;V2;V3;V4;V5

Graph Edges:
1. V1 <-> V5
2. V2 <-> V3
3. V4 --> V1
4. V4 <-> V2
5. V4 --> V3
6. V4 <-> V5


  H0 (legal PAG = G* + spurious, cold-reoriented):
Graph Nodes:
V1;V2;V3;V4;V5

Graph Edges:
1. V1 o-> V2
2. V1 --> V3
3. V1 o-> V4
4. V1 o-o V5
5. V2 <-> V3
6. V4 <-> V2
7. V4 --> V3
8. V5 o-> V4



==== NON-I-MAP H0 (cold reorient of G*+spurious is NOT an I-map of G*) ====
  Under the corrected sepset regime this population is expected EMPTY; an entry
  here is a defect. The witness CI below is the proof of the violation.
  model                 : PAG#23967
  extra (spurious) edges: [V1 o-o V3, V3 o-o V5]  (k=2)
  WITNESS (holds in H0, fails in G*): V2 _||_ V5 | [V3]   (m-separated in H0's MAG, m-connected in G*)
  true PAG G* (over observed):
Graph Nodes:
V1;V2;V3;V4;V5

Graph Edges:
1. V1 <-> V5
2. V2 <-> V3
3. V4 --> V1
4. V4 <-> V2
5. V4 --> V3
6. V4 <-> V5


  H0 (legal PAG = G* + spurious, cold-reoriented):
Graph Nodes:
V1;V2;V3;V4;V5

Graph Edges:
1. V1 <-> V5
2. V2 o-o V3
3. V2 o-> V4
4. V3 --> V1
5. V3 o-> V4
6. V3 o-> V5
7. V4 --> V1
8. V4 <-> V5



==== NON-I-MAP H0 (cold reorient of G*+spurious is NOT an I-map of G*) ====
  Under the corrected sepset regime this population is expected EMPTY; an entry
  here is a defect. The witness CI below is the proof of the violation.
  model                 : PAG#23986
  extra (spurious) edges: [V1 o-o V2, V4 o-o V5]  (k=2)
  WITNESS (holds in H0, fails in G*): V1 _||_ V5 | [V2, V4]   (m-separated in H0's MAG, m-connected in G*)
  true PAG G* (over observed):
Graph Nodes:
V1;V2;V3;V4;V5

Graph Edges:
1. V2 <-> V5
2. V3 <-> V1
3. V3 --> V2
4. V3 <-> V5
5. V4 o-> V1
6. V4 o-> V2


  H0 (legal PAG = G* + spurious, cold-reoriented):
Graph Nodes:
V1;V2;V3;V4;V5

Graph Edges:
1. V2 --> V1
2. V2 <-> V3
3. V3 <-> V1
4. V4 --> V1
5. V4 o-> V2
6. V4 o-o V5
7. V5 o-> V2
8. V5 o-> V3



==== NON-I-MAP H0 (cold reorient of G*+spurious is NOT an I-map of G*) ====
  Under the corrected sepset regime this population is expected EMPTY; an entry
  here is a defect. The witness CI below is the proof of the violation.
  model                 : PAG#24092
  extra (spurious) edges: [V1 o-o V2, V2 o-o V3]  (k=2)
  WITNESS (holds in H0, fails in G*): V3 _||_ V5 | [V1, V2]   (m-separated in H0's MAG, m-connected in G*)
  true PAG G* (over observed):
Graph Nodes:
V1;V2;V3;V4;V5

Graph Edges:
1. V1 o-o V5
2. V3 o-o V1
3. V3 --> V4
4. V4 --> V2
5. V5 --> V2
6. V5 --> V4


  H0 (legal PAG = G* + spurious, cold-reoriented):
Graph Nodes:
V1;V2;V3;V4;V5

Graph Edges:
1. V1 o-o V2
2. V1 o-o V5
3. V2 o-o V3
4. V2 --> V4
5. V3 o-o V1
6. V3 --> V4
7. V5 o-o V2
8. V5 --> V4



==== NON-I-MAP H0 (cold reorient of G*+spurious is NOT an I-map of G*) ====
  Under the corrected sepset regime this population is expected EMPTY; an entry
  here is a defect. The witness CI below is the proof of the violation.
  model                 : PAG#24131
  extra (spurious) edges: [V1 o-o V5, V2 o-o V5, V3 o-o V5]  (k=3)
  WITNESS (holds in H0, fails in G*): V1 _||_ V2 | [V5]   (m-separated in H0's MAG, m-connected in G*)
  true PAG G* (over observed):
Graph Nodes:
V1;V2;V3;V4;V5

Graph Edges:
1. V1 o-> V4
2. V3 o-> V2
3. V4 <-> V2
4. V4 --> V5


  H0 (legal PAG = G* + spurious, cold-reoriented):
Graph Nodes:
V1;V2;V3;V4;V5

Graph Edges:
1. V1 o-> V4
2. V1 o-o V5
3. V3 o-> V2
4. V3 o-o V5
5. V4 <-> V2
6. V5 o-> V2
7. V5 o-> V4



==== NON-I-MAP H0 (cold reorient of G*+spurious is NOT an I-map of G*) ====
  Under the corrected sepset regime this population is expected EMPTY; an entry
  here is a defect. The witness CI below is the proof of the violation.
  model                 : PAG#24132
  extra (spurious) edges: [V1 o-o V2, V1 o-o V3]  (k=2)
  WITNESS (holds in H0, fails in G*): V3 _||_ V5 | [V1]   (m-separated in H0's MAG, m-connected in G*)
  true PAG G* (over observed):
Graph Nodes:
V1;V2;V3;V4;V5

Graph Edges:
1. V3 <-> V2
2. V4 --> V1
3. V4 --> V2
4. V4 <-> V3
5. V5 --> V1
6. V5 o-> V4


  H0 (legal PAG = G* + spurious, cold-reoriented):
Graph Nodes:
V1;V2;V3;V4;V5

Graph Edges:
1. V1 --> V2
2. V1 o-> V3
3. V1 o-> V4
4. V3 <-> V2
5. V4 --> V2
6. V4 <-> V3
7. V5 o-o V1
8. V5 o-> V4



==== NON-I-MAP H0 (cold reorient of G*+spurious is NOT an I-map of G*) ====
  Under the corrected sepset regime this population is expected EMPTY; an entry
  here is a defect. The witness CI below is the proof of the violation.
  model                 : PAG#24145
  extra (spurious) edges: [V3 o-o V4, V3 o-o V5]  (k=2)
  WITNESS (holds in H0, fails in G*): V2 _||_ V4 | [V3]   (m-separated in H0's MAG, m-connected in G*)
  true PAG G* (over observed):
Graph Nodes:
V1;V2;V3;V4;V5

Graph Edges:
1. V1 <-> V2
2. V1 --> V3
3. V2 <-> V3
4. V4 <-> V1
5. V5 o-> V4


  H0 (legal PAG = G* + spurious, cold-reoriented):
Graph Nodes:
V1;V2;V3;V4;V5

Graph Edges:
1. V1 <-> V4
2. V2 o-> V1
3. V2 o-o V3
4. V3 o-> V1
5. V3 o-> V4
6. V3 o-o V5
7. V5 o-> V4



==== NON-I-MAP H0 (cold reorient of G*+spurious is NOT an I-map of G*) ====
  Under the corrected sepset regime this population is expected EMPTY; an entry
  here is a defect. The witness CI below is the proof of the violation.
  model                 : PAG#24147
  extra (spurious) edges: [V1 o-o V4, V2 o-o V5]  (k=2)
  WITNESS (holds in H0, fails in G*): V1 _||_ V2 | [V4, V5]   (m-separated in H0's MAG, m-connected in G*)
  true PAG G* (over observed):
Graph Nodes:
V1;V2;V3;V4;V5

Graph Edges:
1. V3 <-> V1
2. V3 <-> V2
3. V3 --> V5
4. V4 o-> V2
5. V4 o-> V5
6. V5 <-> V1


  H0 (legal PAG = G* + spurious, cold-reoriented):
Graph Nodes:
V1;V2;V3;V4;V5

Graph Edges:
1. V1 o-> V3
2. V1 o-o V4
3. V1 o-> V5
4. V3 <-> V2
5. V4 --> V2
6. V4 o-> V5
7. V5 --> V2
8. V5 <-> V3



==== NON-I-MAP H0 (cold reorient of G*+spurious is NOT an I-map of G*) ====
  Under the corrected sepset regime this population is expected EMPTY; an entry
  here is a defect. The witness CI below is the proof of the violation.
  model                 : PAG#24157
  extra (spurious) edges: [V1 o-o V5, V4 o-o V5]  (k=2)
  WITNESS (holds in H0, fails in G*): V1 _||_ V4 | [V5]   (m-separated in H0's MAG, m-connected in G*)
  true PAG G* (over observed):
Graph Nodes:
V1;V2;V3;V4;V5

Graph Edges:
1. V2 <-> V1
2. V2 --> V5
3. V3 <-> V1
4. V4 <-> V2
5. V4 <-> V3
6. V5 --> V3


  H0 (legal PAG = G* + spurious, cold-reoriented):
Graph Nodes:
V1;V2;V3;V4;V5

Graph Edges:
1. V1 <-> V2
2. V3 <-> V1
3. V4 <-> V2
4. V4 <-> V3
5. V5 o-> V1
6. V5 o-> V2
7. V5 o-> V3
8. V5 o-> V4



==== NON-I-MAP H0 (cold reorient of G*+spurious is NOT an I-map of G*) ====
  Under the corrected sepset regime this population is expected EMPTY; an entry
  here is a defect. The witness CI below is the proof of the violation.
  model                 : PAG#24165
  extra (spurious) edges: [V1 o-o V2, V1 o-o V3]  (k=2)
  WITNESS (holds in H0, fails in G*): V3 _||_ V4 | [V1, V2]   (m-separated in H0's MAG, m-connected in G*)
  true PAG G* (over observed):
Graph Nodes:
V1;V2;V3;V4;V5

Graph Edges:
1. V2 o-> V3
2. V2 o-> V4
3. V4 <-> V1
4. V4 <-> V5
5. V5 --> V1
6. V5 <-> V3


  H0 (legal PAG = G* + spurious, cold-reoriented):
Graph Nodes:
V1;V2;V3;V4;V5

Graph Edges:
1. V1 o-o V2
2. V1 o-> V3
3. V1 o-> V4
4. V1 o-> V5
5. V2 o-> V3
6. V2 o-> V4
7. V5 <-> V3
8. V5 <-> V4



==== NON-I-MAP H0 (cold reorient of G*+spurious is NOT an I-map of G*) ====
  Under the corrected sepset regime this population is expected EMPTY; an entry
  here is a defect. The witness CI below is the proof of the violation.
  model                 : PAG#24203
  extra (spurious) edges: [V2 o-o V5, V3 o-o V4]  (k=2)
  WITNESS (holds in H0, fails in G*): V2 _||_ V3 | [V4, V5]   (m-separated in H0's MAG, m-connected in G*)
  true PAG G* (over observed):
Graph Nodes:
V1;V2;V3;V4;V5

Graph Edges:
1. V1 <-> V3
2. V1 --> V5
3. V2 <-> V1
4. V4 o-> V2
5. V4 o-> V5
6. V5 <-> V3


  H0 (legal PAG = G* + spurious, cold-reoriented):
Graph Nodes:
V1;V2;V3;V4;V5

Graph Edges:
1. V1 <-> V2
2. V3 o-> V1
3. V3 o-o V4
4. V3 o-> V5
5. V4 --> V2
6. V4 o-> V5
7. V5 <-> V1
8. V5 --> V2



==== NON-I-MAP H0 (cold reorient of G*+spurious is NOT an I-map of G*) ====
  Under the corrected sepset regime this population is expected EMPTY; an entry
  here is a defect. The witness CI below is the proof of the violation.
  model                 : PAG#24226
  extra (spurious) edges: [V1 o-o V4, V3 o-o V5]  (k=2)
  WITNESS (holds in H0, fails in G*): V1 _||_ V3 | [V4, V5]   (m-separated in H0's MAG, m-connected in G*)
  true PAG G* (over observed):
Graph Nodes:
V1;V2;V3;V4;V5

Graph Edges:
1. V2 <-> V1
2. V2 --> V5
3. V3 <-> V2
4. V4 o-> V3
5. V4 o-> V5
6. V5 <-> V1


  H0 (legal PAG = G* + spurious, cold-reoriented):
Graph Nodes:
V1;V2;V3;V4;V5

Graph Edges:
1. V1 o-> V2
2. V1 o-o V4
3. V1 o-> V5
4. V2 <-> V3
5. V4 --> V3
6. V4 o-> V5
7. V5 <-> V2
8. V5 --> V3



