X1,X2,X3,X4,X5,X6,X7,X8,X9,X10,X11,X12,X13,X14,X15
-0.573468840413,-2.22064401583,2.04827451069,1.17892135235,-4.02743420158,0.148404076994,1.09784980577,-0.952806935017,-1.68180220829,3.06616424494,3.07150825737,-1.86734929178,-2.46790141976,0.310519244567,-0.588188039267
2.20633078067,-1.50550852812,2.18025492966,2.30509907455,0.0616541233328,0.100179020109,-0.373736010442,1.16738519270,-2.51566880526,5.66564243679,1.25972680929,-0.540684817300,1.22273472235,-0.903114070866,1.78949738203
0.285199462360,0.536797256520,1.83290483951,1.10484418915,1.02349313534,-0.205498959944,0.100129891506,-1.19230670980,-2.45222973849,-1.09095277223,0.339087655872,-1.33112644746,-3.71847238729,1.18397689453,-0.906515083495
-1.21227847225,0.336652416154,0.314813796642,-1.89434633254,-0.778968767638,-0.808257597554,-2.24767363806,1.02623037276,3.19532074914,3.48862837485,0.209836394738,3.62475257662,-1.53167424368,-2.94135993741,-1.49386141190
4.44818143359,0.112000348220,-2.28265793040,-0.517546687626,2.81022957138,1.34113907651,2.59351831651,0.946681696247,-1.23311242132,0.843880898724,-1.77900659849,1.05997558084,1.99551906012,-2.83945198814,-3.66090169187
-1.48506881892,-2.27052707425,-1.66437944875,0.945920789795,-0.815359880275,-0.743519937649,-1.06095284655,-2.08905665781,0.00123209593564,-3.40324729339,1.21033056578,2.84596972856,-0.580534067946,0.277128295006,0.674563352063
-1.54833346042,1.07392360413,-0.479735327040,-3.37220378489,0.892269942840,0.0241996987540,-0.491093191467,1.13356239992,1.91183523347,-1.88491818282,-0.475786618282,-2.79939215237,2.57261783631,2.98203179730,2.03579888246
-2.20076564642,-0.766873443676,1.85241353654,0.727359882276,1.16638905583,0.441235929913,1.08699500011,0.178757688938,-2.36461259069,2.98269002782,-1.46272812773,2.47991044983,-1.91523391288,-0.956950599988,0.393513096438
0.885519431152,1.49847655325,0.105283709187,-0.295278269194,-1.01180243656,-2.54554073244,0.895542809075,1.61159774044,1.94349277397,0.750643268235,-0.274239900153,4.01735419874,-0.958767028527,0.193225586185,-1.70357604053
-0.438338337155,0.137685068432,-0.106981786795,0.974114698137,1.57460118594,0.834118825710,2.80184018961,0.591054406514,-0.525340056223,1.01934852342,-2.82589884445,-1.00547559618,-0.468262866079,-1.12804629598,-0.853930402213
-0.221711857662,2.15114550492,-1.07814551113,-1.75981010318,-1.38730220727,-1.54798701422,-0.00613027596658,1.99798124637,0.194817094663,1.21412319259,-0.916547111916,3.09639859817,0.264604270205,-2.22916015315,1.42707177455
-1.82417163627,-0.282704217777,-0.735253024513,0.255505241457,-0.00840860876524,1.89625998923,-0.469850076028,0.305610464666,1.89307114500,1.50405090104,1.56477589833,-0.444771308999,-2.47700535989,-2.47335719106,-0.0460462378871
1.22251148407,-2.60681001865,1.05232063867,0.616685218932,-1.23024448531,1.31884525316,-2.11243968941,1.14806811415,-0.570767590375,-0.466500948106,2.90825809303,-2.61889537663,-1.25446750207,1.36415057805,0.987987418752
0.948088775768,-2.01825543123,-1.20721507783,4.48140894960,1.67720994599,1.03993239405,-2.62474815410,-1.05378656378,-0.334032091671,-3.04661161000,5.64982879078,-2.24993275215,0.125120641110,2.84032899562,1.97537891548
-1.25371297050,0.288867694472,-2.30357212696,0.666862424080,-2.55419075481,0.954814051841,-2.28070820588,0.459532061406,2.44035848968,0.230427400575,1.95823836490,-2.11297136968,-0.369358847599,1.69285401260,-0.343201803519
1.13224004337,-1.40351326395,-2.08925152789,1.92041661698,-1.87154207392,0.501465517464,-0.314094878497,-0.454613443477,3.30017267724,3.61437927603,-0.151868829830,-3.96907097162,-0.798548360852,0.100742978183,0.920494450756
0.989195943016,-1.51639884053,-2.96554922507,1.59924718407,2.11955500441,-0.717487150694,1.76389015389,-0.100057518067,2.18107054718,0.755255590391,0.974568780568,-1.26186096453,-2.52098830842,1.09923200587,-1.44222075427
-1.04690341495,-0.683611679619,-0.912163514791,-0.828580275792,-1.90021374080,0.126921146218,0.276871549687,-1.22501696997,0.650020260905,-1.18510774467,-0.520221593272,-1.44992265668,1.42733578134,2.41398746141,-0.625363571853
0.242855146045,-0.815446581935,-0.892583707846,-0.680939633621,-1.44895177585,0.401460683164,-0.640968731913,-1.05029398677,0.322176007815,-1.12296943466,-2.57067203920,-0.751973887835,-1.14278320808,-0.339879334415,-0.0338791596209
-0.0962394774348,0.144046058347,0.118974454752,-0.224852708718,-1.22674854404,1.39155228827,1.90197397767,-0.404413047770,-0.135961605485,1.93342856517,-2.04146859306,-1.11651272033,-2.17238182270,-0.137339227682,-1.16882196970
3.34156576877,-2.33858111290,-1.20743899953,0.875165419181,0.668120877550,0.980102519633,-1.56749952412,-0.934532765783,-0.745210173275,-1.81904183994,2.30466081322,-3.63674011032,0.857882926200,1.20865128476,0.469062593804
1.53601335458,0.200362160067,1.41934290535,3.23003665114,-2.93154754921,0.158669247572,0.0592621732349,0.291196152769,-0.823913904922,0.665445503500,4.35371972011,-0.234292467792,2.51516615367,0.453774169578,0.576024836600
-0.0189375653352,-0.175541146502,-2.31006545715,-1.08269950444,1.07457299765,0.0434252125394,-0.680795524449,-1.60669562005,0.823253846116,-1.46976782709,1.23010084520,0.197909352294,-0.983675004256,0.817979308939,-0.988007950763
0.810326608521,-0.0720545084124,0.384789237068,-1.21770862515,-3.08522769718,-2.14709232679,-2.88565648015,-0.141059676626,-3.55730808872,0.0809605022064,3.32829692559,1.04316572996,-0.0312376752406,1.21100093520,-0.541190119130
-1.21003976435,1.54205342906,-0.485997327097,-2.02803397225,-0.595316940137,0.253824454641,1.85256046546,0.525580935467,-0.121014066741,0.470882138618,-2.00748112492,-0.226383842429,-0.734612579980,-0.0367365480211,-1.96339987270
-0.315738903189,0.0106602078060,0.587575639697,-0.725818511847,1.34863673683,-1.59273683742,-1.85733690396,0.809943135141,0.654362501003,0.639788171768,3.42755832742,2.91428664158,-0.187491035141,1.15900221171,-0.430785129623
-0.532180435275,-0.205441697111,-1.09334941644,-1.55397721075,-1.26219369793,-0.383406319091,-2.60691830437,1.05461241408,-1.27652413151,0.291347681889,0.355245344807,-0.836582112771,-0.0284539611183,0.345995662657,2.11032560313
-1.12956222249,-0.494630643245,-2.20823942925,-1.96148448712,-1.20427945411,-0.560359014580,1.39566627199,0.454256051405,-0.840755533280,-1.70990275530,-2.42635082395,-1.68552811647,-2.00097039196,1.96870799243,-0.440465876989
0.578785226590,0.928696324844,1.83270562005,1.21967212017,0.101489109754,0.295387841901,-2.56640214090,0.409241289938,-1.49266378464,-1.98319746817,4.52133862017,-1.91388999856,-1.47835790378,-1.46248402214,-1.55592085100
-3.23754920242,1.06720998972,0.197271300853,-1.05864686619,0.805226974931,-1.18343028212,1.60363785367,0.531143229536,-0.169491790961,0.575937209498,-2.83725403792,0.944881628498,-2.70647662189,-0.967223713410,-0.643462569338
0.237728687408,-1.29077189518,-0.448765919302,0.897103120468,0.323660107534,0.00357344436871,1.29678907777,0.825320065469,-1.02981562755,4.01734297051,-1.68918736799,0.805225883858,1.41810386665,-2.52294948572,0.611067228907
-0.508252623345,-0.614476866834,-2.46293044310,2.04272602858,1.22403745715,0.100231183644,-2.51117426264,-0.0334108226403,1.92550867210,-1.68987303286,3.24058452312,-4.40048974050,-0.876850147713,3.00210722622,-2.36320274657
-0.00594818819972,-0.206081123323,2.67428339088,-1.41108851383,-0.690621853985,1.94613730738,-1.79718322923,0.635588354885,-3.20437091999,-0.0208364090639,3.08740508074,-3.72283995924,0.449265045492,1.56613963016,-1.45315616944
1.34791212857,-1.93548979777,-1.12816020386,5.19402695892,1.45583823717,2.33785321047,-1.38953616560,-0.250831738105,1.98649776756,-1.33348059404,4.37820593986,-3.02435873148,-3.65393359808,1.97394141250,-0.148089805320
-0.632444431102,-2.76953124917,-0.368818333140,2.97238695929,1.05045020410,0.419062257815,0.459029842998,-3.20933052746,-3.08534399754,-2.85257324032,2.92541911878,0.266298873585,1.98760558513,1.89208427528,-0.793888953893
0.209878257408,-0.170412442046,-0.0887504331447,-1.19561620573,-3.79861771168,-0.741341108636,0.818849986607,0.657660157036,0.183459737540,2.33364244595,-0.205758702799,0.323294872784,2.75358586575,0.540050361539,-1.28554356517
2.99862446787,-2.18742224362,-1.28744058334,5.04592182577,2.35531842256,0.357722373282,1.05047437006,0.271987803160,-1.07810786303,4.11134669527,2.25207754360,0.350338532899,-2.35563233940,-1.59778924517,0.617848756246
-2.42734855419,-1.39390938109,-1.45066217350,0.932912033661,-0.933402038537,0.949036881576,-1.16136401292,1.21744976122,1.14589973684,1.87679821671,2.74926339759,-0.149152267589,-1.29887545947,-0.342179594434,0.761457855287
-0.320777106787,-0.850638690002,1.10764509830,1.37661322491,-0.893941173715,-0.133097124901,-1.08850646242,2.07226395085,-0.390354449223,2.31687957506,0.632021515241,-1.96278665349,2.27071773548,-2.06137129414,-0.378364723362
0.572707169820,1.71415506964,0.115975360379,-0.338214005223,0.507168249843,-2.40547831944,1.53625036252,0.512760175202,-0.0783652880696,2.56445723073,-5.19621190802,0.678730230806,0.253551350223,-4.25954264407,0.113777886484
-1.68518221125,0.300783647048,0.161149362399,0.508395763834,-1.59329336723,-1.15028287082,0.677917188310,2.74083338335,0.548462240680,1.34874968882,-1.23030043753,1.81918746005,-0.293174033112,-1.35084168110,0.762952400452
-0.502871821511,1.41014887635,-0.0280234050766,-2.85917167373,1.21070397470,1.29710285768,1.43278887646,0.977042755771,0.121995416881,1.15688388821,-3.55561646334,2.22685274902,-1.17623113264,-2.54427975015,0.00892247007197
-0.582365821169,-2.27572077431,-2.67274869047,2.29040945148,-1.79464269368,1.16037733889,1.81968792004,0.0385343209388,1.38469680517,-0.898597517878,0.455825178876,-0.0406896846488,1.97095924251,-0.360056134817,-0.135907339080
-1.43669839908,1.70283687241,-0.401264025800,-3.08091864602,-1.23925759369,-1.39599769307,1.69296301526,1.94499701235,0.551747246104,1.91179319180,-3.63273192348,0.984201227662,1.09519535617,-5.50551062857,0.239938572211
-0.544321100964,-0.299474488167,-0.674628627488,-2.18530418301,0.290920579242,2.67755449407,0.861964674464,-2.20264140852,1.14958836132,-1.44581531300,-2.33157246818,0.252884337794,-2.00372053522,-1.18097673029,0.835292130726
-0.626280884728,0.968226010713,1.10493439085,-2.25575335071,1.05240651343,0.972792816459,0.107683671026,0.587961921200,-0.479372019009,-0.0787251945772,0.494101688724,1.11901354353,-0.0418855178188,0.0553986140182,2.05248468056
0.846447612883,0.634470950390,-0.258710442102,0.637270887527,0.248139158317,-1.88650167736,0.627371814655,1.49684637079,-2.22337379001,0.163294184037,0.133675967916,3.17520066708,1.98712766250,-0.700882627955,0.948433588261
1.94166490157,1.31349853222,0.164038083415,1.16338058789,-2.88962696015,-1.98927282787,2.26157061610,0.0215216422464,2.76233667547,0.538673777814,-0.159044603748,1.97741771336,0.914637870005,-0.152191690556,-1.24800005633
1.76489916310,2.25716972789,-0.000821962703729,-2.90001520045,-1.99424534563,0.200540008551,1.56785178619,1.48302036481,-0.147466561393,1.27147232548,-4.06046945740,3.44896970293,0.760642321701,-3.77255974742,-0.651194821938
1.77624638530,-1.35898735159,0.730085619050,1.56020684666,-2.40319085633,0.973816062621,-2.07597229989,1.94100237986,-1.19458590407,0.158982596499,2.52623274429,1.07365083059,2.76417770194,2.83866512886,1.41154820947
1.36363727678,0.192383761788,0.901756170583,0.111940357129,-0.303222122791,1.28051545063,-2.44805101487,-0.292428395139,-1.20307176055,-2.15009287294,2.67453136757,-1.34632456337,0.396264798459,2.34377626887,-0.723715438816
2.65222023513,-0.722104855217,0.825637159567,1.19632702359,0.216284234665,0.332197970849,-0.206451936821,-1.71908885100,-3.14459267439,-0.683852951233,2.55317782839,-1.85779867084,1.18061362373,0.795042605045,1.74339230442
-0.740820092584,1.08485632409,2.41269589775,-0.320082880586,-2.13153614570,-1.15050419546,0.655654100648,2.19702555939,-2.31542856888,3.33043319605,-1.99593122997,2.69663094511,-0.0176006718123,-1.65616558690,1.52971177040
-0.562276598885,3.65782689634,-0.382706634563,-3.47632528922,-1.98642546416,-0.932169385064,1.33138997938,-0.473953485725,1.11867602464,-0.0923585931221,-2.18550210118,-0.179491837329,-1.27418968203,-0.120546548368,-1.28627976217
0.224715259984,0.434386011620,-1.74755983276,1.44043559530,-2.01420775993,1.09169977433,2.48058502787,-0.150048628817,-1.05702427570,-0.573096220444,-1.74542624860,-2.13243661360,-0.450810077899,-1.90809381863,0.959735071769
-1.19638689650,-1.52705485837,-1.00313147309,0.969738239113,-3.07486202939,1.11042965706,1.85257742432,1.18862110980,0.143052582723,1.61256039849,-1.68667907475,-2.17492252449,-1.20172734752,0.165910697754,-0.212784156657
-1.07052753835,-0.780849667903,-1.01303793241,0.638511253106,1.22062904057,-0.174681914828,-2.05354055678,-0.523988857551,-0.765059600381,-0.0614208515502,0.753339196477,-0.654978217266,0.240548628766,0.369557528748,1.00405649599
-4.17495228177,1.00221603196,-1.09515158888,0.829789219780,0.139759372208,0.880808853743,0.654046455771,-2.15812647217,-0.842470069527,-2.15675300594,-0.315316208001,-2.81831700213,1.17318222837,-1.82116150238,-3.69718959725
1.51191075415,1.07745051816,-2.25211408683,-1.32118032960,1.45517176869,-0.397232137686,-1.56231150770,-0.0622005730261,2.74121068422,-0.491615784494,-1.77365399666,-1.16564975546,1.64235682192,-0.545687981557,0.579176463128
0.608526463915,-0.133656183018,2.57240981855,0.215635141770,-2.94384957870,-0.0450086762642,2.50943533279,-2.75376773484,1.31646875710,1.69346978917,-2.54636663543,-2.33725649993,2.05194136128,-1.00783746304,-0.697159995632
0.947517100252,-0.159340728444,-0.121620534313,0.466413999580,-0.491574466564,1.10419709858,0.569531899002,-0.411190314173,-0.282407230827,2.39940636000,-2.89587160838,0.496039058664,-0.876472465444,0.0431110434384,1.44017342137
-0.0365021131033,-0.0294622056512,1.04297385074,0.889479944488,-2.46197099525,1.01926555718,-1.75587550674,-2.14227950883,-2.49889655970,-5.35380086922,0.741962755301,2.36226860210,0.563945708050,1.64436825110,2.05546461744
-2.37445675312,2.64832116152,-0.556798125754,-2.93236585756,0.540088120513,-2.08740337745,-0.208406925448,0.823196737148,0.880826479938,-0.893126514680,-0.591331820148,3.88665672604,-0.374070273149,0.370529547436,0.174468072002
-0.795507592299,-0.397720316524,-3.63381071531,-1.35966244736,-0.222041810995,1.21395098975,-1.07231351730,1.48040826018,0.488820169566,-1.35374976518,0.194821288238,0.149138558469,-1.19875988048,-0.755272519178,-0.592583655877
-0.404651742000,0.829304602878,1.50377830288,-1.05118784693,-3.21961633281,2.81580684324,0.984750286049,1.44552330832,-2.05627096452,-4.02748226764,1.15572112547,-3.00564279388,-1.60067271629,1.32577185346,0.839081427624
-1.61548294853,1.14377307792,-0.893228798560,-0.461269687813,0.238834283020,-0.299286172386,-2.94813444657,1.24249156494,-0.920058194814,1.35970157765,1.97739329928,1.15076103696,2.57504342982,-0.382040711113,-1.20244912682
-0.356596058536,-2.45275481881,2.59377261707,2.08185956017,0.178835048274,1.68015601820,-1.49237188529,-1.30487900831,-3.29182214619,-1.42817435569,2.84861501634,-1.58725918433,0.359007136750,1.32801530426,-1.95921076263
-0.585894676705,0.465870817526,1.91986613219,0.861799698471,2.20015178246,-0.701042873297,0.678482501619,-1.23348233472,-1.16027843760,-1.80355110678,1.27912099471,-1.19926650005,-0.382227786092,2.13403841722,1.39800935740
-2.25177962590,-1.37075658549,0.120073390007,-0.0728835544360,1.64155789853,-0.204326159684,0.233486432585,1.84682138985,-0.429198554330,-0.644441807540,0.930530989286,-1.43304447784,2.96036090767,1.54000358389,2.75934211352
-0.942394196197,-0.662405002499,0.262467201749,1.75300341028,-0.867080225296,-0.895197378142,1.06503763031,0.586213885443,-2.08590189679,-0.609079279922,-1.48846115117,0.252386998161,-1.02275854538,1.42481973416,1.21227252516
-0.444365997429,0.762058008502,2.03996975099,-2.07695675175,-0.0281516297331,-0.210901530234,-2.09294988106,0.0766083596541,0.376802166969,-0.222091988068,-2.18584195286,1.26798456780,2.39636388859,0.392330518997,2.65089511443
1.63884478241,-1.22462597268,-1.98031330331,-0.988503481507,0.501815864853,0.225789990396,-1.58126613988,0.343336019572,3.24069081747,-1.57341853165,0.887972247332,-0.0741229518243,0.885735697426,2.04150755378,-0.392645104738
-1.80758489421,-0.222645252945,0.928378213277,-0.637654466561,0.582816447632,-1.13671767257,-0.889546834930,-1.32188238395,-1.95533974540,-0.807331543138,1.15808687733,0.456961522950,-2.65819288280,0.846673272916,0.340312242163
0.392406136656,-2.06078154024,-0.619388946035,2.02972384440,0.850500845279,0.251968583179,2.75905788020,-0.0725636613516,0.828385849885,-0.809065500446,-4.75496687188,-4.99093814195,-1.66754900286,0.439146951514,1.19659990228
-3.26078679690,1.19921013951,0.647752091571,-1.28799541163,1.98207801780,0.325842213408,3.08966223651,-0.556897060163,-0.566331923472,0.604070730338,-2.64639747073,0.820169460168,-0.360692550741,-3.31637842068,-0.274385351511
1.31341501850,2.05829353243,0.110673794823,-3.99544561332,0.699510331062,-2.56921118986,1.85433016525,-1.45428856693,0.176098255622,0.0387092562339,-0.236395361099,4.38748002425,-3.35065651751,-2.29695391000,-0.419801564944
-2.41672626865,-1.23972943618,2.10831264239,1.44154077149,-1.64613570271,1.01276468467,-1.21444949123,-0.393977217503,-0.975282197090,-1.62468496179,4.26951178872,0.0968766076899,-0.680585361370,3.11803251328,0.388861307884
-0.566114375905,-1.18279344177,-0.151025209195,0.813637318802,-0.553573762349,0.00569279028134,0.727157038907,-2.27053581415,-0.379567649968,-1.20601705137,0.102824923133,0.337394671796,2.95174261694,0.167449183739,0.832860515409
-1.46977441352,-0.392432893409,0.179827114956,0.834166279290,-0.279855258008,0.331528553122,-2.06022301127,0.711993776533,1.33817423210,-2.83693023887,1.36977045606,3.26506576111,-0.509510286860,2.84717913258,-0.0339044366754
-1.10074922566,-1.07794223811,-1.40156910621,0.152620110647,0.256942386646,-1.70253535099,-0.880897762497,-0.166524567082,-0.675121619614,-1.19586761240,-0.750411333672,-1.54547832970,-2.90664569336,-0.615122042663,-0.0360553879164
0.875392227615,1.05014101130,-0.00853343978561,-1.72891061770,0.0929120703835,-0.643723049741,-0.643582768456,1.89749572041,0.935798344809,0.116974299378,0.266944335564,-1.40775662433,-0.394973460834,-0.967788178530,0.195587061334
-1.23128245813,1.05707693789,-0.138342425559,-0.758761923716,1.00979394470,0.667854840150,-2.14882950801,1.19720761735,1.58180396742,-0.705798373645,2.58005157962,-0.463280699946,1.78183239618,1.42406136672,-0.704998246541
-0.895755472760,-0.980594416885,-1.09404086448,1.79350216640,-0.273227474309,0.0310050818639,-1.14530735919,-1.31526967962,-0.0479696067514,-2.61254175718,1.70543554954,-0.468129786938,-1.12722728480,1.83742088810,-0.311202685735
-1.47457161887,-0.954633533273,-0.538455787147,1.81390511579,-1.13090445912,-0.251769459048,1.93159839193,0.580798158888,0.844561544206,-0.391449108906,-1.31092417140,-0.0957941474480,2.58480096456,0.589479879756,-1.20964792632
-2.15258557482,-0.597833342625,0.135276710010,1.66231108402,-0.600363572064,1.87329916552,-0.762663799484,-0.505997773732,-0.403556635838,-0.224041782233,5.67045308519,0.410238973470,-0.979164245909,0.864971660838,1.45154602472
-2.22485761079,0.271488680256,-0.159293835284,-1.69651676057,0.144126142736,-0.00881186713468,-1.35804514106,-1.25079138016,0.690993558001,-1.14595384908,-0.245955760192,0.617125675233,1.31764214018,-1.67550295856,1.40806464147
-0.0177826470827,-0.388001622316,-0.495749177876,0.0252874349668,1.52710374012,0.400737710296,0.990331102463,-2.13077326075,0.720566238120,0.570501826667,-0.798955922683,-0.820412424726,-0.206230738775,0.777095954143,-1.64471468530
-2.15242871927,-0.223021490211,-0.264963698472,0.647099830120,-0.209761050066,-0.775668034042,-1.34173358077,2.40505408097,-0.655122412539,1.89959122803,-0.798903960912,0.852125384191,-0.433515448526,0.614073607820,0.979587004881
-1.07895823973,-1.06671933434,-0.239355461380,0.459867841167,-2.12379607467,-1.04551908190,-1.26209110586,-0.646885948454,0.102511005312,-2.81963929048,1.05918531260,0.478605569875,4.22338674384,0.388659833813,0.836798472889
0.857273285361,-0.552172793306,0.578688312304,0.256307586690,-0.692651210574,1.75988238378,1.56326847226,-0.427500201727,1.42579621339,0.462663439853,1.24511097068,-1.00023485095,1.00121252381,1.25564699538,0.237415975324
-0.716473292760,1.01485143408,0.0247787199120,-0.0387966357217,1.16827715815,1.52142285133,0.672812280520,-2.48732706952,1.77458338830,-3.43406043620,-0.261797754776,-1.42075473954,-0.130848518583,-0.00576659003177,-3.27589953493
1.57165281038,-0.108858120999,2.89669835416,1.10906641378,0.280708285616,2.55927155959,-0.109471840251,0.0301324999750,-2.02711384371,-2.37434412970,-0.524366606231,-3.10196783545,-0.292726619370,-0.141648911843,-1.74347550580
0.909165094992,-1.66512150633,-0.589179433481,1.16258985360,-3.28691767284,0.288321374272,-3.15241720084,0.872595164247,0.486589284697,0.0171730440681,4.88677913903,-1.70799971276,-0.567541743321,0.603744277889,-1.40927776920
2.83961637087,0.409786105733,-0.844040508803,-0.959260147953,-0.0942629069137,-0.827890978078,3.22705188035,0.659378607592,-0.865879730810,1.16035426003,-3.64927859294,-0.0450417867995,-2.44779136637,-1.14361467842,-0.00906675698088
0.296725294470,-1.11060066433,1.51714759824,1.43363186325,-0.0917443380553,0.0973082611821,0.782532091888,1.95529576537,-2.98321623937,0.698046957736,0.881734589152,1.91562495279,0.467584798399,0.512231909260,0.812644396282
-0.677623748892,0.459029984771,0.0364363440996,-0.142495513839,-1.14158639889,-2.80930797476,-1.22833465127,2.85648118989,0.720384543391,1.03667029144,-0.118196583822,3.74318099154,0.721694901639,-0.572640188008,-0.947368536624
-0.490719880348,0.361789752331,0.418232503469,-0.283579056403,0.830208321516,-0.998663003459,0.904018540726,0.371991238328,-0.366664730961,0.397317364196,1.23610564376,-0.295944017598,-3.25525771619,-0.631179946790,0.361067202724
0.893512090500,0.535999196607,0.449415514717,0.388029721051,-0.274478980143,0.533095957636,2.85599138911,-1.72371691080,-1.54114195724,-0.915165638113,-1.50829870600,-1.38079181381,-1.62228678295,-2.03100779187,0.859335669924
-0.561922443525,-1.45269092364,-0.363418432695,3.01115815183,1.86675476167,-0.189849625719,0.0399127611356,-1.09184789365,1.48038392885,-0.355347523487,1.75885914697,-2.03563696123,0.326408819791,2.31181054613,-1.51105244411
1.72733328057,-0.165418476127,-0.907177479615,1.56736294502,0.352488746165,0.687540922765,-2.64605176278,-0.768804451884,-1.26265945753,-1.59887206658,3.90461691841,0.570819215999,0.786942157257,0.935434109591,0.969092657282
2.14551840375,-1.46749948062,0.0828299763858,2.52544612967,-1.66583915019,1.81971440462,0.839830008102,-1.16134466807,0.754679319257,-0.457466319181,0.0133193995948,0.389895198587,-2.08207950864,-1.33440724098,-1.24809945455
0.185690211342,-0.806761548157,0.383332258109,1.36399324164,-1.95723635125,-0.338883309905,0.111071814215,0.833040809074,-1.11453276047,-0.157878900255,0.668838181062,1.90892716574,0.936956081047,-0.911277766475,0.859850213691
-0.273755442423,-1.88391348894,0.187989759420,-0.372601995512,2.63939346490,0.941515402220,-2.23791331342,-0.652590776785,0.881608593639,0.603658142245,1.20308412979,0.307131078310,2.40098842356,-0.726569584858,0.662349511749
0.933908291598,-0.245488841111,1.53653862642,0.967896151042,-1.97134282625,-0.926842052507,-0.355884468837,1.46776177289,-1.90570402526,-0.0929344666256,-0.245138874933,0.145098556558,0.382777543900,1.35534847110,0.934153520331
0.331277903507,0.0681280209307,0.359904980751,-0.610363482975,0.904161598581,-1.17652636702,0.419961106632,-0.172707774516,-0.300558048302,1.19503576279,0.107798676012,-0.273187827717,1.58952282646,-0.400979900181,-0.743062949699
0.672451152231,1.03234530028,0.980383895355,-3.35849834457,-1.09218717368,0.409620329755,-1.07785068615,-0.770277507649,-0.688048442586,-1.87312974828,-1.85182489116,1.35716151278,0.290211521811,2.16102259578,1.01715512043
-0.313928146598,-1.51391659362,-0.708790465611,-2.24595645581,0.597181013278,0.0395938169852,-0.702669259499,-0.504367310023,-0.842517639993,-1.40610054228,-0.180329740333,0.975149045563,0.770236198079,0.827772994597,-1.49720965298
-1.64483854699,-0.358734693381,0.807382030897,-1.68673240100,-2.31470929431,-1.00833909963,0.517186735367,1.86282482742,-0.498474442535,2.10127790561,-2.57969555646,-0.631921451997,0.178809470462,-2.52856703919,-0.469116654203
0.162965221551,1.63233767069,1.03691619347,1.92591032037,0.242644197830,-1.67889219613,1.12026208462,0.487416389886,0.339623538749,-0.177540004429,-0.305458031805,-1.68803799794,-1.61944346922,-0.348095605884,2.46636049699
-0.515726069427,-0.584079062243,-0.132407177465,1.60317423497,-0.283496441554,1.85016440109,-1.05367422507,-0.586410244943,-1.05164150596,-0.379577263811,3.28518448532,0.456247107528,0.748397339967,2.15799888637,-0.668723590583
-0.602885409520,0.330974193835,-1.49695013023,0.0169436430335,-0.610582713404,1.95025009809,3.35696010379,2.20940213094,2.00624515085,4.60665760617,-3.21825714071,-1.79020694185,-2.74532924792,-4.68788829606,2.49146201250
-0.0979863739989,1.49109547479,-1.09007747402,-0.979172924397,-0.122158568427,-4.27750116381,0.517563508202,1.08625941374,1.08040821972,1.05343254986,-3.68654448059,5.97334816833,0.187929301604,-3.07938668301,-0.577653794396
0.397258354804,0.259495075570,0.351493405473,-0.156188163510,-1.20699616897,1.89730762029,0.573386293611,2.85269940101,-0.894626228096,4.04905083765,-2.38240621598,1.67730855826,-0.803637827537,-3.85887125135,2.91121062383
-1.63374222834,-0.706708613236,3.21985576977,1.69654591499,-0.737882596519,-0.269991728489,-1.80669964697,1.60371598147,-3.43702091203,-1.44754074283,3.90159676847,0.800868445833,-1.52801777379,1.21954602033,0.167459533047
-1.65082386681,-1.32502578689,0.541808637381,2.74682353855,1.31803403981,2.68176100049,3.39610155676,-1.58710026174,-1.85209056442,-2.04084265673,-0.411324978477,-2.37454940651,0.482620669753,1.04498666957,0.186343842533
0.593503670494,-0.636851055597,-2.33784529090,-2.32004327434,1.60726549492,-0.0574459837943,1.58183838813,-0.893212014893,3.05410545805,-0.00753625512782,-3.56332252914,-0.298404705360,-1.29267054213,1.81268398556,-1.75820225726
0.594664793073,0.162373750349,-1.91619654994,-0.364034278752,0.222441171326,1.68751724691,0.339699136502,-1.73689474998,2.88397379561,1.96888475563,-0.789836655743,-2.34589189541,-2.31282542652,-3.29911659814,-0.448166680598
-0.616075907239,0.745924235341,-1.51212760037,-3.74726098289,0.178351581017,-1.95507711610,-2.81302304933,0.0324226709670,3.79920213572,-0.550291516562,1.91539354728,1.63414633037,2.06221551978,1.70608899099,1.85366173927
-1.22145236256,1.93604081805,-0.970838130961,-3.47533003645,-0.700983069404,0.0693453498855,-0.401742469962,-0.0709520374949,1.11803836967,-6.38661573406,-0.0941986312900,3.41854034286,1.15166096151,2.60166696017,-0.343132214086
0.423185276490,-0.257926274222,0.224821735855,1.72847532777,-2.86318578494,-0.120245503950,2.87911188071,0.188169169513,-1.20479195721,-1.17466855869,-2.82130000776,-0.521655857801,-4.09668175117,-0.523867477585,-0.780759912225
-3.45911744749,-0.407578352789,-0.615378988835,1.30628271472,0.0353596770129,0.901414457287,0.634850452185,-2.33485588785,0.330179491963,-0.409627674783,1.44123151305,1.34797465215,1.16172781958,1.44043963042,0.576259054140
0.139946764553,0.465637151240,-1.39616857043,0.445021752803,-0.702908892577,1.77679306160,2.18118808631,2.55937515866,0.186943377725,4.50694057105,-4.33657869247,-3.29957433874,2.08078920885,-2.07765300864,0.753879467522
-0.448390927672,0.794012125381,0.729558319739,-2.35829771583,-1.32395003876,-0.748833023202,-0.566253859121,-2.51990940257,0.341264484034,-3.32165001776,-0.567329334505,0.830148405412,1.54080660303,3.23004990636,0.717531443161
-0.160723588757,1.50490795409,-0.0462906176969,1.39722110787,-1.12075457988,0.321097798038,-0.618051283526,-0.329992543092,-0.910952025214,-2.72208709837,2.00724334568,0.0448942188937,0.512693282550,2.99987924418,-1.25965501199
-0.699582067478,-0.506344354292,0.510635059577,0.488170951121,-1.46985124374,0.787865030878,0.127563098291,-0.587931048036,0.191178865444,0.597707201790,-0.0327880872563,-0.692966641548,0.153984601292,-0.794658578064,-0.588653188531
-1.30970753494,-0.325131645016,0.410410404737,1.22478165613,-1.44152869326,1.95006598757,2.35605880444,-1.04938828543,-0.472899824967,-0.874797208472,-1.92812801827,-1.31152589162,-1.32330604225,3.22427106420,-1.18113346054
2.49818744200,-0.0579275507508,-0.103849088035,-0.446773557815,-1.29988076898,0.305353384281,0.722965569692,0.0999922139907,-0.431901080551,-0.343512378439,2.16624200108,-0.679198181940,-2.10380858577,-1.97411756490,1.37643616596
-0.907374803531,1.48017112945,0.834308002183,-2.31880951803,0.0105803865180,0.455345137623,-1.87474240533,0.664857460028,-0.312010744684,-0.566258974209,0.290155205316,0.733605490337,2.20342964996,-1.42954622913,-1.33041602541
3.62185031248,0.406857639542,2.09459373632,0.166780575163,1.02277837665,-0.171986333622,0.958362481816,0.969911016395,-3.46559731013,-1.54709367155,-1.08903881726,1.37636272981,2.09411039587,0.227793084106,-2.20267026865
1.32575305249,0.209968658066,-1.28203966243,-2.17479846905,-1.48114939753,-1.28050400155,-1.32622604932,2.51315217714,-0.665812699484,0.314473462898,0.0886175302200,0.0361647187351,2.77492490731,-0.978508652324,-0.135597412668
-3.60586113215,-0.240515700407,0.677905684150,-0.269359066604,1.10193845703,0.723250550017,-0.887514124049,-1.41101979375,2.84397630643,-1.43411731604,-0.675819845722,-0.500082190311,2.38522969978,0.551288214924,0.315819453207
3.39263351047,-2.23404122495,-0.000309132782237,1.27044314897,-0.908181035895,0.872777332592,2.67770702196,-2.17921056379,1.34176955791,-2.63409393745,-1.77558296507,1.18829772809,-1.85381621805,-1.06528454383,1.22705928788
-1.16412984861,-0.174410666597,1.34590075335,-1.21804729346,-2.60236107727,0.196684015502,-0.869694621088,-0.286988375877,0.327506633520,-0.0453329848314,-1.18552167462,-0.0943049507072,2.07461426653,-0.863163324526,-0.577907544382
-0.684103802440,-2.72111374116,-1.10605324827,4.60067147637,2.90562917726,3.38450948446,1.02015700655,-2.49368138224,2.99831169193,-4.84773413497,2.59043568507,-3.61200476904,0.409357553730,2.06465104356,0.359227872614
-0.629460126613,-0.570674527102,-0.619605315371,1.31386045437,-1.30484192054,-0.759622043301,-0.246389023033,-0.331619239435,1.04385232002,-3.09429917216,2.35735168181,-0.598242201989,1.99089543667,2.90433764482,-0.0747880158019
1.25457686314,-1.27870129537,1.20181780862,0.985775293637,-1.40848820606,0.485514946164,2.69415270678,2.58495216055,0.503499767323,3.09291404853,-3.15142130833,1.55687288724,-0.989539338389,-1.49871708470,1.80087350348
-1.95316484560,-2.59631944412,0.521022516685,3.93165258392,-0.473373094254,0.612329173024,2.71309997410,0.637862884029,-2.29744720469,1.15177984726,0.342869711222,0.793134679549,-0.645361968238,0.329043971932,0.342696574092
-1.21984244783,-0.753868963976,0.585481694050,2.67196340412,-1.03379804235,-0.0842059839639,-2.83309589441,-0.140208625304,-1.51952755911,3.96021449131,4.80181551352,-1.30996100499,0.280752268334,2.43583869478,1.97119148171
-3.15369830632,-1.06257095894,1.70349776600,2.89446515138,1.51304535816,0.878605197384,-0.122583390556,1.47555969965,-1.60874642189,1.29537402745,1.44630164016,-0.0947119502456,-0.817903906085,-1.03604575743,1.16838053730
0.957158215413,1.36750963419,1.94710092080,-1.25940067697,-0.116761823797,-2.30243818738,-0.395925825892,1.57238567299,0.0836607585211,2.93819085323,1.64884411836,4.50537136437,0.395330225240,-2.00476014248,1.02862876007
-1.12539485457,0.366951692373,0.276415835098,0.452608594316,1.39651955377,-1.40041043068,-0.624698820375,-1.09506660784,1.12363728019,-3.32547301916,0.723598199309,2.95750864450,-0.111662959317,2.96373474413,-2.34099362251
2.86513174681,0.336985378530,-0.419926880978,-1.13993144735,-1.44383129686,0.472233562960,0.192788517369,0.946559863209,1.56698460808,0.339664133980,-1.61131616457,0.697416617172,-0.541519254977,-0.491051096179,-1.46066968088
-1.55067634774,0.257571653055,-0.143065327835,-1.82085124603,1.91225271103,0.869459490303,0.793220885772,-1.56798097805,1.04766431000,-0.437085876132,-2.80631170473,0.381469734203,-2.15899476112,-1.00572051706,3.49570444230
-2.49222913634,-0.497969149261,-0.550031010646,0.452479967569,1.72774767916,0.760375452465,-0.646878568018,0.319236432998,0.415258179451,1.30205078582,0.256126493124,-2.73566457112,0.614012833728,-0.0828617169774,-0.665475525485
1.21055297409,-1.25514841553,0.959829857465,0.420723926444,-0.196197575513,1.68592811257,2.33547478341,2.68727038236,0.388711688657,6.60464824137,0.0449952026661,-1.93306104847,-0.313829682534,-1.87812195066,0.860417101090
-0.868592006438,0.401838631021,-0.908187473624,0.293990283189,0.517321078041,-0.846630074239,2.35447514321,0.565911389486,1.29591883053,0.814662172090,-1.08211890067,1.78681615935,0.451003010614,-1.12798296842,0.942385960682
1.13774253205,-1.54556276258,0.0581042896079,0.795824758873,-0.269931567268,-1.37426902259,0.842739254029,1.40669849329,-1.55295097198,-0.159558427731,1.29095877309,0.275488077712,-2.24914013363,-1.07812851013,1.07316992037
2.36685819656,1.28463004289,0.692829957553,0.176924386407,-0.621447901850,-1.85493086780,-0.554428820676,0.00679199412562,-3.58663963884,-0.325518369589,1.26723219702,0.451009716822,2.07038917725,0.400172708686,-1.69944130277
-0.141905190931,0.209069983015,-0.538698847494,1.39171575705,-2.47960349059,-1.02808816624,0.820824637182,1.38772094857,-0.453420003323,1.80224155213,-0.274292570500,-0.680979165598,0.846085330634,-2.64947541599,1.44916130013
-0.550070803646,-0.0337167536804,-0.887874850327,-0.779995764841,0.876993706627,-2.57438993754,-0.773018947922,1.03522921652,2.07440714502,1.49145476866,0.985448238033,2.00010612214,-0.256991822407,1.56831924250,1.04208890928
1.11853969966,-1.70764661080,-0.829850014555,-0.0659058766400,1.08755347353,0.625327468777,2.10833934521,0.330954909697,2.53847896098,-0.768398678479,-3.86389921844,-1.58590176289,-0.447505001320,-2.28925975709,1.25215921653
-1.03373192409,1.85569408920,-1.62710709985,-2.20425719197,-0.999150248833,-1.91737522614,0.634090161503,1.01633255936,3.15142631327,-2.49195797021,-1.73995833208,0.467675845774,-1.92774615677,0.913314034446,-0.0266974611216
0.789657972022,1.20626982444,1.24652531573,-0.00175118595846,-0.108649003455,-2.96792126996,-4.30551203289,-0.702804010865,-1.34871274792,-1.98549457596,4.42660292802,3.14728948996,4.27832966242,2.45562716000,0.167233883899
-0.619223888543,-0.692196327009,-2.01876129615,-0.795981126886,2.56494568949,-0.849669769846,0.369292430394,-1.75261418609,2.63072712546,0.0606567661298,-0.246270203872,1.52198395508,5.12099312803,0.618480661708,-1.28099896768
3.14711663163,-0.00210635845667,1.27985760700,-1.00168755298,3.11787017960,-0.123859151244,-0.0319848258273,0.922623486763,1.09975941218,-0.796561257657,0.843048685936,-1.88277977540,-0.0895222171538,-0.751064696705,-1.53666889409
0.0694345998513,-0.00349650775857,-2.95511725367,-0.825483659868,0.399399443242,0.0575003254749,-0.0532586809255,-1.22559983408,2.80362185169,0.880439689813,0.408176249095,5.74283765958,0.571174873621,-0.0845180266099,-0.781322740343
-3.84564473879,-0.302643775654,1.23932023904,-1.59109857441,0.929785320818,1.72174927230,-1.27294348519,1.41602032986,-0.301160510423,-1.73672698187,0.506317690881,0.531908482075,0.265695279140,-0.216166669312,0.794296322041
1.62622352230,1.78494437309,0.495434956610,-3.22858290392,-0.575725872373,0.258272656895,0.445601949507,1.17267559410,0.119996442375,0.0343802692903,-0.910152063157,3.87147079309,-0.367913823076,0.110071942242,-0.439176802988
3.35379398516,1.19106390315,0.0708901934189,-0.144200550854,0.885051482281,-0.175955676842,0.718983517549,2.07922603030,0.463317820920,1.10470128235,0.589632651865,2.07125009890,-2.26302761583,-2.81891638713,0.0142354463288
1.01589753358,1.79741227880,-0.102957450252,-3.98646475132,2.79855342735,-0.943736611399,-1.03798594256,-1.49344576603,-0.0112339417698,-4.02590730203,-2.78704533565,0.0388038775553,-2.44188226276,-0.0530744905908,0.0252428468870
-1.94930062610,0.683585719413,0.582110874049,-2.80401589752,-0.651868355340,2.19913884787,0.283523916060,0.936433027393,4.24886969245,0.351887177485,-1.02931315694,-2.58938002686,2.87409829248,-1.34347542122,2.35033912259
2.50762986171,0.668549186000,0.124703929802,0.517352209324,-3.05062522982,-1.35334857598,-2.33826032690,2.84538226176,1.03828621000,1.64674824914,4.98702701809,-0.760401030073,2.45347093321,1.55240332587,-1.59324715818
1.27653839783,-0.0689808465671,0.567474257214,1.95218140416,-1.37673633823,-1.12777027370,0.771978308642,2.42479401906,0.654923036115,3.53913959756,-0.256388223201,0.887363558092,-1.26705224138,-3.40498357576,0.926476890946
1.16646872128,-1.29097818010,-1.52966531411,-0.295943005668,3.12135648497,1.78733537265,-2.65694574905,0.621245873495,2.50829621213,0.400659043134,1.74670240102,0.317231828500,-0.657803613557,1.36986414077,1.36132923804
1.29239652081,-0.468708143481,0.891182345412,-0.374608584543,-0.899562559765,1.43411360317,-1.26214005346,1.21185889739,0.320887401895,0.591368082902,-1.29097325927,-2.43269240156,0.743080534203,-1.06866686571,1.30494961996
-1.40029183020,0.462464001499,-1.66119505594,-2.48442740829,0.151944892927,0.203558885504,2.31984574001,0.989535210600,-0.302707662999,0.660826721316,-2.70426407406,2.53631759818,-0.228867668264,-1.15022931727,-2.14886913529
0.193522424064,1.99372044009,0.437808902553,-2.38565537132,-0.346824774588,0.428551222554,-0.729313421951,-0.442937419491,-2.03775393147,1.19720605315,0.782277989992,2.81518704277,-0.111044040949,-1.14001205752,-0.915207464683
-1.12393847408,-0.240605349973,-0.437094103081,1.34220823419,-0.666447612065,2.29025821968,1.22094129389,1.78863849129,0.990712557640,3.89650014137,-0.863774429248,-3.12053165887,0.870547318598,-5.00825582566,2.75719169984
3.72010445090,-2.37956324964,-0.505783073440,2.47664520785,-0.313316860747,0.913786201799,0.0497564261955,-1.26491130473,1.29577307852,-2.98975833297,2.85565452610,-1.47734497531,0.783498530620,3.51037152643,2.42477907152
-1.06917142907,-1.30844507290,-2.42915758993,3.28337996970,2.03613798437,2.87037759659,0.108486564825,-1.90789232520,0.184328519786,-1.59362463115,3.65596227949,-2.72678926106,1.80436043100,2.19428689333,-1.43386148670
0.837884099173,-0.737997663160,0.854538200517,-0.969320978835,-1.76172147539,-0.261906197957,0.112032250732,2.55616409950,-1.36768718623,1.73272073731,0.761377391721,-2.00670884806,0.610276520716,-0.848476000549,-0.797028672139
2.39336532330,-2.51163416795,-0.668595739785,6.05760170567,-0.996562644749,-0.764354472692,-0.238384283697,-0.108244659677,4.46448038484,4.01043424038,4.93381215868,3.00474296493,1.09207731425,1.14131754261,0.236488965063
-1.84096267060,1.88105130977,0.320372262194,-2.18968254380,1.84618761310,-1.36919157558,0.521554557530,0.525048884970,2.53922860506,0.914550466799,-2.39947220279,-1.12768350386,-0.146210896253,-1.06953928058,-1.52351740279
-0.509024145474,-0.455780040446,-0.327080581698,-0.644290662798,-0.223435088995,0.825891385537,0.714668050835,-2.59543358104,-0.354661760033,0.622012408425,-0.791314318510,-4.35970648664,-0.205701908179,2.04675594883,0.221517203674
2.01313360939,1.84182236801,0.919913008826,-2.70363299087,-1.84272725376,-1.00259398590,0.0204472014340,-0.195593741589,0.420442494472,1.06258177439,-1.95504049183,2.38971947998,-0.616441246573,-1.60019292121,-0.533898282677
-2.09562689612,-1.30268791837,-0.0107768370705,2.92098110214,0.970717013390,0.794503720492,1.57004640683,-0.238388962416,-0.432486149200,-0.449311777243,-0.464651468186,0.250176853354,-0.779027888495,-0.192138199561,0.596379504472
0.265834715569,0.836702405710,-1.02011045850,0.367748130182,0.330036515310,-0.749589701884,-0.708681985935,-2.46631539502,0.444911016611,-4.94870120373,2.72776104602,-0.886631593822,1.88412114553,2.05525776717,-0.566672046394
-0.701718126798,-1.42746540928,-0.209274155415,2.74427217342,0.0846458206697,1.07103577811,-2.78320998860,-2.65949885007,1.23907090139,-2.81535013375,3.47490240669,0.0477046770677,0.326366317756,3.86601615612,0.439573917094
-1.25452516397,-0.940040972424,0.433325536417,2.14959289984,-2.01841160995,-1.24437178176,1.64272719794,0.297793981121,1.39003804847,0.680081077341,-0.252104315582,-0.0887439573708,4.77691103289,0.676375267504,0.0911603976289
1.75683991088,1.66504865207,-0.770576473670,-1.78660539709,1.01165073146,0.291472821807,2.16899084853,-1.84174956896,1.38118173931,1.91199646575,-6.29894328313,0.267625228587,-0.293755843956,-3.18871668229,-0.447379503832
1.07146256977,0.404684705272,-0.632765843842,1.20405769608,0.706483035580,-1.34866764956,-1.07646696301,0.194756862602,0.705564554452,-2.06191230338,1.30539505151,1.27915806964,0.314336307901,1.67089936917,0.696568458675
0.302467265661,0.0717595620371,0.712663768095,2.00229154438,-1.90063417724,-0.125421392084,1.08800017491,-0.584979567078,-1.34896532167,0.179212170231,-1.84347146055,0.647298173660,-0.229258451873,-2.73780034475,1.49887766695
0.0858200660200,-0.282240516511,0.818372041424,1.37963745781,-1.06164001221,-1.36600257031,0.974008158289,-3.90121361735,1.50051802125,-2.34321189539,-0.826166389370,-0.521954222715,0.962600334471,-0.595089533446,-0.905255762046
0.374516281617,0.736826721825,-0.229701599492,-2.64688490842,0.308929368302,-0.362287304438,0.147284546934,-0.0814319841375,-1.46553005043,0.106532663088,-0.0509889029198,-2.09972548473,0.925816429599,0.646246694140,-0.0717321680122
-0.0113595827206,-2.41450325462,0.804650034515,4.04414278095,-0.845992776537,0.816670559569,2.35707370086,0.852016212312,-1.06579395248,2.64936102517,1.92711249321,-3.95966647611,0.991560635783,0.959994444602,0.382716359085
1.57307170458,0.407370432799,-0.440598785922,-0.775835318243,-0.521344178703,-0.147604547355,1.15196537311,1.88540927363,0.0949198239385,2.25896955856,-2.46182157714,2.25242255727,1.66070248975,-0.809291896580,1.67120977483
0.689288347834,-0.828678665396,0.0311854371888,0.495732758681,2.09285160093,1.66532883176,1.42415424840,-0.373990773232,4.66017416493,1.13952439929,-0.404664985203,-2.54210281715,-2.01012795130,-1.14617104712,0.931198167301
0.207928840283,-2.81613261311,0.972945784939,3.40009813875,-0.974959325209,2.34518338872,-1.03016037538,1.49716137278,0.694809977791,3.73462239704,4.67997919243,1.50955822928,-0.0926795627489,-0.507935323818,2.30640869816
-1.01515153373,1.76798892720,1.52071800581,-1.61641002045,0.0681421185733,0.973618002241,-0.559360906509,1.79485753760,-1.93265703371,1.23862992258,-0.319272202962,-0.946298702066,-1.08644029571,0.134922670445,-0.542420131545
0.241679790845,-0.941075991875,0.324038371664,0.152110039615,-1.09113157187,1.79150151326,0.514908671198,-0.833614435492,0.926781881906,0.537583296250,0.519677867350,-2.01997630104,0.443825402537,-2.14609424045,3.25436992235
1.94651211026,-0.00212913644957,-2.08831858648,1.41659180853,0.373765084419,0.653945653338,-1.86702124333,1.62385066249,-0.100969958411,-2.25137267431,3.56167257288,-1.00834363357,0.222738012588,1.74673650193,-0.323259002158
2.99046928630,0.963694408715,-0.587294035612,-2.74893093653,-2.93826289532,-3.70673612384,1.42292601699,1.57944114717,-1.81950192844,0.821827223365,-2.91006037925,4.44769410341,0.705540403011,-0.542728840203,-0.235475628248
-3.12670163270,-0.330169285652,2.05946881715,2.99428537519,-1.30352421210,0.0882598380005,-1.60217932262,0.0956768381122,-3.16068778088,-0.792194240278,1.69800667370,-0.348440657992,0.881485108857,0.670472149080,-2.77572920895
-1.17527513162,-1.55042480784,1.10001944744,2.96494745180,-0.0406427642749,2.24121125231,-1.51992485489,2.40256444123,-0.979258782916,2.50136790503,3.48211645489,-2.45331528673,0.276246328819,-0.887746758968,2.45197226995
-0.547799021907,1.64633333971,-1.65660935480,0.259779686274,0.262459989215,-0.0555605421104,2.53232971800,0.817198822522,4.85302252874,2.70870810490,-0.374739825544,-0.666441117190,-0.322059497646,-2.92097018857,0.141655526526
0.289427277456,1.54027170016,-1.12234834238,-0.334621394854,-1.59167066642,-2.32294287117,2.51505622842,0.735255611520,2.47591963481,1.91528816289,-2.53669930752,1.91269726016,2.58342507727,-3.94262175631,2.44294818630
0.257231315186,1.71976443937,-2.40171659311,0.328334406858,-0.669390841691,-0.00303737170166,2.81587855072,0.437745846074,2.26303810984,1.81310423958,-3.73562327160,0.790408356588,1.14570595553,-2.07278899105,-0.639023285991
0.675615823646,-0.131794603209,0.859461425516,0.187122971507,-2.79172282882,-0.758415610811,-1.89119384311,-1.21170185690,-2.48413170706,-4.33486470855,1.62970706907,1.12571107404,2.97606038985,1.13513591057,-0.395759000183
-0.676425398233,0.835304995669,-1.97109699991,-2.72525093587,1.36612151809,-1.38963375660,1.28049001980,0.389640161517,0.952475646187,-0.252032031746,-3.35407234747,-0.207818713557,-1.94212181119,-1.60748599787,0.621113210627
-1.25447472201,-1.38365579397,-0.247421172295,1.45207265683,-0.715134206728,0.261425375085,0.412572135349,0.782974806005,0.630888482863,-0.0407721873251,0.259692523790,-1.40460298545,1.85729162055,0.775838405906,1.23170015190
-1.63981998010,-2.10091277852,-0.515760580198,3.01820666167,0.170428117768,1.09342772772,-0.381642168773,1.14050396947,1.43350236224,0.661111854524,4.13209553554,-2.34510646272,0.963131564240,-1.53127034022,-1.60670347469
-0.971111110154,1.45166811129,1.01522602126,-2.96909131314,-0.235082230679,-0.599938239397,1.24854445664,-0.129211239744,-1.22622562721,-3.35828753500,-2.38987099236,1.81966472480,1.11725631019,1.30071072478,-1.71181793763
-0.352557318784,-0.529267112499,-1.38637147804,-0.583307941119,-0.153287465803,-1.18016716512,1.65241796720,0.536863586446,1.28216816530,-2.37373257407,-2.31677036903,3.44566725348,0.128491607621,1.41803722437,1.60764093525
-1.06883088280,1.13886938824,0.782538377199,-4.00634585334,0.512137193644,-0.645332516085,4.01665499809,-1.79310694486,-1.18363617511,0.772742747655,-8.54175970843,2.21301047564,0.950912642518,-2.81243304237,-1.46107627206
-1.26279704691,0.108710378684,-1.68281176372,2.84368611114,-0.283317629490,0.634770360508,1.54544507746,-1.40650915899,1.52370340679,0.373911782670,0.735366961362,-1.48038120711,-3.03988749671,-0.396322521806,-0.188148552187
1.27630969959,-2.22095185143,-1.71155333143,3.27724458194,-0.858058844672,2.26961756449,-0.771028094947,1.31321454570,0.138369985159,-0.897405893272,5.27186785155,-0.690028084016,-0.378568642987,2.97024854532,2.01180124324
1.43542163016,0.663025415854,0.707457789048,-0.303944800780,0.841209696019,0.933277821802,0.364790617604,-1.32998157360,1.43880275458,-2.00496770872,0.519173295197,0.792613777425,0.0363228487521,0.486589835546,0.646180815039
-0.139067661633,-2.86987335337,0.766576423803,3.35674229996,-0.829602798992,0.856432495162,0.393663989345,-0.0914158365510,-0.380628864789,-1.24038706458,1.12113676776,1.29880954479,-1.42618141326,2.56331909981,0.608555520494
-3.32142549984,-1.46093982684,0.857137528742,-1.32741531031,0.843968855803,-1.31154637287,2.48479733341,-1.01529052714,2.64561609014,0.385570015899,-3.38405286517,-0.146594985104,-0.693326793722,-1.82694919724,1.87505327364
0.284147857896,-1.27163148359,1.43548135665,0.990678391816,0.698386094835,0.348225989163,-1.93900724956,-1.44850506986,-0.363802071682,-0.256071222736,0.626282422895,-0.750321450609,-1.17265798321,2.46139464832,1.16389154980
1.17619468469,4.13290912269,1.07578363816,-3.88439578799,1.57295276489,0.423961873577,-2.83723703133,-1.23517974338,-1.17254013673,-0.317304633345,-0.390600979810,-1.62237689700,-0.440026108129,-0.214234853945,-1.95920690962
-0.331619557227,-0.314794197903,-0.250002445197,0.885888443059,-1.30912565860,-1.19576972171,0.685645330560,0.334418813851,1.62751442556,1.10427469647,0.750109714957,-1.26311137419,0.412496919744,2.04241001020,1.84819987707
-1.82244855892,-1.58213315735,0.0925823243725,1.30767511862,-0.0103730632407,3.21278366556,1.22603101685,1.66216091968,-2.84494326626,2.37098596083,0.474178866147,-2.53444267546,-1.30203411238,0.461300263830,0.423054914860
-1.51261861039,-1.24725222081,-1.25327655640,2.19395252715,0.118237674854,-1.14109263326,-1.55651067853,-1.44952540827,0.992635001901,-3.37220843048,1.65214752251,1.21206821648,0.720469642370,4.25761043895,-1.37874824117
-0.0743083873349,-0.906182246702,0.972530008562,2.37170380015,2.41063894567,0.905541031591,0.317707905084,0.623559477524,0.314306156350,-0.304050853937,2.00124216342,-0.369251895077,-0.885634789953,1.19350692463,-0.574538003396
0.208013622899,-1.58911394094,0.360569616251,2.32316901048,-0.814117468202,1.28660003307,-0.00187042816117,-0.304768589318,-0.320450868318,0.102822609792,2.25389583710,-0.616905642984,-1.03433173560,0.561526876525,-1.40478191967
-3.54608594855,0.823284953058,1.27625019245,0.763731811269,-0.513958429629,-0.798748725143,-2.66667311407,-0.941409656048,-0.460736965149,-1.14602344503,-0.311719935688,0.564897793292,1.56124206915,-0.212163144857,-0.0839147504711
1.50814630468,-2.15408112464,0.455463562292,1.99716203201,-0.797026786809,0.255112692209,0.0997989301053,-1.34546796618,-0.516906055533,-1.32757169309,1.73438212292,0.342632303889,0.857045226533,2.55019031043,1.88024224476
1.91889464453,-0.0991183008811,-0.377433194410,-2.10251055746,0.0872630686313,0.640429358706,-2.64283723162,0.772191768332,-0.159740976793,-2.20733716577,1.16500708794,2.39471802030,2.37070413802,1.25736595966,0.523705541209
1.01526568914,-0.848620826741,0.255690546110,3.19580351998,1.52316908867,0.453431201298,-1.26385906964,1.40599814468,0.982765889166,2.13415184413,5.19728187758,-1.79896649189,-1.30571050468,0.799372827743,0.963178062382
-2.05509373261,1.32342075306,1.93444824115,-3.34233419382,-0.305763912763,-2.00896321180,-1.30492007196,0.508185677262,0.556020111009,0.201708431899,1.43477755426,2.44146061720,2.66075339808,-1.42211776076,-2.66718198972
1.52027135891,-0.356135421317,-2.12458494731,-1.44770451805,0.844267852658,1.87422976174,-0.100470251177,-1.14610004422,2.08697250001,-5.54094177246,-1.10564615677,-0.376783845525,-1.74049554256,2.22422705748,-0.805901473328
-0.403290480166,1.14194979986,-0.421096257673,-2.22894193835,-2.75887261560,-0.597034326573,2.68805478942,1.20949052300,1.79484160303,4.12795650419,-4.27910002992,-0.500141540603,0.994509806536,-1.75648881854,-1.05440136701
-0.484947328103,1.65332025882,-0.649371700627,-2.40389963364,-1.93402612966,-1.22643449884,-0.672052998455,1.48739398213,0.666616730107,1.92556348604,-3.38722729168,3.05393740403,1.32313033070,-2.03806141970,-0.509009341010
0.464242381329,0.164757143496,-1.86441247894,0.542075402658,0.424786351625,-3.06303107041,-1.04335927865,-1.52203667138,2.98108540238,-2.66624541643,1.34910452147,2.21626846968,-0.628280804551,0.962849566711,0.723602613518
0.833342013999,0.679927569923,0.211165015917,-1.18631037805,0.290485329726,0.476827986919,0.716260816187,-2.50204884635,2.58978075336,-1.83075271005,-3.09179147226,3.35840491119,0.612343861413,-2.73116870242,0.180603274068
1.20003528503,1.74983732028,-2.48060916058,-2.33659340122,-2.50881051387,-2.38039573401,-2.06163019381,-0.481139053769,1.00050739425,-2.20766553037,2.63953735612,3.90123219780,1.14956934112,-0.352022015260,0.544865952512
-1.30383394499,0.462405311531,-0.217495206343,0.138560172302,-0.390854230023,0.701073144926,-1.59668513651,-1.08580061631,2.24804262510,-0.864643982226,2.66047305452,-1.68164841307,-1.64693735922,1.60511943723,0.462117827093
0.0256122959900,2.01609605375,-0.847215966777,-4.12708892981,0.681603782322,-0.893390281166,0.0935657635572,-1.25365246465,0.758944399806,2.09268456051,-2.04544381135,2.91453241743,0.155617655157,0.0764878234003,0.464290200338
0.460481797937,-2.79683129963,-0.814455632879,4.74586450850,1.31419984482,1.73840821222,-1.47106820542,-0.717913261902,3.60465245038,2.65179412358,3.34637556313,-2.12597216355,-0.481352038571,-1.68182614541,-0.304105888485
-1.03521613231,1.54630433434,-0.380211972495,-2.06758142144,-1.13847817240,-0.798051324614,2.00782909264,-3.10830254029,0.506101181919,-2.92420599896,-3.21366891641,2.87690876767,-1.51394669665,0.102290567248,-0.663868315686
-2.81476902657,-1.93789158546,0.587471867954,2.89157447350,0.665976584281,1.79072539547,1.62983376952,-0.719930837150,1.53851446878,-0.0709607009303,1.58521317883,-0.748699748522,1.15046757923,0.608141076081,-1.36457868479
1.22839265818,-1.21964744319,-2.05667988490,0.0723027540579,-0.529107073881,0.975222505399,0.756232776971,-1.00040631209,0.500901061900,-1.57087971621,-1.51581939379,-1.83282885860,-0.147455038605,-1.48273696733,0.342019004909
-0.0175248930110,0.0156522888926,-1.06583239744,-0.326824487500,-0.432505996648,-0.572611854048,-0.0708434667581,0.765778307723,2.16839145692,-0.299767123606,-0.0194621741188,0.0843933239560,0.511430312703,0.671524699918,0.532753674555
0.671229856772,0.557899154351,-0.301486612157,-0.950265036615,-3.45987533709,0.190048627479,0.755527566773,-0.963588162001,1.73187741777,1.23689994946,-2.66567215272,-1.35769348007,0.346914669200,-2.24905876402,-0.277772680949
0.331118815575,-1.09608297415,0.852643664822,2.78605422017,0.445801426058,1.01886114712,3.63682121453,2.31393138617,1.27335073313,3.45608197814,-3.11026335080,-5.07418663458,1.89867211437,-2.14333648847,1.30691292566
0.177253017382,0.550878444559,-0.0905278268490,-0.968674017470,0.360059994923,-1.63625443510,-0.165068430944,-1.22278032717,1.76757122882,-2.01851116202,-0.251120095049,6.16370716025,0.784429915427,0.775409051790,-1.57069931824
-0.395008250907,-1.05338226704,-0.266769875775,2.84667687157,-0.00765785804262,2.39218269276,-0.186817428652,0.00295034308974,1.29542825390,0.527008462092,1.85159854671,-0.429879749798,0.826089899605,0.697714439206,-0.674182010246
2.47579246494,0.956135677673,2.08403566728,-2.56821118388,-0.976862831868,0.0748731507911,2.31144823206,-0.121363894813,-3.83741951623,4.93313902941,-3.60753580348,0.670264189883,3.32491814636,-6.09392006718,0.585219249383
-0.443186635350,1.14850296286,-1.66642444051,-1.30669157181,1.19721816959,1.99018301439,1.65757714925,0.476810549581,2.16309440268,0.641537632698,-2.56829747198,2.02258924199,0.552385841876,-2.05366487887,-1.47773164653
-2.68404676470,0.988130683504,0.561797682529,-4.09292299043,-0.533018644637,-0.966559309890,-1.49693860621,-0.00611442475189,-1.88929506096,3.50197534866,0.0350288752723,1.95479914203,-1.54776817909,-1.85444926233,-0.406617163770
1.93073023270,1.33672153684,-0.473648213503,-3.52484220569,0.434079814206,-1.99807719321,0.681052405047,-0.112444608140,-0.125878071968,0.964166550300,-3.21897469656,1.81024210466,2.05963107564,0.837245116105,-2.28035594467
-2.56262835639,1.37611766154,-0.773614559095,1.51792048440,-4.36488460692,-1.83872183178,-2.27341210733,-0.403091342184,0.976744975701,-0.922434801478,5.19575249260,1.31096846155,2.26716818229,2.62935384430,-1.13399487853
-1.03141615735,0.168597160814,1.77821954810,-0.886414493790,-0.840033806110,0.130464218371,1.88206834194,2.67824653853,-0.546772697476,1.30294506273,-3.61784129178,-2.49925538545,0.408615957713,-1.16751183117,-0.0212242765956
0.280275006128,-0.108744513075,0.679423301938,-0.100469266951,1.13634916140,-2.15414534793,-0.637693203779,-0.683306227664,-2.00611535267,-0.569890035291,0.501206885699,3.67184716136,-2.60087349916,1.21962999372,-0.456434035876
1.67087807548,-0.192442517691,-0.439700568428,0.0379032124801,-1.21262117907,2.48499733872,2.22269859622,0.848476044813,1.25784574841,2.92341549428,-3.90784686267,-5.03792035246,-1.31403081211,-2.37706177013,-0.531648559032
-0.760230824196,-0.548882319455,-1.32460219778,-0.392955082772,0.712787797727,-0.00470846783062,-0.00260001101813,2.13830678254,1.76640182197,0.501760500650,1.81951923761,2.62657188573,0.245725359641,1.47411507850,1.92324648907
-3.21720138240,-0.00440149586795,-0.852131551408,0.821724227180,2.26698620606,0.290278635094,-0.744220368703,0.436842550493,-0.833496287652,-1.17432292110,1.00262144729,-1.52682523391,0.479798087152,-0.256886904675,1.49921457176
0.263327767684,1.11318346764,0.716525943924,-1.78836422991,-0.788707789069,-1.16467428463,-0.840210833749,0.975932190112,-0.734848232271,0.714109042799,3.10752569217,3.44013910981,4.78310251137,0.836826129798,-3.16482861496
0.0747557209008,0.121332476366,1.18429045755,1.05052082790,2.67511419793,-1.17864633315,-1.93097034337,-0.958846859361,-2.11964651318,-2.39692010452,2.37585332849,1.33477097790,2.75573646602,-1.35821147841,-0.237754532927
-0.974988433548,-0.0574680022027,-0.909954026627,-0.372487341883,-0.809475749761,-0.878695762008,-2.19154679860,-0.703976187406,-0.235630440160,-4.17883741753,1.11473547475,-2.62669547347,-1.02308794222,1.77725786667,-0.953952736118
-1.99069317498,0.530865938462,-1.23992529566,-1.14159592974,-1.25591378852,-0.264878074961,0.0408938561312,-1.77405631272,-1.74901469101,-1.13935313212,-0.343514178437,0.0998010618782,-0.685550316019,3.20225258104,-0.549269972428
0.0226062767998,1.61276239870,-2.06051824533,-0.286568268031,-0.645784329123,0.380646727844,-1.89961238730,0.459949547347,4.03863768325,-0.369987800965,3.09878881379,-1.04991347878,-0.0138861748814,4.01649445309,0.345346705545
-1.29295252124,0.693239987457,-0.582791891695,0.00916609931653,-0.212325640711,1.56537721741,2.13332485351,0.282908542071,0.518888011606,2.10600331178,-0.353160220374,0.174565606929,0.697359807896,-2.18863451225,-1.40318231639
1.44483577570,-1.53808446214,-0.703543376246,3.29753649253,-0.457099718802,0.677802500927,-1.47549148446,0.503139513473,-0.103950035811,-2.29737896817,3.49965279613,1.81962149014,0.344907984970,1.15855904286,-0.0402606780510
0.436637655117,0.741533682292,-0.771830122019,-0.723063479083,2.52804574785,-0.290267443332,0.701646640319,-1.10391461011,0.671582508272,-1.79901200755,-0.659568840428,2.76298370732,-0.876345261507,-0.195478660165,-0.226778682781
0.197369629941,-0.326024606790,-0.699663285137,0.986177161260,0.320154323902,3.27968294966,0.477220733135,-1.00026428281,0.930429075096,-2.90159750465,1.34836724043,-4.35906362836,-2.22681989819,2.10976218449,-2.47332832816
-1.61136483160,3.87108311001,-0.230138759373,-2.81459082017,1.37079464653,-1.83581973067,-0.162360971995,-0.0576100960004,-0.452507031257,-2.51923641568,-1.07671893127,3.98415747817,2.63968363826,1.26550155094,-1.62271140456
-1.44822911666,-1.09109768828,-0.804490844419,0.766146719511,2.37626580731,2.15155719201,-0.0394240290960,-1.20128602205,2.26318840292,0.765448474948,1.27899443942,-1.94486681868,3.70468104504,-0.347685742340,-0.00742580244521
-0.146337788776,0.962936644999,0.726021411586,-1.49058232030,-1.59082402598,-0.942465583709,0.949191406976,0.817758859233,-2.30296914212,1.07288272877,-2.40082490774,-0.300328324341,-0.0314956478796,-1.07648043784,0.192695098915
1.83941148941,0.137592109543,-0.263580226905,-1.33324353675,-1.08656659489,-0.297835865300,-0.960463541789,0.887617138976,-1.73817038198,2.48035296119,0.580860507633,-0.225754203214,2.22976927505,-0.460094825407,-1.78547373144
-1.55121444909,0.302725626370,-2.57858090096,0.176943589295,-1.22508598508,1.28022260372,-1.06321447484,1.95365045294,3.86378511481,0.112808049828,0.667119852599,-0.340192576123,0.550334498869,1.93026901271,0.814874333044
-0.134874828602,1.35295635351,-0.851551989551,0.237432476724,3.50844689139,0.946567419756,-0.812899555788,0.874831278908,-0.472252846093,0.00234410669304,2.51994760599,1.93273632963,-2.40370055128,2.53239330315,0.221102563842
-0.749850722071,1.40330283821,-2.06093471996,-0.838422661222,-0.0295535687063,-2.37885877094,0.356471605931,-2.40352098406,2.12025609074,-5.00805330628,-0.891603974615,0.582773657320,-0.161153965764,0.296677102207,-0.984353301825
-0.368892846008,2.00646590805,1.36811700021,-3.76963021622,-0.112997698538,-2.47296734300,1.35213674997,-1.00988823457,0.278052834761,-0.804848359487,-2.21995741112,2.44619326827,-1.70154629338,0.493662651592,-1.19728512676
0.0973013764876,1.20804420439,-0.797859848207,0.535837589679,-0.515166244628,1.06916379482,0.0339517760264,-2.21885510087,0.245949672954,-2.49499295378,-0.000662675167697,-0.258593998178,-0.461062521709,2.48711732283,-1.08244016309
0.298278794737,-0.679934091445,-0.611618137508,2.36266298248,-0.118974852578,0.846320019081,0.0752176358224,-1.03580964845,-1.71064487007,-1.65943249232,2.38806841398,-0.858444885992,-1.67027907429,3.21689209452,-1.02647162919
-1.35488470531,-2.56168915858,-0.0548381151989,2.09586135195,-0.212202789389,1.98733634731,1.53049432547,-0.983386422224,0.679150103273,6.67586243591,3.64099134445,-2.63074805321,-3.01841622986,-1.33084286509,0.600170893130
1.04340862281,0.528965185286,0.654096383108,-1.55867304312,-0.531806985977,-0.659070547191,0.397735264993,0.866221285721,-2.26038191907,0.674659606823,-0.807538681884,3.29733038248,0.768004837872,-3.17871649659,-0.667427491997
-0.543100265615,0.0103937253353,0.740663861345,1.24180739757,-2.11930484968,-1.34683016939,-0.794574664440,1.19641058334,-0.894117029825,1.53056527357,1.03473025292,1.55928876143,-2.89357946615,-0.603908475568,0.971516497446
2.89400904540,-1.21875967299,-0.455242639672,0.928715983084,-0.423076729603,0.704842187505,-0.572497278116,2.76521303492,1.49435071316,1.09380008972,-0.679828192333,-0.116525817980,-1.21502472228,1.30773878349,0.676112394777
0.268226592701,-0.644924944884,-1.31747200453,1.06065160032,1.87376368380,-0.244903296043,1.65380791559,-1.88577201755,-0.406573422679,-0.738992932799,-0.322728970352,0.262725813274,-3.04531504658,1.24363440634,0.895641224868
-0.0491777364388,0.0644704134864,0.529224183608,3.07913511908,2.18365787467,1.59464635598,0.0506407482549,-2.80237688092,-1.44495866059,-2.05584551698,1.10261272676,-2.05116143630,2.74818659112,0.636567067497,-0.415577139948
-2.53217342690,0.323650811956,-0.580784247099,-1.31756701417,-2.91018125347,-0.874839584299,0.932871198055,-1.50347522912,0.254138163969,0.237884997680,-0.813087182211,-0.935269621738,0.376558686031,-1.47036681156,0.506222440978
-1.53221032999,-0.00542142769852,2.35391310680,0.101033701686,1.59108479882,0.252350202569,-1.13981464721,-0.0148066546945,-2.60860034243,-2.22149247418,1.04818762655,-4.03632255506,0.456316764145,1.12166743054,-1.89437403098
-1.34576937730,0.421549064817,-0.410975977998,-2.37877490058,1.03957114832,0.929544894670,-0.785173113998,-1.79305325956,-0.309084200739,-2.26386624135,-4.09058644432,1.56311934266,-3.78755823055,-2.00194516453,2.04294184840
-2.62238272154,-0.811347708210,-2.23928048055,-0.250805569123,1.39048174067,0.893427024161,-0.445641097243,0.823516476752,3.29169503520,1.49266035550,1.74782085958,-1.62856280260,-2.79707139645,0.544262428082,0.883290040232
-1.76049780660,0.470406710017,-0.450654608920,-0.602390148692,1.18226022822,-0.725835726022,-1.69045531759,-1.38859403440,0.272748060374,1.06062468919,1.71109545991,-1.16450461781,-2.67363376472,-0.983143584766,-1.66119939869
0.0278380804140,1.19410616895,0.0201424934939,-2.75957822679,-1.67248614086,-1.81407907130,-1.92249373851,3.15136880565,-0.658092877089,4.21126434645,2.60698660423,1.65429395027,2.44066442648,-1.11504775863,-0.558981506851
0.433443566508,-0.402539666250,0.0824173145746,-1.19339090623,-1.92333975008,-2.49304187062,2.42688591923,-0.0191218065585,2.00840329417,1.17382752194,-4.97137561036,-0.0558830253037,-1.53972851738,-1.15685909187,-0.139919780310
-0.263274430434,1.01145230591,-1.63933494183,-0.0984722185636,2.63935555621,1.44664239212,0.957981345413,-1.51046254364,1.71808748665,-1.79648646131,1.80291725539,-1.60315308917,-0.118565406402,-0.923907987963,-2.63834290877
-2.26254542176,-0.314084006200,1.06883006630,0.560016477645,2.18159032650,-1.23629143958,-0.469640418925,-2.15242550240,-1.82214647803,-4.49839670173,-0.743759755796,1.03059365185,2.75881153290,1.76825588876,0.315315708790
0.654705475331,0.141990155814,-1.02692137859,-0.690997546314,0.262613338274,2.93581418852,1.08313743079,-0.269049576120,0.480015694410,-2.03800907358,-1.19772447438,-2.93296220363,-2.86317786270,-0.532070004886,1.59623692573
-1.84680994865,-0.582741133468,-1.25736765993,0.140512322971,1.03828470958,0.357438671007,0.266029288024,-1.06711828428,-0.828867695483,-2.38691273039,-0.720740917248,-0.697943295271,0.317222537628,2.20245297731,-0.526649379398
0.990589352359,-0.262461066818,2.52734357520,2.01660954956,0.615766970672,1.75210831663,0.173718790066,-0.585869826465,-2.81180036721,0.321164301500,1.86992527260,-2.10876563561,-0.397405934952,-0.633075928499,-0.00594104722328
-3.15247021470,-1.65068244577,1.63771562856,-0.123872705323,-0.167721731316,1.14493314692,-0.661210003910,-0.372306030345,1.86113583642,2.48284224633,0.825682207831,-0.597740602678,0.350281231543,-0.125117976359,1.64765504832
-1.12830167724,0.413234179205,2.35582374052,-1.56500067931,0.204390573437,-1.61604057887,0.587457934934,-1.54242286775,-0.865194183498,-4.06935315260,-5.22370895275,2.91400502662,-0.00972413602927,1.58195367963,-0.575043524196
-0.416067611997,0.0426347087246,-0.0675147594767,-3.22270357583,2.44271467573,0.779095177131,-0.498477135640,1.48802832529,-1.67972803172,-0.419075675508,-2.05038414307,-2.11312461344,-0.551555077982,-1.70046176834,-0.424300324374
0.0853204621749,0.743282876537,0.827656778535,-0.332438014036,-2.48090878186,-0.306867319109,-2.78943071059,1.56170605108,2.24533523291,2.43790994075,4.04136964490,4.31090930484,1.50603540736,0.291554284838,0.705767912140
-1.41378721491,0.733096615113,-1.28595558063,-2.00447663039,0.952487988060,0.0607665421019,2.38679272136,-0.332284552703,3.83263799295,2.14992186412,-2.03675520624,-0.713542921015,-0.278835885001,-2.78396045637,1.06141603022
-0.533137882625,-0.253853837274,0.621982024561,0.0261824660818,-1.19772244131,1.69152944597,0.614198091450,-0.796707743672,0.439341448181,1.89156428675,1.34729757719,-1.97278518728,-0.677910443329,-0.384200293741,1.98538442327
2.49378698343,-1.26438855119,-0.0254242544810,1.94783208095,-0.0763436858449,1.64835741208,0.963662952556,1.93570241966,-1.13453354438,3.62176875132,-2.25512983493,-0.607224583575,0.314591192755,-2.12153692726,0.267743792729
2.04326781043,-0.959039974253,1.27122854523,-1.39599384647,0.326209586839,1.83552042198,2.29586115868,-2.01265391968,2.62337818484,3.72470851980,-2.58476729527,-3.74948246673,-1.10470649357,-0.281645640345,0.397584214920
-1.43766753876,1.27212801156,-2.31366115767,0.415527725463,0.708510721924,-0.421708685318,1.58757347307,-2.94405241129,4.24254816025,-3.67526164833,-1.83894316179,-1.25792760130,-2.36156416704,0.869366004869,-1.60375148440
3.88360231644,-0.826836597423,1.40394135616,0.268641595112,2.20570891007,1.37666852930,-0.573355923628,-0.496940719065,-4.41434949608,0.872499843635,1.40228164756,-1.64411690586,2.63700278533,0.505012807910,1.98815616983
-1.12778819885,1.01797482060,0.608531946103,-0.0642626707132,0.0347891365862,-0.0360526022798,0.0649482853946,0.102324016251,0.552884467911,-0.452096363374,-0.152191107726,4.13094703039,1.09582083225,2.74017915639,-0.969667536189
-0.200108906374,-1.27832225133,0.995175677059,0.901681927602,-0.510741933133,0.177825403207,-0.317155809023,-0.687148467171,-1.60396430883,-1.28457221739,2.14067543070,0.170775489716,0.183318947015,1.38082180456,-1.55774083880
1.46199472560,0.0922710472684,-0.133894360835,1.86772138148,-1.31235120236,0.424293817523,-1.01536138345,-0.797610589142,-0.326772768428,-0.185456143894,2.66846129643,0.150678844203,0.319044088775,3.79300738085,-0.728864404885
0.382622498370,-0.491357233811,-0.164896352367,-2.50184839221,-0.588603192193,-0.991502185782,0.316606631687,1.12458585306,1.77580140260,5.69089267235,-3.84710622545,2.02410745729,-0.167586874930,-3.10119834184,-0.221943668093
-0.648710439563,-0.883406301961,0.237374974753,-0.273822160087,1.29033788794,0.461895242907,-0.247234514084,0.616143580607,-0.319526720761,-0.598318255002,2.42177832241,0.649573643885,0.323322367555,2.23637549809,-0.129350192730
1.51541916736,0.121318008341,-1.02599193488,0.233414380860,-0.208080371052,0.880307720449,1.94997097564,1.33818406342,-0.528418904856,1.35740471867,-1.09793111918,0.300345495445,-3.29419267539,-1.63838433490,0.0423915461627
-0.509175613254,2.20741095616,0.433952009223,-1.27535629615,-1.20932181757,-2.81566217923,-1.45880560740,1.06113217372,0.481517610574,-2.95120945771,-1.60195859625,2.28153180992,2.90798522090,0.332663792386,-0.0261462556890
1.58590566065,-1.35350717448,0.362229479525,1.37630544822,0.162679690304,-0.00735908548874,-1.57795915032,1.78622878453,-0.156219129810,2.71215762994,4.75680281892,1.03080165524,-0.468810542715,2.44071149058,-1.17272545964
-1.45433473267,-2.26914352892,0.501698617887,1.10522218049,-1.97573624202,-0.336364530977,0.409330951194,-0.422685315208,-1.71996801480,0.550201678535,3.28399869095,-1.95312409266,-1.61204207970,-1.22482353139,-0.151209879949
-1.71483151600,-0.292039389191,-2.02089504536,1.58354583663,0.441989473906,-0.242445473866,2.25644111824,-2.47608552101,1.21761161711,-1.73533326751,-1.56043688128,-0.137559281198,-0.528231388634,-1.14301686578,-0.374025284648
-1.47949584723,-1.61067204990,1.10827819920,1.65203945303,1.44414284812,1.85360930552,-1.16595485010,1.77180990308,1.76538974407,2.18015711710,0.478962689091,-3.12763017311,3.26817489065,0.544630198541,-1.07228750438
-1.99130751947,1.07175620358,2.37090166414,0.492771326452,-0.405789653779,-1.01085893382,-2.96063751738,-0.260035338852,-0.116605829396,-0.452566899544,5.40676601999,1.67691508174,-0.346542484757,-1.12344066709,-0.345659066204
-0.597268552617,-0.816547187474,0.467961780450,0.647887428375,-1.13511887598,-0.143310331114,-1.82643334088,-0.252639630143,-0.498604903457,1.04719699774,0.575252161612,-1.59947970594,-0.109901140320,-2.73725183118,-1.33552079705
-0.0609696169860,0.502132748531,0.0112055874074,-2.48283320158,-0.780084304530,-1.83240585506,-5.39618070486,1.01606011451,-0.935452948039,-3.39683955938,2.54319416230,0.656806300272,2.43598954073,1.67557529006,-1.76947324594
-0.0940356957301,0.135988852853,-0.368888649662,0.512249551061,0.737505579937,-1.05155068499,2.47100403473,-2.01319380814,1.21303389727,-3.82986256055,-5.90380359969,-0.881364802354,-2.88991812516,-0.746513373567,-1.65254696450
0.107514537149,-0.333018917711,2.56194771021,0.219019253969,-3.27520793188,-0.516621218720,-2.93537779742,2.79336513699,2.06256942067,0.799010016221,1.11299288511,0.560277612248,-0.0237296154823,1.04467259953,-0.800861477681
1.27723657451,0.415828045639,-1.87510988438,-2.11048075400,-0.376742837825,0.194209946135,-0.806853783141,-1.30413584540,3.50886976498,-3.02198679680,-2.10412063492,0.168512592232,0.464639031160,-0.614906816408,0.533282612386
-0.686844637717,-2.24710925186,-1.85844288799,3.02338125974,-0.406966586237,1.25008393451,2.12575394949,0.501880196838,0.0750783852644,0.642473733292,1.55125729066,-2.85699987484,0.124624365248,-0.0525445308760,-0.126609129528
-0.0113600768557,0.443358007751,0.00223455177384,0.451573673522,0.940929789608,0.0869680339963,-3.03377297854,0.585417390159,-0.0558769804911,0.837343874719,1.95595640956,-2.02233347656,1.89082439999,-1.48742671213,-1.61066041460
1.62285447777,1.80749308004,-0.829018077041,-2.08335515612,0.0147905422016,-0.908709954386,1.84437767732,0.336120699095,1.94542759141,-2.25819579826,-3.77637184418,2.03880125106,0.344515470418,-3.64703041928,1.45244692089
0.842665265661,0.853455399103,1.79439418872,-1.25761462985,0.116838617344,0.106844565230,0.0342552621118,1.30343215089,-0.883453527791,-1.66712257864,0.890264720150,1.81494896384,-0.307153772608,-0.192052626404,-0.608706325493
-0.846349893365,-0.908498619859,0.469929369021,0.611106732284,0.962079279073,0.328793202306,3.48730371186,0.998560605009,-0.858105138554,-1.02199121624,-0.594926522129,1.54693519136,0.0864524554288,-0.703143802137,-2.45716197814
-2.74329576630,1.67091838596,0.269789058813,-2.87077084399,0.933642248415,0.444332808843,-2.64626365608,-1.20184339929,-2.06249353738,-0.386288193815,-0.213995876657,1.65575230278,-0.352322752499,-0.937008778054,-1.08141658923
1.52802231598,0.390195070000,0.599264596153,-1.08244186109,0.629718266056,-2.25091264274,-0.582206663851,-1.51156237526,-1.53845316590,-2.83191621736,0.131586299578,1.04507083150,0.802981378403,-0.626488226713,-0.565373712573
0.538538876767,0.907005089592,-0.922328551465,1.42558542762,2.11516299075,-0.685214638561,1.27675080089,-1.30533145495,1.01387970051,-1.23404937854,-1.06211968150,2.74975612416,-0.0647074308358,-0.278216467963,-1.09815322713
0.412955518975,-0.763936052550,1.53897467064,0.819572015810,1.90091690417,0.309086204434,-1.47663758185,-0.512898382591,-1.59112064568,0.0173239239936,-0.147902553309,1.93298065238,-3.47628311511,1.98400922604,-0.200793255593
-1.78314674399,1.94103381784,0.242454667042,-2.72809073103,2.02687334661,-1.64717612804,0.0447497359729,0.277053526305,-1.24355709448,1.83397333231,-3.66900053109,1.03321740373,2.89130425954,-2.80930010232,-0.854605833128
1.94594618164,-1.45580096780,-0.179654356350,1.63665528926,2.00860773950,0.261536615234,0.426418945988,0.178056339533,-0.252504865151,1.56211920097,-1.35984679765,1.27634851140,-0.211821447398,-0.120618944865,1.50415881024
-1.15599881149,-0.774476812204,0.307371016670,1.16632901657,-2.02978688081,-0.643600479254,-2.48269162130,2.01923305297,0.597655871300,1.75703116600,3.37783170799,-0.609627828423,3.09085504036,0.447908666251,1.36236883381
-0.646946794475,2.70817136531,-0.0572468003622,-4.43419115179,-0.991508021188,-2.41843247016,-0.606863904952,2.77827464628,-0.738745280658,3.95258885256,-1.89002403573,3.09448353790,-1.08612271569,-2.86735859693,-1.31930616089
0.209310773386,-0.250828275024,-0.691706739176,-2.17554478387,2.58141063224,-0.193922160879,-0.733862565424,-2.25685307172,0.460954886435,-4.65190427573,-2.08668867345,-1.91841464980,1.07504249622,2.90089515250,0.798344595409
-0.696196750673,-1.81223522810,-1.28526604783,1.53077353865,2.41251230618,0.505803482264,0.448053288002,0.362459714109,2.20429663447,3.91659234957,-0.371373349390,-3.36230112443,0.488312979209,-0.798255895444,0.259835283285
-0.517386472256,0.686869554409,-0.285335940877,0.267665705319,-3.00763358695,0.234653832398,1.13580146719,-0.469167769629,-2.04360141505,-3.22646151152,1.01663069762,0.470353800388,-0.997092575533,1.50275798043,-1.56178926771
0.401924564433,-1.83228726675,-0.246006812653,2.19220497729,-0.797199244608,0.364313361973,-3.38006833643,0.557250671800,1.73932405050,-0.803907205875,5.13471245405,-0.00201286452065,3.43140055104,1.23547326039,-0.566981449423
1.23446674274,0.999062669186,0.605553720495,0.621081212553,-1.02895416184,1.49401023112,-1.68667242253,0.289344598569,-1.08108059519,2.37890292371,0.524387491787,0.922934042510,0.135492139981,-0.157631072051,0.831337182238
-0.0774158072111,-0.00925097532451,-0.899318850955,-1.06837545355,-1.89085957842,-1.43665508110,3.28555546938,-1.11914552005,0.692465570018,-0.617909682628,-3.50322314822,0.665094103553,-1.97502126558,-0.399358268575,-0.894474747411
0.805138552715,1.32960434211,3.06452900200,-1.63726222163,-0.364799420387,0.180765597650,-2.29569895929,-2.22389356249,-4.46341921980,-6.76940249744,1.41929072703,-0.0214825378936,2.19020821773,1.74395132791,-0.526130630939
-2.16564927230,0.493771690246,1.71739214609,-0.257832283195,-2.34104733773,2.21812502119,-0.358464655508,1.16207244809,0.291739410638,-3.40560601338,-1.21434075263,-2.06594889957,1.62845368662,0.382791332289,-0.0261405180673
1.41677061451,1.60976332990,-1.72722596988,-2.05317263794,3.06231957627,-0.493272292093,0.700050848188,-0.655333808696,2.73414897391,-0.920187083535,-1.82354736412,-0.557665404805,1.19380279429,0.0602594815467,-0.911746741103
-1.18461611080,-0.0616822264694,-0.664597812730,0.104697249552,0.162055100496,-0.266059540170,-2.50490562536,0.912511385487,-0.479422441506,2.12574861691,3.11699342431,0.843659239914,1.60388838677,-1.05814570193,-0.506635244640
3.48285700011,-0.254109670689,-0.770456663081,-0.792849182413,-1.09365872430,0.798864211110,-1.50453070841,1.16677280350,-0.260639393252,2.02636470217,1.99525777604,0.593383804567,1.00921711783,-0.824026503438,0.164254187466
-1.44378664425,-0.832675226345,-0.760253495312,-0.580084914195,1.46846131625,1.06446949817,-2.70054885402,1.11854998098,-0.837841722833,-1.38958219229,2.86825607531,-3.05775791355,0.866041335048,0.333039356594,2.35293787258
1.46556806372,-0.570457326040,-1.04144023454,0.0656633015169,-0.724083910710,-1.96387360037,1.18862902416,0.793469436335,0.729234442468,-1.21604688633,-2.00937912590,1.54652897161,-2.47006472350,1.05100033385,-1.77524989246
-1.23211911108,-0.323717684291,-0.364862737550,1.39251303058,-0.744527860557,-1.37408029110,-1.81407449139,-1.73270270143,3.67615685119,-4.17253624586,3.51593106099,2.52695152231,0.0738380838657,4.58186064377,-1.39464130618
2.04645374791,-1.42896761161,1.49924558625,-1.49044279548,-0.609309392833,3.08482856186,1.14304018439,-1.70863202410,-1.94787070297,-4.53859365354,-2.04877894700,-3.01848464876,-0.821579280105,1.45470878439,0.160049850880
3.08036518763,-2.34494834135,2.05160563959,2.75461419262,-0.878459233527,0.114297522637,0.753401082825,-0.330712836917,-1.43297565576,0.0381318265720,-0.638192399045,-2.11819907787,1.48078849127,-1.51934987253,1.32924348452
1.89672077318,-0.422346598853,-0.930231377030,-1.12521679225,-0.889261627722,-1.29995501526,-0.0659959578849,0.469519096697,0.738163491583,0.711447653426,-1.14478601817,2.45642493725,-2.54068226900,1.48163912508,1.74441144747
-0.960846341835,0.507310162898,-1.47867295684,0.572750198432,3.66559041988,2.56671989352,-2.10841599386,0.360748094756,1.79801538423,-2.70071712509,3.84635063926,-3.58732169537,-1.21867342224,2.04928135075,2.10727826889
1.86624955914,0.958447216795,-1.72719929050,-1.39250179674,2.07817363266,0.180772661926,0.673492140210,-3.66148483525,2.58974459011,-5.28965522689,1.60165306715,-0.379691368163,1.09621120019,2.40882210103,0.385234530108
1.60861721218,1.24583241332,-1.56506670119,-0.874526438584,0.590682876721,0.0686680481683,1.11234478711,-1.16795883440,1.48211883975,-4.05907437866,-1.17687452840,-1.42676774426,-2.37181521987,0.618649189556,1.11181906279
-0.502302670445,-1.01230016390,-0.788491753814,-0.00862935309781,-0.199041347016,1.69032042101,-0.910155853329,0.760023784661,-0.799312479073,0.870416898689,-0.651552494284,-2.14540963706,1.32441553505,0.0649675199201,2.85681759802
-2.69572401634,-0.519055408837,0.0270759876475,-1.49036354325,-0.375551263880,-0.195038577521,1.00931080027,2.06894366822,-0.346971956284,2.85054681158,-2.36763692603,2.70662875672,-0.757287805624,-1.22856909570,-0.829994306181
-2.12167488903,-1.72600551390,-0.0698199285171,-0.277327818728,-2.65808519844,2.21224229091,-0.956149830891,-0.788038198136,-0.977085181721,-2.08790022977,2.68318801415,-3.16440696903,0.313951280755,0.785125421433,0.357086507856
0.300125227221,-2.73179865924,0.725309033024,0.462322227536,-1.03134569143,1.28841283244,-0.347285479820,0.807796610401,0.914868747958,-1.22413182114,1.24286068744,-3.15259214787,1.05657929644,3.85348601174,1.17925872869
-1.20065522514,-0.855771179291,0.472761123732,2.14849875013,-2.24264992971,1.10520191963,-0.693416209710,3.06490535048,-3.72438082064,2.95106775190,2.72120315063,0.0227902156682,0.0279541044892,-0.854738599009,0.657114431726
-0.205979074693,-1.62731049168,0.655949150172,0.722856537474,-1.59874526182,0.686615906989,-2.84712096457,-0.111469943229,-1.48624202523,-0.948685843145,4.73093465230,-0.113899919011,-0.781984296142,3.81110782818,0.290239026857
-2.20178417442,-1.13569609143,0.280447001032,-0.0966102562937,-0.204576772886,-0.292443242739,2.42989211187,-0.677110703423,-1.09259320215,0.240394812662,-2.04986471609,-0.139693454862,-2.91730315099,0.403945563439,-0.398764628788
0.207136870751,0.661672780021,2.63550550365,-0.391965089567,-0.459122646628,-0.258025174029,-0.854125302198,-3.49842875016,-5.25128360585,-4.71519108256,0.937929707964,2.47915517573,-0.152727597743,5.40809454723,-3.10030999591
-0.421444514988,0.0349331768743,2.76953999754,-0.247540936440,-0.194065196588,-1.30778753991,-0.445925259554,0.622224976695,-1.94691657352,1.17726860678,0.979238436786,1.12651158345,-1.12906465550,-1.80160059346,-0.864468140972
1.58731202630,-1.71704103827,0.769364608374,0.940757211893,1.81100970999,1.87264654513,-0.467411194345,0.489396337564,0.441535386669,-0.151324871985,1.36983066935,-1.16673840904,0.369566214034,-0.582093867468,-1.23087825263
-0.744694079712,1.25232946644,-2.90372809653,0.357092375199,2.28694051949,-0.191785492003,2.08200514485,1.70911888735,2.60125552912,0.408612655829,-1.55663238157,1.32860746912,2.36855982339,-3.34849334803,-1.90512010055
-1.42197891697,0.851417075552,0.0962065664000,2.28332790523,-0.781598776227,-1.03066721321,-1.53214899507,0.986690929712,-2.67613136469,1.76211452577,2.69627700659,0.645535660383,-0.256225961438,0.386814213487,1.17008927402
-1.64200367952,-0.232545734208,-1.37299653056,-0.0361441270045,1.41073876504,0.732995966586,0.158938823686,-2.05400072685,1.11124320320,-2.21027841100,1.82072440396,0.705017560736,0.946323990333,-0.445395101266,0.734348687359
1.47922198675,-0.0936545192688,0.496699516832,1.40556008067,1.67903681109,-1.02091765383,3.09077193521,0.0702991406516,0.712454257538,-2.21235409439,-1.99878469647,0.726576496515,-2.24364781523,1.03004031593,0.922741794488
-2.85557480577,-1.34942380969,1.57849167480,1.06191593980,2.54796431605,1.27155943521,-1.99905672238,-1.79138149761,1.39447967883,-2.07286640036,2.78946998245,0.225701702075,-1.21934339111,4.68532542026,2.84103346693
2.50431852836,-0.607362328680,2.07421455264,1.63692597909,-3.49999497404,-0.0215674931115,2.41592746400,0.245566472503,-0.682333906597,1.53490372318,-0.651833462736,1.50530289681,-2.28677877826,1.06704761637,-1.26586142719
1.21795702001,1.02246800987,0.365187656491,-0.133149519420,2.31863670890,-1.27967616467,-3.40126622559,-0.551577288989,1.94051623331,1.78411980178,4.44054434927,1.32803283507,1.00762014802,1.79738728424,0.212862364913
0.803787454539,-0.340738570897,0.583012794511,2.18475399813,0.451725713222,-0.939933480101,0.560228994258,-0.967996077469,1.41323680452,1.75345576216,3.23050982442,1.23798039437,-2.08620766279,2.10140125601,0.900971606114
-2.11625612870,-0.181498750856,0.438247336760,1.50145248739,0.411338022766,0.0596614602808,0.117794007141,-3.38433143919,-1.42400140785,-0.786979685415,1.39644906973,-4.01621122737,-0.580875306274,1.28888719818,-0.510712866473
-0.643260097256,0.380084996414,1.86710526993,-2.28382069409,-1.50128382437,-0.926114096230,-1.57446974420,1.39682685996,-3.12140641473,-0.863003612588,0.976506607455,2.33489938385,1.19680087166,0.772841794366,-1.00424196982
0.230283270215,-0.126476418684,-1.85004429400,-0.451807170853,1.44612644654,-0.798707935805,-2.89045065049,-1.09769346658,-2.19993388224,-3.57957588455,1.72269947097,-0.367080863397,-0.819966914390,2.34533803329,-0.858579638864
-1.20935922526,-0.134573564501,1.68784032630,0.846251982252,-0.433147002361,-0.834580929227,-1.58210541258,0.0605934857583,1.08350956081,0.600210421613,3.04163013537,0.983234449662,-0.376229475451,-0.591772668608,-0.223567737382
0.945285059584,2.12582236996,-0.856759393640,-0.367512985359,-1.76556976470,0.161258104436,-0.614883590356,0.622907378201,2.63677845194,-1.38771224615,2.09613197703,-0.666183612961,-2.14336838770,3.97016985155,-1.62290534999
1.74150627262,-0.851933804337,-1.68350226364,-1.85693691983,-0.957137312924,-2.02797681984,0.830123949975,-1.22342900667,-1.18902681471,-0.768681327075,-3.67368372916,4.26648062625,2.61137889835,-1.76811879846,1.34063456596
1.02174809223,0.788087187787,-0.617551837433,0.348570757451,0.870414693699,1.39004094356,3.25168545571,1.87479180556,-2.13559739245,3.63484353293,-2.14738131871,-1.42840579554,1.46889283312,-0.0935457353755,-0.183816337463
1.22777319155,0.553536879083,-0.670264862832,-1.45987491664,-1.14177438155,-0.0309323552149,0.497424589095,1.06479033795,-2.34888219020,2.70891135609,1.04601382997,0.999944545459,-0.480598272806,-0.0109204450711,-1.59834653872
0.777281084135,0.257469363283,-0.924405567702,-0.352053452002,-0.0675290850407,-0.195755108402,0.370505741500,3.06397906833,0.475613844559,5.37877259575,-0.0932298075242,-3.30682217654,1.14207647846,-0.354239072473,-0.726859922757
0.0757612120249,-1.74368911123,0.647433059778,0.499443548463,1.71677994275,1.38408923895,1.18379498358,-0.583534088521,-0.234160773046,2.47582227973,-1.56201628886,0.153635405358,0.950085278818,-2.43382708694,-0.619801099436
-1.28982924869,-0.715841525374,-0.593279731601,0.921157589662,-0.232306686877,2.02814119955,-3.25445912228,1.48535872870,-1.31515584971,-1.50568410065,7.66410257604,0.414252543623,-0.353312824960,2.48201455601,1.33820822161
1.44659739841,1.81660140624,1.05683514994,-0.702998935819,0.237957161004,-1.00672720549,0.126737526171,-1.95732586256,-1.16190756486,-0.970956435731,-2.16363593517,1.20984839139,-0.646387640430,-0.286318913491,0.610677928759
1.37035897673,3.07914781425,0.155014333239,-2.54460865701,-0.00332303367288,-0.390706555767,-2.27831899279,-0.325523755892,-0.545264502721,-2.18301173427,2.12741757367,0.558772300369,0.784115476817,0.299942864116,-0.794967625813
-0.281555223006,-1.13761770587,-0.631684980139,-2.11344461620,0.469803633237,-0.736156453891,3.82343667371,-0.672006275379,1.50784003289,-0.0466888114229,-5.61187080591,2.48287937943,-3.49322423620,1.68651268533,-1.63145010802
0.931684615151,0.929673062277,-0.824609568978,-1.46352160702,0.354294042212,-0.390279951256,-0.477920780088,-0.524559131042,-0.790875400602,-3.10928819137,-1.21091436273,1.27419834047,-0.673782633567,3.79724141634,1.11325220849
0.229039811845,0.486892568989,-0.825329500362,3.15057956171,0.573245183602,-1.44041703723,-1.85380164449,-2.96543244801,1.54743867135,-1.95711489579,3.76611998778,-0.00627355534906,1.49484908144,0.777362583599,-2.19809784645
1.05000718262,0.162565210396,-0.554320339165,1.99034283140,0.00662450014039,0.449706691898,-1.92192518178,0.189751927349,2.07332562727,-2.66470389297,3.55184643280,-1.13082404721,1.43799222151,0.770021824542,-0.290425532301
2.49231480780,0.937362974576,1.04804660820,-1.91120636226,-1.02318016869,-3.86712145816,-0.689554435012,0.211405086028,-0.249920386006,2.84134544723,0.447269816065,4.45385221290,-2.22236491359,-0.875996583273,-1.67718018271
1.05759560380,-0.343231572510,0.384161439958,0.748949557524,1.87251099542,0.677961590328,0.318501555535,-1.41369868700,0.171192958670,0.751310195030,-0.994117944076,0.647294798034,-1.52726374043,-1.85972328747,-1.07994526699
0.681305463632,-0.182851360506,-0.173264169324,-0.0575933870112,-2.30231763584,3.06085904802,0.471051037028,-0.992531944525,-0.647223087001,0.864065744616,-1.10103600283,-5.64132239027,-1.38920092025,-1.31452128002,0.0649466475540
1.44594994752,0.380353230430,0.949917683726,1.71177210278,1.25450931578,-0.216566589523,-0.812712774267,-1.41734134081,-0.733543754955,-0.793739653509,0.310751195373,-0.470153427718,-0.665357066622,0.445437582444,0.548375881704
-1.27657855422,0.787612843290,1.10168244745,-2.05568959427,1.17880976486,-0.426368567852,2.82836177122,1.41763512175,0.114471123961,0.728131656479,-5.17409597994,0.728906693135,0.485216460588,-1.51543317780,1.41314467262
0.654508177904,0.325980433657,-0.744539065340,-2.01168965176,-1.59788306039,-0.0661923193332,-1.01566018202,0.344980580976,-0.449096805493,0.393868262251,0.00974588437537,0.535287395911,-0.819574737697,0.260564356571,1.83527098174
2.60698866489,-1.59162038244,-1.87000487528,-0.00845414379196,1.83890493838,-0.436925672198,-1.42909849607,-0.179787183082,2.64606976521,-1.06705416622,1.87419564143,-0.583948298498,-1.41056850589,2.60410965702,1.09270611315
1.20919830263,-1.02756397947,-1.25724156624,3.01551521996,-0.352830399042,-1.21907485825,1.13237241094,0.242863886913,0.175229118845,1.19487252416,3.14432315557,-0.901162597053,-0.0501673546923,0.279459935468,-0.471861468004
0.106570848319,1.61739881578,0.351796642808,-0.708649388006,0.875472315686,-0.762760629081,-1.28418033120,-0.316832686453,-0.629741057102,-3.46295679619,1.31748373474,-1.40096631156,-0.124429360986,1.84032220543,-0.105603545420
1.23892301206,0.126813918868,-0.308028737983,-0.0679874103212,-1.34422352461,2.32906761313,2.30624383147,-0.452675831290,1.76811696760,1.49449087441,-2.28835277842,-2.05587995012,-1.92393842777,-1.45369373865,2.02500528148
1.61889173133,0.809341661702,0.133225517166,-0.147339491063,0.298558627963,-1.17489650553,1.32449597948,0.294634097723,0.0468672280845,2.26241570249,-3.99115090866,1.66446223686,1.49590617669,-3.36795982952,-1.98403343301
-0.149524620085,-0.374216168551,0.136169767904,1.87422449226,-0.547695822889,-0.280254026996,3.91969952541,0.278624717507,-2.36356678846,2.63934086813,-0.759631299962,0.185490318446,-1.38633150596,-1.75541979206,1.31617588421
-1.85588261572,0.582519183254,0.131570746196,1.25557689908,-2.84262040600,-0.686285775667,-2.88600476855,-0.788061380111,-0.547461934290,0.733807070288,5.44591233397,0.310139599363,0.498311554870,2.06694933252,0.502723016751
-0.359513360343,1.13933325195,0.0550968867588,-1.42884207814,-0.713874754259,-1.89539511026,0.429840545441,1.29233031768,2.20441415959,-0.452773148404,-0.826903760018,1.36771948241,1.80544953451,-2.08084660776,-1.53730506601
-1.00346226019,0.567032180010,-0.673586237780,-2.80154488138,0.940796843900,-2.11873184527,-1.35856924124,-0.138635688983,1.52134921590,-2.17808526107,-2.04084385481,2.29181694100,-2.25498121420,1.09295847560,-0.575068193142
-1.13942142226,1.03212338116,-2.42567145298,-1.21940798006,0.259520388935,0.261680656308,-2.17404062228,-0.732542306247,1.08808766007,-0.503548850729,2.13203145517,-1.25121439777,-1.87222992823,0.441677978444,-0.636617002330
1.37397110935,2.35175706187,-0.854604021958,-2.85599852537,-0.976102922213,0.719395100807,0.711945530378,-2.34019397482,0.253923017689,-3.54265990743,-2.99430356846,1.91741198281,0.00546978748804,-0.723232083958,-1.39392866516
1.64833124715,-0.398140808377,0.0847487504853,-1.68306300674,-0.595611472183,-0.512976492465,1.52157271787,-0.207044105412,-1.30671456237,3.52217116918,-1.13144283231,-0.621978026490,-3.22633410114,-3.66022307708,0.295952816175
0.0372411525433,0.857128893876,-0.770764180640,-1.41084680368,1.07401545283,-0.207121235207,1.83037244570,-1.21062717713,0.297028384868,0.424039056654,-3.24371554591,0.0341662699461,-1.14281231407,0.174340072672,-0.787857982024
1.37522975685,1.18069701962,0.546409271708,1.54027095862,-1.74483085200,-3.11283353060,1.84040105252,0.250239577118,0.272029220983,0.113163576371,-1.44176561667,0.00829728363206,-4.47222913982,-0.934963996598,-1.55646893289
2.21155050215,-0.778138260035,-2.01797781437,1.08182510055,0.854280046172,0.783317721785,-0.503715765722,1.17219948867,3.72012607444,1.69014703531,0.289804067185,-0.822040075269,-2.73119435846,-2.42025857015,-0.347974925658
1.22370756078,1.15420527181,-0.599601924945,-0.748227486493,0.0914240108354,0.524784267361,1.11151902463,-1.71863396219,0.197119169790,-3.73685022025,-2.51656286053,-0.0818161380076,-2.10169384655,0.829070518210,0.926869034483
0.229780715782,0.669932194496,0.507396877066,-0.152719459519,-0.0234143925165,-0.531597563957,0.678525116493,-0.925164570116,-0.717098195128,-2.72932865645,-1.54006152358,-0.344547840444,-1.51145412897,2.24008913965,1.10159000540
0.275928300663,-1.22543244138,0.462393144551,2.64218568960,-2.33291495969,2.75822233406,-2.97484754906,1.73178564141,-1.25702067152,3.05557353839,3.40312741104,-2.79263918012,2.00388299681,1.41432053084,0.248708987162
-0.275605077672,-0.840916220031,0.539999689225,1.65461475712,-1.58112646156,-0.350555716926,-1.18052433628,1.71874758191,0.787190857036,2.18444108640,2.51410133151,-0.0984634326057,3.99333500026,-2.15800669919,1.04335523702
3.96282682853,0.552217828284,-1.54654062564,0.330671850899,2.60904447351,-0.908736955595,1.62366965045,-5.02520181199,0.0748544595373,-6.81515390072,-2.88334747152,-1.33060582862,1.12147587463,0.722409370308,-0.744375017371
-1.51929536628,0.563906277066,0.284755875014,-0.809549611114,-2.33556478391,-0.344849117514,-0.757409825170,2.42257437682,-1.23465798607,4.28035121614,-0.913932318165,-2.05975338230,-2.77973495685,-2.13368564287,-0.169932375254
-0.843265885019,-1.23320683600,0.807797944882,1.04147939051,1.13409359882,0.301652677118,0.202554509618,-3.19409257473,-0.575175842291,-1.94729415161,1.35691304346,-2.69621189469,0.305870355862,1.90707747433,1.09156592083
-0.134376444943,-0.943967075497,0.602332049916,-0.0524485175268,-1.22770114788,0.966803647364,-2.36807368416,-0.938753432103,0.0146978492163,-3.27677147929,1.98046569362,-1.24933179584,1.20142120642,0.513075935260,2.53540491668
1.28263610871,0.344007090874,1.90649133538,0.510396059105,2.43227640860,-1.54617843240,-2.56231282762,2.18981704822,-2.48921067662,4.30498924955,0.228583508660,1.00975545114,-0.335420597799,-0.951096677888,0.576209321200
0.447877192472,1.02595551572,-0.275314472806,-1.81874247056,1.80516197283,-1.88450378213,-1.21938275885,-0.361137293896,-1.09377514667,-1.81593366583,-1.66707936858,-0.264168577727,0.0521874422917,2.42797827443,-3.32727192929
-0.351810019258,-0.422984314857,1.06963100921,-0.863549595134,0.357213087430,-0.287862681309,0.693506931783,-0.469983527746,-0.652277504304,0.225177356616,-2.75865070635,1.07460728138,0.285441872514,-0.295464712142,-1.26822452181
1.82727185456,-1.89834612483,-0.625090340760,0.480967309595,1.01553632709,0.277894313447,-0.550010364157,-1.09575084139,1.83282549188,-0.664878919847,2.35240498998,1.32233133835,-2.11654817854,1.13999121486,0.581105766002
-1.93665805451,0.0424434302226,-0.241008916198,0.0550212188675,2.29167731543,0.954536722451,2.03059051278,-2.17313174164,0.298856604969,1.26932903944,-1.94449087764,-1.86423708956,0.183149344380,-1.42901367692,-0.669032341249
0.949752336706,1.12590968792,1.82332434593,-4.04683275660,0.622965347606,0.616680908846,2.88446216812,0.205535199815,-0.583380280118,3.44960386806,-5.58059894910,-0.261576747994,0.360242247284,-3.60163189354,-0.517202454518
1.01090209395,-0.286599349998,-1.85023542808,0.0942354479985,-0.0697142457830,-0.156444325430,0.441548411602,1.17246766424,2.28801442329,-0.361643142204,-0.420645446891,-0.639190201918,-0.735476382816,1.83188405812,-1.34870266875
0.537032363597,-2.09823508021,-1.84073983156,3.01082823466,-0.228902312749,1.09511599169,-1.75541743339,-1.39581766060,1.76281240833,0.453557823106,2.99077486394,-2.80054954665,1.29036996450,1.34932173227,3.00143611190
0.353445120513,0.140452362896,2.32101148919,-0.691152233674,0.186528886092,1.56418143285,2.83858486093,-1.51168209453,-4.30277487259,0.790150525671,-3.31268170810,-1.95001537792,0.598884730846,-1.73925794901,-2.42437629742
-1.41845409928,1.49294466441,0.511811033409,0.331811205823,-0.161000902143,-1.30901953244,-3.10345563761,-1.67025646742,0.217507932338,-2.17619935348,1.14413936810,3.18525005488,3.90233327739,0.722735193502,0.952150505041
-1.39496061677,0.667555819212,-1.08869770053,1.20131391475,0.205410704388,-0.954964028472,-0.198335368151,-1.08249237586,0.707246788602,-2.03755242280,0.540271570760,-1.36569645062,-0.622777259091,-1.04368072982,0.461170956290
-0.541626667238,-0.0164092016432,-0.743950147997,-1.36444523275,-0.648571494235,-0.571505523961,-0.934294818637,-0.141134188950,0.0431259483381,1.21796986257,-0.446986272109,1.83097173645,-0.546371659000,-0.637313279020,1.15196937972
-2.16652919440,-0.0842707518117,0.441930188397,0.556791045838,-1.21764868977,-0.882520152344,1.13215454357,-0.940519423239,-0.507059037673,-0.302030213561,-0.653404638922,0.347906556064,-1.85198393530,-1.07163274164,-0.819049702349
-2.54382828096,1.28740108551,2.13307691270,-1.87451139213,1.37919510598,-1.97486662339,0.105330518894,0.210522847778,-2.69262354812,-1.84401711995,-3.69767867101,0.406574656480,1.71219087353,-3.01913018989,-0.816348888911
-2.31123236852,1.63155868853,1.66272065490,0.585757506281,0.487910451997,-1.02429280044,-1.66210880186,0.0256578088106,-1.85643728306,-2.19313656414,2.58206328545,2.13416421644,-1.19446695231,0.453119898765,0.329781975193
-0.251448327914,0.572392788331,0.311394894198,-0.547371648081,1.00707846422,-0.175541485559,1.07814646713,2.59114674623,1.47063136612,2.54097906848,-3.58687012056,-0.679661468323,-1.19706765420,-1.56767373004,-0.00248145389316
0.0296968704937,0.325733394702,2.64647306150,-0.974555901711,-2.21134086646,-0.848853088145,1.41084726332,-0.320523959201,-2.07223574592,-0.869436723564,-0.844622016730,0.320370538617,-1.52404093238,-0.538905413861,-1.32141059236
-1.59003538022,0.509335436667,-1.57376996112,0.547241509915,1.58115445832,-0.161820715042,2.88146498516,-1.74095936517,2.12839459679,2.19345601468,-1.15852876484,0.409051422245,-2.87347721224,-2.93658775058,0.203924590999
1.44166249501,-0.805679251194,0.516438927441,1.08992304981,1.45481106177,1.03196125957,-1.84780342136,-1.67510933840,-1.56439320327,-4.08018085104,4.07504653581,-4.28038342915,-2.24241742551,4.25677891694,0.234797809866
-1.19304566633,-0.0702765238625,-1.55398388493,0.557426911354,1.42110707872,1.89085064361,0.787043545283,2.90749721187,-0.736216215354,0.642157802942,1.71040000398,-1.49280474652,0.448705924972,0.471323733400,-2.31274609294
-1.65635886316,-0.264324906670,-1.88221116599,2.38422553234,-0.871140770478,-0.718012769570,0.325477033754,2.04480430669,2.01177412305,1.05983695686,2.15244002016,1.74576594308,1.82039635518,0.342827492009,1.07668095912
-0.164346295612,-0.251589610855,0.933740003785,3.14978321489,-1.86259599134,-1.26584642829,-0.0811240403301,-1.41360807936,0.304740095571,-3.30930868915,0.976678154633,-0.0694100211268,3.58984420983,0.899048217229,1.59057563445
1.85142713418,-1.48029149538,0.786023732575,2.56890683067,0.213641948801,1.18051911566,1.43743447344,0.257460185405,0.686961884113,-0.326662758793,-0.142460669885,-2.46060341117,-3.81694103551,-1.73093479432,1.60499411754
0.626310179643,-0.0967346057942,-0.469283234477,-0.588498636215,0.214119459475,-1.76144310757,-3.60701113432,-0.211921894526,-0.708453547810,-1.82051708947,3.04795161630,-2.03059004633,1.70970366661,1.89764552398,-1.32809881144
-2.99079815436,3.30452374916,0.785540267297,-0.351145707915,-2.00733979950,-2.31031684697,0.0903399683372,-1.56728145787,0.512390274746,1.17502507192,0.842647738794,3.50254019302,0.695825052077,-1.99678676591,-2.64870142004
0.833786237239,-0.400251298701,2.64601261824,0.381177052962,0.783060723119,-1.37863781108,1.49279812840,0.227710235354,-0.721126050434,2.72561319132,-1.03928353215,0.418244813053,-0.985889504467,-1.41224635762,-1.36064318254
0.597182821276,-0.241232377242,-1.15347967742,1.83818038576,-1.38597389941,0.552812212219,2.31134114189,-0.261924319338,2.05968135447,0.900384409092,-0.227865939275,-1.29624395462,-0.0758791570854,-0.146709522371,0.139614677718
-0.307828552477,1.81853803307,-0.923408842003,-0.166187447695,-1.07500951348,0.737428492888,-1.56819431277,0.340997774605,-0.0447612664462,-0.371643762533,-0.843422048987,-1.32099172824,0.176003956953,1.93985915211,1.15512975598
0.585838420848,-0.116407248567,0.514685856855,1.93448504438,-2.81834729761,1.05150939579,-3.67994440294,-0.0947340019210,-1.15798096901,-1.33623371559,5.75598228023,1.46853966526,-0.0896087548800,2.26493364861,-3.41548950113
3.01934502500,1.78342718290,-1.65167533240,-1.34820565110,-1.60722477432,-1.07670417773,-0.323051234199,1.15130334482,0.859266895545,1.73660183586,-0.393638560505,3.25282582868,2.50288412023,-3.18653509449,0.293467811246
-1.01349324560,0.0522414003008,0.641232209096,-1.25121393612,-1.07019159341,0.100163717709,1.99346984520,0.235459184321,-0.265194413179,0.394284483444,-1.18257806074,2.94737513723,-1.46133200378,0.110226961401,0.755508158624
1.86124546837,1.24354967227,0.534482595000,0.882148485609,-0.503657189596,-1.61969484662,-1.47458738170,-0.289628505392,1.26744008354,-3.17500105064,0.667632188586,-0.597123026209,-1.54936476074,3.57981818870,-2.16858815619
0.414592330496,-0.279170303150,-0.0829703311249,-0.421160220705,-1.61024280000,-0.820870579079,-0.916965788153,2.36355177733,-0.460346977800,3.61794383997,2.90893200002,1.25774286704,-1.10749481624,1.31241940194,0.763167963926
-0.838202252839,0.975677486781,-1.75268498851,-0.193074926078,0.426993944577,0.668546738536,1.01027024122,-0.811061614118,3.48560879457,-0.595426923559,-2.64538599940,0.222477692207,0.177448654826,0.447169110541,0.0442929036247
1.17095098276,-1.67838367300,-0.230447405579,1.27460080184,0.129884927229,-0.684341919321,-2.10951453170,-3.00086593790,-1.99183564687,-3.85368593424,3.07675311288,-0.0761594845689,-1.19510459069,3.73878557608,1.95676565531
2.16821687978,-0.468519523957,-0.415108247696,-1.35892730920,-1.40603840286,0.296450800447,0.663472290440,0.0893792400949,2.28534026951,-1.52290089197,-3.25136970894,-0.111581161264,-0.707231039235,0.0746108916892,-0.131256188268
1.44127559884,-0.549571328679,0.347498740153,2.09294078683,0.104746436447,-1.75677501660,0.148660962181,2.05324906242,1.44477208348,4.57592535715,2.46592727032,1.12400146299,3.49376573652,2.81283984734,-0.908426816940
-2.22656724285,-0.282897708509,-1.03899272457,-1.62442284421,0.313870420426,0.376225956213,-0.0458675408312,0.618823434646,-0.119860599894,1.13911885148,0.374896538347,-1.18338244544,-0.243291863493,1.09351661016,1.96504701239
-2.42290940896,0.733050476281,0.508679228516,-0.547003678758,-2.20087044397,0.119905827642,0.368993995293,-1.92739446991,1.17072510043,-3.58975268394,-0.247859398842,2.78785092156,-1.34300707282,0.917644818554,-0.992650843995
0.491274715507,0.641662874566,-0.844614971049,0.308736493683,-0.0698906354172,-2.25445889986,0.757040213398,0.679876529708,-0.173857588998,0.273499444132,1.34387764936,1.67129414221,-0.877675443996,-1.32541952864,2.36428508765
2.66667118598,-0.171111315896,1.63184339393,3.00504425778,1.14348461260,0.0591248731790,-1.10179279593,-0.650538142772,0.621427422634,0.586579983676,3.92571023878,-0.717712200581,0.252539433000,0.317881621109,-2.09003641349
0.838895303033,-0.607645553148,-0.735334884418,0.385198714222,2.40944483862,-0.289611966770,0.148710772964,-0.359749002211,-1.27483585960,1.64442003361,-0.811166063695,-3.13395288152,-2.97030744335,-1.08452903219,-1.09128921838
0.262302496241,1.92615661574,0.691152091006,-2.16609058956,-1.38571084414,-1.74535602010,2.49852293199,1.35708450271,-3.18134980345,-1.06558324183,-3.35857904248,1.92293554073,-3.19093731959,-3.58122087995,-3.46543979232
-1.42848738813,0.987116016308,2.64523466258,-2.71569089644,-1.33625275319,-2.47076024210,0.442042848850,1.03901095929,-2.42119151849,3.28421177656,-3.05748691182,1.91746461966,2.19811207354,-1.49859220361,-1.65464479112
0.590613841884,1.12974430005,0.792050158318,0.0821284422776,-0.00598511798094,0.752606135835,-2.23136102128,-0.628556502049,1.22658874998,-1.77322203000,1.04665664986,-0.492364348256,-1.35130343094,0.328549332626,-1.16006807627
-1.46937712464,-1.77000652870,-1.06312824822,0.0380683091457,0.327659939643,1.21740055566,-1.69469645227,0.0586522525724,1.59120262368,-1.84458836454,1.26580773918,-0.0420631520389,0.877897801187,3.26736432262,3.26897414070
1.91771407839,1.94965114096,-0.567040344768,-1.44899547017,-0.498469833055,-2.32569832033,0.0717894960296,0.909592500885,1.43681034296,-0.756558961459,-1.36899670174,4.56441048812,-1.10143384439,-1.51870628444,-1.56309861373
-1.52635425817,0.494017187239,-0.812908064941,-0.892871402786,-0.0540835743531,-0.808642501895,1.26347256880,1.36239328328,0.157785821547,3.55274231036,1.06946414472,-0.128657732039,-1.89159603545,-1.89286710396,0.801796575486
2.31364957133,0.299623633627,1.20142826631,-0.311384601315,0.219026022605,-0.779827988543,1.83626439892,0.436582715520,-0.972774026150,-3.49649836209,-3.48350064110,1.36630453752,-2.88149867044,-3.12608973824,-0.196268799131
0.280102257974,1.19651451639,-0.550661681717,-1.10611658106,1.41657836897,-2.50223155182,-1.67551912607,1.86502426476,3.26153121737,2.81015590166,-0.655451784442,2.19088937457,1.18222228213,1.32429390557,-0.784692488911
-0.801287968639,-1.80791768050,-1.50152140463,1.75113216563,-2.12422807617,2.39455451691,0.222152595585,-0.417681937412,3.68004986198,-1.35862988138,2.16566643403,-3.33615238657,-1.41056212657,2.77551886451,0.974388092624
-1.55767092366,0.579378699451,2.14890920212,-3.33826300127,-0.763791340620,-0.798850338009,2.19176839640,0.951110895290,-2.23175180200,-2.12443393024,-4.21833060068,0.0899862975749,-0.644059706762,-2.27412443752,0.145043261273
-0.686818900342,0.317647535672,1.44451751846,0.221544377676,1.67912776863,1.89158581288,-0.291670962282,-1.07078118450,-0.261379198130,-2.09336030673,0.391062562491,-0.0308557496670,0.182547354328,-1.22517184043,0.524747381155
0.134714256739,-0.319564753593,-1.25797946841,-0.0603482629989,-1.55980090732,1.99996952108,2.08944750082,2.08470443830,0.825850869186,1.04901966993,-4.72745873701,0.413118983583,0.373134070988,-4.39483559447,-0.438527681125
0.749511560768,-0.474363368115,0.712395682121,-0.355223583827,-0.942012609494,1.54236623765,-2.91050543339,-0.917345920542,2.67532097161,-1.52579536866,0.545073149681,-2.29241128701,-0.0809407495450,-0.136101651319,0.429967414692
0.0250595618288,-1.24455091973,0.131460880481,0.465994594300,0.201459820280,1.01894788646,2.87419327555,-2.26247844055,-3.19937601914,2.41145095656,-3.62212287943,2.61013678623,-1.08292435311,-2.99518169881,-1.25745430004
0.0463178411200,-3.55909567536,0.181011756194,4.09800700296,0.603286593208,1.60689440154,0.792997238811,-0.682371783233,1.68542559961,2.54620623061,2.54764259501,-1.98870499043,2.64104343749,-0.665095869185,0.821898066253
-2.08983314556,-0.727824730113,-1.14613949395,0.545682429230,1.31284450476,2.42918024362,-0.682906199585,0.972199145782,1.51967195065,1.51050601106,3.79702612027,-1.77871772081,-0.465464960852,0.473912998582,-0.507752832168
-1.93799100070,0.0995883525776,-0.153181645798,-0.260968588107,-0.0274997403803,-1.33825922881,1.48094390889,-0.153165270272,1.36440405331,1.38896441394,-0.780445123529,3.15658867286,-1.15628616784,1.02205111819,-0.177596440189
-0.106217125081,1.24433729779,-0.796739424359,-2.89797340510,-0.886974811758,2.43384198262,1.32642981511,-0.0698322325149,0.431776587672,2.42534073007,-2.88619387966,-0.797611665118,1.29739065745,-2.72903594762,1.92466398963
-0.275942916742,0.281411137126,0.275859944620,-0.678934900044,-2.57318985926,-1.91071163413,1.26449379355,-1.44491336898,0.774515135838,-3.34754057344,-2.89712779097,2.55522614963,0.0698117099235,-3.12081815062,-0.489674257642
-0.603658669475,-0.179621064204,0.799246296144,0.269459249885,-0.314527901652,-0.416582258581,2.69065376219,3.79076677159,-1.73712289015,6.35886975407,-2.80986103151,-1.36808470812,-1.70918710223,-4.45648463291,-0.275446335590
-0.00933264215636,0.0697722471582,-0.219265097883,-0.618389102511,-0.850619987027,0.681731716160,0.174750351008,1.07982098813,0.734262938162,1.00060070588,0.306490732608,0.352459220300,-2.53365090448,0.0919585215978,0.275375506533
-0.412397826840,-1.01395406299,1.85980304763,2.57062307236,1.45798194926,-0.439328365902,-0.657895391773,-0.246114559646,-1.94285407074,3.83770341786,4.36635269182,-1.43738151716,-1.82749368646,0.682285351831,-2.54795451743
1.79535255245,0.300809725607,-0.433374496244,-0.365672593400,0.532281577218,0.582227125678,2.98267483176,0.0496347838530,-3.16665822977,3.76539431614,-0.172104866096,-2.25861676340,-3.01729889495,-0.374444803303,0.791118902082
3.00669374022,-0.246393947175,-0.656598833900,-0.428682784133,1.41190165586,0.422260824397,0.970045962054,-2.57630228914,2.16224022061,-1.86308549626,-2.01507329339,0.678930077750,0.314704923670,0.325067974519,-0.882520594920
-1.69676116215,1.68385831495,0.152659352793,-3.72557795740,-1.09256284783,1.07320241649,-0.300074732438,0.544029844561,1.40569862808,-0.572657635394,-0.656222527576,-3.98105216144,-1.10633704994,-0.137903736189,-0.924538662281
-0.938745557313,-0.854511876294,2.13673315585,-0.148360851718,0.159866090617,1.50652711891,-1.45444250506,1.11570653421,-3.03717880129,0.0165060885001,1.90202650363,-0.185749330667,1.40442234007,2.37758748087,-0.893583938196
-0.0817432970127,1.32545288921,0.370376863962,-1.07184389894,1.26992381893,-0.684292184180,1.29197632093,0.0787887123732,1.11609621748,0.763831476024,-0.523945287457,-3.46694518039,-1.18445570728,0.676919374061,0.820809381149
1.04164163604,-0.686169258458,0.503449387632,2.10492547129,0.102084001090,0.0990681996171,1.25534546454,-0.808545156534,-1.87898877123,1.71494718037,-4.76419298533,-0.312030837287,-1.46284093964,-0.893822378552,-0.843077582469
1.04704146025,0.0751401739581,2.79871237530,3.40452043600,-0.792370876266,-0.312855222302,-0.0730819797802,-0.0521682510587,-1.35559753987,0.327823983076,3.74523886552,1.10050479157,0.308726165809,2.48146205977,0.785187807324
0.528378219957,-0.504339499542,-1.63950270201,-0.872436270465,-1.30150074510,0.229046556949,1.92604531836,-3.28110523504,1.19337484529,-4.15509910713,-0.951022061336,1.14167547804,-3.12242784995,0.399250492109,-0.952168847073
0.737362301312,-0.0243723650934,1.52143780482,-0.205186028869,-0.331187060177,0.248557227338,2.51367792240,-0.303337080585,1.77944546342,0.956084278818,-3.26468310860,-0.406471700097,-0.715621452357,-2.91707395576,-1.74839886627
0.406234430747,-1.64732824312,-1.63596618523,1.66287247226,-0.398724158574,2.89145834337,2.13771850747,2.61259191870,1.26685457493,3.61802448029,0.209902656759,-2.44463068536,0.743478613153,-3.73847796687,2.22088419683
0.822631119280,1.14003668659,-1.30598760756,0.197953976031,-2.06560423100,-1.12552393444,-0.978541193449,-0.998662490587,2.64098689702,-2.19626104560,2.63923524520,0.0106170039238,0.240592892489,0.382517537859,0.254889325009
-1.56259025735,-0.459597852421,-2.06843403093,-1.73076090077,0.902178864952,0.473007354124,-0.528723796871,-2.93593580414,1.07619133982,-0.428636610604,-0.711153108445,-0.255809527121,-0.963300368707,1.70459289279,-2.10295566155
-0.741877988159,0.647804638707,0.880059453662,-1.37139895728,-2.94971987768,2.35220990496,-1.09960648466,1.64388548759,0.755703302857,0.372901219419,0.175585706550,0.288519656533,0.935659445484,-0.268113286361,0.630727344242
-1.06781871499,0.663359277828,0.625250302103,1.79567319228,-1.77206924093,-0.0186804353971,1.16222233340,0.543273593129,-0.444535355399,-2.56581327029,3.41751835831,0.407989099827,-0.900348981272,1.32291025486,-0.197172562105
3.48322312090,-1.12087707729,-0.150398230942,-0.267573127560,0.181057207939,0.198058559862,-1.20566697888,1.11659998527,2.43631579366,0.855060475245,0.252160081522,0.321468830915,-0.0200923009425,0.138834153005,-0.0310681846729
-0.885434830932,0.143320581578,0.993446527419,-0.0830534798116,2.90535573520,2.06160825040,1.56742663056,2.05454210703,-2.66738601810,3.12096172107,-2.47733309426,-1.58759081054,0.447039659230,-2.05539149590,3.25269450151
-0.645504592500,2.02530974315,3.16268101639,-2.42130611171,0.665296956653,0.249780448636,-2.59315641093,0.934064216144,-0.118390951165,-2.36882282919,0.170807449846,1.41473601519,-0.272711366844,1.34003800018,-0.756255394715
2.97465255102,1.00713155126,0.659221610892,-1.91352595234,0.966475049728,-0.625005189065,-1.61215480256,-0.227817408749,-1.34217422643,-4.77188133365,0.372278382894,1.29395967104,1.26626786474,0.582741178459,-1.64652829908
-2.08438957531,1.40321565966,-0.476501066491,-1.41562059071,-0.914622836261,-0.586071446104,0.469609170670,-1.14429470603,-0.369133240841,-2.83414917780,-1.89286512540,1.71498808430,-1.94826048642,-0.802438489852,-1.82310753130
-1.03323455207,0.398362305475,-0.473847454102,2.25249388027,1.48011246141,2.40594531882,-1.26747603342,-0.623064565663,1.52882186808,-2.57315203936,1.26529623431,-2.44305931818,-2.32390094759,2.11256337145,0.125590728295
1.18522323144,1.45851824962,-3.18100641127,-0.00295056884415,-0.194093120192,0.582220935915,0.367447805399,-0.381476151756,2.08834919330,0.315324498993,-2.05171945694,1.05500306961,-1.41623174334,-0.801343680915,-0.683361821445
3.80256487513,0.111118863552,-0.152717781156,-0.599633795369,1.20165492167,-1.15513956885,-0.335939029268,1.64807037780,-0.144953891554,1.66255429249,1.60129205467,0.950587483638,-0.585852967025,0.858213611274,0.621060830967
1.45331777923,0.414216091447,-0.231927782829,0.178550344706,-0.910743180015,1.51379780056,0.905124209167,3.11323561572,0.235366003945,2.93034481597,-2.46511012994,-3.69360519247,-1.48978992693,-0.128578000575,0.349148088820
1.70474713160,-0.754924683828,-0.0367509860455,1.62398597917,0.222510694428,1.19966026734,-0.323882548528,-3.51552041950,1.73270832244,-4.83196152754,1.17800625843,-2.61297018499,-0.312291906141,3.25842610850,1.30039516564
0.416059279865,0.112439321607,0.843819028023,-2.28994820642,1.81755759449,0.716419629556,-3.10503504218,0.145249955363,-0.366148573205,-1.66274685796,1.55711088744,1.18020854559,-0.783118494242,-0.582167710131,0.429769973622
1.42226817674,-0.317375010172,-1.22401634251,2.76798750914,0.862987696630,-1.03357109948,0.127855390491,-2.77626483135,2.65759309281,-3.59423977726,3.39367501233,0.402043820186,-2.03127100585,1.47047671928,-1.15772533004
0.611408269006,-0.597447586727,-0.955142496096,-0.792848731468,-0.970261460893,2.39652182907,-0.508552482131,1.36704177518,1.72534997257,1.58721513262,0.731774291067,-5.75660410690,-1.44735369447,-0.278950257302,0.748108817459
1.51924891199,1.71215049993,-0.904209832477,-1.73378777457,1.94655469163,-0.627348758765,0.203665212215,-1.56250602657,4.10142962039,-4.53921198578,-1.90125140451,-0.303723872867,0.991451094251,1.11115193710,1.06014086304
-0.738697970079,-1.18697052165,2.64557426391,4.79012896752,-0.289740922682,-0.309393964516,-0.952154738474,-0.685542182651,-1.21252359711,1.86668604061,2.00517009811,0.977858408193,0.420131008080,1.94135495301,0.616810356920
-0.660755224691,0.523365306854,-0.865713650414,-2.03019176137,-0.430067595039,-0.636250673299,1.00302310343,0.950180924634,-0.0983657933098,4.48643450126,-0.353774792658,2.28082052307,0.812799776888,-2.56483099583,-1.18627425750
0.281059175505,-0.0430429226577,0.171456060486,0.428669518564,-1.53221051831,-1.75516240606,0.582355993233,2.94373529011,-1.13556804438,3.46914432869,0.0254066618783,-1.01490841463,0.516921422083,-2.98910490912,-0.160942836478
0.310286892378,-2.35972546154,0.428865045979,3.15714584502,0.0218156952052,1.17462090412,-2.13148267696,3.38867813956,0.519472873071,4.03017834973,1.89697669523,-1.22158239940,4.69100194693,-1.34335330031,-1.34434793711
-0.515243006246,-1.34374932585,-1.26705392369,3.84650566320,-1.54299018974,1.46231195186,0.499895638955,-1.03325426336,-1.19441004690,-0.311080642612,0.803116962113,0.0542082219181,-1.05441920717,1.64958244809,-1.23962605494
-0.128152083224,1.12269375762,-0.207671398007,0.940934818608,0.545808557435,-1.01930286150,-1.11917735928,-0.956437318947,0.212506678179,-1.35989044138,0.464386018007,0.966078421683,-0.495602962558,1.24716454964,0.853664579642
-0.451649476343,0.487858122638,0.0274379869509,-1.64969328474,3.07810124662,0.785371541568,-3.83743495569,-1.20858790383,1.02651739693,-0.456056448106,3.05310044574,-0.683752606088,0.894133463146,3.05027172949,0.671860550304
-0.271874398674,-1.24050779666,-0.00745900496621,0.946478339375,-1.77342193713,0.357669890020,2.08357165615,2.90570441642,0.473716585057,4.26532429863,-4.12852875056,-0.357254585041,1.91804403765,-3.00893897023,-0.935021384057
2.08502300100,1.38644526739,0.356603992372,1.23298008969,0.252990846430,0.0427820889108,-1.34559559478,-3.46004661978,-1.45710145158,0.0371286968652,0.535570809326,-1.58528137725,1.37210116450,0.774216390302,-0.135753164419
1.33441136675,-0.933713195251,0.00503187303809,-0.144624574078,-0.0754157414321,2.37989453722,2.28915447021,3.37948435336,-2.53165145305,5.33437972366,-1.84404774900,-2.90758913817,1.87319991423,-3.16258158253,2.02501496266
-0.472759697638,-0.329007724423,1.76021608301,2.59330423470,-2.91469670506,-0.212248796363,1.67195600544,-2.28269437206,-0.0793603073235,-0.816504173531,1.76865634023,-0.705289039002,-0.908551982103,1.85782230257,0.114061547556
-1.23070778872,2.66586433029,-0.928613904613,-1.25000348344,2.10282290274,-0.872125256295,-2.00366503697,0.792414211848,-1.25083009696,0.464835419757,-0.0556091146051,-0.718245355368,0.350387452141,-2.04357312458,-2.26595438176
0.578342676283,1.97378562159,1.22626227868,-2.91518861978,2.29637243877,-0.165651005867,-2.23797361262,1.15932154802,-2.76448142248,1.41466156716,0.530825891607,-0.877687018096,1.54931729497,-3.19600297991,-3.15319576965
-2.19658412037,0.891733556844,-0.0929429140192,0.572277271144,-1.22987856136,-0.926456365287,-1.45077385249,-0.770999865057,1.21562271197,1.54625060969,3.53962012421,-0.433098345065,1.48890539751,1.56681343008,-2.69173772242
-2.13446653958,3.16982334749,1.25258035254,-2.53052898815,-0.375529857822,-2.35405957084,2.99724276568,2.38950483767,-1.66859888819,0.596476676464,-5.08573757636,2.18723597990,-0.847007606749,-1.57848198394,-3.64665412373
-1.36130806682,-1.13454995528,-0.746564300814,2.05096554806,-0.427783486314,0.0344291340636,0.909561767752,0.882859431659,0.711032209361,3.03559047983,-0.239057986663,-3.48343748104,-1.86360241067,-1.46155350487,0.713757977945
-1.83069568738,-2.30380401621,0.421938536013,1.18703084532,-2.34244048311,1.69701936480,1.51771170209,-1.08952433034,-1.64708391341,-1.35367955966,1.59749861939,-5.79512742154,0.0540916684382,1.97369789071,3.30501023482
-0.148295539810,0.464557510295,0.459342420721,-0.0623696301186,0.458743184770,-0.785964683331,-0.820446484189,-2.02884618987,-1.44475510622,-1.39992588154,1.63852632312,0.474090843720,-2.08047133196,1.21237060639,-3.02576886603
-1.93333891574,0.0726755684770,1.70121701698,0.598064949419,-0.193244906306,-0.798490442756,-0.0202039585202,0.0172532346730,1.24066098516,-2.30560142621,-1.73507258717,1.93257474258,2.67869269701,3.02360295006,-1.65724966053
2.21121576902,-2.03123491673,-0.367933326311,1.04595661999,0.483234366383,0.515288796246,0.692853931814,-0.317599346299,-0.603278635171,2.49383849774,-0.835775987397,0.836188104368,1.24599995278,0.471144944945,1.92308915100
2.32763087240,0.623978628330,-1.69373835097,-2.00075570563,-1.97328975271,0.447023117836,-2.02681196319,2.97560192511,2.57095940782,2.15007763217,0.163998308128,0.0385584019913,1.92469493679,-3.17938131901,-0.522788155742
-2.17786418872,-0.351735603977,2.02364414044,-2.34206505886,-4.22541665902,0.0442584064892,2.30975161954,-1.06563677043,-3.10381508926,2.48115862108,-4.52181904314,3.34459746431,0.380102307631,-3.16322226041,0.0178992831151
-1.84846676147,0.271522371608,-1.21597917641,-2.05529542614,-2.34951773809,-1.36749483175,0.220927303087,3.45777940626,1.62508488280,0.0664560782848,-0.135419635242,2.44432477226,2.79004068921,-0.475464395161,0.714856826412
0.432326421843,-1.93803947739,-1.92148617452,-0.211106549652,2.35048886558,-0.0224130138158,-2.54722254341,0.277619390806,1.22842305969,0.477081484701,1.29966258454,1.82485335961,0.233394261396,1.10250384819,-0.445028252656
-1.62536593422,0.889410060858,0.529887893760,0.987511141913,-2.96166592269,-0.837455077406,-0.370700927281,-1.04958348562,1.25471518862,-3.18264685893,-0.892245298009,-1.41838696188,0.758408228840,-0.522140884478,-2.55073314301
1.19773520033,-0.886879253457,-0.763186003599,2.68597271986,-1.19386959095,-0.871878394367,-0.0516567895355,0.415546897951,-0.714939486938,0.0391889381654,0.312928999300,0.873717530916,-1.28423793029,0.761548565704,-0.437491760539
-1.14057724372,-0.420279044428,2.77653272286,0.327016209890,-0.537308359973,0.362544153815,-0.384381336602,-2.08571178127,-2.32004268337,-5.74502971851,4.19539034676,-2.31525388686,0.644714182027,3.60898723569,1.63240337088
1.49049739080,0.192846725317,-0.742911364993,-0.438787484618,0.260200588537,-0.246269888903,1.68587593090,-3.00423694957,0.837648444503,-4.07268068266,-0.273064639184,1.44005979761,0.579952914368,2.12046576204,-1.34751513802
-0.101145096166,0.0164138814893,0.488228176191,1.05352484025,1.08948691026,-0.0328175570980,1.19826016072,1.34462283205,-0.854633596864,2.89458381323,0.305484285434,-0.239408323312,-0.0208164643692,-2.75385289001,-0.00551370597127
2.13403407062,1.71290895997,-0.557580149918,0.0303565923374,2.28137135204,-1.12253421471,-3.04897568580,-1.29324614587,-0.384059947640,-0.382814183135,2.72076636505,1.61262754181,0.220775118767,0.997765471788,0.125485938165
2.20394594563,0.983991041950,0.543724463310,-1.51512354143,-0.890225222797,0.800276579232,-0.219469432563,-0.384814451022,4.14131221673,-3.46082536143,-1.96791660419,0.925842567790,-3.53963017884,-2.70594319450,-1.22075310865
0.650408489992,-3.10059787576,-0.350015968239,3.38114114368,0.178521179345,2.39872724431,-2.27706806025,-0.798341996809,1.53934850562,0.492243091119,5.55879924636,-4.35874367985,2.59529978642,-0.144697219401,-0.916823766769
-0.492533105798,-0.920128485949,-0.582226188975,1.39064965727,-0.562649551631,0.495685824318,-0.448999494557,1.78788893011,0.258713719756,1.57179770169,-1.37137265069,-1.03242006387,-0.00952612973090,-0.688054666472,-0.162814860513
-0.303599578653,1.54590863957,0.108905044268,-1.05721025863,0.00741204739871,0.136783735346,1.75814732494,3.03691001536,-0.709992925106,2.86372962179,-2.33293246183,-1.62048243068,0.204576964102,-3.87917911027,-0.107878133983
1.01248250290,-1.89189019837,-2.23317040593,1.60024669320,-2.29910107052,-0.736872771714,-0.569554770420,1.56526401032,1.11348584276,1.31633773413,2.89227628260,-0.283529950790,0.228857186335,0.444587301494,0.322334831093
-1.02429989627,0.674060115106,-1.85800951664,1.63408179064,-1.70956789620,-1.28258535001,0.0670252647036,1.05060162619,2.05041904464,-0.518286828142,1.89054650279,1.42545198111,-0.119617209076,-1.10852713148,0.715234645263
1.05349656103,0.228505668164,0.250304403256,0.191532682292,-0.565751332663,1.47332806577,-0.612508795973,0.673918818266,-0.290671381790,-1.84804964513,-0.795509500877,-2.27688661189,-0.352950983748,-0.422117340131,-1.85381691272
2.23798108735,0.564052674874,2.71692009387,-1.74829015719,0.339508694349,-1.01720662574,2.18348232132,-0.610569958332,-1.64882370297,-0.258801382722,-2.65690492250,2.82318984318,1.42340077804,0.992217660661,-2.90387964696
1.76736346975,0.467399704011,-2.66115734702,2.76213129733,-1.13579100864,0.661105391525,2.03494876384,0.853197885829,3.29980204062,4.19025618135,-0.0907487147937,-2.59038900409,-1.44552619685,-0.791589088026,0.714145885729
0.876413280441,1.00247085215,-0.977975773832,-1.71081461008,1.23948254432,0.105378182512,-3.26778369137,0.0516420318018,-0.0915828158822,-4.28640960054,1.53082229244,-0.605832110803,2.28695937358,1.87203464806,-1.11346220182
-2.73997481895,0.851641853697,-0.768428797351,-2.94522896847,1.12875587150,0.490741001164,-1.69917149809,0.218611956571,1.63479496879,1.10794613440,0.450227068210,1.27334641901,2.33947270100,0.289295788945,0.739109762296
-0.739765315551,-0.534826888457,-0.717441405707,4.27860664911,-0.934714385275,2.05498075887,2.86956409754,-0.262389659014,1.41543579269,-0.366518500246,-0.545804810347,-2.36382737333,-1.58044879955,0.287184185208,-1.13370095059
-1.69147850384,-0.292499019450,-0.725753691867,0.218450888173,-0.751435156202,-0.543577236310,-0.170644790643,-0.147700441914,-0.130797912542,-1.88861500964,1.82206931171,1.25822311966,0.0488033966232,0.274163151958,-0.468071855153
-0.827659239689,0.218830070572,-1.03648566157,1.76821291493,-2.04186263747,1.32403650115,2.50243493465,3.30552904537,1.49330024074,2.36778265188,0.223755386444,0.569997938000,-0.902619224681,1.70529990119,0.285395633436
0.555012582653,-0.0177521443047,-0.0597514859624,-0.113611998291,1.19010967770,-0.410266650361,-2.07917143247,-0.594115611126,0.958567266140,-0.857751130040,0.829676738124,0.323338449797,2.12584954227,-1.45015303423,-0.959385749928
-1.97716783329,0.924300154306,-0.472007769068,-1.16030142201,-0.162229274513,-1.78036336281,3.16124317358,0.443493242706,0.109626225937,3.26823672322,-1.90430048658,4.70473682144,-1.55205941393,-2.14105263095,0.743568618980
-0.502470107719,1.58059129501,-1.42658368106,-1.49929360908,0.119875285518,-2.82632533398,0.631821874735,0.386245240835,-1.11225214198,-2.18738035229,-0.198395076963,5.02937489712,-0.762254614268,-0.0976961340901,0.528968453915
2.16738933950,-0.974565258216,1.57641307421,-0.532233407879,0.696584871414,0.501172179990,-0.497096801439,1.28908006354,-1.66627865897,1.65899975892,0.401169561203,-0.660363296441,0.992549753613,-1.38436332129,-0.886247054333
1.09014405548,0.120865108040,-1.61845732684,-1.13981699082,1.28864970095,-1.08174513125,-0.776936239284,0.174151814160,0.930183952238,2.49991769420,-3.05099495317,0.770835276452,1.77343309076,-1.74549307324,-0.249074409831
-0.996885361595,1.50732530225,-0.289757358655,-1.12024098492,1.52357179978,0.570622648032,1.46663928767,1.95830976350,-2.43977333798,1.21381926188,-2.59194381506,-1.29106945342,1.39149211774,-3.43698186491,0.270396586589
0.248669461999,-0.185792560798,-0.0182450118670,-0.00507625212482,-0.106264968029,-0.815587537301,1.06102668744,0.811077179047,-0.233438975930,5.29275931660,-0.420234870042,2.25950419552,-0.947681265072,-1.47567342119,0.220893173595
-1.74642061208,0.574051267842,-0.570391898820,-0.0601290867851,-2.32301756261,-0.597351558370,2.17237909189,0.241544133264,2.33081749647,-1.58978816617,-2.84585221024,-0.789824084284,-0.466357088235,-0.408182274599,-0.911403142102
-1.79229122129,0.228839139252,-1.60408379623,-0.151612136977,-2.45792534326,1.05011642177,-0.112269128699,4.37382184622,3.25819853912,2.39890246916,0.0350689684677,-0.972851669869,-2.82594772829,-1.21611271571,0.340393621635
0.714668905796,-0.156935927231,-0.590030043494,-0.296254009860,2.22662326750,-1.29338501191,1.10295471332,-0.821336239708,3.59589069504,-0.774957967167,-0.768166743344,3.89479845508,-2.13162363558,1.02979437617,0.228518367129
-2.80807993941,0.279098352435,-0.743022674228,0.0188187903767,1.37239996874,0.372625684939,-0.733503601609,-0.672475895298,0.909290008573,-2.29317171042,0.208896673217,-1.35680155996,-1.16000990137,2.06216781444,-0.960587830022
1.58622735193,-2.44618700606,-0.0970366506445,2.38541950671,-1.32826129274,0.739312171769,3.64373889292,0.577515276280,0.880620266082,1.03035613065,-4.05018009252,-0.402527584324,0.110299438147,-0.898680891488,0.0358934736400
-0.713428800627,-1.17527147285,0.212368749776,0.901561218701,0.185164894953,-2.36614491496,-0.521251744561,-0.394638819142,2.40495717882,-1.86851713600,2.10785375003,3.94721523927,-0.216330209661,3.65853135143,0.915925867178
-2.63230954985,0.671565926013,-0.175710818719,1.43603155391,-1.24095057145,2.08089297755,0.349252083255,-1.66975257167,0.107767670747,-2.62869171625,0.777934046315,-3.66307643197,0.410315879965,1.35724245391,-0.894606506219
0.735141086258,0.356161934728,-1.05586965126,-1.26634588306,0.0500347385113,0.957629789382,-0.0369769780922,1.98508692071,-0.512038353780,3.83328371426,-1.58202353451,-0.766621071349,0.212274991109,-3.01882479866,-1.22753707337
-1.50858318733,-0.836777990857,-0.613870168606,-1.22743836932,-0.246592635750,-0.381902512549,2.48864912623,0.908669103379,1.34509996686,1.11328945272,-4.73773064088,-2.50720508883,-1.40053083683,-1.25841151930,1.94527320539
-0.870235067645,0.774493910332,0.199991915549,-0.778412890958,0.0417734936221,0.585788092539,-1.32989105591,1.47613457908,0.586089151280,3.40912310662,0.0602456486412,0.259709493492,2.23427931438,-0.726819213258,-1.31240012357
-0.162969356693,-1.57447442178,0.100057454412,1.31367030227,-0.740287591321,1.36549490776,0.139024500200,-0.936231915490,-0.745835301437,-2.30683241013,0.489320371370,3.17511239910,0.217001838356,0.551866038747,-1.42156622067
0.785823167930,1.99396899824,1.17949965837,-1.35658676485,1.01984246528,-0.247062123550,1.21125770228,0.0151681856376,-2.94424710615,-1.14982783351,-1.73079670706,-2.10005092567,2.40624790733,-2.33704190916,0.348750078427
-1.16985622690,-0.0386097063050,-1.25090786021,-0.314317294912,-0.518873185943,-0.230927764348,0.886044024295,0.134298508794,3.50597431790,-0.394607453545,-3.14248040256,-1.36250723862,2.69934050058,-0.362221828347,0.173931392995
0.457023657095,-0.256713607819,0.701582692764,0.455743115179,-0.878157524651,0.123884498937,-0.347951724510,1.60415193711,0.536054854984,4.07595828561,0.655334652336,0.859743573258,-1.31704734213,-2.47179156285,0.680805994691
2.03976050432,-0.182978040493,-1.55187596732,0.185245620010,0.318211446973,0.496078747772,-0.537625202581,3.68096576195,0.746591009358,4.17279061672,-0.650600076988,0.618249367047,0.523585032813,-2.16625789784,1.42456373596
-0.253766793219,-0.446172217334,0.793781720623,0.220538896643,1.23488270319,-2.82208820723,-1.86806012185,1.21376255930,-2.29826526329,0.717686803341,3.80055792380,-1.33922987296,-0.537036215257,-0.977396946945,-1.29325272312
1.59945116251,-3.02863917748,0.888465561721,0.719773697277,0.614088214346,0.0392687977412,-0.796563170804,-1.14350699604,-1.23593436839,-1.06853458039,3.28933830294,-0.0529171198648,0.783475143606,1.26969185400,-0.595292093483
0.849719427801,0.479027149705,-1.42253277011,-3.07815000781,1.07227328490,-0.458553802801,-1.60395710687,-2.90770783847,-0.210642226792,-4.23384332152,-1.03106433818,0.755501393754,2.30003088982,1.15526839095,-0.406685320647
-1.16222771100,-1.48540233882,1.37979708646,0.584031259646,-0.773835824903,0.953330794601,-0.199135599289,2.14725469203,-0.0428797713513,1.42814818626,0.455284759640,-1.37782241986,-0.683728919184,0.0323789014858,2.15905937612
2.42048967913,0.885622184843,1.05713812463,0.345294532554,1.42663655900,0.714250967748,2.29883348760,1.39563359289,2.66485220898,1.84632926499,-1.44071865362,1.21239623537,0.0451544060209,-0.488995930464,-1.30051889842
0.0602746029890,0.275821222178,-1.84205774458,-1.32276832868,-0.600752622459,0.318398507671,1.59968547980,-0.358168235837,0.914146839909,1.62859068707,-2.00569001637,-0.0734120929316,3.74502187880,-2.26702834751,-2.01991302402
-1.63631787232,0.477453585310,-0.434448403244,-1.41107185499,-0.195101582031,-1.22510647283,-1.59140792522,0.340281518453,2.21551719711,1.76417680312,1.82594461086,3.99496172196,3.13284206997,0.921238666326,0.799325951522
0.227998588016,-1.49427891103,-0.398354759108,1.30824342326,1.56621794313,1.02724261961,-0.860272497520,2.42022840058,0.531281479990,1.23420968051,1.62627664199,-0.820291402654,1.88532074853,1.19583093276,1.06491553101
-0.904786215992,-0.476288024801,0.358300659030,-0.931108568439,-0.706339350348,0.957405074730,-3.95303474245,1.79532713735,1.31351210163,-3.51149649797,2.15563657092,0.271909718953,-1.33057421327,6.35237120316,-1.30092442318
-2.88792328975,0.536086650949,1.58054036122,-0.614723060274,3.24082094011,0.953771073607,3.36140809241,-1.22215463094,0.364973679155,-1.50210286028,-1.12747422907,3.13314164975,-1.72448178911,0.558885911606,0.0391270977443
-0.585713944722,-0.693614304827,-0.653389562165,2.83910459712,-0.359146260131,-0.584711087800,0.228636544963,1.31687755807,-1.22556996734,1.44765937995,-0.232408774666,-0.125845178549,-1.37701643501,-2.15118517518,1.82298702535
2.94347158692,-1.09506996546,-1.40327930438,1.37890555510,2.36045302838,-0.209443206974,0.782678900844,-3.65103221174,0.420209519928,-0.764725752795,1.40542563822,-2.36907693546,-1.79298370878,-1.37857661055,-0.237249315552
0.905469587887,1.94440612030,1.68060417078,-0.372157439995,0.135974436764,-0.501923777096,-0.878326477369,-2.99172158936,-0.779257100138,-0.478534858320,1.52337831531,-0.226272716658,-1.70770395060,-0.0730738004135,-0.484304809114
1.97484642768,-0.915437097250,1.67488392188,0.987611418765,0.196627992239,-0.150557739018,2.56378322651,-1.00065954635,-1.61242490517,-3.29887208804,0.118810928211,-0.457156115569,-3.34410190358,1.79030012006,1.44775934459
-0.476628226672,0.720962800219,1.73977531193,-0.630037523923,-0.581183079091,1.58451200205,-1.29328670039,3.11039133339,-2.56840910162,2.22977225431,-1.80454612313,-3.24015854801,2.51734373227,1.27313827441,-0.525324281397
1.51100178301,2.78712442148,0.684303520225,-0.880357176710,-0.481837170640,-3.48746331105,0.150161952101,-0.226138699310,-1.03781987499,-1.66583604208,-0.756992792689,3.34393216498,-0.780553992387,1.15997368777,-1.95968109309
2.45397090420,-0.399627698160,0.833226315376,1.65415801647,0.289592834891,-1.12633168137,-0.370047687194,-1.11521222494,2.66932240531,-2.90272801645,-0.127605473992,-0.177890025699,-1.13494702553,1.74132151795,1.90917770457
0.126781963432,1.68829560330,0.125849221403,-2.92736760505,5.20037862765,-0.956813010574,-4.86960239784,-2.69759777212,-1.04348202249,-3.03962482377,3.24996152778,1.88380070106,2.73261564279,0.346471941485,1.09446950290
1.81116269895,0.854674196809,-0.145530444979,-1.09869320056,0.727006786626,-2.02122794380,-1.28394440300,-2.91149373109,-1.93708138075,-1.00210395637,-1.38526806157,0.445555520082,0.967969513140,-1.72315365333,-1.39871957765
-0.996333772609,0.140945709005,1.73623990313,-1.24125553546,-1.93670804303,-0.838769690524,0.209554432120,-1.10837941153,-0.741771500466,-3.17539133027,-2.62560335836,3.07620573109,-0.605961461818,-1.19100425221,-1.56296509893
-0.169202784688,-1.15845922344,0.788938279201,2.46132161623,1.32399791571,3.20704753039,-1.07124797034,0.0679644055434,1.40979657396,0.902377406460,1.56286740277,-4.36732614987,-0.830269671228,0.101496262480,-1.53349584981
0.732435279850,0.362221001872,-1.34193257375,-0.852381796951,-1.59949776582,1.13580328432,1.01497798016,0.434358091718,0.259614559871,1.07194962121,-2.16603381185,-0.00276092706016,-0.206517979741,1.59968112833,-0.489553429349
1.02563128871,-0.219589725344,-1.48578085954,1.04837197991,-2.15531512959,-1.54579671113,-0.728680360407,0.0689413817922,-1.64906651850,1.14812014306,2.67839327545,0.269557608402,-0.0948093843876,-0.226558116821,0.773837085076
-2.60379590812,0.867702664210,0.820152922864,-1.45496898166,-2.83194649409,-0.181299923739,-0.829153251178,0.0733651130578,0.914873145499,-1.75551849370,-1.60067288120,2.00689819193,-2.17328742127,-1.28010404960,0.549556103179
0.542529982620,2.32232092390,-0.212076298097,-1.54940688448,0.969564100823,0.970679934074,-0.0105764951989,0.372664755838,-2.91824129063,-0.743884722045,0.408528864814,-0.436179290561,0.703569710060,-1.47076565814,-1.28883467211
-0.178453104554,-1.58961545215,1.51720092637,0.699735405757,-1.04680807928,1.48277051192,-1.67145484735,-0.299183866950,-0.967715586131,-1.50883690317,1.92523589950,-1.13071170905,-1.03795736193,3.04390073227,1.63004415808
-3.06600048543,-1.34427814156,0.686549695719,1.00247154289,1.31287961111,0.673897254851,-0.739160034257,-0.851514963232,-2.65306673697,-0.788221883666,1.17437806260,-4.04561166605,-3.29700398961,2.69322335180,1.59404445675
-2.16671849819,1.82235812610,0.725692872724,-2.96593061457,1.81626743417,-2.17347610424,1.33914331116,-2.00756664383,1.09780279670,-2.07335084569,-2.65164056403,2.32999219620,3.12502337458,0.626554628262,-0.605991393481
0.219935602219,1.71489496113,-1.38436112909,-2.93877364621,-1.48512818560,-0.175045959171,2.97512768155,-0.152028918077,4.59295468216,-1.90660706950,-2.77194908645,-0.512744570336,-1.47354759048,0.950296561422,0.323442190078
1.16269658565,-2.46374560284,-0.878744804908,3.24146737379,-0.0980395837026,1.08105501134,-2.25587626557,-0.472863340522,-0.450109408783,-1.65337024862,2.70988823814,-0.338222603837,-1.26040903175,4.70999551173,-0.330257680775
1.09757227427,-0.993017150289,0.337496912510,1.14565160541,4.06871024385,0.954128195704,3.42603376591,-1.19938889685,0.213577800266,0.456447367629,-1.30784090363,-4.57180895786,-0.754506332417,-0.454057420663,-3.59848480582
-0.266669674651,-0.376638247420,2.23499525236,-0.604492062928,0.804342214252,0.615522500650,1.59489207900,1.00603983011,-1.70344646898,-0.469630633906,-2.46713679652,2.98525024203,-2.57645192293,-1.66966163000,0.789169600693
-0.759086027244,0.304555061809,-1.53672986311,-0.797092453073,-0.0556403880294,0.359353153756,-0.230804022407,0.503519342398,0.843967654427,2.29347381741,0.946324019572,1.72951789382,-1.48264783716,1.83412969639,-0.836265609705
-1.91417782327,-1.06622187633,-0.0316056895086,0.738935765785,0.0495331986983,2.29436847868,-0.214422072012,-1.48464402409,0.257618951322,0.293629312777,-0.390661663677,-2.61614248380,2.83285054372,-0.946100401354,0.105272580526
-0.719569525451,-0.594826166719,-1.68088058043,-1.22726012308,-1.64770178693,-1.87499021650,0.430268681914,-1.23540134554,0.963811317725,1.48827446767,-2.65034583465,2.96541941116,-2.30930080874,0.988263499783,-1.23613985463
0.187026599015,-0.160525286312,0.338126677983,1.09150609238,-0.375397836911,0.440309865038,1.59979935764,-0.00389737782140,0.820696264490,0.566178246451,-2.19436911998,0.00481143578427,0.655577597580,-0.153237135849,-1.73861668974
2.24735433985,-0.922758350486,2.72410968414,3.52169142422,-0.290343330452,1.60055199428,-2.58606772925,0.0373278320469,-0.920243279244,-1.27661622318,5.84594827700,-3.75347088822,-1.03466863615,1.06445656442,-0.875298321946
0.179755546468,-3.23784859796,-1.31564485902,3.61747327267,-0.358135400511,-0.668469124122,1.57360049788,0.772977309157,3.90146103931,0.965719869551,-0.220882196414,2.27920264890,-3.58769818087,0.287197440894,-0.537567487542
0.147072498513,-1.11727181569,1.36459068345,0.665744974201,0.0622075737489,1.70825891982,-2.54102443338,0.202385135677,-2.31836195146,-3.08063737974,0.745060704948,1.04103234728,-0.00750425746008,1.43487794295,1.01835021079
2.40849401926,-1.51849066334,-1.31204901345,2.73253018300,-3.38658785500,1.60539740715,-2.31926343377,0.815184807652,1.20429162575,0.972472418991,3.39946343719,-3.15063958019,-0.0966164915054,0.398968861268,-0.356741853336
-0.719765371259,-1.33873842303,1.09682932144,-1.77224677534,1.21361758989,-0.608661121707,0.366541432896,0.473488213876,-1.26500371856,-0.0437800728710,-4.13663262539,-2.39022481696,-0.774489797218,0.684431533045,-1.31990865659
0.924047229353,-0.847856288734,-1.15447072669,0.959065386543,0.0603184445391,-0.568196689485,-2.90581335956,0.832217408927,1.75576538901,2.44656580454,3.07135440842,-3.65451570954,-0.890307314174,-1.02754535955,0.315667645887
-0.565681932072,0.568494256296,0.411279018246,0.108081253887,-0.647323813373,1.50642988387,-0.225071033475,0.940169216045,2.24337628169,-2.09710079554,0.235018722724,-0.762062550730,1.18378004785,2.83735176403,-0.658637660372
0.345121229309,0.0205832457065,-0.495819600008,-0.485539164747,0.162917543079,-0.979110524152,-0.272141631030,1.34020808039,0.558925863594,1.56272437872,0.511607068815,1.00712489160,2.22373473319,0.708899636494,1.84083800446
-0.219817879428,-0.447409784124,-0.163612214268,-0.377882882667,-2.06742877930,2.39848391318,-1.40022513550,1.31488508960,2.78819068211,0.494088657498,2.48487227819,-2.44219609683,1.11506420961,1.23810237692,-0.691209947949
-0.994167568737,0.423813588074,1.34113968311,-0.100308429471,-1.30352055719,2.07279490663,-3.24784697306,1.01929227638,-0.762268374439,-0.391987335531,2.47521249544,-2.86113706777,1.40026791864,-1.58815726801,-0.430618149990
-0.242661197301,-0.829825240480,-0.476494317595,0.666528692828,1.57745459931,-0.139662623261,0.427045503656,-0.346838481371,0.498063113732,-1.20871036191,-2.17579780069,-1.59831842836,-1.26867518893,-2.51838763691,-0.266169917930
0.935952076985,0.906079612947,-0.938916702360,-3.96934538890,0.0110664107680,0.175116911811,-1.72875759156,0.711607461156,3.53940285122,-2.66483528663,-1.12576198435,-3.22230826432,0.0675312836841,0.481796386859,-0.512481611192
0.740486784724,-0.179694840559,-1.25976561457,1.33612524717,-1.09737769753,1.10638083488,-3.35863017235,-0.298862174305,-2.12797461808,0.720565116193,3.40127575370,-1.58657789259,0.0689039953878,0.0465302064572,0.185968501602
-0.967767144478,0.681672032821,0.648508043894,-1.42273379791,-0.745740944280,-1.50044602446,-1.31156743023,-0.733501005412,-0.866299536091,1.41847842216,1.69804145446,1.49901388103,0.559812659055,-2.06671454540,2.15795834250
-1.18961480091,-0.111054112475,0.116019024789,1.13298067490,0.256979138892,-1.02959621452,0.983994441492,0.992595741468,-1.11632817194,1.37578769523,1.37319467831,0.796058937221,-0.995671639009,-1.70787764157,0.0370213592120
-0.185014498634,0.266330219558,-0.143931320992,-0.945073856067,-0.876970325810,0.0744627510318,-0.121573720505,-0.176527321089,-1.38834833062,-0.522382960979,-1.13468618854,2.46128748933,2.11905544531,-0.923827611117,-1.37208320828
0.287808127812,0.592056664520,-0.151032398055,1.95039424985,1.51767691197,-2.08410839975,-0.0755197248542,-2.82458586160,1.62035079278,-2.07776395353,1.38681291920,2.33094892474,-1.21511735029,2.21582991669,0.211449296618
0.865542262366,0.367044848402,0.123318903668,3.94861492203,-0.750852820859,-0.503493259665,0.525778090371,-0.294930911347,-0.457930784849,-0.303239802574,-0.649896462189,-0.382086691300,-0.800644179121,-0.467194023179,1.15245538632
2.73182974512,1.36126333935,-1.36548670363,-2.59264023626,0.534172314310,-1.33783937269,-2.48885634973,-0.256133694492,0.156431904627,-4.56865180453,1.18908527923,0.378828714013,-2.14631105397,1.13039525161,0.576150882917
-1.41461591453,-0.134622125422,-0.132383527494,-4.24468360898,-1.32540788728,-1.15117164887,-1.87313646394,0.497472736791,-3.10079632635,-1.09810097579,-3.07731494480,-2.70989352138,0.425247600412,-0.236686318038,1.07658201997
-0.135222541117,1.12952198630,-1.39393279625,-1.37218555834,0.429731460751,-1.42546313488,-1.30460868479,-0.482864417659,0.670230716688,2.27839347190,0.232027804013,0.337249204888,1.87459431093,-1.29410512812,-2.47723897153
-0.121690441309,-1.21385377198,-0.568840133866,-0.513980670406,1.63372378377,0.591980289603,1.39636484429,-2.32956333201,-2.21029551174,-1.92594983415,-3.19207358023,-1.02327058463,-0.137838193394,0.103222797226,0.935621782434
2.37536325703,0.663370729911,-0.357232120580,-0.947920711866,0.460048018596,0.869996127206,1.34241357790,-0.0160345609004,3.10539774118,0.294557408036,-0.929890258257,0.978631325166,-0.913921155399,-0.160054651237,-0.715803087540
-0.293164523754,-0.930353796993,-0.374742101009,-0.455456358263,0.929668425665,0.620344311583,-1.14389106530,-1.30454488765,0.107960937946,-2.64203139189,0.128188761875,-0.137944574155,-2.63528866008,2.77566799490,0.863090439811
-0.140599301674,-1.72682589527,-2.84631229456,-0.289915460824,-2.28031510307,1.21450891870,-2.50539185816,0.982362359092,3.80424161559,-2.03192533924,1.04081210566,1.46314843477,1.77972712298,1.23974605757,1.19207470680
1.72208308807,-0.809957995060,-1.36245024607,0.444162072739,0.688519903539,0.200585787640,1.13861518162,-1.87141113834,1.42281135589,-2.86802341239,0.379398500506,-0.337803205625,-1.78232744638,1.64644512371,-1.29158277756
-0.428384330252,-2.42563699435,-0.527933036295,2.35122283718,-0.302886425943,2.00686819340,-2.60414528327,-1.75559095074,1.22338835733,0.135667359101,5.84190070126,-1.39302697581,-1.34556042990,-0.120327200632,1.24443766810
-0.467423604932,-0.959172620878,-0.653727108106,0.507680703402,2.13573013569,1.72251168066,2.90241012015,-0.809420404103,1.49463819483,0.397263204586,0.406385296948,2.02493493086,-3.52534588612,-2.34980235243,1.25102560340
0.952894505730,2.14463446867,-0.965971811454,-0.877638698317,0.869261066941,-0.929937285444,0.365155736296,-1.89271318119,1.62792449239,-3.52888416637,1.31860836951,-1.91301057882,-0.646191661042,-0.339176788019,-1.10164797838
-0.563980986510,0.0393757363488,-0.0448278766380,-0.312972754311,0.334403588133,0.147266596348,1.00191062761,-1.13883098927,-1.27638929885,-1.72459568752,0.223843697338,0.146544029034,0.956612317228,0.773180525894,0.731165463343
-1.01090795671,0.620317161702,-0.529998866523,-2.29595837932,-2.25845686440,0.242076110508,0.0297547847410,0.244883774318,-0.189287425114,1.04035863583,-2.93633460234,-0.560156619875,0.388708827419,0.314513066227,-0.0305560661990
1.67750483282,-0.165523378908,0.127115833179,2.79687522615,-1.41510571417,-1.73963779585,-2.90693145131,0.605081164391,1.18548438066,-0.630334351901,2.97273918808,1.30050054799,2.89797033050,1.17474060913,-0.769937390280
2.55672390791,-1.88574946883,0.782631381730,2.74176185057,-0.533974767955,2.07505401311,-0.635041404238,2.73442229340,-0.651022843905,1.38309578409,1.99980772178,-4.03005655163,-0.00216032368395,2.57488414010,2.04375268666
1.08478606473,-1.33813046894,1.66774941465,2.01191435138,2.47822990870,-1.88654657588,-3.43955672045,0.547018397012,-1.24325968680,-0.310895480426,2.51407554143,1.09712594793,2.00117686970,1.37545192960,0.397250808604
-0.200181665160,-0.947343283472,0.224611094951,-0.973994729213,-2.56062365342,-0.770075435940,-0.646813961192,-0.311801357992,-1.42969123626,-1.80434514386,0.0701697679778,1.18482872952,0.240492216612,3.23173616687,-1.03874894512
3.20161390059,-0.636139231491,-2.31607932501,1.28126490838,-2.92605267467,1.44530472617,-0.842481964715,2.59091628595,4.45015965205,4.66241285993,2.29250368097,-2.86788988447,0.441813913212,-0.348640097086,-1.40397136617
-0.292446046726,1.65316475173,1.08523119523,0.606808449243,-1.55556717748,0.268302056166,-0.538556539947,0.0419302034511,-3.16392030424,-1.64432722627,2.10170297012,0.342113336105,0.719935319619,0.927160573642,0.0791019514263
-1.14542354089,-0.224307892234,0.408408414943,1.22871120205,0.853169171061,-0.731736511829,-0.939824328901,0.490181135612,-0.644067554058,-1.13201903094,2.28253734462,1.56007252328,1.76006441723,3.02060349553,-0.877914475023
1.81090355555,0.291337423763,2.89252697250,-0.824470664278,-0.0309171795886,0.509050673892,-0.346004944434,0.189705574232,3.00846017887,0.523622031029,0.0855143400452,2.49656222543,-0.559960159221,0.949892498045,1.06403353733
-0.229349479906,-0.555010046099,3.18797175332,0.150107129250,-2.13957476286,2.12819918234,-1.22143261093,1.01140119829,-2.39811941635,0.377152288436,0.590055536262,-3.88183694848,-1.63652618689,2.85700021540,0.547040114158
0.101070610625,-2.29946419800,0.991486632185,-0.0171407409971,-0.134407628465,3.01276491564,0.0702425228037,-1.34766989226,-0.0749201097447,-3.79138133155,1.63467295121,-0.744097945096,0.910219856431,4.51103843881,1.57643980533
-0.102570349986,-3.96562540338,0.434598628367,5.25946694581,-0.553854486343,2.64993789244,0.414841280513,-0.576812379570,-0.308775675970,0.196937166432,0.633345619272,0.394080373019,1.38971320637,-2.64161474144,0.737593616175
0.792193527534,0.357846102280,-0.160501754792,1.78871220916,-0.0342248986230,-0.712752474681,-2.38471446085,0.828898650109,4.71855643882,-0.0927174452722,2.60966090219,-0.638786080794,0.797606449385,-0.803642325211,-1.66873231623
-0.0607131336963,-1.31535468293,-1.64285889895,1.37347991204,2.00554765522,2.17887662729,2.65494026437,1.45861640626,1.24349218001,-1.47225576363,-2.97309873285,0.832803777904,-4.11536821043,1.05996252451,-0.0566587812926
-1.99399159794,1.22918154008,1.45432241619,1.47045837122,1.94085502652,-1.99005594198,-1.29336286243,-0.999081931790,0.493916753013,-2.40234319230,-0.873107452301,-0.234860939540,0.202402872109,0.826091367509,0.801775452955
-1.31876999308,0.854282948869,0.334915143190,0.196151017303,-2.14485977542,-0.548121832345,-1.05430029599,0.232490409766,-1.08618663200,3.49866387811,3.48688496078,-0.428467604549,2.30638429607,0.985447982433,-1.28873313992
-0.680970799656,-0.715761667956,1.94993024609,1.86958929318,-1.07769463540,0.206785383990,1.12806247606,0.619724356412,0.0966579752569,1.15261872202,-1.34334139370,1.14954361897,1.86193636430,0.201204818329,-0.334555918565
1.08860405797,0.547890496253,1.16018479307,-0.821070107107,-0.799067902452,0.640619998348,-0.123357766532,-0.0325631742914,-3.50020579049,1.09441540913,-0.739093237419,-3.47438152329,-4.94691745699,1.97449438590,0.633408875236
-0.970377495268,0.390489958720,0.630499589085,1.02401738241,1.40459045550,-0.804938904434,1.51201533233,-2.63881164302,-0.144476106902,0.975432353022,-2.28372787875,-2.53259384677,1.35575655340,-2.57130823167,1.50449691871
-0.944543340721,-0.563376847573,0.398259712169,1.59234100881,-0.452803070748,-1.45304500521,2.02066488818,2.43521412916,2.62077525975,5.61776390515,-2.75443660080,-1.74570847394,-0.377593533319,-1.17832595416,1.22983850205
2.21009314672,-0.545876857696,-0.371101037709,-0.959168164906,-0.921979574381,0.185935071020,-1.89462080083,-2.01094235575,-0.683346138953,-3.25059799677,0.770550802739,-3.08086838508,-1.65265371819,0.0648798743959,-1.85219715356
-0.908535267712,-0.537650488758,-0.386924898343,0.260737090087,1.61629639884,-0.202847602664,0.229895692601,-0.0697461651402,0.372037628951,-2.45385062503,-1.30398276485,2.99651301246,-0.754403242537,0.887961490670,0.482928642702
-0.0633189192355,1.14363259413,0.568650078755,-1.36343492542,0.287524645880,0.342402105962,1.51178299968,1.58584227824,-3.00343578210,1.36786899500,-1.42317079263,-0.388834379427,-0.534631341977,-0.383196727130,0.505320371373
-0.571376247127,0.161570877862,0.245952416856,-3.04130177445,-1.53460633258,-0.0551194877478,-0.389700103153,-0.127088259072,-0.610860424766,-0.713081697247,-2.01079469809,-1.10210441561,2.53343559040,-1.13478680245,0.536169147646
0.405550599689,-1.56569897354,-0.931693072528,3.65173517636,0.924606205551,0.859927673105,-1.72548083570,1.93660443704,-2.05434424287,0.531166144488,3.10866313898,0.905584554569,0.775678589785,-1.62586635570,1.14757170744
-0.426650113472,1.39390469178,-0.375715303745,-0.0443713156848,0.626122284520,-0.892776788106,-2.10778159478,0.121341650759,2.58799961472,-2.67500126707,0.799673560117,-0.123763957726,0.727794319742,1.95099627462,-1.27919286222
-1.75058641204,0.114714773119,-1.08449646398,-2.89109359462,-0.125099611298,-0.891854890793,-2.51693221408,0.540062037824,1.62256684453,0.535781185631,-0.0786153109358,-1.67587486783,2.59354013387,-0.925947787917,1.35162778052
-2.59275094790,-1.20513208836,-0.870953735579,1.27083989545,2.48818679511,3.67027499817,0.447072612155,-1.81247702155,0.628535877518,0.756250232387,0.906821316731,-1.96798956344,0.933069824590,-0.349111743714,-0.905275729333
-0.113455172682,-3.38036832842,-1.14121639681,3.17331658357,0.126905982054,0.667294220960,0.811980143666,-3.11162339933,-0.412059435153,-1.18384667255,-0.276348011998,-0.207635955495,-1.02518379391,0.0921488125998,3.64480971381
-0.842202053072,-0.475015711607,2.18117619828,-0.192262314126,0.542929204215,-0.982374683963,0.292454418306,-0.661871747437,-1.74987732998,-0.930798753416,-0.696415459295,-0.180557829055,-1.01995657139,1.31531002791,-1.52994170114
-0.340972068945,-1.33995506665,0.531837202897,0.192298116104,1.57580864530,0.832191962045,-0.709643962785,-0.541504907854,-0.856466803511,0.357040853274,0.319723056447,0.974623217325,-0.894842039954,0.651365204114,1.65966454756
-1.17167252409,1.41950260065,1.76016355216,-0.453493024601,3.03976313953,0.111178431980,-0.196528597427,0.242669542667,0.295804238848,1.25477149961,-1.05982255072,-1.18049441307,-0.543256390554,0.578739487414,-0.508418125390
-0.691311382920,0.456974641708,-0.894430032817,-0.106509802175,0.0680553874981,-0.119243394725,-0.118120436295,2.33119747619,0.223167709350,-0.677921214456,-2.15034557090,0.714947115815,-0.293865380381,-0.430437763974,0.792958459836
-1.58605466018,-0.562625630828,0.957302753449,1.80600855677,-0.553986090529,1.19201878793,0.412305664359,-0.538159827050,1.42087911692,0.807430016712,1.07990637255,-1.47630359758,-1.81311952481,-1.15719951259,0.790935704731
-0.892524732044,-1.80540529961,1.66897039487,3.77975555169,-1.37922649487,0.870378310907,-2.03380622801,-0.808713749141,-1.49865414578,-1.62218864302,6.39130974269,-0.591162027132,-0.969194740066,3.08834122376,2.07446849851
1.21975107365,0.0137216559994,-0.534618032559,1.76382732438,0.696225414774,-0.414436745370,2.32619010643,-0.0220684408698,0.824164966438,4.00434992224,0.187505494062,-1.16362540439,-2.48167101642,-2.32281607324,1.87788202062
-2.23869378058,1.32358657865,-1.79079317812,2.32744251580,-0.434140388043,0.631458222250,-1.51082116799,-2.09492750358,1.19062135333,-3.44376983920,3.05394558445,0.339584523406,-2.29723789020,1.90024119898,-1.74547507601
-2.33119791778,0.142941038578,1.63831827476,-1.14577646430,0.119842624451,0.140521633923,-2.21614546135,0.286027724305,-0.234763015270,-0.887885061942,0.879253435161,-2.61247310590,-1.30328153345,-0.557838596143,1.15789814700
0.990787032269,-1.01673916178,1.10170053334,-0.474443326109,0.396697723055,0.891110535541,0.800615080641,1.33651146520,-2.10471130129,2.87983448724,-2.16589969062,1.50223611552,-1.37301004239,-0.616470716251,1.52162820378
1.95281990543,-2.18799746907,-0.248891269184,3.38925362999,-0.478218451084,0.305875987082,1.86022540628,-1.85386139732,1.31289077579,0.0107558384593,1.20505337435,-3.46028859079,-1.64558255353,1.85209132215,0.853565428317
0.116918897089,-1.11871106395,-0.0359835008651,1.60441329246,0.161608751141,-1.71731723872,-3.18886375566,-3.07664479160,1.94196757390,-5.50968870642,4.54701573470,0.833339069404,2.33850384074,5.76921941037,-0.898464548598
-0.00115479821941,1.89294920568,1.08035279251,-1.88922532187,1.89987128503,-0.669551973665,-0.725599914729,-0.322074304821,-2.68155244622,-0.0110540130100,0.733827963613,0.792718626503,0.511724776137,1.74596257937,-0.00937290736340
0.222927912340,-1.82518595487,-0.419382207881,3.22490446907,-2.04040507861,-2.15383216080,1.98662383384,1.88047022026,0.232979553361,0.818400233120,0.323907674601,3.25953491507,2.02591040222,-2.23765679864,-1.91615077581
0.00485854863079,-1.16949735637,-2.16801388987,1.80456354944,-0.0272184102745,2.39480930026,3.41898845780,0.779750166059,2.57181978164,1.51657915756,-1.87605087856,-4.87439699039,2.28960137573,-0.238930542733,-0.183281035128
-0.0125548707662,-1.09897421023,-0.423268890116,-0.442301609193,-0.0457842355466,0.641739788463,-1.82967590857,0.697511302443,1.33133399573,-0.648058427795,3.27361821473,1.74020262581,2.90254197687,2.79269902235,0.431860485802
-0.383546208357,-0.754379879561,-0.619213429690,3.65233376743,-0.712860579651,2.28455027852,-3.05819727688,-0.364492073418,2.25193859124,1.03943996974,3.59944091933,-3.05334517657,-0.0446514971401,-0.877606370983,-3.42218393203
-0.592393084576,0.557647059072,0.816477393571,0.771695346738,-1.49123717889,0.884626356016,0.282720377009,-0.657856541114,-0.875459506658,-1.98435098158,-2.94568779618,0.864824447814,3.04715842347,-3.04253009649,0.846278399832
-0.546051741446,0.0996574721719,1.67490452597,-0.359403428120,2.41312935669,-1.02837160083,-1.91950186506,-0.443626301071,-1.50484372682,-2.30945228101,3.37794563330,1.88411738210,-1.96518711544,4.45881460198,0.185876123983
1.13042872005,-0.0680315468051,0.667878583497,2.91586256291,4.27538711323,0.707922437121,1.14521363301,0.752823285367,-1.61475463037,1.44440484033,-0.778713741479,-0.687777265038,0.649521244674,1.93827136006,-0.290533483905
1.43189099066,-2.49466119408,0.113741754498,1.48062461970,0.556958604445,1.20542708131,-1.48792900027,-0.318650710972,-0.0696235722860,0.118164609759,2.04131813431,0.784865060791,-1.89580354075,0.152832567337,1.25439833374
0.216446886403,1.35634176834,0.610987518079,-1.59961982668,0.0913627401773,-1.54285274866,1.25544736142,-0.370974529040,-3.61035746603,-1.68815738535,-2.14504634277,0.529031432134,2.72653224073,-1.16738501983,1.65161052606
0.661785536742,0.0673200250044,0.101071282139,-0.977326208217,1.97393305243,-0.881742968455,0.146949542968,1.50262339591,2.20135537212,0.769557648454,-1.59808936150,0.723795621946,-0.146827402797,0.437873805533,1.36827178034
-1.67846693485,-0.695276635874,1.93545459556,-0.404427461696,-1.29591370487,1.72166520482,-0.734561476434,-0.483757559147,-2.50222897691,-3.67748511026,-1.84981032242,-3.00442244583,-2.36268514078,1.19987888387,0.379239014467
-1.18747303512,-2.62050118450,1.84728110880,2.79044474444,-1.08330465184,2.48831615701,-1.18337640840,4.26436418634,-2.37675210662,5.12064160252,1.36504294715,-2.73918565183,-1.43993822850,0.0547538235291,1.22931506023
-0.983376765931,-0.668923749336,1.09364317542,-1.34178683296,1.86863139553,-1.07218180542,0.298111273618,-1.91436728487,-3.10748694397,-5.61748911089,-2.24734686345,-0.223165014396,0.724796751208,2.07702113853,0.495518431429
0.291266059148,0.879232020121,0.737995959054,0.0610073918892,2.02436627736,1.48327782550,1.47132612564,0.545185983478,-0.432995036607,-0.675245572089,-1.11652181223,-1.72462738016,-2.15530715733,0.782752750589,-2.28447463592
-1.54143401834,0.573676313875,0.763327649213,-1.59533357526,-2.54835343608,-0.477698442096,0.979906940021,0.575860483118,-0.149441502215,-2.61636825160,-5.42460203329,-2.83085445384,-0.574814746048,-1.77009262912,-1.15987902239
-2.54861651105,0.402001730326,0.473861635116,0.312547459757,2.54133142685,-0.332058708384,1.83097152458,-2.05285214152,1.99255667995,-0.889228485548,-2.96885060277,0.172166276722,1.94907214445,-1.64505970280,-0.107904348089
2.28778395106,0.663141766487,0.371569372532,-0.876934910852,-0.0257609741289,-0.394762989552,0.0724523032501,0.552578931763,-0.115960328581,2.43405937597,-0.774512046688,0.580168397562,0.0342775366752,-1.42160505285,-1.56231277578
-0.573293532356,1.24442535797,-1.07276522158,1.94916461535,-0.566034164224,2.05050555020,-1.17135253186,-1.80578736108,-1.09192428579,-5.78420964634,1.22170128262,-2.76206199075,-2.33162879403,1.33313209256,0.248862590027
-0.585294707655,0.887310961459,2.15699972002,-2.09819859814,-0.475644096879,-1.64590352181,-0.851068995046,-0.614604021386,0.501052316658,-2.13059909203,-2.53867794644,-0.169145995452,1.53403954374,-0.872917942620,-1.34972091803
0.763283067032,-1.04192498342,1.24500415961,-2.09921770309,0.0344674602236,0.401727285131,-1.29891347648,-3.17201982836,-1.18428847005,-5.21050174085,0.523250018556,0.848799765091,-1.07167238493,2.83175690760,1.18839490530
-2.58011068978,0.483460576418,-0.382001079990,-2.10944551703,0.0727246327560,-2.22896963115,0.244385924385,0.902048408681,0.384274722136,2.54801190814,-1.26648267510,2.20557114437,0.526240608889,-1.38293882736,-0.743943742900
-0.657956444411,-0.309084756925,-0.0238666867898,2.85016601610,-0.103348825914,0.0286735647655,0.163768555146,-0.101364595647,-0.754494496815,1.02763454061,1.42748037358,-2.09641415937,1.36632667093,-1.66581149120,-0.600494887161
0.604336268297,0.943803798688,-0.541138373589,-0.828650699617,4.29527555209,-1.32603691029,2.08528659892,-1.53202556261,1.59515341872,0.339480017668,-1.83835211888,1.61013137607,-8.07890363227e-05,-3.56974689178,-0.595947750691
1.67586428677,0.0475968890281,-0.822510419153,0.697821745775,-0.403857214773,0.933064147661,-2.77142714117,1.55857652054,2.36258949896,0.518030655670,4.16321889732,-3.13816552645,2.62443832519,0.598209334483,-1.97887925126
2.82114920760,-1.81381469825,-0.177580326726,1.43220439298,-1.18457095671,0.251919003493,1.26106091468,-0.0728495391606,0.603931679297,4.55487613048,-0.0767947060325,1.86831491749,1.41475225267,-1.56003842027,-0.0370855129414
0.311839197086,2.63345796584,0.436176404806,-3.08780263490,3.82915226521,-2.02404409169,-3.34815771956,-3.12097079705,-0.607835050263,-4.50482862376,-0.0220482442539,3.70893448231,0.349381427444,0.338479628086,-0.867975692979
1.27602953172,-0.690831033612,-0.125363826525,2.06072958739,-1.33025890795,1.12259462844,2.08111945934,2.62340417720,-0.281215520403,4.32212390363,-1.55559718512,0.0992874238878,-0.173491364438,-0.557357338870,-1.24512130617
-0.221977131704,-0.321519316171,0.122406034393,1.14220705626,0.507596822579,1.48826576013,0.887535606671,2.88282213887,-0.961095775804,2.70954019458,0.495674207462,0.736653136357,-0.616114881082,-0.360666617156,1.21810066292
-1.23513148340,0.523574306807,1.51977787777,-1.13353814087,-2.44240871491,1.20060097684,-1.86069862080,0.742206256412,-0.938449514727,-0.825013920755,1.25150946072,-2.80378342324,-0.987305584091,-2.32372400927,-1.06143801459
-1.60158125092,-1.41430553099,1.18721250213,2.03750256410,-3.89687415484,-0.253934978554,3.19632739027,-0.534091468856,0.367410411012,1.82613624390,-1.84833971834,-1.08577788300,-1.17316392894,-1.27210075174,1.88569339819
-0.0745726132305,0.396536395909,-0.000260467461774,1.51058188363,3.51019533332,0.782679435459,-1.60838695212,1.75348257122,0.288570622976,0.384009462574,1.86293111076,-1.06931664205,1.40081044564,-1.92267477165,0.00915999558557
1.96277551013,1.70350429129,1.33486168793,-2.38864850394,-0.599806041498,0.280476272383,1.35131963044,1.00216328151,1.32907415917,1.83158863119,-2.36599317397,-2.49965325593,0.377858157243,-2.59763842798,0.579419438549
-1.83856381009,-1.54056695311,-0.112977339178,3.22241904006,1.04765517656,0.555012587563,0.405216840962,0.464052041936,0.107959221428,0.543067912676,0.794771037077,-0.895739606363,-0.363238623460,0.464407959737,1.32709042887
-1.85197535024,-0.497066084777,1.28776801858,-0.856209883461,1.85678954292,-0.765481129658,0.805246530003,-0.0651118475852,1.07381164818,1.08932656888,-2.26544891573,2.17688836638,1.02507512721,-1.35061708538,1.42253253790
-1.54849628666,-0.688685156723,2.42869616437,-0.675279602756,-0.231947726536,0.739598499830,1.05975554438,-1.99400562966,-2.00548429534,-0.847034581227,-2.33657853777,-0.276233447294,2.76892477255,1.24421443468,0.690375868657
1.73353887336,-0.0762040237866,0.323695665701,-0.952768250137,1.27813635278,1.23509010400,-2.29645172944,0.131998664376,1.73217154846,-4.35514913502,2.48419030524,-1.15621502921,-1.71917166760,4.04330485570,-0.989260614208
-2.03101774784,2.60605951610,1.87260097022,-2.28968836425,0.251754261009,-0.0661963730761,-0.538049304808,-3.16693947510,-1.23409460461,-0.942779899059,-0.344064636841,-2.79637159599,-1.44994464027,-2.10253317906,0.886622735426
0.0754628745401,2.16564889977,0.969265481181,-2.88366390292,1.07875069258,-3.22711394243,-0.765761418210,-0.990216912904,-1.09045423809,-1.94485546339,-1.13806491673,3.31106249727,0.325164941740,2.63188476125,-0.227101958636
0.569612276047,-0.894589869633,0.145802202559,2.34801800100,0.209941879828,2.15994962930,-2.23759651447,-1.34513148992,-0.200631345397,-0.697697852463,2.55188628010,-1.00715702819,3.45594802408,0.113780929445,-1.55002747825
0.823549707602,-0.228461111839,-0.0567626894240,-1.78579240954,0.809776828982,1.72192847878,-0.152364468255,1.00067610909,-0.436221655218,3.58443884069,0.496296624964,0.0434812921909,-1.69625738075,-0.991494996909,-0.304630855036
2.54837758027,-1.44282646437,-0.255829248346,1.14909917346,1.65834306524,0.623374482651,-1.53179465009,-1.54983158620,0.932928243569,-2.22599755332,1.82908046039,-0.0355541174304,-0.684915794352,1.22814634106,2.53160808558
1.20589816045,-1.79753420390,-0.354892304557,2.41639516434,-2.67389597326,-2.22926572161,-1.20807919122,0.782402426550,-0.740628992445,0.352983142563,1.69878560508,0.958584342517,-2.83088556196,2.58886115462,-0.563952446132
0.195882586538,0.326362497659,-1.62216188046,2.10164557016,1.78290577817,0.954293533150,-1.99524682971,-0.751594773317,0.289399021428,-0.896986102870,1.28301260755,-1.63498897084,2.41271212126,-0.394935797887,0.0963389707521
-0.824591683291,1.02249197170,-0.996552162657,-3.35068198897,0.792643668942,-0.830013332923,1.86250358792,-0.526052163351,1.59234286793,-1.75203264535,-4.33460167467,3.33811854086,0.0361785739746,0.270636804627,0.673692512773
0.237235629604,0.998494584566,-2.55082621458,-2.48354600159,-0.495755118950,-0.995966630888,0.978999061750,0.0628423160238,2.96069044806,3.10339618428,0.715119892495,2.00258800973,-0.779596489030,0.137118605709,-0.527243511539
1.90662881719,2.02648503430,0.396300324894,0.317184995630,-0.729865749167,-3.70174812324,0.210439671271,-1.34815236438,-2.18927110846,-5.32872496227,0.552365801895,1.89762263436,-2.02059383519,0.802887123940,0.536819379463
-2.14129844026,-0.192011048825,-1.50487758759,4.44954343702,-0.762136691681,-0.212653386307,1.33247937229,0.230730647720,2.37832391557,0.0874577809515,1.53450438040,1.27538571050,-1.53127162747,2.48016453431,0.112592331151
2.64156624555,0.895421505357,0.311326630472,-1.82576535644,0.478988841679,-0.203020180421,-0.471721831586,1.39958635384,-0.460823699837,0.438086358609,-1.68621655947,1.72169773970,0.446186352197,-2.41960931473,0.538607385708
1.30090048533,-0.998294222270,-0.811545314325,1.08423911246,-0.700868115091,-0.609915609343,-0.825766521006,-0.435375925721,-0.611106402401,-3.57132758137,2.15112175221,2.24465976425,-4.15368187545,1.54809299643,2.73776380772
-0.737432974415,-1.31345741065,-0.366171918215,1.03186925921,-0.751516822069,0.779134141360,0.513348091749,-0.368298096924,0.846824449964,-0.941844594502,-0.793336961001,0.592219795311,0.0811510674715,0.711282026157,-1.88814866498
-0.946073233510,0.177812548528,0.373796103146,2.12320685163,0.503623825809,0.946264184493,-1.81121086478,-0.0689457524860,-0.00406438996799,-2.64197421470,1.63942167218,-1.06623602890,3.81683165719,3.05573938842,1.03306641446
-0.0132448109894,1.61150482349,-0.602020676169,-1.13055758136,0.230287563196,-1.05727373930,0.898317887421,-0.750109180005,0.452604977863,-2.52682846871,-0.513793598334,0.554635039130,2.45074095515,1.40141276598,-2.40374059588
2.48180530747,0.212911851364,-0.893213981484,-2.27792209304,-2.37972489612,-0.374718706295,-1.75827476632,1.63492276482,-0.585317946924,0.359786099734,-0.814261283652,-0.989145781113,2.69596751771,-0.927533748093,-0.628174158632
1.70824944585,-0.778574138931,-0.908496688504,1.82374604077,1.90106700461,0.884536033189,-0.127190961770,2.41847419514,-1.30907876725,3.54471952637,-0.330411691469,-3.30470050825,-3.72670970888,-1.41106957183,-0.00631859029575
1.23038314136,-0.0452816268218,-2.17889736067,-0.0990177256065,1.75996689960,-1.13125160322,0.613629490754,-0.768706654557,3.65339702682,-2.82897175173,-0.280847239252,-0.739232137185,1.02128760825,0.378086636658,1.37359238753
-1.68517503542,-0.530311677913,-0.829472441147,-0.841912183699,0.884979152317,2.59782046626,-0.266407975128,-2.13229867566,0.605333546454,0.632486029153,-0.435324151402,-2.98046663995,-1.96921519379,-2.33583367201,0.214622747533
0.957751062864,-0.991660167834,-1.24136857310,-1.09666304057,0.756086816839,-0.693495079510,1.54305612331,-0.755585959575,-1.88927493218,-3.23962719565,-2.65515887177,0.171846140616,-1.30700151645,-1.24898880335,1.17151221896
-1.54152943378,0.139701698614,-0.647704010687,1.85847598779,-1.55280730477,1.24123010335,2.16653043664,-0.589163930225,-1.91519884280,2.38411740721,-0.996585017488,-1.92871762140,-1.84990455529,0.195010238151,-1.36944964579
0.597995653866,-0.929415918366,0.465267156597,0.797389679862,-0.609523331855,0.223004249069,2.76002425376,-1.46380916209,-1.44931973310,-1.20794302839,-2.88431101182,0.707732719285,5.38761150665,0.560865478216,-0.403038983260
-0.780542233975,0.0181233066247,0.966768263356,-2.15342774803,-0.507898466975,0.867053974075,-0.172646573714,-2.30226328258,-1.86093681543,-1.77885353839,-1.10906384809,-1.32851766666,1.57291578541,1.47234416036,-2.96380021717
-0.897367080388,-1.06487521712,-1.45924324123,0.479862617817,1.35972121253,-1.05800568164,-2.35675796668,1.18757188821,-1.82605047708,2.44003346839,0.734537117494,-0.124277800269,2.87251224777,-3.44984305562,0.919649762147
0.0445730298123,-0.382388151119,1.97882041888,0.848583851481,0.658508569897,0.655653697003,3.23808263934,-0.299476083056,-1.30966079854,0.567058553772,-2.54658315418,1.02674159783,-3.52092633936,-1.68687020426,1.57040897052
-0.0844417080569,-0.651491798850,0.735172811022,0.153601965590,0.0404502728793,0.303465476388,3.32921116403,1.16681229765,-2.98239370730,1.00517230142,-3.06713851543,-0.414254755565,-2.13255628192,-0.375933289618,-0.131234106094
1.35372798912,-0.555371010451,-0.685897887636,-1.41598276183,0.265262673376,1.13145824718,-2.08834532945,2.39893124823,5.54285623513,-2.36383269025,-0.212368829150,-0.723526502503,0.561552798793,1.01415503043,0.371524893374
0.159911424684,1.07566449329,-1.00819736630,-1.09922910113,0.139111564396,-1.24759764505,1.36228452128,-0.185079029996,-0.765828495957,0.704248267690,0.129136272662,2.87803768436,0.995970319964,-2.96019933190,0.172535263083
0.966043754348,-0.370717700000,-0.228465634256,-0.767417470757,-0.392385930832,-0.475701900486,-0.326639571925,0.949113615986,-0.888497607135,0.980049827500,2.10833050775,1.64249080056,1.71931162192,-0.328234528217,-2.79913479267
3.15073976988,-0.472924547654,-1.98399144356,-1.73997718693,1.13223716594,1.23213684851,-0.196416096675,0.193079058414,3.18272503549,-0.168995641609,-1.59966202475,-0.00397358345846,2.49958365905,-0.238431096510,-0.586777041204
1.13975478418,0.567060283526,2.07786669770,-1.21013308364,-1.04201920493,2.48942095475,1.31389714816,1.49534537198,-2.06719672914,4.08526384505,-2.27265825764,0.207713671575,1.11981138867,-0.658509281854,0.105212404626
-1.26353665537,0.585603571170,0.0911444243081,1.28397023910,-0.522608939153,1.35788912261,1.59213214317,-0.711088955064,-1.01923524352,0.535689989848,0.420008202434,-4.10275706830,-0.528139650431,-0.391177738618,-0.0954885028922
1.73912997476,-2.11935190001,-0.663985218659,1.21203035394,0.932158557821,2.00216834453,-4.46769042683,-2.52980017528,0.471972399296,-4.80163268727,3.42606272891,-1.66172293797,1.44007433921,3.96986799696,2.86321317717
0.784582695373,1.66719904463,-0.516408823481,-2.15363180908,0.126846350003,-1.00732731795,-3.92316558664,0.147220834872,-1.89173860769,-1.94615277355,1.14442504419,1.29439105670,-0.177041943651,0.265251567935,1.79747521954
2.15148523624,0.0219289685218,-0.456283303852,1.00772264883,-0.693578580004,-1.12191480506,0.196625312548,2.04896381247,1.25707992680,3.39977970430,1.45594818612,0.290795022463,0.964730596900,0.490359632047,2.32938498923
-0.229678904831,-0.664414908655,-1.48975168348,0.686922882246,-1.35210471323,0.225089851620,-3.50919491012,1.62535246799,1.80715266955,1.46640512952,1.94575844464,-4.12575812867,-1.25927324607,0.751552478512,-1.34127315866
-0.811200529255,1.26845176343,0.117782779274,-1.16597544743,-2.12057514261,0.0962036538172,-2.33679239909,-0.0199826427763,-0.978760607614,-1.97380071844,0.581912772721,-1.85128954906,-0.752816196002,0.921810426921,-1.22179503858
-0.447794149516,-1.06950610326,0.668314402774,0.405991203156,-1.00513526124,-0.732241194312,-2.52286724496,-0.883195669342,-3.63862346392,-5.06292811274,4.37291363424,0.803557951210,0.682928479396,4.88161170834,0.226356284094
3.38943039204,0.661711403329,-0.802906109896,-3.76166849580,-1.05027498448,0.520455589615,1.23555933703,0.344552218675,-0.147223857809,1.40998051164,-1.91372128662,0.935827831519,-2.28686189201,0.455579401744,-0.418285231177
1.52110370413,0.227151526589,2.70085096362,0.697413197446,1.12859105095,2.46991686560,1.89349587503,-0.471838778338,-1.15274596795,1.77308943292,-0.176567985517,-1.73055485210,0.900510432691,0.135985506508,2.75006089933
-1.57123033763,0.142162990865,0.517744547663,-0.626227886477,0.951827471981,-0.282529548348,0.106494415751,-0.345006479777,-3.00916800801,1.76419854344,0.338927583731,0.845430235454,-0.760698815920,-0.976510372794,-0.0759146605063
-1.03684659442,1.79234818734,1.07362457980,-2.96439340870,-0.824439963880,-0.401805795124,1.46052765932,-0.0630255894471,-3.53641506078,-2.44065272513,-5.20870238379,1.16394837629,0.380131406324,-1.51643327395,-3.18122159769
1.40918338163,1.30552736765,-0.719622572323,-0.602804890230,0.136852279660,0.999362986303,-1.88464270893,2.92244749558,-0.219792144851,2.16852377518,1.10334380633,0.466632713469,0.786590164834,0.679608600145,-0.405077989834
1.39706573407,-0.846463130069,1.54673605088,0.578543924890,0.00345138590510,-0.524740969071,-3.86250798954,-0.0906255927000,-1.55482822729,-1.34591922880,3.71598144114,0.525918985622,2.35161849219,2.25670415033,1.24649665783
0.182362317441,1.63237661529,0.0906799795524,-3.38200824142,-2.28036397711,-2.48659011510,1.82721457523,1.55156894084,-1.55989801956,0.415611013868,-3.47823088849,4.18158805449,-0.661017303920,-0.0566782547950,-0.177847717403
-0.496992205596,0.739958586602,2.82301190422,0.102353475679,-0.910731321077,0.992884276271,3.20410323082,0.389122035990,-0.468593020126,1.27004333197,-1.50112776760,-2.11266266042,-1.04173611383,-2.65687691824,-0.292209436181
-0.541739435941,-0.746896649500,-1.00242404609,0.827245170598,0.306129702403,1.00950677617,0.388742904024,2.03970882001,1.71407031520,-0.863324659413,0.987323177931,-2.18639070041,0.629919271608,0.494176229455,1.59756423261
0.626061488551,-1.01975441112,-0.321490698157,1.77481706456,1.09013491011,-0.316895042480,-2.75515826677,0.267441902101,1.58732336806,0.0292984798721,3.66365481938,2.95586903170,0.300173221859,0.707322826575,1.92514317755
-2.03734829660,-0.805065057096,2.27192303177,-1.08382800235,-3.53372927088,1.81293312242,-0.797490978349,-0.754563865640,-1.35075947868,1.25106573583,-0.286817842270,-2.58916313574,0.0151960686390,1.27985588114,-0.0528564466003
1.15726499670,-0.198034464995,-0.501668931994,-0.252344756221,-2.61816489400,-0.809697147328,0.442334192022,0.651898577065,0.227738820913,-0.776176381629,0.458727567117,2.45767403497,-2.33571873569,-0.374442685864,1.34151926857
-2.76939101962,-0.192897138026,-0.365361480862,-1.19280702044,-0.238593008943,1.37177914809,-0.158846341695,-3.15649789588,0.332845632736,-1.99213025981,-2.04366341496,1.80323169965,-0.594581842304,0.818395292785,-1.91245667556
0.345952412001,0.255124011668,0.122825748448,0.145266630013,2.20776326861,0.518296846082,-2.26673854650,-1.87998864814,-1.55279812707,-3.91370751053,3.65606802913,-1.55589225402,-0.00586802003635,1.75279137586,0.150932766278
-1.36443861534,1.25170979586,-1.07761361806,-0.873423701820,1.00059697635,-1.15039042867,-0.738709406132,-1.25032117281,1.44094899415,-2.97198274698,-0.411788162477,0.412707072168,1.32440826204,-0.787276991407,-1.82827076465
-1.36673963292,-0.0789778257926,-0.397419872102,0.291988042575,0.209248898129,-0.233540508582,-1.01299120327,1.82139417273,1.79264575925,1.30625128645,-0.371421822279,1.22716462349,0.598813021194,1.15986254662,-1.98848819501
0.210234852639,-0.829066802401,-0.386689780778,1.34030672343,1.94039662937,1.21517653084,-1.04713165461,0.920366184625,-1.56334979858,-0.570553282967,2.58420571139,-1.47742381278,-5.85545887744,3.04731161447,0.586739865911
2.57288771135,-2.01115863159,0.437019806568,1.38852762607,-1.68590902389,2.62052731471,0.0616653028850,2.43176721649,-3.12579936920,3.71386100515,0.116773619263,-2.34155915353,3.35362767987,-2.39592877327,0.739534508487
0.960629883758,1.07143510205,0.673147340092,-3.51227987927,-2.56278681517,0.863404870798,3.26905368691,-1.06431904850,-1.87846208939,-1.98829486576,-2.62640670890,-1.09450511983,-4.38406101525,0.175514580426,-0.0453806554600
0.113812647882,1.45477194279,-0.729745347863,-2.79911677282,0.0320350852627,0.650687512972,-1.72087578157,-2.19062892302,0.225155842078,-3.07168263999,1.17523236170,0.852704895882,0.744831988717,2.27207720346,-0.761966691423
-2.41056868069,0.961027446840,0.785217500477,-2.06061949262,-1.62178731175,-1.07767183368,0.868591373595,0.0350561878899,1.15883300040,-0.392700822848,-2.14332942861,-0.537034343897,1.69044027729,-1.72994943945,-1.42025607417
-2.12977591685,0.225937224210,0.913598129162,2.53742920729,1.53429727211,-0.467269893578,-1.62110934638,-0.0486922804880,1.43095459185,-1.86785022924,3.59747127892,0.216780346552,-1.02414475663,2.23268114564,-1.12606416242
1.53479372106,0.351423531694,-0.222620670912,0.943400673555,-0.677956080736,-1.87246565951,0.664057484369,-0.482853124491,1.45362218713,2.40712847421,0.414118437897,0.580345668585,-0.661470060503,0.0450575177590,0.856217923920
-0.410981957351,2.65652774664,-0.151265950029,-2.48383738538,0.587780482950,-3.10189887304,-1.38267257766,-0.189872234589,-0.413898562150,-2.79096343485,1.18774104888,4.06210154236,0.131063560121,1.71961448166,-1.02540181031
-1.10575646586,0.401391334925,-0.890070717084,0.933207581243,0.781405855830,0.822973801808,1.40957074754,0.276580997139,1.45206331967,2.61351422398,0.723650466633,2.48718845693,0.827709727936,-0.617704572016,0.846805111566
-0.0192211798264,0.0191937795357,-1.91478670349,-2.62823576494,0.460148832599,0.644952473734,0.668735242198,1.50342645796,-2.32565808604,3.93097810628,-2.15654656071,1.05544515275,-3.10161650993,-1.59897114658,0.790896199132
-1.46997172013,0.747680127664,0.455364712267,-1.66860968994,-0.405704878666,-0.0342109505146,2.18828223230,2.25594216640,0.0744650631163,-0.336934206957,-3.04063686016,0.903199097295,1.81194776456,-2.14562687224,0.499901186230
-1.17116755245,-0.406703140786,-0.858097040112,-1.09122212771,-1.07327814478,1.85785128735,-0.329916280371,0.147420325258,2.82568566018,1.07491860735,-3.29043134448,0.398746353367,-0.0176795391656,-1.11011064102,1.35525036352
-1.83100734921,-1.87800498621,0.638540431463,0.310675538663,1.78237673137,2.02642502357,-2.57973071571,1.02922546829,-1.82207876656,2.09333369217,2.29063909108,0.450206004135,0.966281578702,-1.54590370823,2.05391924402
-2.48991725842,1.07586344797,-0.165267058185,-1.07161426658,-0.243420100957,1.91519736724,-2.72665164370,1.07324398131,0.538073887176,-1.68391305650,1.89266363131,-4.08523144397,-2.22612696161,1.04967793189,-0.506372078607
-0.834325841300,-0.637044168662,-2.07810437482,2.82547720784,0.642339191761,1.53785743760,-0.486548154152,-1.53331035315,-0.780822222182,0.466060977542,3.34694470689,-1.23879246077,1.07518775780,-0.560443668680,1.32846614312
-2.52344681148,-1.18252543910,-0.989668134867,0.623326317501,2.37102773879,-0.639829862461,1.05556284663,-3.58543894114,1.88590761926,0.823404226971,-0.933132805026,2.50742234072,-5.18617331210,-0.236186138433,-0.268261634524
-1.06191008566,-1.13810033177,-1.70506575003,-0.0202754510834,-0.879350503286,-0.409121673142,3.54384156250,-1.03651496370,1.17589973408,1.91101445170,-3.85826771335,2.73814063968,-1.69038934495,-1.88726312757,0.939964914234
2.33970004747,1.10534806561,-1.11265432175,0.109220729355,-0.412521124244,1.06758597540,2.02732825345,-0.0808885779151,1.86800514624,-0.587216234752,-3.03855490454,-0.339837200029,-2.59462407081,-0.849490169827,-0.906501949571
2.01071078640,1.57130781391,-1.76735296040,-2.60274606107,-0.155630215157,-1.54344565952,0.958528501215,-3.69232544975,0.498357418448,-0.136940503326,-2.43444943920,2.66047273460,-1.70876705966,-0.635391000039,-2.77646281825
-2.33161874331,-0.503463173390,-1.74553757854,2.09079674465,1.99814074111,-0.923097834458,-1.41351961457,-1.29801957920,2.83493043775,-3.13839927910,2.94594257401,-2.16309618087,0.795976826357,4.65597357979,0.149103080491
-0.338256202105,-1.16517460168,0.926033760954,1.58225007348,-1.60685099883,-0.304966494739,1.26233842435,-1.70863463408,0.217462381168,2.51834906874,-0.326611514845,-1.53704260443,-1.88854221841,-1.55460877937,-1.74138854493
1.29118771306,0.234233426156,-1.38071715735,-1.23094628967,0.495884505703,0.514282479922,-1.54258089798,0.446047567306,3.11987261850,-0.626888063687,-1.12680302751,0.889658520553,-2.04599501986,-1.21267900441,-0.574778066752
-0.114395642255,0.194602123979,-0.354403428068,0.183828983905,0.210855124194,0.195134447378,0.478853652645,0.294315720013,0.632922137737,1.54818051990,3.23918795153,-0.112578738284,-0.271726109104,-0.672605036056,-1.14772640428
1.77050270012,0.548916028875,0.549523183329,-1.18910819149,-0.252225927719,1.56718362398,1.29354315433,0.875904834121,-0.556078117366,2.22233255319,-2.31995502082,1.87499966856,0.574322708705,-1.21838821039,-3.79064974194
-1.19585450495,-0.393426945728,0.524590497600,-0.643411366780,1.77403378489,0.887028791804,-1.12705999393,-1.10995363947,-0.991616777012,-1.54192494933,-2.03799399611,-0.661512471700,2.47952343448,1.67786084484,-2.66219313799
0.804669942974,1.46970107178,-0.862982061852,-2.20326660480,0.824850356056,-1.33924226417,-0.838897629568,1.71075855029,1.32851377732,-0.148114969661,2.28803718103,3.81923552020,-0.991470956120,1.08507187155,-1.17678625830
-1.56401494997,-0.182636408966,-0.0392607156476,-0.898505872418,0.755436699558,1.77246252344,3.23234108941,0.567947493850,-1.93261612295,0.990288392833,-2.69553551311,0.466433163768,0.0458150750249,-0.179466489748,0.888127080224
-0.902899480989,0.702695937412,1.37257202304,-4.65212622122,-2.54716341184,-1.51304799175,-1.35707751043,1.50618233902,-0.276212664334,0.231825220964,-1.92882770187,4.73353749930,1.21035399162,0.323216802081,-1.10835830537
2.12438624693,-1.94716491460,-2.03013294100,2.18642615739,1.50307217037,1.91131490081,1.07185871218,-2.37862116559,0.689517779969,-1.63093194686,1.11835949088,-5.85686176607,-3.04120309320,3.12806261377,0.559472488765
1.76214858646,-0.302398984998,-0.525503075861,1.25772358678,1.69940842974,-0.0960659336491,-1.18046957587,-1.08485261481,2.36703714777,-1.60606902459,1.33309381015,0.674222517211,1.46126689031,-0.702126418037,-2.39203205900
1.41790286150,-0.453104646514,-1.55138844275,0.984119945946,-0.171927798333,-0.744799611166,-1.42172115892,-1.78712129578,0.389219067508,-4.48025892945,1.16902851708,2.74510767282,0.460140755629,2.34859373432,-0.286469578985
1.12685721652,0.204269942884,0.400645378433,1.28500347221,0.880072605496,0.259583849784,0.675292302583,1.59308310346,0.903617134458,2.50947564540,-2.60554119230,1.35385054796,0.477903277052,-1.16018648277,-0.541209432139
-0.668088657690,-0.978552234547,-0.696558449940,0.383867079974,1.53421335270,2.28201401653,1.54895736056,-1.50491802746,-0.620707015604,-0.691985216898,-0.994180930685,-4.18135519124,2.23242688542,0.449412325995,-0.141255734838
-0.347457727555,1.03110249708,-0.812213285850,-3.07224432542,-0.649167103722,1.20406201270,0.577186635662,2.43637868351,0.829267486099,3.97712701949,0.0487733952203,0.342227879826,1.17795737770,-1.86863462352,-1.52645851058
-0.408588635664,-1.49485892608,0.345288390994,1.75233671651,-0.0839042930737,-0.395378104999,0.502847811654,-0.669601808355,-0.111216216068,-1.47524310935,-1.09193266753,-0.481688792409,0.824043844845,1.02580372898,0.0616307175517
1.29089607647,-2.74311931673,-0.880350469035,1.80626617450,-1.19678905152,1.71027527968,-0.610303076648,-0.796803841804,0.493650961354,-0.0757641282319,2.69480172201,0.245701315954,1.18638111719,3.94777845352,1.70189071468
0.605978781959,-0.572835114644,-1.17287430343,0.813551644366,-1.48958791753,-0.744940966922,1.80765545418,1.38148540836,3.07889569284,3.72447733762,-3.60748605587,-0.0608993816032,-1.32516089384,-2.04682610989,-0.352620802135
1.14182126045,-0.996078965141,-3.89047030066,0.703945353117,2.02165098009,1.14995347166,-0.0342097534266,-1.41991936557,2.88332233941,-0.605121265918,-0.101847651407,-1.56522194213,0.852115437057,0.218374121190,2.44271967957
0.190372682869,-0.101245550761,0.110521489732,-1.11159223895,-2.66181744415,0.796421435007,-0.423480863514,0.701880589952,-1.10512607750,0.347321639525,-1.12759179714,-0.527779971794,1.40755504799,0.127808105421,0.0364685263936
-1.15849609240,-0.549636997414,-1.63311629462,0.765668669673,-0.626314482345,1.03581579615,1.06553853034,-1.34166380627,-0.217025093829,0.350732995427,-2.19139290099,-3.76261019789,0.399271042536,-0.442865323923,0.410789223508
0.608985035215,1.69986407123,0.301847537745,-3.12981067898,-2.43418833859,0.113164056583,-1.93149416587,-0.0910333862953,1.18871701493,-0.688812877908,-1.32680683025,-0.665167504396,2.42907509335,-2.28049942268,-0.996063114267
0.312489677649,1.21950511932,-0.0646128443049,0.0132783618436,-0.423025613825,-0.332742196656,-0.607313808520,-0.859213593074,-1.39969319770,-0.939137505617,-0.753198752828,3.45389367567,-1.47574980504,-1.55732393329,-0.918049010432
-2.41117784749,0.569437397307,0.462344011448,0.902711818928,1.09514635547,0.879575121299,-1.59887388526,-2.51432267491,-1.19757483529,-1.29558398597,0.913227196704,0.276448469594,1.19107653704,-2.37054215071,1.57933406716
-0.184248345770,0.533014413370,-1.31188534503,-0.711290416787,-1.69030327229,1.76062090240,-0.892668201256,1.81713513258,2.53887240722,2.57108192991,0.763758449532,-2.32011757777,3.63473990720,-0.807415170705,-1.00524927687
0.474984278702,0.669538100784,1.96326135063,-2.05886167689,0.259916097416,-2.09370495876,-2.50000705011,-1.06809193930,-0.651115605649,-1.68021489952,0.716497918750,0.852725419019,2.30298140023,0.874976494158,-0.690121706025
-0.540947474886,-1.36156194308,-0.356771894617,0.879521334668,-0.119190395730,2.28774637813,-2.95387760469,-2.14050707757,1.22956408212,-2.47166550084,1.00854864054,-1.46964131171,4.07765173887,-0.312443919081,1.56073794165
2.32142337064,0.0614519833209,0.192401976054,0.0132918961266,-0.718535889522,0.500504328330,0.390334166204,-2.63997672747,-0.474521711507,-2.56875283251,-0.352621948584,0.218821024833,-0.838950615016,-0.158335427987,0.0508177718911
0.810529206779,-3.00488002066,-1.05355588108,3.30446160845,-1.93363401878,1.94418567467,1.08774249941,1.22611523548,0.916952133655,0.920868753596,3.35993737147,-0.273085986573,-1.47855557162,1.80971305474,2.72236555043
0.834925639308,-0.194356292337,1.76303844186,-0.185004611321,-2.78717665688,-0.385782426915,-0.696808267603,-2.35225207373,-1.38496132332,-4.69040888000,0.632292321148,1.91109658165,-1.82931029044,1.61033061875,1.30361010024
-0.506522837065,-3.37007800634,0.795204632593,2.64771611940,1.23624215914,-0.411053815413,1.40111500609,-0.597939470711,0.850331519418,1.20672515686,0.346551955801,0.542307282521,-1.80258711443,2.41849148112,-0.671927622507
-3.39325082262,-0.102821895072,-0.583558706404,0.0749335024642,-0.191206199129,-0.476833066214,-0.497317366761,1.51517047776,1.02428901457,-1.82719177212,1.60569772873,-0.503204716535,1.47747417821,1.62041873887,1.66117712393
-1.69563819999,0.945083140110,-0.397530966703,0.513182105151,2.65695523440,-0.896286861442,1.14704071396,-2.47731131687,1.55784075898,3.34066563659,-1.19965449203,-0.455628024012,-2.56073725219,0.0682630710001,-1.55314026803
-0.577608228719,0.790710114338,-0.0199545029051,-1.16779416607,0.604862459858,-0.0245663047804,1.30104991531,-1.37886176324,1.84084234106,-0.874005279542,-3.81148330169,-0.178016288803,-1.12038146843,0.871175050328,0.0352510125808
-1.13792437398,1.67572162504,1.45565398040,-0.471298612519,2.02718747487,-0.413873993730,-2.14628373902,-1.84672680566,-2.05145854196,-4.23245351621,2.18840037290,-0.107198411125,1.71247361592,2.56713887937,-2.24745466382
1.36767213201,-0.684331799505,1.14548563989,0.158771193606,1.46887649202,2.10466431037,1.40411027903,-0.0479652119959,-0.250216169078,-3.00665985972,-2.32609682294,1.18120433779,-1.24504127604,2.46710083456,-1.45260563879
-2.08174137207,1.57613635964,-0.385102461208,-0.966206781144,1.74977469667,-0.505031383465,2.01924376325,-1.07872730839,0.382643378082,1.40755148571,-4.15331348989,-0.645562114647,1.12695639602,0.245623326962,0.642842117119
0.176717819245,0.442617351321,0.675166479115,0.700717365163,2.55066277059,-0.759743140345,-2.03215747282,-1.28009139330,1.27603842661,-4.24179904177,2.90514828096,-1.51652051972,-1.61446182947,5.55439405250,-1.30908252273
4.35748508322,0.493248927590,1.52949816763,-1.87130763637,1.45777399968,-0.591676151874,1.41748671268,0.441450274788,-2.39072456341,1.33678491023,-1.50009975452,-0.698586809315,-2.53825007637,-1.48576484616,1.07195042496
0.788468303620,1.15545935326,-0.972512476076,0.645099707886,1.01826967822,1.39746922029,-0.387678351214,-1.28628366908,-1.33286628238,-2.50255233024,-1.61743165904,2.88312509616,-1.98385568001,-0.700612054089,-1.44039932375
1.64711760431,-0.782169737181,-0.363256566120,2.26444998047,-1.33641688284,0.683347482727,-0.295782300651,1.24649037689,-1.14678107508,3.40274930281,1.31298183702,0.329455656912,-2.47169290508,-2.13849039706,-0.960937697789
-2.39858971877,-0.549257580308,-0.213952055266,0.404965305070,-1.02294310961,0.964383678006,2.07339176593,0.119473917359,-0.0381748295747,0.00807246474810,-2.17595215742,1.33850843914,1.56892883810,-2.86112347239,0.857687274592
2.61514579769,0.0891886956660,0.0178878217639,0.0666492988121,-1.19616961816,2.02470202817,1.85784750477,0.643889944783,1.64176234526,1.40227429816,-0.117454197600,-1.67803852620,-0.151624396495,-0.888812138235,1.82352590946
-0.632208612179,-0.260761568842,-0.309068860754,-0.919508587778,1.30261201987,0.120369229476,-0.888949940844,-1.76428505297,2.29927757945,-0.743130888942,1.92389760695,0.906027273201,0.642849211533,2.39487176829,1.38241115525
-0.729302704143,1.96974195764,-0.576332547452,-1.00753610358,-0.953772144181,-0.126936619035,0.141758548073,-1.20839982269,-0.549006392104,-1.18494329279,-2.42158525600,-0.842000393182,2.48515249726,1.33730470625,-1.22632696752
-0.391387160887,2.13703307731,-0.0474904333964,-1.53874525083,1.12633428418,-2.41003330529,-1.84564047273,0.699206491485,0.978190268232,-1.64658331300,1.93312924883,4.37203891018,0.547731586205,0.901071144389,-0.480344361378
-0.128097382664,2.04084551830,-0.607445616289,-1.34510210016,-0.953924633530,-0.314712070846,-2.11788108258,-0.564926453127,-1.77254817369,-2.39869566819,1.83577643296,-0.496429499461,2.35301602587,1.30320531768,0.844037773556
0.0522146690312,-0.312602579198,0.202927039946,1.40284984395,-0.439758906842,-1.45274709223,0.0388975646844,0.878898946607,-0.00116428628336,-0.385837062406,-1.52241330641,1.67583621432,-1.87566431730,-0.684448861995,0.166841294261
-0.374410843532,-0.724266098297,1.34854014390,1.26834372117,-1.04307399368,-0.179166018378,-2.10856097853,0.630521764249,2.13934067579,-1.27069035446,4.86902567219,-1.74312183772,-1.08564127572,3.00259060556,-1.14961423226
1.31007458035,0.548955477937,-1.96995717669,1.22693882234,2.38013084962,-0.422409833524,2.06626152555,0.147793897338,1.42657992164,0.478532468467,0.318006729729,3.03874324467,-2.10479927303,0.280127566876,-1.61161577634
0.547999953940,0.636365880151,-1.42045514053,-0.480158535610,1.96500411647,-0.482252878241,0.915612889857,-0.199721294378,-0.587367289011,0.425147617463,-1.89624770851,-0.149780300900,2.00193651672,-0.410095483627,0.411026826079
-0.245515885579,-0.372689160791,0.756861538835,-0.782545361667,-0.506972089100,-1.08886432518,1.24130485844,-0.916924971615,-1.03475730444,1.00944261836,-0.994495837231,-1.19609500447,-3.27980525906,-1.87582721579,1.42489541572
3.02574137363,-1.21595771422,1.22340773507,-1.25441446590,-1.86693134551,-0.775784463343,2.19790281552,1.06020901396,-2.34815367473,0.0384940926438,-1.56498123459,-0.492861871697,2.21384038855,0.212554742729,0.799261069286
0.641568316185,0.109000009423,0.147012013663,1.77414520939,0.547356443782,2.96631702024,-2.51711321022,0.580021607273,-0.267170228715,-0.329706598573,2.54628492313,-2.29525410319,1.76792217153,0.600723206729,-0.571286974354
-2.47797268775,0.981491066371,-0.000389383865462,-1.17174817297,3.33145011166,1.54354981602,0.370171594741,-1.50554660997,0.362745040165,-1.80571128922,-0.293148757853,2.82933262943,-0.000231352845416,0.819289630878,-0.666916793427
1.95107127991,0.874678560539,-0.626288810139,1.03538631267,-0.144711433969,-1.43945955196,-0.523772667124,1.06582987588,0.768443695628,2.89287761465,-0.318364602817,-0.127841138745,0.400326512243,-1.75422159241,0.290351324600
-0.607281127996,-0.911453907074,-1.09262169422,-0.746910041186,-0.260513500075,-2.68960097832,-2.62908205782,1.90125739529,1.69311612888,4.87759430551,-0.552141868221,4.20239241196,2.38641964430,-1.09375082766,-2.13255088029
-0.220543662990,-0.146990751987,2.45451086453,-1.07597269111,1.09926633723,0.0360380602771,-1.32756397564,0.806830307911,-3.10565953677,2.45383402842,-1.58235132861,-0.710949666632,0.529873265408,-1.60776403992,1.27462473979
-1.64151351015,1.62096973424,1.90729853742,-1.60799140932,-2.57790197543,1.07161114472,-1.30840612118,-1.74354006972,-0.736243884570,-0.335701971021,1.72624130388,-1.10112790868,1.90769659911,0.554045817072,-2.26467859173
1.74435242476,-3.20639931734,0.801805335120,1.67282686432,-1.29335889369,1.89038812210,1.19390844687,0.137930937763,0.259071605862,0.711330200773,0.374649746088,-2.95961746409,-0.608371538299,1.37831209494,0.290327033588
-0.939243967814,1.64350385879,-0.176128976010,-0.203846786835,0.925043736222,0.231053531943,1.06078875289,-0.496599095610,-3.30558556150,4.04284899554,-1.03717522691,0.226492017977,-0.807698992964,-4.32266020350,0.438579933840
0.350324009694,-1.92302510325,6.05056621826e-05,2.92986643109,0.433819571924,-0.685335403805,0.646334761761,-0.197672033480,-0.419023190866,1.31848848824,3.29151298032,-0.320612325877,-1.80588315355,2.50351481868,1.13474323815
0.544450487039,0.961626642716,0.407542295723,0.471944460641,0.275648104438,-1.26073862847,0.389559466307,0.571974031394,-0.375816369785,2.87988268507,0.321714058977,5.11032320715,-1.42723529032,-3.63866087375,-0.888539995725
-0.961905503064,0.557896939905,-0.744011156558,-0.260311480012,-0.163386000341,0.440394267517,0.925862107803,0.756329047376,0.401873526565,-0.201116431875,0.817209913820,-2.60843799356,0.551839565465,0.304574250295,-0.888955676447
0.0671777743626,-2.15393531464,0.984216454531,0.298424484473,-0.933394181397,0.208017484860,0.470292781957,-1.72682693954,-0.994660090474,1.94510524621,0.277398185281,-0.786180207967,0.163056574026,-0.391402864406,-0.0745014552798
0.499961118560,-1.00273896991,-1.96250862974,0.0575553208959,-1.03109464665,1.16181687310,0.298856010127,1.71067690793,0.278710530221,2.14248396648,-1.10804755448,-1.84250537733,1.09813264172,-0.485797681598,2.72841480631
-1.26642148905,-0.248800499187,-0.323155175856,-0.588926255402,-0.905077216688,1.08760285893,0.711562440310,-0.731387973796,1.81576988144,1.52779641360,-1.72795962230,-0.100354377547,-1.33627094659,-0.344749245115,-0.642846728393
0.839381420111,1.28426965426,2.37485657393,-2.67283748348,-1.81776239485,0.871599333778,0.653818543357,-1.64174058367,-2.45722644857,-6.04149217170,-2.52883242590,1.74433668416,0.503659790250,2.13730447966,0.495970149171
0.203785420094,-0.424906245597,-0.658612515029,0.221046962215,-0.248597895562,0.525240797062,2.24801382296,-2.51413529433,1.21187043356,-2.23942576127,-1.78003792536,-0.821030118924,-0.961222250628,-1.32021571043,-0.809446719782
-3.58764648639,0.658619896571,0.463820855627,1.46725481318,-0.750261848276,-0.244263066293,-1.78276367769,-1.24966279016,-1.01247531374,-2.76523144328,3.87600986069,-0.773597669710,-4.94015309322,3.89841436599,-1.56038272549
0.247588806634,0.697817367060,0.153096307706,1.74952866446,-2.27415565459,-0.624339446587,-2.81753186398,0.535531581066,0.299273272259,-3.26586131310,2.25675684616,0.670221862793,0.531549881409,2.56487599369,1.45545971093
2.59390880846,-1.48796538217,-0.831679462490,1.86953130747,-0.650365742579,0.461096333981,-1.91789608207,-2.80719094949,1.80229203261,-1.85004790117,0.656405034913,-3.33639447094,1.05744584933,0.932368460007,-0.0997766851057
0.707512982116,0.538669218575,2.01671148309,-1.53239061143,-0.588186967754,-0.405564664634,2.55815260585,1.58085416518,1.31764967190,1.71243229032,-2.95001333626,1.62776831194,-0.470983642578,-3.29112792172,1.51201148258
1.31683249412,-0.525335711920,-0.155182972056,1.86620483708,-1.18092707375,-0.331452531543,-1.08757092509,0.0308138835182,-0.952801397686,0.551323538988,4.37106023695,-1.48546769817,0.941193091028,1.42169132940,-0.362636809672
0.406193493889,-1.20464553010,-1.48733148028,1.34688016678,-0.193990806719,-0.201484119599,0.271182193215,-1.07091910603,-0.122189728676,-0.704687886449,2.17298552836,-3.24777770985,2.69891471954,0.999348351431,-2.11005289815
1.67171944226,1.60368119530,-2.26491280464,-2.62282892406,2.73908085032,0.353963166760,-0.0504345881068,-2.39364475712,1.73119867401,-2.76346432714,0.384832508778,-1.16733095984,-2.79117772469,1.73378630325,1.10502402474
1.53663751654,0.0984689905615,-0.913704190285,-1.13031374556,-1.41040563557,-0.347754537437,-0.588333817912,0.887728544697,0.831114399178,0.0996681314004,-0.664607110685,-1.69139974418,2.14061262652,-0.950198229009,2.41695829945
-0.826336577786,2.80758714149,0.213133299886,-1.26548945078,1.81086554029,-1.33438561233,2.41120698733,0.426842637131,-1.71218419286,2.03081612790,-1.82835407619,0.628997125869,-4.14085192890,-1.11333375694,1.22523618302
0.499062884631,-0.801380833464,1.10349611181,0.649483260928,1.67940493396,-1.24848355232,-0.977927577471,-0.541823029699,1.30027015581,-0.684134522723,1.36149483427,3.04241805441,1.63390339324,0.747627789305,0.928164759155
-3.55358074048,0.109201509623,0.000373015147173,1.14741501374,-0.402338343150,1.87373224884,0.938982962783,-2.95491705985,2.77712353725,-4.79824106661,0.273713374995,-3.98720868317,-1.02841607499,2.48277997365,-1.95321858536
-0.0577510616973,-0.922750999134,-0.105383191220,1.43870304588,0.242532857530,1.01218328702,-0.392424006532,0.986654142977,1.99382540470,0.546151872849,4.21318082150,-4.14288768379,-0.407971405386,1.28705156356,0.0370843085901
-2.05139862220,-0.435002682267,1.46726905774,-0.759429310834,1.60484001659,-2.19062214841,3.44027149753,0.121559336747,1.27018703950,1.94767666497,-3.72767489967,-0.483391221556,-0.398778650612,-0.521560480677,-0.983524385148
0.180571540710,-0.446404945354,-1.40728436050,1.05450852851,0.572282582036,-0.974660295955,-1.99186410622,0.945109204389,0.252483352411,0.522384642216,2.70828232424,1.56711768421,2.43929150370,2.21416262823,2.36139932993
-0.349564339829,-2.95718792908,0.281167581969,3.12171469832,-0.575553469294,-0.0383204253626,-0.307904156671,0.787515159637,-0.386261714573,2.08818701231,4.88301441374,-0.136666470442,0.485958242676,0.168740660044,1.25277285102
0.810652074122,0.536337590575,-0.387603449446,0.336075867596,-1.01670336202,-1.19552595238,1.04372463976,-0.631211657792,-2.39807891367,0.178615160784,0.460148310814,4.65931093406,1.02970095384,-0.675929002053,-1.61885669224
1.57998346675,1.23891165900,2.32856037405,0.0542695709857,1.12391939034,-1.09670745292,0.0848222209630,-1.37268036778,-0.969079483820,-1.65157256376,1.16966697274,0.716722467046,1.45060791519,-0.898164698566,1.38387835140
2.33619615038,0.435898286030,-1.23966203491,1.33745153688,-0.836648155586,-0.233863126552,-2.51922052989,1.05150303875,0.767158674921,1.77013970250,2.38137985123,-0.225880535626,0.182965043138,-0.351675936344,-0.355132898383
0.322397480074,0.492758962593,0.588142437280,1.19761231572,0.823983161586,-2.23671215686,0.489289103013,-0.288849880687,1.09206387624,1.84670730675,-0.0653994617708,1.88092678512,-1.56933449153,0.207529069943,2.18955409996
0.442253142298,-4.24150038607,0.633972873411,5.86203823496,1.29619003028,0.200158462813,-1.60696402033,1.05626560345,2.49708541298,1.92696338079,3.50355064996,-2.98629776022,1.59127021318,1.93139340365,1.55648313538
-1.15468505203,1.20501128288,-1.08063018258,-1.59336920361,0.773791794045,0.588957104626,0.215796221126,-1.47999776013,2.27551493021,-2.86667564528,-0.636164550518,2.50836748017,-1.07918543013,-0.890066392851,-1.47710232863
0.974479945277,1.52047384196,-0.862799963965,-1.42881337336,-2.85779212896,-1.42939620692,-0.717637948659,1.56493662620,1.96132556759,-0.353479211706,-1.57835309633,2.64168987652,-2.62852405063,-0.714415674724,-1.65111012053
-1.08351785180,-2.38675209678,0.312604738747,3.75456844898,-2.96394806500,1.30686979532,-0.598585031880,2.67585261254,-0.741668685342,3.76485269609,3.23922610857,-1.31222276022,-1.44824811097,0.671491815783,-0.308817495945
2.60318244174,0.430464706487,-0.680918078124,-1.43169013925,3.05871557561,1.59679265738,-1.49398998003,1.47604765960,2.13633236630,-0.687368190952,1.71657817190,-2.37981664495,1.63484263763,2.29207625375,0.333121832020
-1.50713819697,-0.486302873310,1.48959660143,1.05841247856,-2.91948269221,0.386319702127,-0.408351168970,-0.613081109850,-1.11274475611,-0.858566034067,1.09431463758,0.0571383597234,-2.85334695424,3.70804563190,-0.887350853963
0.164633809352,0.765781214147,-0.331147947537,-1.24486186231,-0.933124674247,-1.64465729039,-1.84366960351,1.10514753111,0.252601597694,-0.359812789505,-0.832621136547,3.22449397141,1.20598612992,1.60698398951,-1.25745220749
-1.21557257544,0.114951985070,-1.19282673751,-2.01804204379,-2.17593850064,0.431878800531,-0.150627963826,-1.23557563591,1.82285749980,-1.86107501788,-0.430331582192,0.600300812616,-3.60535655001,3.16521014770,-1.58140898075
0.766936299259,-0.432270298993,-0.105035156802,0.849004738414,1.44434753822,-0.253547279361,-1.25971727453,-2.19395899297,0.370438421260,-2.72816421394,2.26501689219,2.53888100516,-0.963222408867,1.38760999349,-1.53383226307
-2.29031623289,-1.34259458830,-0.892957605593,0.464091770982,3.27027782816,-0.126747520436,0.266132699060,1.78749647568,2.83353307993,0.406179594259,0.00867618911195,2.01705045941,0.605037050505,-1.12064813231,1.14925894088
-0.540609223675,0.716942192248,-0.638168207496,-1.21924993072,0.257630390108,0.548280157446,-0.307185292684,2.22282041261,-1.09478218723,1.14670687998,-0.288046880442,-2.91723243666,0.498605741041,0.950776943526,-0.144670533707
1.93545696699,-2.00009317848,-0.324073371996,2.48170775862,1.41560424833,3.15161653760,0.321547959476,-1.61423638853,2.44706236816,2.17746114421,0.961627943799,-2.25218794674,-0.225576586519,1.35081404902,1.98304479350
0.259879341034,-1.04304822098,-0.327476570122,2.26858871734,-0.334726006250,0.0557612580822,-0.927972082338,0.593142390835,-0.881167007473,1.61433094525,2.78568012462,-3.26794368053,6.68254621523,-3.05428996946,2.16751034918
-0.717314815424,0.957459947259,0.671025262926,1.15734003451,-0.473513727382,1.01512862621,2.09963949642,-0.0566867815057,1.14431891981,-1.02195482732,-1.42648393449,1.00128224257,0.506934823175,-1.14295415747,-2.07097872800
0.939347350921,0.0527735577170,0.355425333298,0.922246266174,0.0209294607519,-2.07318481311,-1.24790992912,1.15094519455,-1.05986581314,0.865377033010,0.857968634856,1.84904682033,-0.132070364224,-2.61677306141,-2.21964287953
0.939688195118,0.0604557462491,-0.320292885018,-1.20215287305,-3.29067067798,-1.37591069559,-0.616955869727,0.513880175769,1.18016677753,-1.18837738215,0.0292865438675,2.36951891624,2.17923743731,1.80420248034,0.528610307985
-0.408792834547,-0.292785160786,0.537584158350,2.56958813307,-1.34352633658,0.693840391199,1.62406161406,0.926470978323,0.940375248245,2.74091745932,0.541654194526,2.98037496640,-1.11833555410,-2.22111983732,-1.07610222696
1.64079920910,-0.711122414987,0.0937223022164,0.904982485870,-0.513191117667,1.81116656603,-3.14383980656,1.04141874580,-1.18193044035,1.72942869463,5.62953234725,-1.76361288552,-0.812707632350,1.03879625240,-1.35477330536
-0.115405634540,-0.00246052477617,-0.349045831175,0.876277539014,0.509561837495,-0.394164641966,-1.63830911839,1.56324260271,-0.613339373653,2.46133904909,2.16561161654,0.238363909386,3.81131515462,-0.341273446062,0.439780554236
-0.421578858407,2.60738294731,-0.221944179521,-2.26799415847,-0.580427754452,-2.69286352723,0.00141314543280,1.14825634158,-0.768988700782,0.750827528468,-0.746782289615,3.03676449224,-2.68924474828,0.884101946071,-3.00507003735
-2.45398308141,0.759792563230,0.127343291947,-2.01123069106,0.214607445659,-0.639346070675,-0.798785781128,0.605620223423,-0.185292907648,0.911685616936,0.856097600189,0.562862972549,-1.21794696223,-0.193973514825,0.351277597498
-1.11771021623,-0.123576212516,2.25513178882,0.847735786431,-0.515788301333,1.26901180504,2.42770030081,-0.619560746223,0.0427531937744,2.12606060501,-3.45651059774,1.33364636992,0.108162409920,-2.01336850888,-1.33653753935
0.775298411242,-1.48065977236,0.756069242894,4.71021814082,0.608432663004,1.44888527593,-0.772622942636,-2.66829519102,-1.72307789097,-3.65225513907,4.95569944897,-1.42895022986,1.28715882692,4.66244524896,-0.686175417871
0.780394382370,-0.202497351057,-0.405170270660,1.05711853562,-1.43950100008,0.0986369760180,0.789812161984,-1.06056494345,0.121493393495,-4.06703497145,0.910787688079,1.74465293120,-4.07695776703,1.99530901508,1.15169804268
1.55244508277,2.00523834086,0.262713837779,-2.26382948075,-1.92173283221,-1.34587773954,-1.08569488870,0.942120091337,-0.296311602277,2.95513265849,-2.74796622868,0.302151960227,-0.483239181740,-1.44398647716,-0.601958851468
-1.54805160803,2.66306529240,-2.02272014699,-0.651466828164,-3.26259792826,0.592466028088,-0.394153251799,0.774002097571,1.06032299875,1.23840115345,-1.49897850184,3.31576696487,-0.316140318884,-1.85453904367,-0.723756841388
-0.0694201151297,-0.669887349603,-0.658177860763,-0.507278334896,0.434737387120,0.260612462436,-0.155432587603,-0.467910034288,-3.19499038077,0.929462890683,0.936006661320,-1.20107764502,-0.993855138113,2.06759044802,0.570311229266
1.73246100649,0.589569528353,0.163960795375,-0.301928504369,0.873737888791,1.10506981376,-3.95700225033,0.710059859035,2.30325508399,-0.919759830243,3.18673871407,0.669558771035,2.51093629442,0.931375056678,-0.853971912765
-3.14965187991,-1.74524360897,-0.446601647699,-0.860900568203,-2.05451719725,1.54032800665,0.996185846648,-0.559700028039,2.55379648466,-2.57908494090,-4.66496362110,-0.189765042710,-1.30922884207,0.313728334094,0.855238378358
2.63499219356,2.51483741127,0.702141466728,-2.62253456001,0.534605236526,-2.12892087945,-1.22590993560,2.19721097232,0.714875443911,0.513482372686,1.08866556811,2.55125962664,2.24308226542,0.690199031495,-0.0948598841379
1.76815835092,1.78474168687,0.728535715891,-3.96035596596,2.91733133420,-0.243152547222,-1.79595347124,0.137637111347,-0.235941612515,1.18854380493,-0.978282107392,4.27030034283,-1.14649916561,-0.176213234581,-0.217154744746
-1.21263826846,2.59735784421,1.69614989377,-4.08386973431,0.461396466354,-0.981683116084,1.38536956695,0.177886541630,-1.48055691081,0.318549070938,-2.58721999705,2.68646438568,0.115992330594,-1.74385028790,-1.45401349488
-1.74157847660,-0.521660062630,0.302668974387,0.557449406113,-0.960575933417,0.504569397994,-3.77478382414,-0.766824484641,-2.95088076389,-1.80514907491,4.38716780262,1.46474736230,2.55400083012,1.78589229377,1.06441058601
0.645667049918,1.49871925827,-0.920776577111,-1.86564513583,-1.42634355039,-1.48430619807,-1.60697291021,-0.460180193382,1.73406749193,-1.37823717386,-0.0381298842407,0.188730012723,-0.369231712701,-2.24115014900,-2.27654221653
1.04312759805,0.718421645458,2.00707894892,-1.86644333914,1.43921149108,0.545736731926,0.321199552690,1.00027638992,-0.180800240797,1.49260078439,-2.09323136623,3.19570958578,0.329140222840,-0.376130829309,-1.94006925065
0.723818386337,-0.240965971243,-2.07925568031,-0.130493443404,1.74953154356,0.569320475776,2.33558665818,-1.46644100412,0.191519512243,-0.430602342360,-3.78894676959,-0.228211008178,-4.14838671679,-0.833431311754,0.911230701504
0.0765300094217,-0.342916965886,0.957038438418,-0.802141728525,2.41180023875,-0.404778817806,-0.406832972462,-0.144356254014,1.67146842840,-1.13768202236,1.61797147219,0.251173444291,3.12983736502,2.84910136588,-0.514478715369
-1.32173176837,-1.43534063206,-0.200178199820,0.0560952695639,0.402232671635,-0.898679954079,-0.730078633213,-0.374430859586,3.80619457678,2.13720703401,3.38604811319,2.75744267772,1.16734900191,1.77044019820,0.831014289743
-0.191640553242,-1.08221124936,-1.07582558481,0.253271612646,1.76074950573,3.18420525360,0.0316290126202,-2.03086047068,0.343593206286,-3.22942278220,-1.91151846128,-0.756801994842,-3.64761243254,-0.742628452666,2.47776299472
0.0671759421098,1.26871558756,0.359767819955,-4.24059143063,-1.01159869710,-0.383409397306,2.83390147642,0.655450969431,-1.60996636982,1.27063211949,-5.32947365181,1.88635159001,-2.70726062857,-4.82980831556,0.824357504895
0.345681446946,1.37808552143,-1.31097439976,-2.24903870869,0.535181578679,-1.83432713265,0.201225312941,0.0235994111399,-0.334144037125,-0.479594622431,-0.563378833739,2.61247141378,-3.06382954096,-2.44083662870,-1.55160668300
0.340279132657,-0.142322824892,1.31305449010,1.21512644930,1.62577085723,-0.307390469147,-0.380379084186,0.160149568249,0.235976905194,3.79873961903,1.96385079146,0.0877481859924,1.30309619621,-1.57213566128,-0.944394150499
-0.671175773898,-0.811575711970,-0.0461086561765,2.57064313906,-0.349376366965,0.464657644111,1.45259877591,-0.262415450134,-0.237408935071,1.30871180068,-0.0726910293041,-1.37676020431,2.36411606703,0.818942626691,-0.733872760157
-2.52485178751,-0.301293407155,2.20723486017,2.08416705668,-2.27600337720,0.606994062356,-3.38832797129,1.37911286213,-6.31462956768,-0.407290786634,5.51013444305,0.273053023813,0.505553805671,-0.643274412951,-0.0896939479718
-0.850114782271,1.43051045834,-0.592634778669,-0.348837150922,-0.740754797997,0.130560898527,-1.14842063007,-1.79245643715,1.90937261812,-1.12710008735,1.01293286491,-0.101985766959,1.37275218721,2.37356031686,-0.0605000902189
-1.64369887528,1.48564754089,0.524937282115,-3.10225983813,2.13783898534,-1.48817391445,-0.212748846678,0.367781405406,-0.915525448766,-0.849634863396,-1.03517798867,4.10642204330,-1.21713352481,0.536508369402,-2.14315664021
-2.24471930377,0.236976094072,-0.898350016096,-0.822044817560,-2.03894639312,0.261217125838,1.04676998018,0.132266912378,1.44064523376,0.522758317744,-0.948005207433,-0.181827371762,0.720180757275,0.357435881707,0.189650045389
-1.35111305052,-1.05129123700,-0.0988939946177,1.65189769813,1.76270834416,-0.0691623971740,-0.955247464855,-1.20542911009,-0.318071769832,-2.40637697946,3.08782498427,-1.69309063621,-1.01899674028,2.88338703491,1.74857589746
-0.0773844151232,-0.558507978008,-0.187138760199,-1.10560615636,0.621819233292,-0.364950126677,-0.578900416731,1.98553736374,-0.570412897587,4.59030462136,-0.338853368974,2.59521949053,-2.52541390979,-4.35653061773,0.159159151128
-1.05381357567,1.17270412543,0.247877454792,1.84680825542,-0.272657115825,-0.795738558027,-1.07604160631,0.116178997292,0.998697687906,-2.78036792591,2.14973549128,-0.920415136390,1.62273385018,1.12056818897,1.10812278663
-3.09403295660,1.81062007929,0.664105401917,-0.997129589925,1.64976066561,-0.656926809882,-2.15186195803,-1.01201051731,0.131752448540,-2.10392455015,0.687112917745,-0.562347106388,-0.0816893658315,1.45255539571,-2.09192837269
1.25224362469,-0.908932482157,1.10894733429,0.646253626748,-3.69222804818,0.640049483169,-0.153781767505,-1.49649575406,0.0143227165086,-0.219257122522,0.799690877112,-0.573470805273,-1.07410488886,-1.46072269212,1.45272103957
-1.87568604721,0.204791111155,0.287610012854,-0.00474280726715,-0.508475145753,2.38764495428,-0.929441883019,-2.11900258550,-1.89463748097,-3.17786345598,0.761825980327,1.13908457334,-0.188691997347,2.87613089174,-0.877221373556
0.626708062335,0.279775935202,-0.590143360235,-0.224055960457,-0.462640935406,2.83245504282,0.209550195774,-0.837704356679,2.16009816845,-1.90156601531,-1.82599359986,-1.59686268726,4.71017215871,-0.717111277194,0.138857456562
1.20262831479,-2.72904684870,-2.24972948778,-1.07727169443,-0.442750873922,2.89023133451,2.06156776285,-2.61817752558,2.76198064767,2.74395840390,-3.37076484046,-2.07300626747,-1.62765907814,-0.291262687985,2.13708976420
-1.79855028167,-1.42935953416,-0.650376961853,1.73764721893,2.57905100954,2.41760660844,1.18984472420,-2.06568354694,0.538656293629,-1.66989853602,-0.356605547384,-3.25669986794,0.652103418561,1.95774124563,0.0520063328640
1.47428438145,2.60839227277,2.32162031365,-1.38152325945,0.509709978661,-1.63356529377,-1.53433381596,-2.05939515309,-0.568017377421,-1.98957289894,2.64371410222,2.28521940557,1.50999519851,2.22141086037,-0.381986727734
-0.371614029449,0.378937554134,0.579701050560,-0.198426176311,1.73061878953,1.61715371464,0.967860088086,1.93719701251,0.349866317121,2.60617058536,-2.32343380141,-1.17146872148,-0.348689391873,-2.90186621542,0.845524136753
0.508884253354,0.513117348843,0.785815942789,0.286490850208,0.508461695092,-1.82686049008,-1.39133572347,-1.13141203230,-0.984080487952,-2.06165825762,1.32714965179,1.40165986886,1.07156632830,-0.632746781444,-0.0297901747944
-2.21325536755,0.225557720893,-3.24296252099,0.452841394261,0.672336047565,-0.779833048015,1.73154773444,1.30710869211,1.91784888321,-1.40724599292,2.03451109049,1.27941717216,2.81255383628,0.00261690314737,1.97429983155
0.859783877554,2.07722705676,1.56424552652,-1.77466336767,0.0959055827450,-2.72781948145,-2.35515570386,0.207597750837,0.309364763791,1.64804139077,1.46102630533,0.546910340491,-0.184973638735,-1.07549076197,-0.916870037948
0.996159639512,0.537265203108,-1.16833772190,-2.04300190577,1.27343142983,-0.327887940767,-1.04274004993,1.50475746434,-0.928384242043,1.08542574727,-0.239409792015,1.45190594632,0.199105909183,-0.963149331623,1.27744502365
0.583280712970,1.38923165338,1.21603273407,-2.32506628790,0.400455903591,-0.846207919656,2.34978008364,0.351063362562,-0.402984247886,1.29948687865,-4.57865670818,-0.575845799109,1.10606355289,-0.471798469002,-0.790317633760
-1.36074426987,-1.78195645278,-0.948457999975,1.03424632235,0.968284364819,0.288926879329,-1.41225734716,-2.12625084104,3.10465713359,-3.78354447893,0.121602262512,0.633814921784,-1.78081140348,3.12832328564,2.27216850386
-2.23590769422,-0.721626664003,1.04915694087,-0.0761177423098,0.117544494068,0.188009633026,-0.384590915806,-4.24149241310,0.778168551767,-3.03713994610,-1.18020213333,1.22907190257,2.02895044769,-0.677044520251,1.51547694121
-2.76756883350,1.31131327089,0.883699172863,-2.34912742414,3.62817163912,-0.237881450964,0.916457455371,-0.823355961273,1.15985790233,0.509338601562,-2.96958727646,0.201453070593,-1.48151590732,-3.10113141211,-1.74108765248
0.388802794469,-0.305598890720,-1.47659663118,2.08772935494,-1.05260606274,-0.375036649361,0.507436485356,1.70380800246,0.0682216696096,0.761683963292,0.491798276021,0.759083420394,-0.271842949643,-0.0938408990939,0.574194135867
-1.41978423418,1.06645367608,0.585413074838,0.867974269711,-0.504472997723,-1.47744226916,-0.918356853406,-1.03653224728,-1.31262248778,-4.15501272930,-0.273404248354,-3.23263987662,1.12145974731,1.86205415326,0.00145672169122
-1.33270815725,2.37008667981,0.360648223725,-2.68626000667,-0.118357813260,-0.999516339718,-2.29430603085,2.94749256458,1.02880312600,1.61640484843,1.48271027935,1.02341613267,-0.373565370820,-0.262195459411,0.517079710678
1.74321097771,0.797686945080,-1.19768634082,0.891714505114,1.12430527075,-0.477744995078,0.151663810581,-1.58918295769,1.52456716685,-0.734268443193,-0.243893780755,-2.33207877422,1.15472090384,-0.373534734807,-0.365597984614
0.801171277508,0.773716486589,0.913535086982,-4.78794897447,-0.453177739352,0.507219335876,-0.459288699053,-0.507599758183,1.00221018392,1.76383588178,-2.61164422056,0.164514040082,-0.199047306553,-1.43457167097,-0.833061996823
-1.96949231627,-2.02994026167,1.26625078042,1.16966028548,2.55469433552,1.75573316902,-0.252867831165,1.26108338659,0.0298489684952,4.21718893040,1.91168332020,-3.05562703416,3.41189326207,-2.74636071867,2.60668990497
-0.227203629730,-0.896433340438,-0.966699525499,-0.542988637271,-1.94765279152,1.62332782851,0.174400117851,-1.09663418708,2.18912795854,-2.12054709332,1.24683147316,-1.38467518200,-0.725020412817,0.380220141228,-0.794711664223
2.21761465360,0.290144053421,-0.853650597574,-1.01829015511,-0.134463436270,-1.14752531095,-2.82338586706,0.879607477554,1.35802894320,-1.87058004469,4.39925897530,2.42039742770,2.47707291804,3.88033922044,-1.23723733366
0.950263051611,0.725454863504,-1.15491147881,-0.705803848646,-0.941117424690,-1.44752920016,3.91350065086,0.267028684517,0.0465204573354,1.19018643119,-7.31764667279,1.10676912832,-3.39290089363,-3.78302349450,-1.62507450182
-0.455405218960,0.979947099834,0.0169201415722,-0.229544222893,-2.49882379755,-1.73834947892,-0.0181682770724,-0.00226072682443,-0.575225327166,-1.87732493424,-0.613927132724,2.09239480318,0.356331179089,1.45421656363,-1.00441432044
-1.78786209002,0.317444567688,-1.12937809544,-2.24313757029,-2.70514808801,0.0878605483430,2.45643397905,0.805036009949,0.646334615445,-1.79766223568,-1.66594245644,0.721809120828,-2.34090068574,1.79952798038,-1.49036958533
-1.13764521087,-4.16841426753,-1.00085027396,2.53741247891,1.97679192434,1.62637097653,-0.994372549648,-0.642096764296,1.33442469240,-1.52722970286,3.13525041582,-2.82505227831,4.80048643540,4.42951275992,1.16111787088
1.89360743511,-0.916804221780,1.46635291354,-0.417618294273,0.996352191280,-2.00977881969,0.187444044959,-0.837984913137,1.97692874885,-2.00816147332,0.872714313808,1.16401430270,-1.40752629347,-0.607271768988,-2.22563673786
0.163403401194,0.889720438570,0.733387741982,-1.36028836333,1.56390263763,-0.789436942545,1.79186372983,-1.29894112536,-3.22186971745,0.947752595259,-2.95834565065,-0.138785435911,-0.148765327491,-0.167670065874,-0.683508478141
1.71369851220,-0.462216741246,0.978973420031,-1.32614570067,-2.07026628713,-1.16029337363,3.16715463508,0.993286969811,-3.00998404791,1.87353943329,-4.07174266906,2.98552972750,-1.31717522428,-2.93518509558,1.89395632765
0.314764283291,-0.395946329115,-2.03470633328,1.44337739366,1.20266806814,0.484393356590,2.12591999381,0.599646380556,0.751348175485,1.89716354332,-1.16174099975,0.180483990541,-0.120913606751,0.608580338513,0.881220750179
-3.34173587740,1.89398783685,-0.785638249554,-4.81486121791,-0.214709476153,-0.915593612615,0.314049116049,0.0957310294470,3.17082318030,1.45018806059,-3.86189366594,1.98203472805,2.52866356088,-1.57627540090,-2.66136539810
-0.230777437884,-0.716758103504,-2.05968399507,2.26978057966,-0.575689658168,1.90805436856,-0.00492130374192,-2.24268420355,4.13505424464,-0.211944039967,0.332040366205,-1.71339862326,-6.16028428980,-0.162899777673,1.91494942900
1.01545923012,1.68357481777,-1.53901952139,-2.26460553115,1.72611386118,-2.26461290291,-2.17129154358,-0.343441040031,1.44275722744,-1.43510635027,0.472906178131,-0.178127594730,2.01838742110,1.43350947981,0.0337648770926
-0.945907720343,-2.35770398654,-0.390132611103,0.562631077175,1.97841676177,1.97682005320,-2.60609637492,0.0434640016111,1.52538860457,-1.23518128573,2.41248127601,-0.554224785345,-2.20179377733,0.128569090534,4.44249095189
0.973474859757,0.861646606368,-0.119496649683,0.213522150445,-2.46191533898,-0.349742385980,-0.199028349675,-0.707144624546,0.745156968242,-1.96944480086,-0.866212510854,1.82963155147,1.81208623985,-2.39675357054,0.311718983376
1.02821247937,-0.780617007099,-0.450911026771,0.599470022388,0.382870262131,3.23064878462,-1.43779993083,2.29853246607,1.68937190573,5.80018616452,2.00957995635,-2.43639548870,0.114984473951,-2.27831495183,0.545547470016
-0.761906191876,-0.0921203042996,0.351121201527,-0.537857305600,-1.55092537956,0.892667448887,0.137399871208,0.548556437135,0.0864754535102,-0.591584460023,0.679229387030,-1.02617278209,1.33118997980,-1.07724531066,-0.748518109028
-0.870873553165,0.475309571558,0.513081305436,0.714573397387,2.27352071000,0.805107827063,0.655935867094,0.540043890510,0.907206597975,3.60156687971,1.53388405714,-2.43153861646,-1.78094008174,-1.01515619516,0.920981787824
0.434271319930,-0.368764917307,-0.176555882292,-1.87161324104,-2.53141595561,0.923747254817,-2.71190562180,-0.0899062315669,1.43646493830,3.04656247741,2.30527808720,1.80257648589,-2.92753421682,0.858038337595,0.975722179824
-0.402791451635,1.46160505965,-1.16164981255,-2.93307727725,1.32303217087,0.510419280722,2.38737031154,-1.27824414943,0.0625129855745,0.464151597392,-1.18549007230,-1.07402498695,1.79869830036,-1.98701449397,2.79549358647
0.546101930755,-0.730087121221,-0.176194804425,1.35029986287,-0.176875404198,-0.763880949182,-0.799966658723,0.0999293307892,1.36759743485,0.450103227149,3.67897918545,-0.212458060494,-0.829796661648,2.36071746443,0.383956910880
-0.334192796146,0.395702201282,-0.581092484163,0.0580874091920,1.09974607011,3.06240905957,-1.57714613792,1.72306123306,1.64588842343,-0.988909886146,-1.12054472561,0.596027828201,2.77013120013,1.94245627715,0.754848723755
-0.179196164897,0.617894405526,0.996068374471,-1.64467894382,1.93010294956,-1.08495230176,-1.39508149461,1.00014349618,0.799059948982,-0.791676103236,-0.876655738322,1.69342541795,-1.18127994647,0.607044791439,0.0869002086766
1.25950398306,-0.533262448082,-1.79542025418,2.46521964413,-0.269430620480,0.182727069629,1.09653915338,-2.82745220936,1.16935404770,-1.23412682276,2.26720251539,2.37784784687,2.69943431095,1.04081115251,-0.275570465877
-0.619105360635,0.830319250117,-0.624575427922,0.817695147452,-1.08483680214,-0.842262862967,1.89666353455,-1.74463638382,3.98820494742,-1.27741661400,-1.31384745710,2.14381955488,0.599148419531,1.33924573652,0.256611594728
0.480512106400,1.31570032083,0.863704552263,-1.23602841363,0.645494515446,0.256258442733,1.43362157081,-1.64831813842,-0.700653193089,-3.07029337716,-1.14655337770,-3.10042002740,-0.866846072065,0.882649684256,-2.25587651867
1.19965928664,0.828328339443,-1.34312244644,0.286175741784,0.989644814915,-0.371298761084,-3.35099323294,1.30449634894,2.06532956575,-1.62973061496,2.05734479110,-0.458517950923,-0.535756531374,0.560919984394,-0.569683034158
-0.677910826675,0.572169535341,0.692128685198,1.38879129557,0.342152228746,-1.88969647963,-4.09246985043,-2.46204073163,-0.837810187691,-3.26455575727,3.53689263870,-0.742362434554,0.351102559332,0.235260293239,-1.55811965509
1.22853640844,-1.49859900515,0.988414000377,2.50735313727,0.779331431031,0.252194284446,-1.33736116589,-0.891759966441,-0.316031071610,-4.26667696411,1.87549941272,-0.294819798129,0.695729236669,2.35993401128,1.94976855627
2.20014667573,-1.25905993110,-3.95151900104,0.589468760677,0.993640552120,-1.40827101344,1.36298634654,-2.70851218689,1.48009259767,2.53056565573,-4.06679919255,1.34768858220,0.580707927095,-2.07504378576,-0.422712994926
-0.678843313350,-0.0703317914237,-0.528600293997,-0.0790550097192,-0.607799256853,-0.333076316576,0.713942260241,1.68565470658,0.253206201763,4.08711192587,-1.42026096547,2.25112403554,0.681681620605,-0.809960124441,-1.30269558168
-1.39602974953,1.60758752159,-0.0665741057965,-2.21734629297,-0.713946716828,-0.831016328383,1.43399094358,-1.43555316278,0.579359879640,0.107936368723,-4.09054370549,-1.21795122121,-0.00597494369183,-1.38045932413,-2.54561235902
-2.22067132769,-0.998012958059,-0.836354372535,1.26524420988,-0.0783028957822,0.650767681689,-0.689306082840,0.928720715451,-0.991511494425,-1.10800480156,2.44002551340,-0.177021664228,1.28520538726,1.53081665876,0.463144051042
-3.57986481796,0.716933460489,0.640312455170,0.0132451186762,-2.56555303847,0.906306516266,0.840972306091,0.381232296454,-1.39254327457,1.09982896094,-2.53098122283,-1.59657225059,-0.437723091287,1.26888888128,-0.146072608190
0.607140073049,-2.09235917340,-1.17085824799,3.00677785622,1.36595719900,0.338814265011,1.01417383145,-0.626595055403,-0.881599840801,0.571185389965,-0.670260193582,-2.64306320840,-1.75472963051,2.08226850712,-1.70323005676
-0.780987222237,0.451165905802,1.23164256036,1.00571854812,-2.43686059144,-1.48463154231,0.712029781939,0.289219338107,-0.805389920830,-0.864174521964,-2.24082113125,0.0276427493479,2.69549618143,-0.815503931545,-0.0219179111290
3.09883845295,-0.317288320194,0.803698096203,-0.662169335756,-0.534917429603,0.886082363178,-1.90639671671,-0.815627484262,-2.34614199867,-0.777193478426,1.99471864068,0.663447691875,1.94444824277,2.48405331443,-0.0695638350778
0.595968565257,-0.560049839905,3.00535754933,0.179691529799,0.183051446593,2.14027144885,1.54326984985,0.508562774090,-3.20248891211,4.47373153763,-3.37056993009,-1.19272377989,-1.00215394048,-2.20319636092,-2.02547094982
-1.24850541932,1.95747157070,-1.16919823402,-2.14236947991,2.46319933127,-1.70699400160,-0.842342869359,-3.37579726242,0.388056578412,-5.31410189475,-0.269942826404,0.940595325133,0.327967961629,-0.100263727973,-0.0502750567342
-1.30756077026,0.765615601649,-0.444188329062,-0.337486756379,-1.29103714370,0.841944716921,0.586129583236,0.333934940462,1.73779830341,2.21120459401,1.53332283387,0.803036488388,2.21081662199,0.0773552478385,-2.40353687644
-2.85037501671,0.287823194521,-0.873729049495,-2.18784757398,-1.73016491581,1.03024235469,1.05084121602,2.03062333286,-1.13913050703,1.32946921357,-1.99698373058,-3.26275656575,-0.342743825652,-3.48643942934,0.782142134055
2.91332333461,0.272268990055,-1.37547214247,0.280759880250,1.76510872935,-1.00191605115,-1.16081261712,-0.950708939716,0.526356797330,-2.15720172501,1.47043235868,0.387635349522,2.78477029855,3.67909683589,-0.906814240407
-1.91431485327,-0.279731002347,-0.785535142154,-1.14555954605,-0.907194467041,0.394129093339,-0.283983989016,-1.04777144799,1.18729104317,-1.24847154534,1.34818555663,2.07968374250,-2.36324155483,2.63718607828,-0.694788864646
1.32997077842,0.436692456258,1.93693859185,0.765269843759,-4.09116605783,-1.13637282977,-0.788146973330,0.367976490572,0.124716015712,-1.00342433621,2.85474483439,1.43921906519,-1.76913359017,2.86140081894,-0.310079466217
1.32530866425,0.963156791610,-0.0601452008663,0.372963455620,0.286479775568,-0.359121991681,-1.25799411262,-1.26033594631,-1.22651177207,-0.171653202630,1.46886136165,2.63148722529,3.08790886293,0.203673678483,-0.752522326367
-2.08866121543,-1.83029822953,-0.512560970820,0.323377561053,-2.65506834377,0.213429816450,-2.78636492839,-0.783917205759,-2.61860574944,-4.17022786058,3.46410364831,-2.84403877463,3.66278020759,2.43496182995,1.85464313451
-0.779797419952,-1.52584815908,-0.618001379376,4.66211925940,1.45517458340,-1.12851912369,2.73343024734,1.29148976608,2.66370017157,2.61277397662,-0.192111945204,0.539030237005,0.450180439747,0.326864713762,-0.394796152014
1.32017979685,0.767036870647,-0.409156920694,-0.863476696071,2.94418011504,0.224105181192,-0.497907910301,0.646307341314,1.31164477422,1.47720704606,0.710476573925,-0.334236069535,2.16314378790,-0.179512531897,0.680919749177
0.424174062565,1.63997945499,-1.63028989923,-3.03572705511,0.146457438302,-1.09023054195,-0.530863428061,-0.0423167621475,1.21273424064,-1.35241340949,-0.463158875961,3.13650713624,-1.22497352665,0.335424924030,-1.51345923150
-0.0585722347791,0.462168199501,1.26893733937,1.25544387299,-1.45377542348,-0.0215406906621,-2.00964775906,-0.613819760518,3.17787927646,-2.13615700802,1.93838582594,-3.13425984137,-1.02698846595,3.45319363692,0.681097086921
-0.698775363831,-1.13431614932,-1.81820621141,1.96171731032,-0.00918995846715,0.685465904420,-1.10306885178,-0.289711294850,1.01551568000,-1.14057316131,3.14089436801,-2.01035162246,-1.14634856236,3.71021006996,1.12027957193
-0.904823733735,0.625359805183,1.71334114902,1.90522868496,0.0807484269951,-0.616706189246,-1.03971544622,1.99403469123,-2.11358815693,0.822822586497,1.70919710072,0.207932551984,2.72740165380,0.0302788358650,-0.904432903817
-2.01350735264,-0.367453144081,0.301290395751,0.276961476987,-1.63732296833,-0.130491674337,1.16242683906,1.00330958417,-1.42229638188,2.39187247367,-1.14109986187,-0.846044843811,-1.97842153580,-0.222546631809,-0.0835042969681
-1.15436966039,0.193768670943,1.85916868534,0.272505101990,1.29255653054,0.771501957431,0.513623188697,-0.795063666820,-2.76729281169,-0.890549379555,-1.96700725252,-0.469330867234,1.28553804652,-1.26326114651,1.61679636649
0.681384648940,0.155839389148,2.01133876390,-0.650573200782,3.73086609441,-0.108877468079,1.15806228117,0.709584880872,-3.17345772750,2.59074072533,-1.30401252407,-0.334350582694,-1.10880833280,-1.51944021408,0.510812893680
1.38649572197,0.0894458953836,-0.668196408192,0.322982366451,2.71161309790,-0.201095474932,-1.79174141892,1.58094765845,1.17971773174,1.95827274732,0.752166781686,2.73473376567,-2.75283283260,-2.75412762511,-1.96202964623
-0.496417617331,0.637693675950,-0.517376763848,-2.07480355789,-1.13231765292,2.31265215853,-0.948961807289,-0.233647066868,-0.922530259194,4.98513527637,1.51746128381,-1.50327474980,0.0260078022200,-1.55737224073,0.913821293235
2.43451385336,0.206854243040,-1.22478087648,-0.945428870821,0.960580961427,-0.549244152656,-1.73752230025,1.81324472951,-0.0804232056849,0.694892627232,3.81550562275,1.04977951740,0.773437039570,0.973877702132,1.72493247064
-0.529635425905,0.405843060589,-0.0675457066022,-0.331780294502,0.794259263399,-1.93302768272,-1.64287680642,-2.00888476144,-0.461792784420,-4.46829738560,1.11810287710,1.12930999163,-0.464417638401,1.32717789715,-1.38660875987
-2.52855915660,-0.484157903535,1.74888769643,0.155549144155,-2.05961885833,1.68090485864,-1.46345520535,2.49368741081,-0.410673029992,0.407588309586,1.96538394949,-0.519584272502,-0.983736171691,1.09651268929,-2.61720446917
-0.509385345729,0.920643417247,-0.272715006725,-1.77477028947,-0.709711993862,0.465579224348,-1.36733729852,-1.83720555839,-2.00459349242,0.133346534836,-0.677436053143,-0.622963168336,0.135436630943,0.275114165560,-0.272774430361
-0.405496874788,-1.20215491294,0.893502092040,0.755953364596,-0.599081003911,3.22983183706,1.85231850171,0.121557363025,-1.38420963146,1.10991081731,-1.07749551655,-3.05975858604,0.589315480672,0.0321438638440,1.70677482588
-0.936002375214,1.00604148314,0.0914407068294,-0.271289889163,2.66721938562,-0.922708768004,-1.90121304482,-0.123932783643,0.128349880564,-0.551066287205,1.11579053624,-0.616282107326,0.607303883372,-0.815494213006,0.444747660871
2.49668407484,-0.494183665935,0.290530454045,3.96801454378,0.609013301453,0.656172874946,-0.0634644518595,-1.54302659164,0.421466169851,-4.06871995553,3.69993227047,-1.06118255723,2.05979866042,3.05003867476,0.534296424479
2.72922537043,0.981263098941,-0.296809912928,-1.64699899816,0.794973071913,-0.691930319721,-1.38968984777,1.48714261116,-0.496234475785,-0.465123287749,-0.563946568791,0.704731050790,0.704004479782,-0.644866825937,-2.92950960228
-1.07503121798,0.233203460710,0.112770339929,0.907828548454,0.173033857926,-1.07575334104,-1.59295073223,-0.601041354455,-0.990470039500,0.143456125728,1.34443663884,1.54381050847,1.60724842974,0.775743085913,-1.78292186863
-0.530633010959,-0.929683910169,0.814501354000,2.48165486547,-1.41762313922,1.13114476638,-0.185111561241,1.31394036508,0.119328622964,3.56740992680,0.653412719439,-0.557075406297,0.246750689713,-1.30129972353,1.04181012858
-1.04639477000,0.843888077067,-1.46960780799,-0.483143634270,-1.05925842384,-0.679144150645,1.38555978664,0.395225565928,-2.59544838188,3.41785309884,-1.12926986843,-2.19418431117,-1.02472861971,-0.520459108427,-1.62521753938
0.0860574146708,0.590514069369,-1.27075846604,-0.730150014280,1.64549157663,-1.75597988841,1.50973885929,-2.93011786427,-1.14093287881,-1.86193971954,-2.58387149634,2.70146874201,0.548834961428,-1.80541353658,-0.363576362369
-0.152064569233,-1.85391127845,-0.0899863278697,1.29221484034,-2.70533072208,1.26917246372,0.865317700295,2.33436913070,1.55033406618,0.00906452565359,0.361417598677,-1.37490080897,-2.08754683194,0.291118903542,1.52412464037
-2.20224304931,-0.639427915867,-1.48576256436,2.31095383224,-2.97756045528,1.97394703299,0.319559676404,-0.365954935600,1.90309654303,-0.661488851158,-0.174431583855,-2.33457753125,-1.81434969416,-0.0672673694596,0.0463232848514
-1.22811401472,1.90693098137,-0.117439403674,-0.557035100108,0.00578036401416,0.567842917744,-3.70120791453,-0.0808559519672,-2.94011260212,-3.85108604283,3.88175203180,0.427866459229,-0.871021590943,2.41301532171,-1.71629446014
-1.46330351659,1.26607732659,-0.118769993891,-3.54465212628,-0.0924568982778,-1.81247442513,-0.506640431570,0.0904979069004,1.32800621083,-0.177295326034,-3.70473855003,0.951781211393,1.24389933915,-2.37254408557,-1.18580041477
0.0495484606999,-0.852168562126,-0.454192188863,-2.72852123369,1.17890408618,-0.919961614980,0.915640910668,-0.0526526731888,-0.0410505778079,2.71511723201,-2.53624228799,-1.17833326871,-2.08187803499,-1.95136073264,-0.823462535734
-0.204359945643,0.423175535472,-0.770459145857,2.26334924983,0.0663143053356,-0.725973880513,-1.30595707411,-0.526906220938,3.48500742126,-3.51301107960,2.74252638365,-0.618517406359,-0.985430246364,0.430707101677,-1.32254568285
-1.45367962043,0.169284564021,1.95483067505,1.82300176560,-1.25740987398,1.39140378067,-0.318591276188,-0.557570958711,-1.71370399829,2.32012787442,2.02898002097,0.277870755051,1.41500225927,0.0281201417644,1.14992427702
-1.77808855902,-1.59963112513,2.38971960404,0.782408731242,-2.66651815096,0.182924195463,1.13106531601,1.02390990047,-3.38309236804,-0.416908619634,-1.32286367836,-0.499782817855,1.97612989136,2.14180737928,2.53001000506
-0.504854389093,1.22727551799,0.163450836378,-0.355921521622,-2.09217529086,0.237001371935,0.663097485025,1.27982717066,2.73096803686,1.69120089193,-0.514638258433,-2.83087914248,0.803864626380,0.403591430318,-0.181237837946
0.180842226407,-0.547066081973,-0.545461076710,1.33409485493,-1.40509095471,0.407845249728,0.827252780442,0.00574671037772,0.322217831986,1.18982764416,1.13109756905,1.15376743320,1.24268396493,-0.503971603167,1.64396092113
0.809476362428,1.33001741290,-2.29533811189,-0.362875757906,2.48045099935,-2.99272267643,1.58190703370,0.340852450815,1.06417925211,2.01647585117,-1.60514712849,1.95654797868,-0.665384008592,-0.542160477335,0.231454433422
0.761038360742,-0.733326967340,0.799400954862,0.843208751185,2.95802900484,0.0607383163698,-1.28427980070,0.471119483550,-1.80741472211,1.63237407947,0.616236620949,-0.380620736374,0.556309966474,1.88340586735,-0.952837888258
2.26559106643,-0.535116958676,-0.0373154598006,1.11215183319,-0.154354047120,-0.368598951819,3.27212910104,-0.331610887707,2.35928981886,0.396429303307,-5.22367556845,-1.11444496291,-0.849746309493,-2.94949963267,0.0150831745169
0.0615321341004,-1.95736909418,-1.38259437384,2.93325873659,-0.833356714846,1.92358997877,2.46613959830,2.32716475109,3.52112369379,2.84155525657,-0.0372383195956,-1.92927406099,2.50180864681,0.940625969345,-0.450579416348
0.122464233976,-0.453000936980,0.457065875317,0.899951174183,-2.15740700322,-0.257274317845,-0.777687565334,2.24280234585,1.23815819258,-2.58059359155,1.49292624311,0.463281832815,-2.13009618110,0.779085803264,1.43606336711
-1.56671442077,-0.759941499926,-0.777208285732,0.915654457905,-0.0348671379631,0.620097598693,1.44611429080,-1.84731484866,-0.148383379681,-0.917010726364,0.903233525203,-1.46955800805,-1.48419640696,1.67781097641,-0.0913063713945
-0.0313676899622,-0.689795797677,-0.0373405573241,1.66838418880,-0.121675489357,1.20199612981,0.862575348860,0.490009755644,-1.96274055360,-2.01979510665,-2.21051797262,-1.19149805454,1.81832153423,0.797672245892,1.79946273193
1.50241508822,1.66419411326,-0.230700580386,-1.98616098876,2.47363476260,-1.41545200612,-1.27695087263,-1.63079820918,0.299357919322,-2.55233180117,0.828771183189,1.18285981746,2.28278184344,0.423819970270,0.964419037867
1.69547110995,-1.03432699298,-1.68808246213,-0.965194488237,-0.00464575597019,0.136753869838,0.933997587373,1.50917171824,1.15155195615,4.12699155202,-0.507076525437,-0.536064724629,-0.472500487011,-1.50905546690,0.0934110751261
-1.89591036715,-0.717478561437,-2.19351603019,-2.84295460588,-1.01674049751,-0.248846794417,0.282966968196,1.33412881759,-2.28659933778,2.62198670046,-0.364694923177,1.72864717603,-2.98897622212,-0.548844258691,1.67744590245
-0.854419614813,0.657585536872,-0.483670897672,-1.49881728962,-1.98413776283,2.09327196682,-1.14827427494,-1.35140733462,-1.05790550421,-3.89169912796,1.14928458663,-1.02929236361,1.36019697429,1.06620066102,-0.550855942009
-0.998727917723,-0.273354887527,-1.98622935826,-0.714965427221,2.53712032907,-1.31354766562,0.0928986331684,2.32459871293,1.68347945992,4.13430102397,1.05783477398,-0.761611963166,-2.63878866388,-0.667726443099,-0.135494772441
2.27679705229,-0.643917706028,1.49069239597,1.44314555948,1.96350737821,2.05787613717,0.874706381080,-1.51081249450,-5.07118756993,-1.90256653878,0.173965978316,-2.41154995171,-1.78490860872,1.51546296924,0.213158109467
-1.92288778801,0.635985688694,0.471708784987,-1.98216068936,-0.498649456293,-1.79856915028,1.26163124186,-0.288631560768,-0.771382004767,2.02313739481,-1.87101244126,1.70090308007,-1.44612239843,-1.68520728565,0.517224120989
-0.107866745534,0.614320498866,0.0193208042104,-1.83755966612,-0.890442407690,-0.0277075494413,1.16539331040,-1.33939859096,-2.38790804294,-1.18957076737,-3.49450753057,-0.498195469657,-0.591115903152,-1.99693886079,-1.93858240028
-2.15754583652,0.119985675136,0.664185276413,2.25520711211,0.570377392544,0.176468467637,-1.67911905886,-1.02609238063,0.976909019655,-2.56472054827,4.12674722665,1.18837882265,0.144541502781,3.22155744105,1.75294304244
-0.728635303799,1.54655022170,-0.229495553977,1.51481438647,0.860685785186,-0.219645284778,-0.468235225819,0.770763871276,0.263554958457,2.40653450418,1.28593069956,0.166966144967,0.203034979814,0.196220599359,0.623888051504
2.57013395195,-0.791520414802,-1.24221111475,-0.685548960140,-2.37934840817,-1.55950709462,-0.332422888956,-1.44212626437,0.994446649008,-1.92220242377,-1.05780375988,3.34687859477,2.44546550608,0.202230899574,1.15673247322
-0.514927295491,0.0367640831591,1.63685577348,0.353664111782,-1.59395880948,-1.02018714496,-0.321687657003,0.544048869271,0.262774136886,-1.87887177066,-0.744867909346,2.93313723444,3.03460038135,1.32692381187,-0.434437786348
-0.904535184188,0.907721383297,1.58226677310,-0.359367492082,-0.599828741712,0.888860338921,2.86900167528,0.380050451683,-2.01267946393,3.12076051756,-4.86911960264,-0.380349327804,0.0513841132119,-2.64140711977,1.58495410285
-1.41346739088,-0.456788163143,-0.0254266797961,0.155885267473,-0.00340510250867,-0.308565919415,-1.41507220445,-0.821683385846,-0.938970740425,3.79242372503,-1.47585392733,1.11896018204,-0.605558513269,-1.90453572660,2.49049881795
2.40855740535,0.388904049434,1.34127397987,0.0666369509305,1.75443059136,0.974825864351,-0.885396961271,-1.94861050833,-3.94113654056,-3.15432333982,3.92992316031,2.29100187624,-1.45564013602,3.17600017732,-0.177369989661
-2.85498915336,1.68671603271,-0.960057200373,-2.90213748038,-2.27881941392,1.64975895938,2.83499256109,-0.868818074788,0.950156196186,1.42825683240,-3.19849313647,-0.332194604986,0.837488790917,-2.03515715280,-0.188794104456
2.15866669831,-0.139899915180,-0.150624634861,1.91263114519,0.960204565983,0.0209386130998,1.93684330518,-1.85513238351,1.44912633134,-0.499091470914,-0.254937184932,-5.25534188882,1.37039867211,0.0242757003677,-0.811436913204
-1.10032772564,0.543272185357,-1.22582107310,-3.42363871264,0.464085492580,-0.896847962128,-0.727812528410,-1.42102661460,1.96794348527,2.13402967287,-2.68374791017,2.66170325938,-2.76565357034,1.46813493254,0.535479206627
-1.16620395850,-2.88605347463,-0.588751076113,4.04854854681,0.720457677359,1.46568572888,0.660776888958,-1.84005278570,-1.02411582420,1.25824501094,1.31114829181,-2.88417424728,2.10193007711,-0.318188304596,-1.07900132977
-0.298845722598,-1.12884932373,-0.137527584581,1.02617289354,-4.32727107396,0.697566209863,-1.54689265528,1.00747975760,-0.691505913246,1.67456670963,2.68049854270,2.27947722717,2.13048173145,2.38874801018,0.749008994919
-2.52265186021,1.59009741116,0.480952632724,-1.02906234566,2.05853258973,-0.177045470695,0.356974433177,0.174995499535,0.492036084749,2.36671870263,-2.44555834985,-2.10549463032,-1.31464278163,-5.28911694031,-1.08232870752
1.29883917030,1.75113026500,-0.169619350288,-3.68923024946,0.0877196358460,1.13741784945,-0.187426353222,0.530690121264,2.59959808048,-1.59532980618,-1.31996279527,0.615704857048,0.365749094627,-0.00874644535891,-0.0792441137068
-1.40375209740,1.53385892828,-0.816936894805,0.0445560079007,-0.128744954321,-0.0823465089713,-1.60540549865,-3.28487380272,0.336462736861,-3.65232698951,0.870326475599,1.07291647873,1.10478874107,3.17080982183,-1.37545674893
0.889849631283,2.19651301776,-1.17892827134,-1.29129992604,1.84382228351,-2.49262748058,-1.33611945159,0.715379233755,0.426729990217,-1.37521471869,-1.52257459519,0.470363264347,-1.50881719279,-1.53563876894,-1.28283668354
-1.31186421238,-1.07371710198,1.45026229227,0.980581109621,0.654552867027,-0.687841032910,2.83598234494,-1.06916725209,-0.931216024981,-3.25416437317,-0.923903663525,0.934203582446,-0.479166091487,1.15068977971,2.36004300243
-0.958193469751,-1.29131844653,0.146197809145,2.05998257068,-1.68079949348,-1.72040576402,-1.57597177689,-1.00656936682,-2.49995587399,-1.20644529527,2.44035474249,1.66176128269,-1.91752968909,1.23254122506,-0.988974314685
2.67761046750,0.310910631711,1.70716410999,-0.629246146158,-1.92987477985,0.684615335115,2.95183031723,-0.267796290139,-1.81112531870,-0.0438162078311,-4.51475554571,-1.75920948627,1.16435646136,-0.602134503498,-0.204376342491
2.59033143872,-0.668201300613,0.204265104305,0.327085486998,1.01962924922,0.479045579968,2.76129479859,-0.700659322923,0.0680957963319,2.16685321282,-2.74674225015,-0.860555949831,-0.896142735791,-2.57211155762,-0.642694434163
-1.55950535689,-1.28172418927,-1.28892231778,-0.848413815252,0.220474516385,0.667484463573,-2.07804347610,0.256376261427,-0.610932304706,1.15231412846,0.578825520133,2.17445039723,-1.25840851934,0.884208287140,0.701358765158
0.868238994666,0.805002947827,-0.712535008345,1.99720697162,-0.710306932049,0.439688985324,0.488204455292,-2.55240197127,-1.61157665261,-3.81647198674,1.50429012289,-1.49208571379,-0.402779364067,3.70467510718,-0.310655314498
2.74947307305,-0.614274695782,1.44672481675,2.77534043303,1.24914417558,1.06876789888,0.496064626415,-1.17562771333,-3.09545794390,2.66223881840,0.849103415754,-1.54303423110,-1.04241423412,-1.84715309488,-1.15818081582
-1.34749660337,1.89725232438,0.0262940247300,-1.88386765379,-1.76212747507,-0.895511927319,-1.57148130142,-0.705045581311,-0.545457598666,-0.248766731729,0.369110308359,0.967059374102,0.655350697822,-2.01115266457,0.141090072629
-2.99198373161,-1.11170199084,-1.31910502988,1.67996712083,0.163242345163,1.88880138337,-0.411163714219,3.14605889297,0.492804505621,1.62177307453,0.778016906143,1.20545426277,1.42745858939,-2.19534138151,1.22107116130
-2.47084540414,-0.964842111025,0.773831166776,-0.897020702495,-0.621279838223,-0.451524911418,0.543441885520,-1.25002155252,1.01531643326,1.01949303233,-0.998286762919,0.700767060007,-1.28975600825,0.340227136658,-0.147305538467
-2.58250658067,0.634734501286,-2.19326835102,0.931283664555,-1.31439728365,-1.65316133624,-1.17063789955,1.74087294866,2.21781415974,1.33173230972,0.862659893615,1.24374175718,2.38540273942,-0.0254060698093,-0.448774267635
-1.50108850581,0.0197306855374,-2.39396299319,1.80877978423,-0.582390246502,-0.645203024608,0.326376734337,-2.87278637358,3.50252259196,-5.89395191964,-1.42187736841,0.0948502757846,-1.88416737206,1.38167359707,1.18418407266
1.32362043345,1.10551988742,-0.0437223276694,-1.38965272763,-1.09752067491,-1.16939132806,2.01056134250,0.771079718547,-1.04204755565,1.65879862135,-1.94914941578,-1.62789056020,-5.21390261205,0.523104343022,-1.29270055865
0.295992842888,0.806037233541,0.379360435916,0.676169738582,3.53608220845,-2.23466623673,1.76471665447,-3.14878720222,0.149637366987,-2.39215823959,-0.633324675241,2.12680830258,0.336023882826,2.19068229959,-0.323974332150
-0.842635475053,-1.90083306860,0.880716918965,4.34494792844,-1.20971587340,1.14541678020,2.01253459200,-1.85388708490,-1.36873465049,-1.86123208513,1.89047092893,0.0381901108467,3.41025620040,0.452174374131,1.50413098828
-1.44447003284,2.10223505831,-0.795415991944,-0.916598581812,-1.24361434892,0.0569868268083,-3.14910780652,1.24566653501,0.527059690747,-0.373421498616,2.70615789842,-2.50090427189,0.570855632774,-0.854551321609,-4.25769986302
2.20314104144,0.898858802345,1.19643793090,-3.18731180823,-0.384108598393,0.113032072442,2.35388812902,1.28120798801,-2.07626860959,0.00101707224449,-1.87254622510,-0.267393542416,-3.25518925944,-3.12216167029,1.82014261733
0.954681551623,-0.618182638042,0.502368615016,0.198258137485,-0.420006704882,-0.523497247766,3.75663407093,0.180975607985,0.531892836513,1.11497913646,-4.16524922843,0.831824839336,-2.27761355536,-2.08163969967,1.45666108123
3.11845192801,1.72468713481,0.271742311071,-2.43254213234,-1.65759616660,0.927548228764,-0.798689243448,1.05866372415,-0.801987605859,-3.34071076840,-0.960087373069,0.298610977044,1.37496356494,-0.330024829560,0.889882659916
-1.55570302253,-0.468559357638,0.416497856344,0.243794708706,-0.208749288394,0.120323440299,-0.325996574623,0.0167080290880,0.742569465069,-1.42123367256,1.51397521137,-0.245785274324,-1.39875915418,0.893134354768,-1.05957677698
-0.473227972035,0.444266188494,-3.04401154743,-1.32056227450,1.78357929875,-0.482797004339,-0.237152517212,-1.82378504045,1.67539131811,-5.29401726830,3.05538711268,-1.41223620482,1.15102391555,4.52422135921,-2.93966289788
-3.78853750438,0.454099277713,0.489067321830,0.449264231095,2.57853972826,-1.09540827054,0.207689833194,-2.73328101865,-1.26641838412,-4.39257528228,-0.520886508629,-1.08783170303,1.70032259684,2.00918868960,0.464760193203
-0.541219894000,-1.33417228278,-0.178365131447,0.520426416387,0.984285294711,2.99976167543,2.95493030663,0.723232046778,-2.14275881017,3.50806133487,-1.57818398815,-3.02115155909,-3.40387902503,0.343447274366,0.0154362610203
1.24117006606,1.33949290179,-0.792452078021,-2.06331945244,0.000704778499594,-0.963709061256,1.21844077998,-2.79032406087,1.01389795102,-3.73051589973,-3.85805535205,-0.805750068915,-0.332051114099,-0.140957951456,-0.543097089336
3.09267866086,0.198222843061,-2.22659537351,-1.78917971283,-0.158297830507,0.613661993880,-3.72824331898,-3.43872008142,2.12469071921,-5.61772095485,1.91223342836,1.82134108668,2.60902963801,3.99634047476,-1.81797958239
0.230210021863,-0.746431953573,-0.414473776948,0.647695587653,0.950134083079,0.715458725183,1.65078807296,0.943768574068,0.829136905495,-0.152260696056,-1.02797056570,4.09903943519,-0.427348555448,-0.0136063514153,-0.333455908029
-0.653077257219,-1.02583069519,-0.995372391716,3.92190207370,-1.45897006638,2.11691026814,0.512257180808,-0.727494103272,2.90815473162,0.346581212704,1.05298161184,-0.773013629212,-0.289464654500,-1.12088798816,2.57634154193
0.505467301359,0.0545565386189,0.297217966041,-3.24494899254,-2.72661209769,-0.731071858085,-1.72184770912,1.43702586246,-4.51441306844,0.814661940944,0.368796648373,3.82988204436,2.88106304605,-0.715372881201,1.52079684692
-1.06716887374,2.04223305332,1.06810683383,-1.42423781548,-0.891315029691,-4.14281610448,2.48568228017,-1.74346969181,0.0988980155578,-1.00705737680,-3.35452569518,-0.111614541704,1.88534606023,-0.996607971711,-0.201850777644
-0.457476946896,1.07651174149,-1.36628354014,-0.680957167404,1.61453967339,0.405334243339,-1.24112422314,-1.76773994134,1.32114392687,-3.65961188368,2.24762920665,1.66182234566,-1.58577942705,3.21868456258,-0.417954864999
0.528830729153,1.86975732413,-0.846958615163,-2.68606326720,1.07520328367,-1.25309979503,-1.10080332099,2.21336057656,0.549708251515,0.503470457542,-0.0960500200200,-1.31083842253,-0.236660902202,-1.56768471727,-1.99211165671
0.0691020070740,-0.207576609298,0.477270231889,-0.111598551120,-0.377252938692,0.947699881158,-1.61187992641,1.48126981190,0.660097645576,1.40673686390,2.53839149159,-1.27524840841,-0.804589889247,-0.469161082354,1.22658951198
0.451020704964,0.526272216362,1.51637622434,0.434059073268,-1.96683581532,-0.982427485568,-1.72171415774,3.02356708853,-0.994001228267,0.942802607249,4.71326131896,-0.130034638365,1.92566234995,-0.0186647186688,-1.23797885572
-0.908269074920,1.33303317181,0.867297315306,-2.61272910026,-0.910669186424,1.47404362121,0.359838610348,-3.44354658553,1.31254444083,-2.39316785806,-0.986566091722,-3.48512043301,0.906761897436,-0.387451874007,-2.02618475719
-3.18064396272,1.95394870287,-0.490481102552,-4.74614235924,-0.509957964124,0.500728942771,-1.88623246327,-0.314490991367,2.19860930995,-2.31828077903,-1.44925025256,1.31150800020,-2.78753421638,-2.56446222217,0.412208511807
-0.331466383334,-0.0616422304716,-1.69914239745,-1.14573341405,2.38104639662,0.320097953734,-1.66029036659,-4.19524552030,3.75294525072,-5.72133916371,1.29702857181,0.216555786192,-0.554561696426,3.04937332684,1.06540823380
0.175554517859,-1.22217821897,1.57017862525,1.74348189002,0.349974104585,-0.403962211757,0.756551669032,-1.95533987466,-1.03819851852,-0.541794481014,0.840031447361,-0.275317979397,-0.205969884297,2.65813221714,0.546003353622
0.348409343265,1.18466815116,-0.161114525775,0.627759566271,-2.35651744203,-1.20935883001,2.22071616820,1.14509110106,0.608053336355,2.37711511035,-0.891895455828,3.14499480766,0.948799573451,-2.57395560935,-0.353172123157
0.0115275262273,-0.388896962378,1.21559034493,1.19066925614,-0.220939438175,-0.0229562335141,1.38903833378,0.799753648625,-1.50599614453,2.56616111928,-0.242434045731,2.06534065366,-0.166191843649,-1.21610922541,1.77098084603
0.0476206258341,-0.534704824406,-0.470942065438,2.18267899263,0.914652996923,0.836224116546,-0.159284577087,-2.21286443770,-0.155531761795,0.530148499304,1.72678661917,-0.997353326856,0.904474122033,-1.04091896469,0.121503171141
2.88496648514,1.79909718863,1.30232975527,-2.10598132832,2.44577382106,-2.28081301168,-2.16794046965,-0.400374168892,-2.35595744037,-3.68408654813,-0.870789904931,3.34180981152,2.51108587954,1.21109233481,-1.13877348059
-2.62073746063,-0.424101673583,0.717526164052,2.18218531180,1.49996961874,0.972278155166,-0.176074572977,-2.53779461192,-0.669524373438,-2.89644434604,-0.498906848753,-0.929851094967,-0.881148602473,1.06033157349,0.971049879113
1.39927360252,-2.37972596697,0.101500333803,3.05563006284,1.05103250608,0.851328239218,4.03050701778,-0.604457228649,0.282846176284,-0.456182124650,-3.09346233439,-2.15019780279,-3.23203918943,-1.03086256761,1.64076563351
-0.531261631884,-1.02738032593,-0.100319685586,0.0417294182817,1.21641813680,-0.537821852542,-1.06196169400,-1.19406476878,-2.28798489494,-1.58099775438,0.166968711547,0.114823092990,0.596609199804,0.255136054193,0.472850464689
0.0272275162992,0.404005250392,0.814017206206,-2.95138390661,-1.68128802287,0.0914648854942,1.58513719609,-0.294487846753,-0.937782455409,-0.718246086296,-2.69150770610,0.110601479848,0.0152219425983,-0.682970014293,-0.935543780517
3.22558573119,-0.0377699257899,-0.780539184315,-1.66115176425,1.38584011566,2.20393150148,-0.774922737295,-0.632458051232,2.65769153964,-0.175003737004,1.96313067131,-0.505807832175,0.00157704243064,-1.68584826466,2.31594017000
1.28842038259,-0.475760342670,-0.181836503419,2.50532783448,1.05016782907,0.907737486546,-2.92746868296,-1.17250042550,2.00035805816,-3.28165371454,3.99585401090,-1.29697661436,2.99978007017,2.61139201321,1.41111767908
0.435854979749,-0.0606783184506,1.19404462080,2.24890051717,-0.700934430979,-0.385897259668,-1.62565321165,0.241939597465,-0.643890074541,3.11299753094,3.29843537640,-0.629974852551,2.73286924244,2.05315017435,-1.54253087382
0.473260587888,-0.437198340440,-2.76169884816,-0.698034061991,1.65628971750,0.190214472836,-2.41254701125,-0.320825023871,3.37215585757,-2.65724028197,3.57207116874,-0.239482647911,0.162876831429,2.77963682936,-1.57974291463
1.45590651190,0.363186018247,0.109504720775,-1.58379550991,-4.66682519047,0.428087193672,1.72938497896,0.264496047948,0.880025287758,2.59360958508,-2.51411160491,-1.29801305307,-3.50165350344,-1.63123101169,1.10334515557
-0.392000007406,0.225369789825,0.588557027656,-2.14221526258,2.22735997234,-0.723652124270,2.36092648582,-0.880255631414,-0.846234986654,-1.52203610169,-1.06629008400,0.518783225517,-2.40730217854,-0.783742086961,-2.26174519145
2.74887612528,-1.74400932891,0.0947410393134,2.23996291261,2.94711869587,-0.0323254891107,-0.423438142929,-0.399198720940,-0.825625891102,0.458207540529,1.46830169529,0.604687162896,0.715947832617,1.17265441403,-0.148890430347
3.65506673444,-1.10349563976,-0.156749720006,-0.369764878670,-0.558726878653,-0.799384820700,1.03769342659,0.153097524508,-0.823646382142,0.549372843818,-2.85458369762,-1.79669248342,-2.06317398881,-0.796751252760,2.50146199049
-0.812686922701,0.902007405579,2.13496767436,-0.317505875136,-1.75966260480,-0.386290477906,-1.74062438874,2.86204371375,-2.23598519360,1.18109474624,1.90302787682,2.19101490611,-3.80783924784,-0.604054715434,0.615071606524
1.07329075460,0.327163002131,-2.46638247139,0.263871410727,-2.08894597475,0.0290510246796,0.642475976764,-1.28052818269,-1.11344028410,0.190463219565,-1.05067476366,-0.515514996929,-2.63701970313,0.787313456432,-2.01849226801
1.94167258989,0.387992042791,0.836769129689,1.39761859773,-1.06862722400,-0.831574490073,-0.865163866074,-0.726618136724,1.50258938971,1.26515316561,1.51652552709,-1.57588716199,-1.24914507971,-0.209109911374,0.744881949481
-1.42112665842,0.345651318887,0.0903589841379,-0.310500734742,-1.54410444555,-0.304802238601,2.98980761599,-0.656499623852,-3.15762240973,-2.12374371451,-2.67422666331,-0.238116173313,0.443138400458,0.0900948615697,1.34996255159
0.634445177815,0.564337682836,0.603680838077,-1.03706111755,-1.15368011943,0.885165983257,-1.35264583801,0.00535601507171,-1.14849449273,-1.30918070582,2.03320296923,-1.00774660067,-0.847217671115,1.15559333099,-0.992213163209
-1.84208775405,-2.05182093695,1.11912170229,0.899603291645,-3.45161450741,0.0130661000559,1.00724642482,2.10597274229,-2.87407533219,0.719300163012,-1.02718248658,0.0950724750198,-0.881161496363,-1.44581527746,0.617925803042
0.936364815452,-0.349782054934,-1.44779338819,4.23407900071,-1.11254254150,-0.909308413097,-0.528592064856,-1.11172086853,1.99804452986,-1.29223377104,3.30741909815,-0.515760531125,-1.19713235068,1.10152135022,-0.567627485066
-1.32393843399,1.69680365392,-0.618768511965,-0.352719290901,-1.11421274860,-2.66451113468,0.187500666850,0.398306753344,-2.06664168831,0.499782178576,-3.22814989586,2.09613691291,-0.217432116195,-0.950094840574,-1.75414688100
-1.62091993250,-0.0348676393057,-0.265383702871,0.995494244668,-1.66148206506,-0.510255330695,-1.47794597107,4.16511652027,-1.66525924440,0.881203091903,0.855305936489,-0.612168734034,-1.55068542028,0.811372776118,-0.516324497140
1.61794972043,0.616533580837,1.67877269699,1.69497616026,0.823295074557,-0.373427539803,1.68388017662,-1.00536605531,0.469089461972,0.372781160456,-1.46713210064,-0.336716304075,-0.318063268688,-1.02525194709,-2.52165390229
-1.28185661144,1.17092476696,-0.126630528755,-2.98563728638,-0.311946528588,-0.903623683039,1.88000475749,-0.906655207953,-1.46774461290,-1.11105125944,-2.50170632990,0.528834375427,-0.102474684240,0.876051729723,-0.0897051807542
-0.445869773180,-0.701727665218,-2.42858137761,-2.22087652646,1.85711819860,-0.312223893618,1.38411122006,-1.70599884572,1.90033394004,-2.78932459373,-2.86470944422,2.36285816721,0.708695294000,-0.865626584636,-1.32406556004
1.84149105167,-0.382457894060,1.92005821150,0.745187426342,-0.572144613000,-1.11568212120,-1.79192007724,0.496789031062,-3.94002961638,-0.221063521834,1.16671926119,3.85667364734,-0.235387332825,0.346902845971,0.00852857275208
-1.29864684256,1.86088813845,-0.453617810648,-0.538548932328,2.32214433296,-0.900134764262,2.07520321548,-1.32725382609,1.21970592000,0.317091251678,-2.09429306202,1.55401255759,-1.43045231402,0.525255674581,-0.813202549131
2.34322991749,-2.20478020896,1.64192128552,2.10583511637,0.658311192775,2.98456323868,0.388217391980,0.243275536658,1.43590755131,1.13852295872,-0.545786395897,-4.76974799034,-0.937460686303,3.29079235772,0.127536895891
-0.522755660740,1.23039469041,-1.39767623293,0.167564675733,-1.37465008067,1.70430822925,-1.52833576002,-0.422709848125,0.191430009003,-1.38071393622,1.44238556118,-1.06859606822,1.95386023523,1.35561808793,-2.30717001739
2.03129801117,0.214858103403,-0.162150209640,-0.241285092179,1.06364963008,0.271752495067,-0.358485589313,-0.352210531143,-1.37539606161,-1.40330024600,-0.268815275483,-2.23443049770,-2.03765072863,0.139310848504,-1.34246430393
0.518615590697,0.598622922195,1.57869106848,-1.00755894516,-0.591224650222,1.30289927525,-1.61284770162,-2.41729175124,-1.39810402594,-3.70791715137,1.86880178750,-2.55421544283,-0.732114481634,0.580504426697,1.11671229380
1.35098912412,-0.397483047262,-1.77864074465,1.11478325870,0.767802673848,1.50769448065,0.129445558277,0.777100275418,2.65500699418,1.70889025286,1.91020018054,-1.78907740901,0.638241381014,-1.09373659715,-0.845975164193
0.0441463893749,-0.904301724720,0.261163542722,2.69544424390,2.86954495595,-0.593203929889,1.05707003010,-2.77243843208,0.980771232235,0.636004275415,3.31840480462,-2.17626174370,-0.330790918221,1.98886637487,0.770404219463
0.0261427216930,1.02169626064,-0.998260751707,0.657995179428,-1.86373655319,-1.04405222458,0.439989200160,-1.44074726673,-0.527825468802,-2.21928071522,0.630985535595,-0.747876147358,-2.82346630300,2.59741786448,0.632529179195
-0.347154619556,1.06354572314,-0.729809832893,-0.859384687522,-0.128597525697,-1.09228723838,-0.731337703621,0.0611657956598,0.657644154167,-2.65920767892,2.34396511234,-0.862486300280,0.541106286472,2.91395816902,-0.956023425337
-0.0294245709341,-1.64076980325,1.53902452385,2.81326180173,0.378749627596,0.359064526722,1.76670473738,-0.695119620726,0.972222677849,1.71532965207,-1.52269638438,-1.79304679280,-2.00559996084,1.15627501954,-2.41749031290
-3.03253386749,-1.36634344179,0.901925029284,-1.02755063076,0.530924174687,-0.0727410954696,2.67501018279,-2.64745751062,-2.14850863627,0.812853446704,0.634949911015,-1.69800099874,-1.93687726092,1.72988767790,2.05815595753
1.87318245288,0.600571911149,-0.325811351961,-0.767417890528,1.32985786078,-0.340698048780,-1.71115196316,-0.0479063876265,-0.0110054548824,-0.541991745189,0.470913502838,0.281232390440,-1.47197004033,2.69429650273,-1.95900276400
1.00569416118,3.11906485016,2.42749403882,-4.48757058114,-0.619402578559,-0.383188971187,-0.578540641215,0.0619791642437,-1.63839016816,1.74377159774,-1.15206813888,0.910298018534,-1.09289461772,-2.01597058351,-4.22047484863
1.18732693513,1.78822109481,0.830028157758,-2.90329555824,-1.12698958123,-1.22180957861,0.907829207120,-1.35517908962,-1.82938822992,-0.367747113565,-1.41033294229,1.74016963428,-4.98834812021,-0.260048808159,-1.00012686033
-1.70318019449,0.290958443576,1.19188734021,-0.617779400497,1.25053466235,2.08400831585,-0.289723652913,0.506790601798,1.16544369885,3.08398159500,-0.158820261041,-1.68028793414,0.424439256634,-1.12025962015,0.662510135639
-0.970949411919,0.494114629899,-1.58885545822,-2.75588845697,-1.47500703891,2.25132838712,-0.0331592347502,1.28179802028,2.64107832407,4.14330460809,-1.63202531719,-1.44230495501,-1.41819150989,-2.91232410427,1.55486953862
2.63173981252,1.49844695051,1.46581040651,-0.394941654426,-1.54753578121,-2.30134884372,-2.29732397279,-1.00479787237,-3.09429082503,-2.52148094825,-0.0615430255329,0.754089323529,1.53294259511,-0.0297531000649,-0.916732923300
-0.151159280232,0.385899667559,-0.297227812471,-0.393843369315,0.0922982694812,-0.991388519348,3.14328281561,-1.03655418906,-1.35400271847,-2.00792613825,-5.56117766148,2.28997265375,-7.28486710906,2.66213498807,-2.18467361799
-0.429544975282,0.834376505365,2.27487496294,-0.977286035019,-1.85652081006,1.04672037629,2.43538300531,2.27625197166,-0.575471571139,0.0227818169299,-2.60874199344,-0.553666623604,-1.05035924514,-2.29761340988,0.363419319733
-0.536068647590,2.59260584471,1.11194993275,-2.80311242202,-2.79815215005,-2.08371093051,2.42006298074,1.01521204432,-0.868189454828,0.233048961268,-0.701532881326,1.85486096522,1.98974650544,-0.132141298188,-1.89446187739
-1.95979046426,0.913071958918,-1.02676069115,0.941339859037,0.523886888674,-1.82577701240,0.606299393996,-1.05474347623,0.120301800087,0.872907596138,-0.524913600342,1.96106861248,-0.948050733532,-0.983008191783,-1.50680389641
0.594673866011,-1.44081194760,0.319764570157,-0.272634717868,0.935569015737,0.684998085519,-1.08389891392,-1.75371597482,1.24552314208,-0.839399482928,-1.00432268832,-1.73347528121,1.26018006341,4.09962615705,-0.0777959544601
-4.83998016899,0.945613900684,-0.0189293441451,2.04679058841,-1.06506431227,0.205097974478,0.533273901734,1.71084125309,-2.87581369282,1.91968807274,0.661170398308,0.349505324052,-1.34447789150,-1.46249284397,2.62143589508
-0.220539257829,-0.0158653053706,1.04380090687,1.27994038883,-0.197616527909,0.155703481273,-1.94406722344,2.38611771336,0.990061333562,0.659251974219,3.10505806909,-2.71402643122,1.98494089466,1.63688340995,1.15943697988
0.433402729752,-0.0931492010245,1.54585916740,1.03438170139,2.04649515873,0.658945529811,2.15981510130,-0.333857414381,-3.03560070176,-0.947159480652,-4.74148421833,0.426826910265,-0.962077710003,-0.591638414170,-2.56572653849
-1.22559543590,-0.940401149284,-0.957172890971,2.33340191501,0.349473023706,0.178111942886,1.77732483471,-0.347279246667,-1.75284359111,1.46944283283,1.42685879247,-1.76822387630,2.05758061910,1.67942856114,-0.494379199450
0.329082235974,1.34683387142,-1.12954162299,0.621431062876,1.07129474054,-0.729992800473,0.164661907973,0.0340335271973,0.561137996691,1.05391873551,-1.39582860032,1.85573242773,-1.07095812404,-1.24939671521,-0.792743328141
0.982257031955,1.30028916393,1.33615604305,-1.25035338806,0.378648941367,0.00186394968037,0.654225697163,-0.907847386815,-0.908661144240,0.950671111412,-0.252064544273,4.94143901523,-1.99616267008,-2.57788566993,0.607663500606
-0.613308050074,-0.879346706886,0.599283907079,1.77901704480,0.118998474307,1.25091908409,-1.37458486018,1.34955865322,0.211112377185,3.90219184326,0.730772850085,-1.52650964430,2.53907495802,0.791561291914,0.697544704891
-2.63365143820,0.554436760479,-1.15229322483,0.591086963286,0.973816994629,-0.758075620757,1.36488125673,-2.04515169723,1.46443343598,-0.492270120034,0.0241206945691,-1.10129158752,-1.51322313866,-0.248880075541,-1.06421958665
-2.49425496581,0.926090537708,0.108404494766,-1.08406572561,1.18171560874,-0.688930610868,-1.19527486098,0.00230592990120,1.47642746763,-0.983503769696,0.0589963113136,3.64818376788,0.901902081077,0.564451403862,-1.87176544650
-0.186549804399,-1.21705980583,0.201738131061,0.0158540900915,-0.733089483229,-0.420826463938,0.393270780832,-0.169284166008,-2.17239120986,0.773878079026,-2.48150609111,0.260510612457,-1.04460665277,1.01462876428,-0.996693485086
-0.897109658928,-0.900371547270,-1.07452229823,1.56208462133,2.27637599182,0.754825657482,1.56207977614,-1.43914758423,-0.489329413512,-2.38142900090,1.01331256711,-0.509815048468,-1.97318275172,2.70692862238,0.729421750218
-1.04240898277,-1.35888915533,-1.35950918041,0.980147140674,-3.10479963277,0.0281073980094,1.76763190618,1.10012259241,-1.55077971015,1.79052315200,-0.434683383870,1.45856291141,0.776703588685,-3.16388083251,1.85446875481
0.163150966933,-0.263807412200,-3.03271530727,1.08524253204,2.39378924872,-1.66862118864,-0.542674596290,-0.492686193473,2.69947137072,0.697416583077,2.14204949669,1.18869413200,3.34634220752,1.95510465424,1.01586971082
-1.61850132768,-0.796596115839,0.0229858396586,2.62545606739,-3.50699543613,1.42629714454,-0.520253293199,-0.580594407885,-0.451466163223,-2.51797032250,1.95762225777,-1.87276487047,2.94027427055,0.848451698997,0.473994808491
0.523571809281,-0.763828557451,-0.282251928837,0.136312946134,2.32872465694,0.973322640092,-0.242135295686,-1.98086788086,0.0602472965130,-0.577159884006,1.42593670205,-0.890264824421,0.635956271556,1.71098463933,-0.247830160272
1.00101979784,-2.46766892730,-1.21554485882,2.81903704827,2.40108599841,-0.237704951099,1.42869182466,-0.613245557705,2.82595405393,-0.0353932154366,-1.27129968779,-3.17347192291,-2.45538651383,0.943492363239,2.49485148896
-2.12513456622,-1.05371765728,0.0322216096294,1.70081204773,1.01983384937,1.35745717445,0.779215102569,1.05844648527,-0.541080586172,2.23582524090,0.932622233679,-1.74281661860,-0.110797506869,1.24597924659,-0.339300602596
2.24658646131,0.0331837217936,-0.446851939622,2.07375922661,0.184782681676,-0.575773474780,2.03080303869,-0.595143639869,-0.465182740525,-0.208402582252,-0.613741526038,-2.22768146196,-1.80899982960,0.876128716495,0.0701048281052
-0.985814685603,-0.0902308983249,0.541182004296,-0.136607874040,-1.60596032808,-0.928403475018,0.179152902224,-1.23562008226,-0.417095896689,-1.01137068744,-1.66432446199,-0.506603988575,1.69912033502,0.799799294740,-0.111026086050
-0.986782820581,-0.0223700402136,1.46578612153,0.934863165545,-2.53228323974,0.768460602299,0.470891825655,1.34177586248,-1.74102675076,2.28124639269,2.65132126060,-1.44000546516,2.19657142206,0.564580974015,-1.23472074582
1.15073736949,-1.21885731486,0.447745324306,-1.45804464613,-1.75607408626,1.53568697043,-1.54155314311,0.466280078120,0.947691230501,-2.06751652115,1.75658510347,-1.98633641027,3.02416556332,5.28526876235,2.63870530892
-2.76195363362,2.14996932394,0.0531397560344,-3.68776889846,0.630544466090,-1.43527725661,-0.112875910812,-0.913835649529,-0.297902616226,-1.30064166719,-1.82159125322,-1.39963781961,-0.398764379143,-0.486411371823,0.866107721789
-1.78305780046,0.651233426974,0.233122202263,-1.68425430725,-0.494491299825,-1.78017992640,1.03993278535,1.00893206738,-0.289762438474,1.63031313067,-1.14052093362,4.10848534282,0.372551287727,-1.76618648542,-1.43380447370
-1.35115553527,-1.44401524192,-1.09535488646,0.422212288978,1.92513377706,1.96232430551,2.21855394442,0.319071302773,1.78208154126,0.645158062680,-2.41419698822,-1.28605457086,-0.916059624600,-1.28652281247,-0.776829365081
-1.79538775896,0.719500652377,0.450632736278,-3.61110553133,1.51094051726,-0.350801005492,-0.0243933967700,-2.06135052700,2.11285280547,-2.70651968861,-2.30579160833,2.70601932021,-0.866147463399,0.0608488612637,-0.559884358834
0.632662794426,1.10080358748,1.83364711997,-1.04076657575,1.87969504129,-2.11732839308,1.13192276591,-0.394610054987,-1.81612902180,0.576314573647,-2.56267220657,0.635083289614,2.73068708973,1.35396306151,-0.209263227403
-1.54697019312,0.554268189816,-0.400538693797,1.47310845363,0.655874543906,0.115977983213,-2.91021140436,-2.67081761955,0.261857177435,-3.45628880135,2.29704363934,-2.78313951649,1.90996550668,1.85383986860,1.94095207597
0.871349710703,0.171335136655,2.40152879319,-2.02778440727,0.143602026932,-0.422534472912,-1.53336971536,-2.07756486184,-3.58618506191,-3.48657824834,-0.118134830489,2.15165690214,0.0551502399461,2.42853150605,-0.664626936287
1.00831778078,1.83689354018,0.556172728756,0.100825074241,-0.824264239348,-0.370219854083,2.92131496129,-0.245955001864,0.140599668105,0.293173513474,-2.96153414686,-0.185306863081,0.137783396519,1.62683348210,-0.701719499722
-0.878921523896,0.386635060076,-1.88069077649,2.08899673253,-2.74237766582,0.530446692899,-2.04656796325,-0.247862779826,4.26854956296,-2.03618353107,4.48253457689,-2.33570428690,2.04135431559,1.45781940693,-0.302070504315
-1.08896455640,0.507882569376,0.491948445366,-1.03330683240,-0.529593148066,1.04380951175,0.181412477851,-1.00613375441,-2.64039301417,0.969088375656,0.187181174772,1.32437028285,1.05014047198,-1.39233695439,-0.0645179178999
1.24781520581,1.29938371415,-0.249732287701,-1.22076225865,0.708347534903,-0.918997385660,-0.478740765987,0.842460786031,-1.18166512487,2.39326006938,1.29987829604,-0.403426940137,1.06569078514,0.0133264831593,-0.701395616636
-0.888276284583,0.805031379235,1.14754545805,-0.867091437441,-0.0678702687889,-0.615829368559,2.54030680264,1.01394454951,-0.0752815174949,0.259757221023,-2.21718591199,-0.575087066911,0.601462590925,-1.80739917916,-0.516980333397
1.19345478216,0.674985194118,0.431449421867,0.589367028269,-0.225481694671,-0.776508492020,-1.70060641209,0.413046607739,-0.752193949906,1.52495371429,3.27477881214,0.289491992119,0.509508543571,0.155635254701,-0.409934593342
-0.967829470982,0.231458750219,0.344275569542,1.03247667710,-1.99815717958,0.960531041154,0.337772046046,-0.648769973072,0.0612963915269,-1.69006964571,-1.74564533507,-0.394340826360,-1.68920058362,-1.33825426681,-0.0737938564264
0.665685694224,-1.67424659707,-0.739563374523,1.89569245170,-1.21194998151,2.74315558009,-0.629474113156,-0.785710698056,-0.983672677416,-0.500452985491,1.58329856474,0.193376513905,-1.40077360910,0.435326011710,-0.328084208661
-1.04490670046,2.05362830220,-2.36099601769,-0.697472573728,1.24365380976,-0.701243728005,1.26077984107,-2.99354387250,5.11670661465,-3.36728505046,-0.783114244885,-1.35676058244,0.426351426681,0.131452628225,2.20911800290
1.30209661168,1.19870934975,0.325362239511,-0.369682322995,-0.681158231086,0.944329423961,-0.546812520588,-2.66746294226,2.53309208867,-5.27123766639,1.89457357682,-3.12811779432,-2.24238352722,0.951795567732,-0.684878538878
1.39223235456,-0.00938354530144,-0.219867676512,-2.76295395481,-1.53583151540,0.188912382777,-0.113959809140,1.26850209166,-2.73409026769,-0.159987257590,-3.20923392737,0.270854046290,-1.56719406173,0.670755662544,4.95928460247
2.78969460134,0.205424045578,-0.410226520457,0.903768696231,0.729146759354,0.348427892015,1.78710895940,-2.27852466943,1.52664470143,-1.57798633636,1.20741376889,-1.76433773602,0.0890583882063,-0.0428535530884,-1.22050584863
-0.478216804897,-2.57157117195,-0.496632136723,2.10428455631,-0.221120562149,0.251326282773,-0.766854266722,-1.82536821400,2.76289679414,0.705399795387,3.10880746177,-0.823837866607,1.33872560658,2.09769447849,0.481657683287
1.67411103324,0.277424247446,0.412280835661,-2.17919281724,-1.87647919267,-0.302793593545,2.32128973905,1.78740522171,-0.211165260737,2.92574915380,-4.54074380110,1.32526453606,0.465161965288,-1.23975247936,0.313114670272
1.90054518675,-0.881907262745,-1.27710160511,1.23180884716,-1.47529259097,-0.804820476211,0.158626668150,0.800904263545,-0.348335287576,0.427588126220,1.27557593964,2.04042350123,-2.21089771347,-0.642020528526,-0.498270572188
-1.34409232615,1.42159448417,-0.926205871156,-2.83657783172,1.68096903886,-0.176632960449,0.176917466108,0.422257860028,-1.27130791922,1.50293750987,-0.671384932728,0.879039112194,-1.66392476511,-0.800663672091,0.0155556930292
2.90471738628,0.390276971437,0.163392308715,0.637288321454,0.793314110311,0.639569784762,1.27615313927,0.282275117056,0.568286674353,0.951983852208,-0.905134092918,0.183165780511,-1.30238158600,0.219571197026,1.12768763782
0.512060189538,-0.678742983147,0.651726597782,-1.42875563106,4.32312851562,-2.18775891152,0.252112737360,-0.793724743239,0.206197122632,3.44467767970,-2.62835161680,0.287398894288,-0.357257217141,-2.42989171812,0.433005756741
4.35749714535,-2.19752622246,0.504077085435,1.51817748733,0.430946487931,1.57223554151,-0.744204428476,-2.56275113872,-1.89827220738,-2.68364280149,0.952502109428,-0.606929827908,-2.33760975646,2.10914426933,2.03616121552
2.08485267156,0.251752056041,0.274478007704,-0.0772025789623,-1.42710151725,-0.314566960986,-0.650483629690,-0.0132847596090,0.756003599042,-0.689710785716,0.0950866750498,-1.52556323084,-1.70094460817,1.13330451182,0.0717784572732
-0.292213140328,1.12719656140,0.835472045010,-1.31670480005,-2.92059719306,-1.05801469739,0.238635872819,-0.452659385306,-3.39242674382,-1.61706383258,-0.451072193106,2.34540265816,0.378538956140,-2.09320165106,-0.409776005996
0.0380642498014,1.11609619931,0.917113100895,2.03806827511,-1.25196249665,-0.0378312931650,-1.98863310215,-1.90200546952,-2.35072978310,-2.18993906909,3.71667508057,0.597533130177,1.54792010594,2.19256173026,-0.794153040371
-2.18051312011,-2.13110434253,-0.263734653111,2.59843875375,0.215683948978,1.43899926302,-0.377576092868,-0.781685862029,0.670852351140,-1.43247741859,-0.124211680129,-2.55318651122,3.34084127521,1.49950605543,0.524435747636
-0.588814851800,1.80557948512,-0.947918000730,-2.01877354850,-0.0976905345117,-0.249586300986,-2.49658591786,-1.47578777740,3.04910844525,-3.00792828759,1.09425781665,0.342678221419,-1.86796704940,1.12401094410,0.261665988693
-0.663445665268,-0.0105214611826,-1.48436262105,0.569202793799,0.788252542591,0.0465716224848,0.417156855945,-0.602009187950,-2.00237608045,-3.28717653256,1.14238319730,-1.45049921698,1.56719943857,2.37970025270,-4.20994600324
2.20180168645,0.898637452516,-0.158455522017,-2.13410546821,-1.42154254327,-0.596251149509,-1.09403656305,3.08001660674,0.395722318652,3.66417437091,-3.02289480611,0.0859962775649,-3.88675707056,1.14275490321,0.314297022200
2.37654840383,2.03900505785,-1.11570589936,-0.0820850734491,3.02529592151,-0.389341311019,0.452327218119,-1.00956712965,5.17152883648,-0.682909435322,-3.12600224762,-2.01255719078,0.177824728714,0.173361313064,-0.245293816141
0.358482597992,-1.78344427615,2.04550545193,1.49399724283,-0.862813342809,1.32044516172,-0.470763731493,0.835407881095,-2.92660257690,0.155952643118,2.42345053567,-2.90098443053,1.33834873070,4.17081762828,-1.27344675334
-1.93322713455,0.413006266619,1.47896832337,-0.822115394077,0.0266039466868,1.37702520322,-0.166488875952,1.21161260703,-0.565721941350,2.04109214430,-0.0163929155071,-1.66195050009,-2.53547815941,-2.14353308090,1.46612796629
0.0763450190974,1.20834930913,1.51580455909,-0.668558552601,1.14179016288,-0.759130225915,2.12275651126,-1.05915841942,-2.33889912651,-0.863528492798,-3.23618564471,-1.06589511896,-0.447887397178,-2.17045499766,-1.09342762273
0.242143071410,0.326550231156,-2.27039973499,-0.384613234762,0.708669435773,0.0506529326007,1.09549252058,0.571189169604,2.79911275093,-0.443788612764,-1.27610960829,1.84724724438,-3.25775134611,-1.16516087678,-1.80525174627
-1.29279544212,1.26681501980,-0.659872959110,-0.766238439957,2.97619446860,1.09682422154,1.65952979487,-0.976773258419,0.604596643515,-1.57691308104,-1.66925385470,0.333838827593,-0.668811112130,0.470178617402,-1.28288880361
-0.370864114123,0.522074309651,-0.771289844990,-0.849864096346,-0.0895726006594,-0.427119408099,0.614301675044,0.0630181596621,1.24966792150,1.21054572239,1.99157112556,1.35450845273,-1.39889791417,1.11181453225,2.68886988541
-1.40743249458,0.747983521203,-1.48329509278,0.751442907668,-0.594994092305,-0.622454113469,1.44886994937,-1.63585276418,1.59553251090,-0.520840984962,1.82249057657,0.00107681059278,-1.51691811189,0.477961073517,1.29251765013
-0.285681531843,-0.328401968855,0.223632320247,-1.52857196076,-1.03331351953,0.219049312584,-2.11413650067,-0.943633316325,-1.97014511744,-2.73029861109,2.73962095030,0.493437772593,3.47254131464,2.24304281250,-0.571352563402
-1.66519213659,-0.485819266647,-3.30479259744,1.79167201440,0.859012701036,0.0356015067941,-0.804983773774,0.0190863797926,2.60629414193,-0.478080392265,3.26464339244,-1.53384077850,-0.947181268622,2.51719109797,0.341202502773
1.54021001472,1.63037946585,-0.217089197520,-0.956051413321,1.60574579107,-0.736724846666,0.829939733801,0.906732861329,-1.32883868244,-0.530964015201,3.36546360252,-0.757785444557,0.159028377105,0.878506983026,0.348566447800
2.11451373064,-0.735661853737,1.14349114555,0.150606586985,-2.12784196215,-2.11416186858,0.626109481400,0.332997617921,-1.03717005672,0.507583436130,2.00101143632,3.56780740615,0.837394011732,1.96576905754,0.423821382211
-0.123768873646,0.642091677853,-1.69038744399,-0.531521876859,0.0789652599461,1.10675126569,-0.731219062172,-1.07846506540,-0.815061676530,-3.61571547456,-1.06906401944,1.92417854263,0.676583928963,1.84945640783,0.124597796151
-0.228633176291,-2.43988636890,0.987712919022,1.96357648744,-3.47107024590,2.15438047476,-2.07984813976,0.0218560098047,-1.47416982863,-0.0564598897153,2.64381820863,-0.112342841478,0.921025031889,0.772824613226,1.23688173003
-1.38854438589,-0.362674180668,0.916184974295,1.90593678427,-1.29931650118,-1.41845386305,-2.35427743463,0.297661410989,0.211215624147,1.36001572049,2.92126510583,1.81202433273,0.577502117125,2.03895423430,1.10456977014
-2.56535885689,-1.84706653872,0.0197330462382,2.16907958436,0.193153315890,2.60026786706,1.40838613921,-1.50370328203,-0.00600626425287,0.538298984958,0.599587453972,-3.10339640019,-0.951342066871,0.437440161053,1.33020952822
-1.48112280858,0.372053662306,-1.70118308654,-0.586096435613,-1.86164163068,-0.887164878128,-1.35858855358,0.744556499294,1.06262078264,-0.987703301067,1.48950208660,0.273193554287,0.678892350454,-0.865127071181,-0.262262369810
-2.21304565259,-1.91074293329,2.25993949453,3.06184510216,0.705087571685,0.0530733177173,2.40267928546,-1.41186093210,-2.24241363951,2.10349934106,-0.0961235600556,0.417176083190,1.27603079119,-0.285946198031,0.183286489714
-0.164992400481,0.661650373770,0.701803034048,0.163236373631,0.848724654852,0.457560915372,-2.87709249717,-0.392124354702,-3.05707491856,-3.08268505725,2.70641782678,0.157739769727,2.26240073816,3.00016881196,-0.636696801056
-2.71261036033,-0.234194621044,1.43722640481,-1.61281453350,0.929742957434,0.132839401786,-0.409116004243,1.18561922019,0.125240164842,3.08316080761,0.0117237049875,0.0266070001964,-1.15517343458,0.963584319229,-0.00508848342837
1.18715713249,-2.27535517774,-0.443092285792,3.35975695515,-1.90930464363,2.62692845053,-0.866549279377,0.0637584691287,1.25000098289,1.15511863542,3.97430785206,-3.08611376676,1.33307170391,1.45430052220,-0.581966880907
-1.99703779253,0.0623944407584,-1.43468257324,0.150212491190,-0.358761947720,0.531822272439,3.05967597360,-1.33214724322,-0.554846481489,1.75604631683,-2.98362471869,0.305594806344,-2.27949077533,-2.31995363768,0.102993890127
1.84733994204,0.449970826438,-2.69877218452,1.71458674021,2.12340610914,-0.000476627718364,2.04842177583,-1.18890764211,1.45028585030,-2.19471541857,0.934719747234,-0.566143526104,-0.305367366935,-0.802990603465,0.551407033786
0.799321494638,-0.843043951385,0.149055624990,0.141795987675,0.374553121546,1.92813351236,0.514953392130,-1.11853516419,1.07615498752,-3.45308660488,-0.00688980242560,-1.03435477408,-1.00897935543,2.77558253572,0.648143625026
1.99736933366,0.948994781323,-0.864633029612,-2.17797373269,2.23064038123,0.0698733527018,0.210322269391,-3.42166058000,-2.00437181391,-7.00948009758,0.293789183172,-0.578648954053,-0.367572493198,1.51699261140,-0.848995102384
-1.92546527207,-0.336095600068,2.09011887160,0.415833855021,1.81237726934,3.11128965184,1.73608612911,-1.45852382854,-1.25644403742,-0.293187060311,-0.497935624113,-2.22939435447,-3.34969015141,1.40996953960,0.469413865143
0.0205259631226,-0.0729627177081,1.56376376990,0.608019243042,3.69805107722,1.92945275337,0.977715876874,0.259562419921,0.0899595777269,1.32249058838,-0.277018767937,-0.0696909141045,-1.93940793740,-1.92213209306,-1.42279680365
-0.172816777049,-1.44063469398,-0.944109942472,3.27767344600,0.0747087052074,0.847097170773,0.00945186522484,-0.967244723205,0.752253370455,-1.00958556604,0.976960580276,-1.37699049637,0.837638912373,-2.17550680265,2.38842564598
-0.280608316704,1.45567709726,2.05614085709,-0.375006137408,-1.21771343321,-0.811920588501,-2.35640705058,1.91197982837,-2.19225872017,-1.13815802599,0.492443137840,2.45121537744,-0.356077840625,0.569255410588,-0.394892749176
-0.0670880928104,-0.339254283850,1.63908454380,-0.705566524718,-1.01610707352,-2.88810117053,1.20969436560,-0.657539226579,-0.923621099004,-1.90242325334,-1.69147089134,2.01244218966,-1.92095030581,1.23496163898,0.619141848508
-0.371939965617,-0.108924325325,-0.0617931503942,2.18231691211,2.81608169682,1.42333069611,-0.236237607974,0.949866862563,-2.34602392853,1.91459717635,0.527082151620,-0.345923812777,0.397722291584,0.0573146533395,-1.41427823999
-1.00996121736,-2.38284923075,1.52655175637,4.43221482963,-0.177412306341,3.28092943932,1.30881690227,-1.10306636728,-1.80059780739,0.414640590083,1.68039671898,-1.52676115045,-0.911596531489,0.463595428112,0.981797997914
2.87725249041,2.24340613765,-0.679410850006,-3.79001819574,0.717882972581,-2.24995946979,1.32166283385,-0.242406198338,4.00167677667,-0.0120014467723,-3.24179877035,1.77546877302,-1.77781178738,0.794032599035,-0.234441455801
0.544873854665,1.22117883055,-1.10257917432,-1.97540618965,-2.58531529750,-0.368557151845,-2.05258106180,-1.98571145437,0.726877401233,-5.28369535632,2.01429561628,1.82981945187,-1.23708280317,3.08292427891,-1.62801967714
0.337506239224,0.907147283323,1.39556958704,-0.729258381913,0.501931235511,-0.717319001226,-2.99399139401,1.31954727260,-1.51533775838,-1.15460316213,1.29556246640,-1.79416730380,-0.698701420317,1.02438950812,-1.92634751557
0.350161627921,0.411074666341,0.752966517907,-0.613474753205,0.420515142541,-0.566687124964,-0.423104468026,0.482368171659,-2.63875723998,0.461196112907,-0.807973691133,-0.383586711694,4.30831620535,0.00721481311919,0.348745182108
-0.328143180150,0.591210118500,0.792193314605,-0.923111278984,0.440973637084,-1.38161594068,-1.71062815687,-0.936478847383,-0.956837862113,-3.21244266598,1.57048397297,0.672020768011,3.01402870529,0.558422919693,1.13439555733
0.745456124253,1.27492447575,0.0744935928813,-1.33389277664,0.572317411853,-1.71510179457,-0.599037749060,-0.732746850627,-1.45173617021,-3.67410223540,-2.50858609078,-1.46884013537,-1.31063104585,-2.35719422417,-1.10784163491
-0.527564544136,-0.457389131635,-0.427891843674,-0.115199755632,-1.28446225832,-2.44481465270,-2.91182846553,-0.112542026176,0.240358665529,-0.807346313566,3.03770085909,0.805830300870,0.681469144871,4.48575066807,-2.00777706846
-0.00554991054356,-0.318314996093,-0.653477043921,-1.89868152939,-0.925811581363,-0.0394336608761,-0.936559132762,-1.09729916829,-0.508981864284,-0.284820297741,0.803559673557,0.504002584430,-0.0402086431255,-0.131912016424,0.240013137079
0.429765689171,-1.16531756605,-0.893783980118,-0.182494945780,-3.51571187739,0.888317516355,-0.708312440497,-0.691092944103,1.59985558486,0.452482675093,0.443536749933,-1.11401979659,-2.13167456355,2.02116031571,-1.26348795836
-0.843609611696,0.239128137344,0.428475628345,2.27810661162,-2.17134933741,-0.0154075810432,-1.10255093114,1.18551497191,-1.66031632825,-2.18729882493,1.98918794633,0.605135887199,-1.88915602550,2.45408631856,-0.907689404908
-1.67162306053,-0.355291813334,-0.0463939021769,-0.702966218134,1.08594593209,-0.973050923057,2.35409890522,0.762877508227,-0.930786396193,-0.705634891290,-4.53178042283,-1.28057952109,-3.56185345398,-3.87487677589,-0.317251460299
-0.330669492021,-1.53441351235,-0.217948855207,0.164457979145,-2.61694630215,1.50936270757,-0.104698818870,2.47722338905,1.52711023183,7.06433655438,-0.972742429840,-1.03611590491,-1.60741513480,-0.665452063588,1.32367818459
-0.676122737485,-2.48016852049,1.84064976429,2.92857973205,-1.79549023225,1.48048339295,-1.63107088590,-0.761105365547,1.17814453415,1.27743614187,1.15019368163,-1.65880852286,-0.598523365302,0.583217458802,0.750230123144
-1.82148439252,-1.39843819145,-0.0268304902962,1.00922321439,-0.487037666692,-0.191940362959,-0.0892339019546,-0.260890177292,-0.122852831604,-3.59466624478,2.40559588390,1.83131833401,1.57269745476,4.85916965644,1.69650332980
-2.97688012132,-1.95516750486,-0.478440655020,-0.0378941152408,1.08826528906,0.753560246315,-0.996705177758,1.47829243812,-3.00063165096,4.62211210346,2.61849885123,-3.40961219116,-1.30341590631,-0.919115241505,1.22670104724
1.50309065021,0.959099009361,0.0424791805077,0.286419718068,-1.87548596494,-1.39593470465,-1.90757734496,-0.997348855985,2.26274925295,-1.51743791078,2.97198580422,-0.660190624349,1.14587881943,4.00904027291,2.51716125763
2.12781192232,-1.34145990239,1.51830999156,2.91365466587,0.544049335473,1.30872457945,3.48442570549,-0.468147224214,-3.44750846743,-0.490650202924,-0.768759515865,-0.749574993867,-0.182950622445,-0.714638213176,2.03460334050
-0.620082906876,-0.405095739381,-0.339009938791,-0.554002524785,-0.0846882585890,-0.260447024824,2.52817307166,-1.39019485796,-1.41632159074,1.25239009962,-1.47741771509,-1.16247287460,-2.86789179207,-0.978327664404,1.97722020181
-2.12151366438,-0.421160121542,0.959277714251,-0.488983302762,-1.59040766737,0.0880104833160,-1.14176181413,-0.669921105305,-0.751147298167,-0.786814001258,3.35689686171,2.16741291805,-0.431571720605,1.78140132425,0.985020867818
0.744949253678,2.29773596721,1.40176859496,-1.12792023626,-0.0240034953606,-0.121329159703,-0.0180557400311,2.34360953101,0.0705014679147,1.34180973876,0.474585495171,1.42729064958,0.257004642731,0.840514050609,-1.38181183337
0.738036846782,1.10326814339,1.30020268569,0.974834980691,-0.217589991826,-0.956404511358,0.541359973186,0.516997401829,-2.80713477595,2.30172106073,-1.98835540482,0.804649522098,1.06912930989,-4.35058973060,0.806909592010
0.0366944026978,0.822966737034,-1.62221077604,-1.24638595247,-1.25361600245,0.00502673124086,-1.27125140549,0.683372127991,2.33661693760,2.11789282017,0.206235113489,1.42513243661,0.119531398449,-2.40049367841,-1.48546721692
-0.125948071804,-1.75322624317,-0.624786286073,3.10427826504,1.95735917118,-1.16301100615,-0.367700166492,2.09908336137,3.78516681359,0.686715291953,0.301035196300,3.01102334537,1.20643970046,0.689580979746,0.241707183592
-2.00387024607,-0.0376617271309,-2.20768384045,-1.98879834415,-0.498188631458,0.743590295979,2.05167609189,0.293513327691,0.427665005814,3.44518871786,-1.66011586472,0.973838954826,0.937100445525,-1.09324977880,-0.340933416858
1.88855379294,-1.85389455906,-1.78385076367,4.38378121886,-1.32721424146,1.55694592126,1.03765891240,0.583903474566,1.88740504559,2.56807895104,0.215999338980,-0.929878480442,0.403273712937,-0.971059065259,-0.130573584071
0.276115272595,1.05537079404,-1.96812103168,0.434726816979,0.691050969660,-1.13037029703,-1.34107412736,0.524785352318,3.34642174494,1.28503529886,2.06341621231,0.934868545151,0.844342336393,-2.21321562907,1.96327483980
-0.0861461365519,-0.740421470545,0.532046439836,-0.715955081265,2.20220969179,-0.501077170721,-0.110810784150,-1.46529038597,2.94663663913,-1.61424991760,-2.52094669202,-2.30466986962,0.0754330307282,-1.59968410127,1.82270649055
2.00380613324,0.338661380391,-0.559541628217,0.0264297304325,-0.512914282323,0.841902892278,-0.751086653571,-1.52171073682,1.55380683911,-2.00013853819,1.01879710059,-0.388670610282,1.78209021005,0.356989450498,-0.605001212528
2.10111965381,1.36968671939,-0.167934636989,0.195079298369,-0.223909684696,-1.36149564065,-0.0287983673384,1.62494515019,-1.78397654524,2.08558771580,-0.0129336489670,-0.404479747472,-0.0684114292591,-0.867630739987,-2.38119794722
-1.74602454405,-1.12465338587,0.584979208538,2.54719651676,-1.85464099308,0.565541941901,-0.147255317373,-0.0651805094504,-1.56848189766,-0.646891743088,0.0366197166315,-2.23148708434,-0.168958459076,-2.04281393952,2.11227344570
0.919573931481,-0.652001191344,-0.829020589312,0.427694816169,1.21990133572,-0.242246928770,4.99151448115,1.52642690602,3.09684241863,0.895181515263,-3.44378134438,0.133304831853,-1.82093971966,1.48962071570,0.664746993802
0.848242591912,0.156156370707,-0.633429358393,0.171930810755,-0.107217314956,-0.161407043712,0.435461035004,0.218151991273,0.909830445882,0.0890221659140,-0.681719227440,-1.50289547749,3.30394495084,1.19490242021,0.335663007084
-0.762409480353,1.51398203068,-1.41754882398,-0.405467965238,-0.0642201869077,-1.02722204537,2.64187711855,-2.28604052829,1.35252211303,-1.40527290440,-0.477825713327,-1.29318021070,-1.64702892331,-0.966768845827,-0.830531765495
-0.332463483804,0.0146842784154,-0.165213885493,0.656298353682,0.358876787084,-2.00845662747,0.402998120684,0.476978551306,-0.0409144092573,-0.678849677953,0.511895149033,-0.0317487015590,0.0425909750247,3.35548136276,-0.603526706990
0.429841819512,-0.788515868757,-1.28771968424,0.845485758517,1.96508564288,1.94719447271,-0.590103835669,0.549330222499,-1.47970669282,0.175481558731,3.05842434673,-1.20453753560,0.720279020103,1.56243228812,-0.0234068343007
-1.68897213184,0.00784916600993,-0.209866974516,2.12597091349,3.02534737475,0.800516338233,-0.527396156619,-1.53673380540,-0.325352340858,-2.49369997882,0.0411153497707,0.481163442984,1.03197277543,1.76396635314,-0.431469974053
-0.499214542624,-0.925096052683,1.88334683056,0.511331412219,-0.934645974716,1.26275175234,1.20558073326,-1.52497917276,-1.37747810670,-1.77882666943,-1.53877144663,-0.879379874090,1.56533315818,1.03307708855,-0.974850586838
1.09298671379,-2.00872871358,0.997021733896,1.59395871853,0.790139936271,0.0153364291184,-2.10900178569,0.159165591946,-1.56615315473,1.02328884871,2.46534469090,1.45015928880,-1.76427022403,1.96309200584,1.18267494523
-0.489887080657,0.590176249928,0.535186217756,1.57708882077,2.98948751264,-1.55453269548,-0.0315554359438,-4.10464271754,-0.162386395043,-3.88375107476,1.06290479246,1.55702163683,1.84618827703,2.25821616545,0.259065189050
-1.92435582269,0.166657510373,0.451044728535,-0.207616729799,0.130996646066,3.07365591680,0.451462804673,1.05117345068,-1.76837520236,1.32095500507,-1.81722533770,-5.33902121576,0.176714448611,0.459996221549,-1.04312986825
-1.14158937409,0.764245448974,0.485412416110,-0.456724306561,-1.22599889255,1.09273809782,-0.532361652753,2.34152310184,0.747992402374,1.28463456048,2.12786472147,1.12595001263,-1.20282750038,1.22578382052,-0.838185779558
-0.0277009350769,0.423688770194,1.52160447409,-2.10476288014,0.163954203905,-4.21261740689,0.0517869364610,0.980032052667,-0.880050567596,1.27236295933,-0.938381616504,3.97914508671,-0.316894421956,-0.404129538806,-1.19571779820
1.12829332840,-0.218348160217,-0.820691358645,-0.0443466148822,0.660575327519,0.397810108786,-1.15185855313,1.92348050531,2.20311063835,3.82835288305,-0.454466294112,0.973296727328,0.345845801857,-1.45941659485,0.715688785927
0.153076476875,0.946939806679,1.82797648545,-2.84285912205,-2.32435391489,1.71193582145,-1.64854457086,1.80223983334,-2.88083757560,-1.02512400786,-1.05627259517,-1.94142859978,-0.928940407679,0.909335591159,-1.84106131227
-1.36104824130,0.811416656426,1.42086307526,-2.32559008857,-2.60839772763,-1.11329115513,1.10432847058,0.488973001951,-1.91298917000,0.726231432187,-2.97512349282,1.21263958230,-1.47391302185,-2.14392089121,1.77286986856
2.94011039900,-1.18662102940,0.295721689310,2.56901735398,-1.41896861202,1.15209078094,0.586038168360,-0.175206924070,-1.62673122768,-0.388533742309,-0.259880177335,-2.58806557141,-0.551498096950,-0.571768086608,1.56912947714
-0.549014637683,-0.736817968470,-1.47861444873,-0.673271624329,0.525967475770,1.48422057161,0.323830182714,-0.631935716569,1.29069647182,0.702685827226,-0.978664087416,-5.10988287108,2.47652532535,-3.57611987261,3.77987844475
0.604629176978,1.20212546626,1.79380982562,-2.59623727714,-0.0982080521001,-1.43656787614,1.02401477391,-2.65576991521,-4.06551707374,-1.17988169102,-2.21907718064,3.70921250643,0.371567848572,-2.46726385798,-0.529625743062
-0.0363551492870,-0.126021810394,2.43884722321,-0.716640716930,2.92590496131,-0.175067725291,-0.888500161735,-0.488368327569,-2.93573737675,0.951902566361,0.264832753799,1.28967608471,0.418989001236,-1.46014902775,-1.01081963103
-0.619555035034,0.579660184675,1.26442117968,0.324428235093,2.38885282532,-2.58376521070,2.34451746166,1.01405105404,-4.47279335504,0.501792249261,-3.46483133469,0.287951403262,0.352365699495,-1.25387296597,0.436981249001
2.14632625875,-0.121970688848,-1.21816804789,-0.781467218625,-2.41195252414,-1.84399997898,-0.0121218782925,1.18417190973,2.40237711581,0.154977326370,1.73466704397,5.65928334230,0.0381304220484,-0.466053497737,0.0290927284690
-0.612262673155,0.734921158446,-0.532868784403,-1.09788919308,-1.36438642659,1.47384726004,-1.02635399275,2.43503193611,-0.859879297052,2.86315911291,-1.18864214679,-2.40378770161,2.18224049560,-1.44921539938,-1.85124592663
-2.89018805962,-0.681544914656,0.666168606662,1.02458808802,4.12964339322,1.72683894296,4.14690524187,-1.25436735955,0.515686817831,-0.801494575346,-5.52555371982,-0.769663153419,-2.97354636383,-1.33248995778,0.929416304302
-1.61524315606,-0.0210631659584,1.42094030332,0.555066139151,-2.15357173656,-1.70734205955,-1.48921073197,-1.65025631936,-1.72716187030,-0.636863432081,2.47799401732,0.702056876910,-0.509978550066,-0.162653616628,0.332090382067
-0.381093067866,0.332210958488,-3.81764931317,-0.231862138059,-1.37496269107,-0.392988286992,0.332348423228,0.524752235992,2.04289195869,0.0961303320030,1.27025952976,-1.21691085963,-0.251760132314,1.68137131768,0.332428267228
0.541952615210,-1.58365033285,0.693321755709,-0.845492077717,0.859879269011,-1.22343984897,-1.30204809056,0.339490571119,1.65908939811,-0.193591756766,-0.565293455535,2.76478030845,-1.07910718915,0.904239663886,-0.0896591357041
2.80105497757,1.15361504689,-0.306395449199,-1.09731648360,1.29018172066,-0.779170096783,-1.80671708730,2.09078643241,-0.542235427275,-0.143922011266,1.74972919435,-2.17764088131,2.01320031843,0.862933737191,0.451583585551
-1.68539641413,0.459639420745,0.954702474829,-1.41930899262,0.226227716300,-1.25014558889,1.27640627244,-0.868478065447,1.27530099338,-0.365033743986,-1.55021894926,-0.261768062277,-1.51722488977,-0.764770770711,-1.62443393022
-1.69311369357,-0.424558521685,-1.73250529359,2.80115827142,-0.500335439603,-1.33110568253,2.69019313875,-0.404670192777,3.07139140059,-1.92364460089,-1.82000172084,0.578048988170,-3.43678900634,0.506961689158,-0.573158312403
0.769933048743,-0.662108661633,1.09439969416,-0.144558374109,-0.327513104320,0.786300881333,0.0212624876534,1.08492078732,-0.756612240176,-1.37098249424,0.0390228388339,-2.52679629361,1.64997845988,1.27497779803,1.50028582433
1.07627281756,-1.64745712140,-0.517344267890,1.50138713653,-1.57984831571,2.43334766983,-0.239865902642,1.33070587721,-0.454149452966,0.620705656464,0.171393756451,-2.47297515913,-0.629449479546,-1.94338276661,1.37675254644
-0.889313397149,2.03052627153,-0.801367588828,0.590595605152,0.321989604711,-1.66318493894,0.121038345773,-0.420136288080,0.306872336178,1.57909516952,-1.10252416737,1.24058160524,-0.436223204790,-3.50084390228,-2.98333958469
1.18940600857,1.04282917872,-0.376918504570,-0.267979101662,0.713336984789,-2.03689699162,1.62281151696,-0.281273655098,0.995217824063,2.77268059212,-2.47419681545,-0.970859483722,-0.556444684083,-1.69785769925,-0.829934996916
-0.471678465877,1.64139212849,0.595093951066,-4.75601175380,-2.39555449767,-0.806235824030,-0.675751903138,1.12216732689,-1.08170517612,1.88045166982,-0.762900631284,5.01652766875,-0.655178390895,-1.33353970008,-0.621141876338
-0.0946995277385,-2.97734001592,0.651096090731,3.87045380033,0.296380766401,1.52773796550,1.10661242101,2.32312703412,2.01929942432,5.76325499001,-0.339424034515,-2.38295127413,-0.278037045601,-2.33199094007,0.548758079666
-4.56043414340,-0.613127919345,0.548529927899,3.21981512176,-0.135793507942,-0.486687258488,1.34358436229,-1.29665794133,1.21975821643,-2.32821566776,0.836095051664,0.397727785991,-1.43212165074,-0.923410202182,0.739903232017
0.807698312206,0.687245327600,0.800992132679,0.447051107705,-1.84318012867,-0.374447318755,3.15442547313,-1.08974319151,3.88183967974,-1.82337698403,-1.20255307194,4.11685937489,-4.39072453840,1.06771801099,1.19609116643
0.971602711972,0.304822861817,0.231819539414,-0.138732427324,2.05965472442,-1.12886730175,-0.864525206581,-0.176186969648,0.120902191769,0.240641387996,0.536926846826,-0.273711117759,0.0676203661370,-0.629586831329,1.57906042629
-1.47163391667,0.0490744333334,-0.718683286109,0.101321196717,-2.44009636878,0.744410212013,0.546087094460,0.796878551818,-1.16457577648,1.50526832358,-1.44141212140,-0.504657362684,-0.635222053512,-2.23661313526,1.07040169559
-0.737098208695,-1.46443873415,-1.33722604410,3.57314738550,-0.498107855948,0.361764802425,1.34436304774,-0.209748693119,-0.131000131894,1.89367270035,0.983287504184,0.592791237444,-4.77548562626,-1.78157940506,1.61307454292
0.564428862745,-0.483278495848,1.49070906298,-1.01536703980,0.698828349574,0.907933973261,1.16288969598,-0.720635769608,-3.92751682547,1.14495250575,0.187414973561,-1.10577688763,-0.697206330497,0.0185182373811,0.0403195776270
-2.73841929961,0.0182914473713,0.251142072653,-0.782822892241,-0.577907370646,-0.396988066876,-1.76300523747,1.47923348031,-0.648460681554,-1.53038598789,1.02268687997,-1.08917039619,-0.312478577522,1.71140583621,0.0421262226483
2.84751667531,-0.154118850760,1.59284036482,2.22759130441,1.30466313820,-0.390432772808,0.322848729530,-2.64422380519,-1.48937169944,-3.46810339644,1.84788939901,2.08720775625,1.03969408469,2.63209306315,-0.432094420743
1.00179462057,0.397186724959,-0.415470225858,-0.504985483262,-0.470832331182,0.151558204481,-2.04380739795,-0.0641082402393,-2.49060886089,2.81519420954,3.51622884937,-0.625173484317,2.56169157525,-1.56676591718,-1.33417475671
1.75998250104,-0.910552172090,-1.98924395072,0.628433113572,-0.790563588597,2.03656895924,0.718311436690,-0.204732915734,2.21531630966,0.707533979664,-0.480649612441,1.09166300817,0.0148122267266,0.756017273061,1.23845956024
-2.38563798866,-0.936695366616,-0.817424398857,0.160803723984,-0.378789196531,1.44884185195,0.000853077685628,0.0782550967111,2.31270319372,-1.57161890308,2.08122815683,-5.05376071614,-1.14108534653,4.15354648566,0.408806422647
-0.139203199866,0.945503813714,-2.08684957949,-0.00309332084439,1.33606674615,0.221845934939,-0.513662264831,-0.784248475023,2.41290930590,1.46746082375,1.07592142908,-0.534097793804,0.881537293128,-1.12283206204,-0.0830055568146
-1.61905098440,0.726200320344,-0.952163834457,0.629713825150,0.845884752307,-0.649795095111,-0.519227125409,-0.673370249871,0.0552825908804,-0.150082726204,0.471155206602,-0.885368794369,-0.997903250978,-0.875898519307,-0.883578084069
-0.188302805673,-0.759595674161,-0.550043108873,-1.92553660787,3.15026674516,1.38538926404,-1.12024019787,0.365762867929,-0.760775855683,-1.13917592755,2.00318543550,-3.46966944210,-0.608386806056,0.673941953009,0.940184936299
2.18880454297,0.466027995158,1.34008648069,0.300016904508,-1.35384366934,1.42023907989,-1.63875038404,1.05659934172,-0.777412286084,1.04309514919,2.43612141573,-0.739697338067,0.121737359912,-0.935874816633,0.232657492238
1.25040000709,-0.233433430427,2.07510438404,-0.447614598089,1.67027337205,-0.390757877394,-1.27504423037,-0.0587431558329,-0.610722960153,-2.01497389229,-0.0660263109286,-1.41702502655,1.26199564884,2.68959151115,-0.866978424667
1.00950687461,0.00581910866691,-0.921384772068,1.14541238114,1.73328613742,0.0818537033126,-0.727156035981,0.553319227150,1.80916500910,-1.10808884173,-0.886729515142,-2.91540156391,-0.197922037696,3.14176057043,1.53776740594
-1.12926880842,-1.76926961070,-0.334052978748,-0.523020723519,1.37340843910,3.04481916585,1.22255846473,-0.495407335706,4.12657512633,1.55473939170,-2.37814051871,-0.991233521122,2.68797568615,-1.90430182406,1.15860594659
-1.01607047498,-0.295786885006,-0.0896766520302,-0.860198625262,0.225650481515,-0.773761645818,-3.63031202820,0.576545110744,-1.39602512775,-1.26530999973,1.21300431947,1.59538330894,0.418147189316,2.20359569429,0.837342097208
1.20627758992,-1.00044513290,-0.369223210880,1.03680042100,-0.684398476902,0.0449202432116,3.13293309633,1.52405710548,-0.803930886327,5.39276493272,-1.35342513435,-1.40720965674,-2.19212311145,-2.66519187860,0.242721128260
-0.638390536735,0.106954787437,1.86724618994,-1.00057344169,4.46394618305,0.561336237617,-0.685776315995,-0.352691206333,0.275961440194,-1.47082623215,1.22306277945,-2.73096401273,1.83119245046,3.80581509561,0.532377641592
1.43265451544,0.204012620956,-1.03944682706,-1.73043502606,-0.810956691246,-1.57259948201,-2.80987148412,1.22192192654,-0.462008153228,0.239909620074,1.05084026565,-0.219475630803,1.67784771220,-0.226454163703,0.672689943376
-0.356343409800,0.0273628411752,1.51812738177,-3.58988305987,0.343385824594,0.516214199154,-1.58457235978,1.48555741566,2.31947387057,1.81325525095,-2.19293777983,-0.983835161413,1.05678185641,-3.85050388927,0.390645396985
0.391115693080,0.558575067395,-1.09711776497,-1.53389077716,-0.0603834940863,0.238838282295,-0.575872944121,0.116484148054,-1.38057958971,0.912013891735,-0.0661413209495,0.325405092406,-0.721710103752,0.435351184262,-0.0934728957154
0.0525537907589,0.920452560788,-2.24873617259,-2.90084850283,1.11353503866,-0.151896496400,0.211987364294,-0.231622199352,4.62631528603,-0.450753951343,-0.451026868562,0.498720935496,-1.79916279178,-1.36160355933,0.0740056792428
-1.20988022117,1.32198421390,-0.187538610930,0.648433026272,1.70680954006,-0.297671586199,0.938861346370,2.70675548107,-0.0207972495551,3.73553793466,-1.62176392895,-2.33798648244,0.00506343594458,-2.94308163128,-0.229245427142
0.00257202385037,3.37792791048,-0.634242627770,-1.69599316252,0.184349740042,-2.00756828994,-0.857152309008,-1.51306869449,0.0494211718771,-0.205403295499,-2.10870189401,0.535204968173,-3.56610757906,-1.72251304524,-3.20687720173
-0.473164110950,0.992728588193,-0.562162024113,0.421501206064,-2.75012649441,-2.96606535867,0.0146241806983,0.436983523122,-0.377253862357,0.953168667812,1.71541023719,1.68426727621,-1.39480811294,-1.05160665176,-0.524021293029
-1.76747421841,-2.48420594327,-0.953512270444,1.18049603106,0.901319840847,0.518572587907,0.649795607073,1.48980308956,-0.592954566335,3.07211978489,-1.47591559845,0.647339949891,0.796985783663,-1.17914276672,-1.63929401780
-1.98712271864,-0.939795478089,0.721981900937,1.64657663983,-1.39512199816,0.134340378809,4.02740415990,-3.09295822537,-0.697468347033,-1.67903582091,0.272333751497,-0.442208059994,-1.59063577521,-1.74514914481,0.656194139957
0.900951317025,0.594978457162,-0.847112990354,-1.00247389889,0.993049339106,0.932558305727,0.966003579253,2.49901060973,-0.874808347717,2.89673625443,-2.46163024342,-2.36355597540,-0.831181980752,-0.881222792314,0.555099511467
-0.427291837920,-0.510311426160,0.638775837049,-0.729355253590,-0.194740849577,-0.226939962707,4.04008226632,-0.257282972116,-0.00109875237004,1.37506537728,-6.24888900470,-3.82946939057,0.265653400205,-1.62518491371,0.904989914680
1.57541227662,-0.842086643362,0.288622130117,0.757968209251,2.57432010260,-0.173813696570,0.658738389010,0.779761011027,-0.589190575591,1.95939934181,-2.67802758023,0.365332279777,1.30218996934,-3.03532184262,-1.18871498983
1.63942763436,-0.743961165716,1.71910797428,1.57620773186,0.766306504528,1.25097651121,-0.613401042108,-1.00777332839,-2.02650494151,-1.46261386225,0.0232487220181,-3.80923896664,-1.69318969229,0.640952931626,0.383544759972
1.16868222986,0.0245210100091,1.12957505217,-3.97195795981,-0.200409021849,-0.995329832516,0.584295945343,-0.610271597881,-3.26192817616,-0.922911579264,-2.19858715927,1.95684156201,0.0226527611688,-0.619528874031,0.599841686748
-1.88808918540,1.14103043554,-0.624716110747,-0.0905366770468,0.433553735715,0.491449753751,0.725190723012,-1.20405756324,1.25573240582,-1.94453077957,-1.78553537071,-0.145123261962,2.75722078209,-1.42444823907,2.01228176683
0.776323726750,-0.392929279951,-0.241886158564,-0.437649700422,-0.531387971111,-0.171837220867,1.33263342227,-0.121159946940,-1.86569570058,0.0891353101979,-1.32485718680,-1.00828850525,-0.826097172857,0.887981363918,-0.223191521663
-2.15117116824,-1.57081834282,0.175072543620,3.17035146321,-1.34436630678,-0.854220626510,-3.40334895060,-0.00161294517622,-0.253768319845,-2.22478740252,4.21040248490,-1.53303966156,-1.64235047555,1.69309716649,0.930046946747
-0.249276666581,0.593411263203,-0.559543791580,-2.21804569189,-0.708221460315,-0.650514501084,0.791557781339,0.0725978950220,-0.249744004213,0.833520557603,-3.49613936940,-0.555273295854,2.90535721248,1.38125389124,1.59912369383
2.41853889125,-0.0111993916122,0.613349010567,0.933106938207,-0.0605283243357,0.529107112130,-0.943197858005,0.798339515480,-1.28329476198,2.13915407961,1.66804122367,0.913417416678,-1.20239679614,-1.59965790775,-1.08184164252
0.316082071754,1.49732955632,0.763353104181,-1.70105041939,1.06329096809,-1.56207137325,2.50460691843,0.849406838879,-0.441663493771,5.60302187392,-2.22427367501,1.31895156930,-1.10708253785,-2.47783147385,0.134845019736
1.69023759644,-2.35585375982,0.416381217541,1.77412167827,0.314874149256,-1.35127486984,2.58389857569,2.15118877060,-0.402677826976,5.27444942838,-3.55766501450,2.49661245866,0.118513915754,-2.85371496095,1.53711770820
1.24134208670,0.910977252661,1.31068134765,-1.99239417978,0.625043441569,-1.26772793465,-0.656218573758,0.782253402531,-1.15675664149,0.597341424794,-0.988132625450,1.47820175672,-1.61862491514,0.743088081241,0.496096204008
-0.327016726161,-1.28226864061,-0.893660568444,0.556073229139,0.00844419861371,-0.798267037944,3.27290089615,-0.444629312480,1.73188948264,-3.18550514300,-2.14573399109,0.0423570566030,-0.371243816072,-1.69814272224,0.0486803876662
0.102138074533,0.0758401809205,0.836313870907,-1.72303506047,-0.368340582149,-0.838506347844,-2.06013519721,0.176339672099,-1.60749740754,-2.31037413156,0.914663953355,1.10100863493,-0.453341570649,-0.539864953965,-1.72081370642
-0.818907819163,-0.572340050134,-0.427510811338,-0.934151277799,2.80379079442,-1.60595062297,-0.600362938995,0.0744943320252,1.23350258264,0.945193100487,2.13253924780,3.89509278731,3.46848365536,0.689367650846,1.26215627408
-1.58452614466,1.59055077546,0.0916222066940,-4.69713782122,1.46956557295,-0.107145556394,-1.32553681230,-1.41002606163,-0.504314586541,-0.830122104661,-2.58934100940,-0.864630063788,3.83892725891,-0.203410520350,-1.52467978605
0.282231708618,-0.392840552086,-0.910569024294,3.21322165954,1.03365860385,-0.380311199347,-0.344066381412,1.75372880400,-3.54518517772,1.97909513063,3.41876879007,-2.19816196230,0.669306561760,0.477114042771,0.362317277117
0.614730744236,-1.59904721509,2.06989285805,1.87760617159,-1.00329760994,-1.08605239779,0.498344986395,-0.754908374787,-1.61216115643,1.03262082649,0.308601676750,0.402343338499,-0.797122369702,1.84426033147,0.450605705204
-0.582537213109,-0.700911502541,0.142958532725,2.33823351919,-1.66947786094,2.01095836958,-0.364514009672,0.250934089683,1.31264803668,0.790685940261,0.273374843326,-1.54321326662,-0.574861913303,1.76831493073,-2.93420607959
-0.916116301106,0.665306509386,0.0524001435238,-2.81991363068,0.427128478039,0.627786790297,1.15588685998,0.972670420459,0.245872474171,-0.935580012315,-1.19662176430,-0.521269242257,-0.555100423942,0.254587931395,-0.595941652694
-0.570476153811,-0.195507154550,-1.03572598732,1.79749601633,-0.849477106005,-0.0883294392666,1.35419780711,0.123331846656,1.43702236444,1.58771207356,-0.495851255961,0.540164763801,-0.244314397568,-0.664050693644,-0.125620733135
1.80202424574,-0.658924824935,0.453357888353,-0.588111515425,2.46313592802,0.0460091595031,-2.53320981432,-2.80887665258,-1.17671163925,-3.53921753550,3.91771580269,1.23498949173,4.79501975421,2.40881674798,-0.0266442709860
1.80954996857,-1.23964401012,-1.60443111001,1.35071991018,-0.988305711751,0.523270114971,0.416212652605,-0.257826825886,0.429290812173,-2.17186129960,-1.32887334878,-1.63231352639,-1.31555117581,0.103346021221,3.25059048505
2.11090622153,-0.673621081354,0.162794569691,-1.51424588593,0.428159350652,-0.591698714260,0.362750646384,2.22898474552,-3.25758122591,0.422352037579,-0.769045167893,2.27088304010,-1.83195087450,-1.01619443933,1.51940485070
1.73196277258,0.371838622708,0.640779444922,-0.375352306101,-1.56129416203,0.493461121749,-1.83694702025,1.14195676942,-2.22563911962,1.23080802846,0.963294291735,-0.736466660471,2.59069767007,-0.778577907047,-1.50886274306
-1.20449455619,0.853731082521,-0.612207463656,2.02692114055,-1.26179432876,0.106557869544,-0.174898143363,1.27578449163,0.429397448156,3.07724824345,3.22224112905,-2.71133246108,-0.858828355140,-2.15695259978,-0.783800303447
3.33944176012,-0.0784664618377,-3.33070541504,-0.755980452487,1.42464547773,-1.01109650593,0.416811482328,-0.0292983128511,2.14096981522,0.303043128936,-2.27206003637,3.03977986666,0.855701102112,-1.22293231230,-0.791741748431
0.837666698947,0.475445727710,-0.810521926735,-1.37707543133,-2.48529545860,1.34684324095,0.151937336966,1.61880062733,0.0526436835472,1.31228179900,-2.75159932281,-1.74938396939,-0.278940434436,-1.15613395281,0.269060744448
-0.652765086158,-0.0316823643994,-2.46599729738,-1.70147610290,0.200152074308,0.978000681146,-0.829315987812,-1.40999758156,4.83295927209,-1.97389743128,0.299848946481,0.566076116384,3.57695443128,0.826698620420,-0.556336671309
-1.51763999097,0.315048277723,1.08303178432,-1.84158185224,1.51125749479,0.733435322812,1.33126166978,0.778573422840,1.59405098742,-0.989033765263,-2.04809203043,0.654741313845,-0.414740816654,-1.79680127881,-0.438427533345
0.512721743776,-0.306250745795,1.02523319424,1.61444332283,1.19725745179,2.90866163249,0.566682632797,-1.39174328949,2.83167873906,-0.794264817390,-3.07462846408,-2.46565426921,-3.75363228949,0.256248341021,1.03861771155
-0.0476354402718,-1.16949245536,-0.922327631254,-2.02711411159,-0.570583021633,0.221312644552,2.38610188651,-1.92697104801,0.773722732534,-0.601481549352,-3.48778287976,-0.711694617286,-1.91827627906,0.00635881245323,0.0338083137289
1.47822216848,1.14387578980,-0.478554382628,0.240748221774,-0.987204443232,-1.88286212396,2.59540229178,1.23114264354,-0.341759570516,-0.821135896095,-2.86410515326,3.02886058221,-1.27698517882,1.55391538542,0.174147239036
0.663734678181,0.172195215084,1.07526866891,0.424545948115,1.28614259692,0.0461625458283,0.277295728301,-3.54549967773,-2.03116979532,-1.58643146545,-0.0149791141044,-1.39582379934,-1.86054019253,1.33023472649,0.0197290284712
-0.161614292634,-1.73951144292,-1.88585367673,1.43248274753,-2.21210928323,1.49026051391,2.30855606874,-0.972068517171,0.890043864200,0.875667507148,-0.381743009839,-3.82700180118,-1.10205547204,-0.306822715092,1.40771316371
-1.41368654302,-0.362764299862,-1.59359867102,-1.22422303239,2.94919512472,1.18935389543,-1.67206585710,-0.731905652241,0.103943858528,-1.86898159179,1.78827900736,-2.24002568207,2.43663187233,-0.0962279940950,0.583777205749
-0.839410352405,-2.19009909640,-1.58746651830,2.88805208554,2.36112330532,1.71521430826,-0.0660770581233,0.345412300993,1.50806461833,-0.332027593580,1.44878647942,-3.64851095664,0.452617551466,0.746783309729,1.61280564585
-0.380742024818,0.557954692856,-0.628198655395,-0.462546534366,-0.194510475055,0.918524890373,0.231214728326,-0.670749311309,-1.24434950892,1.65303870819,1.54398370983,0.592067490262,-1.54243956025,-1.01644298445,-1.19745455580
0.185360279623,-0.956364462077,1.36832671296,1.13471821700,0.535571008797,0.811550520800,-0.317883871928,-1.25066446882,-1.90641108764,-1.90559353277,0.414149423994,0.958963549506,0.958028044434,1.07953582139,-1.30963361630
-0.208221857189,-2.43400971072,0.244740143165,1.08565365095,1.02685124657,1.23573195826,-0.632844843087,0.313819026731,-1.48041170058,1.43976699686,0.519890384286,-2.69714159939,-0.970270570769,-0.582209975065,2.46844987651
2.06221640380,0.653652150276,1.88701467648,-1.96457773246,3.05828286887,0.567224712239,0.655347621854,-2.99298048544,-1.60695791786,-2.25219347153,-0.705572182383,-1.50338446832,0.825860211080,0.552087309210,-2.22714578055
-0.255785497704,-2.04645998519,1.03047210868,2.02186838617,-0.135518778329,0.131863431214,-2.21294221047,-0.0149528267797,-1.18058444059,0.254466244408,1.26376288808,-2.76326741909,2.91076373105,0.459937918030,1.33268019867
-0.997574125594,0.263108022304,1.75074492940,0.0398329366144,-0.553277660508,-0.324174105182,-0.700819944630,0.759555695772,-0.731190899855,0.988368182284,1.65010623850,1.75742049217,0.265326955109,-2.44099018027,-2.44446883070
-3.15506545004,1.26404931788,0.755977027388,-1.17700268330,0.581580777812,1.09850004630,1.83072777059,0.406014563188,0.566880450067,0.288426156177,-1.73967983229,-0.429149361361,-0.187115258194,-2.59955854643,-0.812282907428
1.00129360513,0.0150199573308,-2.58616817705,1.27174817228,-2.52639469750,-0.536028881252,1.48170428760,0.433604858313,3.62472993022,1.27831638252,-0.523717619613,-0.838064502152,1.94433211036,-0.908249288001,-0.690599136432
-0.599965714153,0.676277931179,-0.801849522554,-1.81166756389,-2.06145305200,-1.13591594037,1.33738584178,1.25535864910,2.21746956399,-0.00394989252786,-1.17290932526,-0.867279078389,-3.28732463854,-0.377138883993,-2.46806098722
-1.44776372496,0.354352204066,0.313217350517,-0.484307405259,1.51595648700,-0.714896417757,1.77348090594,-0.193501478452,0.0148034928372,1.24953226051,-1.80639366626,4.36275077274,0.869533146849,-1.32677527098,-0.763480953442
-0.239914804405,-0.0828114319445,-0.423310010472,-0.754128465103,0.724243112288,0.123859723111,3.44082718482,0.784856215281,-0.424963683469,4.32760063463,-3.74205498718,2.38922911762,2.22962715922,-5.42229206514,-2.61328130097
0.327101265685,0.529179856714,-0.577685224679,-2.25759760433,-1.56402663999,-0.319616996572,2.07496324651,-0.822707728725,-1.61990345392,-0.743567085026,-2.32914958566,1.11244471780,-1.12585104481,-3.17416756730,1.01578879926
-1.38874806695,-2.00487799250,0.751808457948,0.463390378945,-2.22194357516,2.34734437255,-2.22270495207,1.81158303795,-1.39326577833,-0.158992723297,0.981879974916,-3.52922725800,0.322455320205,-0.888951711551,-2.14316109060
0.845137429803,0.616707137093,-0.390239595130,0.807712497179,0.0876515712935,1.61519604182,-0.558194589892,0.133698274987,-0.958152307870,1.05314721376,-0.179993629595,-1.50492153094,-0.443396178508,-1.32396695384,1.53941608991
-1.14174876778,-0.487527068103,-0.456680920989,0.998242156169,0.721214475288,1.21087585374,-0.794277326898,-0.988030496977,-2.90741843038,-0.0784025710557,2.99522978702,-0.0741303187392,0.196084909156,0.905314263510,1.92119389768
-0.472275053606,1.51339735240,-0.950027388735,0.321220320505,-2.71995107784,-1.14205230248,-0.738207230529,0.431782070641,-0.253526518791,-1.77543133493,0.672390659261,1.50740297479,-1.36220572353,-1.07145311879,-0.517613114952
-1.60024330479,1.29498731692,1.90332405110,0.00529912447634,0.0537519282224,1.38426602574,-1.75610038432,0.368500843663,-0.200458129265,-1.11978843214,-0.384307403049,0.677655605142,0.391375341928,1.30175962158,-0.564923140614
-0.886215364015,0.318440595312,0.275821383482,-4.63815507818,-1.98898424063,1.41996730832,1.40359603071,1.08958723674,0.0985676083699,0.625250807321,-2.83746329171,0.136983052344,-0.0635255163485,-1.08076784229,-0.0760897805614
-0.760006292020,-0.515916582711,-0.0677814871401,1.02202880042,1.44671252744,0.205604281469,-1.79591242403,0.913120248747,-0.721798658434,0.361234917228,4.77286108986,2.48252777096,1.35375223402,1.03550361699,-0.592770857972
-0.339100487493,-0.794549520618,0.141951580168,-2.01112308027,2.61420906416,0.824795064433,1.32319288098,-2.22137931594,1.35154176607,-0.188919218367,-2.94034007554,-1.15532097199,1.60007004366,-0.524896211293,0.715146560664
-1.24625930237,-0.391244537307,-0.619383438096,-1.68404631642,-1.29362052827,0.474639382912,0.662165613386,0.461042696892,-0.596007908736,4.33967137642,-2.12446162242,-0.942667092573,-0.535299980002,-2.34084383013,-0.291192018695
-1.08171484883,0.798999057197,0.181205199280,-0.823152127854,1.77710595452,-0.0578038078460,-2.46540620308,0.920625339364,0.164429698584,1.14919163413,3.32781789371,-1.98306448828,-0.0647544847900,-0.549142646194,0.277906788749
2.34928729959,0.763093156420,0.642898567497,0.368360341471,0.208028668952,0.0265808590781,0.708535119582,-2.13380725908,-0.801397663133,-3.29581507661,1.65802081501,2.42006382802,1.07456274957,3.04376372421,-1.49110039447
1.70055757569,-0.551567125285,-0.722317980953,1.02807290966,0.704520582984,1.06005508898,1.65702349791,1.50869099897,0.517387139276,2.84391597982,-2.69307296955,1.00185683679,-0.634066984966,-2.13038524702,-0.547951152725
-1.68885982203,0.565566510094,-0.500697285534,0.416773289097,-3.50732319361,-0.799098022001,2.19060511184,0.743073508950,3.62415276388,2.38927661294,-0.703782702289,2.35357615059,-0.526068993612,0.523469124567,-2.68223214818
-1.98319839090,0.339237714859,0.565425340248,-1.47206013555,-0.172967318585,-1.72060298181,-0.556183881265,-2.51190619071,0.752704413681,-4.58563016403,1.56059734572,3.61631800309,0.559877068912,1.94655662582,0.988139226523
0.324109132688,0.790692833568,0.685572690868,-0.772720291162,1.96812267921,0.522113552158,0.801498953421,0.180774492116,-3.97009620502,-0.433320606942,0.152081748298,0.775544263103,-0.150040112725,-2.68104435567,-1.31516843072
-1.03193646882,0.508000795211,-0.513845392317,2.45952578980,1.72492843213,0.307118662562,1.63482516513,-2.89474460227,1.06096768894,-4.92840988899,-1.10153169411,-0.824505632370,-0.436152382099,3.20927820990,0.603760099939
-1.73603854132,0.435749512882,1.56066515845,-0.669847888048,-0.113624562041,1.07263153993,1.19823883435,3.90499471966,-0.459878234042,5.55829599470,-3.03957392048,-1.70250325618,-1.49610214701,-4.00799984235,2.68960309157
-1.77065556457,0.335100094498,-0.901713451608,-1.66701556967,-1.04934698406,1.37521625274,-0.387613247143,-0.186185374255,2.30660226653,1.44078008986,-0.976051698654,-2.00466528417,0.239444735111,-0.162959340949,0.409342093160
-0.575324589624,-1.67898415278,2.33634443486,4.26293899447,0.143616355408,1.67349607945,-1.28586634505,1.59827514117,-3.48736696576,2.42729780638,4.05222312238,-4.52068208425,-2.27823840666,-0.193847481569,-1.85354937454
1.89207331056,2.07567016056,-0.259320632196,-1.62612736840,0.736740976051,-4.22349804038,0.529748765004,0.978712173580,-0.338957336781,1.26946563245,-1.62104408854,1.24775546308,0.506849790103,-1.80307397278,0.0230314760685
-1.11256226233,0.345087003403,2.21358604130,-0.0125088761782,0.674577002345,0.382684901869,1.11180255933,-0.115077893866,-3.23541527354,2.96610467512,-2.07378751425,-3.84733123258,-0.372149443890,-1.49415517419,2.15149236246
-2.39729020420,-0.423835442581,-0.510312920329,1.43472985928,-0.822381191179,0.371895200802,0.811991321028,-0.717131500239,2.37067418929,0.786910994686,-0.289512431151,0.256904799191,-1.73759696949,-1.72370346449,1.99387207135
-2.06919732435,0.312243026251,-0.867602838564,0.238124649363,-0.171664614638,0.0291746674904,0.787487161340,0.402326452212,3.74448761035,1.46111409418,-2.57056442588,0.679398696236,-1.40258750726,-1.18368775021,2.22078506746
0.591515622982,0.744703784725,2.87520273422,-0.847587951010,1.65672850920,0.530091128093,-0.294783049152,-2.90865757788,-0.530487218275,-1.99235944673,-0.935703222076,3.18918848092,0.290456215687,3.08026545612,0.195121559042
0.832673958374,-0.938328853056,0.788745046786,2.01957039659,1.00007215433,1.72713007073,-0.610693063125,-1.25484062933,0.209693918635,-1.24463435815,2.41247163944,-1.87294653025,2.10533475952,3.17138023932,0.575746621489
-0.708297941424,-1.95168176923,-0.753657797287,3.03125424398,0.857219300136,1.12224996434,-1.17307280970,-0.244264539039,1.88614221864,0.812724637756,4.07386516504,-1.39832296765,-0.517481732918,0.804298332384,0.508587787179
1.31068859133,0.384797596523,-0.583925527038,-0.734376020304,-0.936502034563,-0.144117866461,-0.331183646882,-0.515565259569,1.76603091795,-0.540076900140,0.225436641780,0.757058531411,0.515302668932,0.375101601256,-1.00676426165
0.801778261330,-0.600963380627,2.74683793687,-0.0391577347868,0.497701322203,0.622885288791,0.943568569935,0.259320463189,-0.492389725263,-0.651380217898,-1.69307527418,-0.242979283935,1.38149493086,0.829837019926,0.717476618719
-1.25210087239,-0.215102615503,-2.39174000798,0.0103338111010,1.64087206125,2.16965361999,-0.524864620811,2.16222485222,1.96229954390,3.70523489357,-0.151446493502,2.42535328651,0.165489714656,-2.66185501201,0.214017300800
0.317348484197,-0.667623630389,0.537237175186,1.41342854557,1.75725841505,-2.03386637586,-0.0796836303970,-1.31532920440,-0.802021908739,-2.61693841846,0.00374200343456,-2.14100934366,3.94071837694,1.31326379122,-2.42122031573
-1.06432125882,1.34913535774,-1.23133997353,-0.728158924463,1.34793207734,-1.34107749942,0.295971636283,-0.358839153193,0.986152094589,0.0359255046588,-0.948477077113,0.0254591708533,0.230953768116,-1.48553724123,-0.930445596215
-0.194652672519,0.621755566581,0.807400508439,1.11907721543,1.55187600977,0.670442893268,-0.885446396440,0.135772113766,-1.13063136462,3.49672370336,-0.637119572159,0.739708811064,1.40086270195,1.48167144757,-1.11584756182
-1.51188232701,0.896957610642,-0.548941580738,0.00374478328654,-0.439319519881,0.244080998531,1.88678700076,0.145971644025,0.335432715216,0.323356431094,-0.929586679251,0.305250116111,0.855226987070,-1.11449930140,-0.365700771501
0.400104879479,-0.654209308568,1.34086555309,-0.456406325103,0.0325093874893,-0.179660235341,1.80143840348,-1.18852113978,-0.353199704341,1.97532362483,-2.98564041946,-1.25705645442,0.456216188503,-2.56040097969,0.0832109715674
-4.27718633164,0.00718418419770,0.246128200776,-1.18891868136,0.224692300671,-0.365358985637,3.92425161269,-0.383653669422,-1.07918733827,1.35369647833,-6.98566047561,0.0278307819536,-0.531390407737,-2.32148660223,1.26557052797
-0.962986343707,0.912778814157,-0.324030711271,-0.0840568200095,-0.275537572252,-2.06282337449,0.0943236735177,0.867881003265,-0.263664007011,0.788936909009,-0.744146202346,2.44228722499,3.94039204842,-1.11643570588,-0.879817019913
-0.544745431697,0.238788802836,-1.04978358825,0.695074240716,1.14633393702,-0.562348473782,-0.125814374832,-0.890590116233,0.0838319030635,-1.92942927997,0.417795000626,1.36982278021,-0.00421700130430,0.988070450303,0.414109391203
-0.148269450666,0.458113779208,0.614226870291,-2.68174347511,-1.77740933543,-0.185179722379,2.66201429944,-1.74820346102,-1.06052841008,-1.18813859008,-4.34298944063,0.234370978012,0.0217932318730,2.44167209411,-1.11057018684
-0.616487767296,-1.76476993728,-0.433394227675,3.46401864002,0.359322679042,1.37285913063,-1.70820758721,0.605827440725,1.16499781081,-2.00199702160,3.52194163902,-2.15748229073,1.81222419507,0.0692516753436,-0.549003461591
-0.442586686548,0.478341262244,-0.764855179797,-0.804178259319,-0.436138119876,0.761340414451,1.74389014540,-1.16344380852,2.38811799733,-0.693900641820,-1.25951685732,-1.61242678278,-1.03145385026,-0.606164623847,-0.820756921755
-1.26786422910,-0.615565136762,2.23162195376,1.47562651979,-4.94483445302,0.586150685830,-2.09867487419,-0.666253814458,3.40964190933,1.26782794931,2.95423467715,0.451735354003,-1.95882656375,1.11630018401,0.0803080905110
-0.323425879943,-0.130562953015,-0.881289989956,-2.22736720066,1.52982911997,0.341250228828,1.27877685577,-0.257813226617,1.79140501759,-0.881045517518,-1.95353407834,1.45158437889,0.223602576262,0.886596540452,0.657176232666
1.22266993739,-0.175455518123,-1.70996859443,-0.826934141517,-2.95122189003,0.343566311733,1.84728242929,0.878192818724,2.60225923341,-0.0966003685569,-1.09750772491,-1.38548715697,-1.78426484034,-0.0761046513929,0.735670272395
0.417676140828,-0.627687069766,1.43653915289,0.704295903636,-1.34212926200,0.840332101071,-2.22236400403,-0.970334543973,-4.10767683996,-1.63518239873,2.60943094949,-1.14502616928,0.215387478434,2.02746752897,1.16289448953
-0.450941129800,-0.110754526000,0.218686249653,-1.74760044746,-0.726866720850,0.541644658588,-0.856555963436,-0.170433354781,1.13485635326,-0.328241440025,-1.10460435076,0.990214237742,-0.129855122251,-0.865644433217,0.162246019212
2.27324431204,-0.227236017867,-1.55442162702,2.73934936477,-0.485585920517,-0.598887453488,-0.724542345281,2.42512934814,0.590724156995,3.59961368668,2.23813893464,-0.188460420748,1.90570112557,-0.478768580882,0.191632066647
0.0124640836363,0.730682255076,0.932500393147,-1.49234670816,2.50445226193,0.904461661087,-0.920068427638,-1.85206167783,-1.31432872885,-2.35553127151,2.68462432200,1.49818431195,1.14835423739,1.15515098699,0.537586246630
0.120981791419,-0.0892662936246,1.30104840273,-0.450860211068,0.823854214370,-0.940630563148,1.11087273481,0.0796394764129,-0.398253343934,1.99709183241,-1.48476879107,3.96854256440,2.91449180362,-1.68047061440,0.513035293775
0.486240791291,0.872662716321,2.63008257842,-1.65833993173,-3.16007684068,-0.771038159063,1.27561371678,-2.08235324146,-1.71483696208,-0.841041187175,-2.48188740427,1.65843445101,-0.0165038733858,-0.555199052086,0.941362577677
-1.77312064302,0.385392374033,2.06595227219,-0.944905483514,-0.661082102392,1.16284200709,-3.80912825353,1.28377348326,-1.03494648160,1.82077876436,3.63210024662,0.577773414989,-0.791381526229,0.684036890867,0.480891924629
-0.225841295382,0.656741246883,1.13945748647,-1.51530456687,0.750688856246,-1.06693943965,-0.918695612593,-1.00562323315,-1.06203516303,0.419012333572,3.14548302378,1.28756194568,-1.14289599411,-2.10374329868,-0.748789411598
-0.132314554312,-1.52141282962,-1.49349956842,-1.34093444906,-0.0136149970094,0.290061102009,-3.11686316662,-0.701321034624,-0.979406427562,-2.30945726499,0.440563711936,3.93878132105,2.36554018559,4.18145425336,0.171289327634
0.768504528380,1.84073450740,0.292507951885,-1.57929882515,1.98990884122,0.894048643433,0.258719317387,-0.871949784155,-2.92115416721,-3.15448025139,0.929235163152,1.38821619146,-0.0831487087725,-0.423313377879,-0.975405482927
1.54233438334,-0.0733326515947,0.0701771101640,-2.01994094575,-0.697790361924,3.75974137137,-0.406944506773,-0.536204770207,-1.40862714625,-2.14222570489,-2.04565185444,-0.754028645454,2.58614066986,0.386096741458,-1.41991781368
1.90359815561,-0.849517423980,-0.0128717747184,0.853142407678,0.473898081271,1.93642448507,-1.68627056799,-2.42429500620,0.577446265675,-2.05823488553,3.77675653714,-3.23350973070,1.26074635579,1.67784276993,3.19090432698
-0.526414755093,1.14209977494,0.740221173757,-2.01753488317,2.47203997675,-0.603274612270,-1.17732949582,-1.26147932897,-2.36392036049,-0.687894054357,0.774493251307,-2.64506816392,1.16635510194,0.395221712667,-2.21265545149
-0.312017836284,-1.56459480531,0.848253170178,3.09006610770,0.407237135677,-0.290638418803,-1.06432623416,1.05366928390,0.512571910573,-0.710599205927,1.63447925713,0.182390587358,0.00429845314311,1.48857397272,-0.260875127416
-0.543542850196,-0.570993369225,0.0558342932995,0.714849275898,-0.0139611739566,1.02053610849,-0.181289314796,-2.94981611799,-0.295250471556,-2.73407673732,0.247915502074,-1.55939598300,-1.52702414527,2.64735329480,-0.769001050408
1.52619610780,-0.196346752444,0.328010920224,-0.432484795646,0.560838803334,-1.26490104414,1.38967313328,-1.83906321021,-0.359004112354,-1.52441320872,-0.672672025603,3.49268979452,0.523971320295,1.46319692846,0.293216596887
0.142223353311,1.40428589811,2.34901733558,-0.665171520672,-0.749687460917,-1.42976426053,0.579821696510,-0.291980955634,-4.98220590653,-3.32653396364,-0.750110225832,-1.93386750241,-1.72719405731,2.69700169481,-0.361300738233
-0.382353675951,-0.957207645314,1.45580703264,1.11600692606,1.43782558319,0.969502298211,0.115444752563,1.10119886956,0.741900482119,3.08293979909,-1.11220586494,-0.797104999665,-2.76571437098,0.558549525124,-2.73637558519
-3.44166463886,0.00913707455595,-2.00807519217,-2.51404394529,-1.03161534697,-2.51221356493,-2.44876699882,-0.991094193751,-0.419358400043,-1.51360750300,-0.0472287303338,2.33007561225,-2.52937721751,0.445682977672,-0.845174261947
-0.465284052950,-0.572925777669,-0.136162272092,1.63865825685,-0.842794517258,-0.269561338300,0.773721228396,-0.797199865029,0.0958769387181,0.344062332339,0.776490983130,1.33933218379,-1.09821299935,1.99515933526,-0.0798937886564
2.05981208249,0.786781596491,0.979362390292,0.417184519424,2.14758090480,0.268134937178,1.91051875205,-0.342637043904,-1.48044774718,0.170921976582,-1.48243750443,1.02738697328,-0.715568962983,-0.689162963471,-1.07259094302
-0.111342872489,-0.0793485659745,0.0689783062414,-0.194157892985,-0.844394868524,-1.09689762572,0.205503316049,-0.953059222418,1.41980984466,-4.72779558931,1.35893824303,-0.602116160087,-1.26963255861,2.98803596668,-0.436222858088
0.570080762849,-0.656655800675,-1.07929064378,4.66883774384,-1.89833521554,-0.739454267419,-0.962482624282,-1.57560551345,1.41721781351,-3.16927596035,3.46834287394,0.760678733839,2.59695855678,2.68633740897,-1.85590943283
1.20581287555,0.809538767128,-0.587188152778,1.09908120100,1.05520436602,-1.07843890330,3.64631769437,-0.216639356042,0.999791133434,2.43991881172,-2.87220319784,2.30014663702,-2.06724838557,-2.23853914163,-0.237874857423
-0.311821783147,-1.27101326363,1.40398376753,0.166307248944,1.42242882161,1.03612654421,0.638979940345,-1.43065374936,-0.643374302357,-3.35930214615,1.33961607004,1.95043693885,-0.0750675049396,3.11165615139,1.86665775206
-1.58870515907,3.12511797135,-0.130270752825,-3.50878863767,0.929002938094,-1.15371016439,1.06155109618,1.53491890076,1.14351824779,-0.679170256765,-2.97217449882,2.47400229522,-1.71903762164,-1.92963884409,-0.0919689138621
-2.92634984539,-0.214845651823,0.253917293066,0.650768937057,-0.981819255410,-0.0726972631215,0.447796056536,-1.62278275056,-0.237155717566,-3.18114337417,-2.39243789795,1.57408165200,1.18983098174,2.36881074479,-1.13132357533
0.0670045389567,-1.02071877167,-1.35802879963,4.07244251045,1.93626284589,-0.758277230685,1.88099022423,-0.0946431247954,-0.927336187914,0.196031936246,-0.501209904752,-0.598862882489,0.535513598602,2.78282677115,0.791077336043
-0.250166297543,-0.0236063584502,-0.452227883972,-0.522458145307,-1.68483072727,-1.38250184509,-1.25139443541,-1.04427675020,-0.482891900702,-3.27907864891,2.67578715237,2.49507310200,2.70802590625,1.55161026704,1.54915018960
-1.47096952537,-2.07010163872,1.61793398799,4.10678318620,-0.426833256372,0.817986622496,-1.18682948281,1.21742111875,-3.84849827551,2.63459974678,2.23840394466,0.664738159944,-0.713535271058,-0.968827518152,-0.912030086004
0.564713820702,1.08235076634,0.684974361872,-2.00125511329,-0.281721372179,-0.899715334113,1.93770618131,1.70919924923,1.27430362568,0.841211171400,-3.62359606152,1.28412212443,-1.09746839633,-2.58913474613,-1.62622588182
0.872033259904,-0.775410657992,-1.18933290115,2.58804239434,-0.629783151726,-1.20236390058,2.09700307990,-0.940139606705,-0.303189938121,-1.77109465373,-0.778128897891,1.72053074964,1.16096925918,-0.285492345204,1.81855365705
0.516058303436,-0.411748247211,0.780926939963,1.28011775913,2.13811650205,-0.973438092662,-0.417971606875,0.402090172800,-3.06373552958,0.177777779644,1.77028751332,-1.29812570863,-4.12003045993,-0.235331237954,0.0923643719548
-0.0909523417763,1.12256409112,-1.09379684122,0.465028437885,1.72825076746,-0.608622958106,1.09250139247,-0.376451231428,0.729058894068,-0.687508087074,0.170602941146,-0.397595455395,1.01315657915,-0.714563197388,-1.63557053942
0.0755160383060,0.506861897285,-1.57095489217,2.12764403575,-1.13830497831,-1.60739361282,-1.65052526935,-1.21431141129,0.942560643254,-2.34117115841,2.30311773894,-0.125527451957,1.89299192907,-0.0523328936483,-1.89796529652
-0.773527002362,1.11301937040,0.108937179902,-3.43067919353,-1.19282076216,1.14128108844,0.249954184449,1.19253047226,-0.582493877496,3.50810905576,-1.19742884814,0.00248444595883,1.61626031346,-4.27411810258,-2.15949832630
1.35895078039,-1.49959584142,-0.776520851766,1.84614251665,-2.88034556221,1.09490017113,-1.52089203512,-1.04994748673,4.76257007391,-1.24306192556,4.34598012162,-1.27756724626,2.20487046360,2.60347300682,0.321532229284
0.127009714421,1.24323768924,-0.981723187199,0.896845828447,-0.286431832962,-0.904185947155,-0.246574833762,-1.20123209015,2.42969164391,2.54959426307,-0.342791076617,2.15324155847,0.814658131455,-1.40543779065,-0.332815242944
0.515957290176,-0.917509099023,0.737682744167,-0.219898913006,-1.38575584710,0.951691676406,-1.07375195726,-1.07506789734,0.774424879794,-1.32749164952,0.344412317001,-1.57982345262,2.11309589245,0.381578405290,0.314256458564
-1.25936539449,1.57320434041,2.27729854657,-1.01619913921,2.23156258815,-1.91350909614,1.61130378892,1.96739085591,0.386037201168,3.25090860655,-2.82806090380,1.90776427468,0.0131985143778,-3.76410573169,-0.392626897723
-0.679027111617,1.08721440765,-0.193211755119,-1.80661917420,-0.720817387466,0.851031389859,0.0988862454927,-2.07868470338,-0.000884221435724,-3.84215592218,1.32731098812,0.304876856648,1.65684746328,1.69181257079,-0.842244022908
-2.04727628812,-1.13618162217,-0.467910592850,3.03019358518,0.235483113429,1.05533643208,-0.762672129094,-1.11889948562,-0.230456589522,-3.06444163956,1.64034917102,-0.231562052950,0.295800240367,0.248110761137,1.65601479771
-0.669530196796,0.940337881792,1.61980951289,0.248060544333,0.148167813418,0.559668052583,2.27440169220,-0.190738105166,0.387700891196,-1.40873166977,-2.52087339506,0.243760529234,-0.976885801095,-1.11914657979,-3.10573639597
0.805834420946,0.131138712758,1.01522259828,1.26837276979,-2.74057450252,-0.637592771955,1.15863897709,0.628242286327,-1.15701795096,-1.18919913733,0.298618814193,-3.18834371391,-0.149859801789,-0.532361302350,-1.42535699370
-0.348265156527,-2.44076584333,1.37267630396,3.28689914282,1.49765664767,-0.708889743168,-0.338031426440,0.832264667288,-1.41837224289,-0.612890659928,3.24561794344,0.493941821053,-0.824313123567,2.75258986636,1.51695801447
-2.62876930305,-0.799832613324,0.586364719237,-1.11837990722,1.34426153388,1.90555207231,0.417631064897,-0.00590798703560,-2.17500709934,3.37507866934,-0.428725906519,-4.28944257075,-1.44326566721,-2.97068555200,-0.150193090988
-1.34383831814,0.343624208889,0.381022672905,0.910657013831,-0.198488066061,2.65470816993,-0.252130338284,0.858532301423,-0.0221466950763,2.63416205621,-2.66938955709,-3.35739129178,0.887490242871,-2.01335357627,-0.702184660434
0.261695177427,-0.112474005007,0.301597611402,1.10646422162,0.473552193409,0.475179923926,0.670437265548,1.46123626823,0.0289400342973,0.0737259529398,0.520624879921,-2.14164259860,1.63168167164,0.197075101539,0.623549500484
-1.14420521729,1.07054567832,-0.824773956715,0.787794995232,-1.09470507568,0.203516359859,2.41833509166,0.323433704526,1.78384567581,-2.04676160750,-1.23510367256,-0.366636792853,0.314980167316,-1.25783840997,-0.467499977258
-0.123565511611,1.01526694465,0.309165677034,0.495573562753,-0.793432034890,-1.45862545278,-0.960426917896,1.84200609124,-0.195230015439,1.69056093080,3.20041461375,0.914785959376,-2.36101357291,1.09786321420,-0.176215901957
3.52719000379,1.63974028804,0.481121984516,-0.535665692842,1.20842106323,1.26464255908,-1.76049691665,-1.00070789198,-0.302195649624,-2.06916484387,0.766542896790,-0.387842116039,0.365938660122,0.332381973811,-1.07339021993
-1.22426899901,-0.935461783743,0.0380375778363,-0.433932063721,-1.51668319038,0.0488383500048,0.257496310896,0.287299944384,-1.98596328124,-1.17464282833,-2.15171630042,0.936446367172,-1.85612253814,-1.26496450850,3.16927116951
-0.392769806611,1.32402797676,-2.09584060905,-2.32221053898,-1.81571327065,0.422802384736,1.13309723879,0.899057477066,1.48643924699,0.996295052200,-4.61212304813,0.263117150956,-0.946400964550,-1.31567985565,-0.380896396900
0.431636821458,-1.73081874972,-0.0971345891044,1.22030635661,-0.286529711683,0.490560514977,-0.617580005280,1.76508858288,-1.58239212924,4.18450011893,0.987358061757,-2.46510369364,1.49025231185,-1.02172468991,-0.698246676445
1.49267258688,-0.792356622139,1.17419724025,1.05711891149,-1.28114442081,0.828632784540,-1.31539316748,1.47553114128,-2.02582644737,1.67872520550,3.03037056711,-0.143296697379,-0.418891864378,-0.117721317068,0.693986877073
0.435324239342,1.59884555548,1.54753151961,-0.734992957601,1.06371292312,-1.80739169074,0.804904499308,-1.08236467252,-2.41095835129,-0.869867167619,0.279084313563,1.24543958824,-2.29989949941,0.0801492845437,0.249057784814
-0.980425058302,1.72929671751,-1.92794806737,-0.179537018966,1.99573822385,-0.0572686718030,3.47314920536,-1.28645963177,1.31374488005,0.503558954508,-2.53977480570,-1.80574660658,-1.89191778189,1.39835160342,-1.40709088436
-1.04389266021,0.821231425685,1.67811951368,-0.622768928143,0.369522844008,1.17135441167,1.33486724844,2.36587523629,-2.69455053957,3.89654351160,-2.32157062749,-0.351474703780,-0.833141018702,-1.91417740353,1.78247309647
-0.911118333207,0.251904311042,-1.39145126502,-0.150985659301,-0.150350369794,-1.47066764488,-2.38648678110,0.390586154148,2.51279918140,-0.996973985237,-0.855232280151,1.50815681805,-1.21869442535,-1.50668623563,-0.926056064673
0.139023449893,-3.02954547420,1.40493522543,0.592149666616,0.934013628997,2.32598844438,0.303512783954,0.965649537196,-2.00023749056,1.39926937847,1.04476697543,0.686079703950,-1.13336670016,-0.143936186318,1.27989308452
-1.07203984772,-1.77411907977,2.01830992153,0.833844849010,-0.940210826461,0.629772825215,0.276402164601,0.509013044092,0.172753581751,-0.184055094687,3.21799189019,0.722096494560,-3.56728167265,2.47277433164,-0.960472357136
0.103070779905,-0.0665630481918,0.118579241250,-0.419295089836,1.06673598698,0.378818192939,1.27951454501,-0.842318979639,0.232942285831,-0.832149351128,-1.63488466126,-2.07691371563,-1.20071792911,-2.44866534582,-1.97825697857
-0.0918735338570,1.42760597901,-2.08412445647,-1.29296088342,1.61490972421,-0.146112395207,-0.479595236615,0.411927643480,0.699691177851,-0.927337324323,-3.14419528658,1.17948548550,-0.528748235130,-1.49265894099,0.120667912563
-1.00226508936,-0.205481954403,-0.464105042635,-0.812553005557,0.283602347146,-1.43960936718,1.12323924970,1.69178631906,-0.919519795807,2.31806264444,-3.28108491186,3.93716773109,-1.23056409877,-3.40754977352,-0.261233773553
1.89831447648,1.49887200713,1.42254551893,-3.38137699649,-1.20723427816,0.143683742747,0.389315930797,-0.586410471049,-2.21911219249,0.159508149338,-5.10528666159,3.29546601728,0.0169519769812,-3.42506630297,1.68169462183
0.160084561832,0.791063469359,-1.63088487688,0.666463097451,4.33427770498,-0.277636036638,-0.314489662170,-1.21573016929,5.86361217527,0.130462797678,-0.239155161381,-1.05523735896,-1.48184480220,1.17962897056,-0.0849203456629
0.498575853789,-0.737127022377,-1.17778487831,-1.19034184796,1.97889054569,-0.427400966555,0.106928772250,-2.48075815290,2.18306967258,-6.01803189683,-0.488524107747,1.97072273413,-2.71223822394,0.328284058099,-1.43368066026
-0.0344696165668,1.47071926014,-0.195403717164,-1.19654914957,-2.91700098247,-2.69265914741,-0.210599441918,0.503607627683,2.38728856718,0.427884653240,1.83613662327,-0.0137425520214,-0.157980959212,-0.143654735322,-0.864226346580
0.186836679997,-0.306732700026,0.328118437518,-0.859247382719,-0.0808073161427,1.06279754868,-1.26851811587,-1.84517482887,-0.577654451471,-1.02212499561,-1.83213209720,-1.13238659338,1.28202008680,0.395875442935,-0.378733645975
-0.759529055877,1.51072882345,-2.40545745264,-2.76871809674,-0.421346082590,-0.315511894564,-0.343101271737,1.12303671534,1.57777207949,2.34028258301,-2.04587763144,-1.21679600901,1.83951969680,-1.99624084515,-0.307197913874
-2.05168841887,-0.848969400036,1.79939292886,0.137738759498,0.799857990956,1.41593229497,-3.80718621380,-0.276781554801,-0.641302419954,-3.92209555705,4.84133160251,-3.64955838912,0.380787280485,4.90658502848,1.65392839233
3.40604899241,0.849143741520,-0.721971724990,-0.761656381774,0.125178661507,-1.14809859237,1.16084435694,2.04408665906,1.90316409294,4.42803382825,-0.178479253441,3.26759781552,-2.15524441121,-2.87504330607,-0.543184342310
-0.0254104303593,0.822672293066,-1.77354372134,1.95996147427,1.66414182656,-1.60980306788,-0.106620626456,1.30367778975,1.02943337291,3.02856343409,3.18143850746,0.0797217478282,-1.97499015085,-0.152648656124,-0.634580789133
-0.977935301701,2.46432416055,-0.354317326746,0.171102903064,-0.630682737106,-3.20181563158,0.830745506968,-2.03144616942,-0.327807511362,-2.22000270896,-2.46835047843,2.14702104812,1.27543859840,-1.60860253461,-0.145303485155
-0.892981305917,-0.00270455744879,0.877175828703,-0.873623767548,-1.49298115469,0.326375216736,0.834042280654,1.02486422683,1.56010470186,-2.43883869383,-2.31840459753,-0.810541676018,1.20596427824,-0.633126831022,-0.0294428636226
-0.763963316397,1.94399994991,-0.566774924953,-1.25626685282,-1.55902422705,-0.866257142688,-0.507846249307,1.30839677856,-0.728378819104,3.66150577828,-0.0929978986251,-0.241733745784,-1.52610073482,-1.73278595107,-0.985201205731
-1.17525566089,-1.37850322305,0.190096092115,2.38680564627,-1.08005950141,0.208214532177,-2.84964357702,1.64994418051,1.98190899955,2.83868929477,4.42084485404,-1.95363448193,0.745077206195,-0.671411238161,0.822693152958
-1.15609352797,0.117835698866,-1.55850984336,-1.84677448810,0.842552544469,-0.00327194806654,-1.05383938064,-2.45366533184,1.46859540363,-3.85802253687,0.752373061742,-0.685096423694,-1.02894408303,0.398336359907,0.522451149394
-1.21059069942,-2.29304019429,-0.492965065924,0.148626965938,-1.55673539279,2.17739205323,0.272451393331,1.34769097249,0.00837633402745,2.64860301756,-0.758046667120,-0.501186393717,2.79755186917,-0.115060895237,-1.11891600852
0.570473967801,0.425424299751,-0.260430732733,-2.84468038522,-0.481716998630,1.12102363823,1.60704538245,2.00513549789,-1.81344285889,2.78463695930,-2.86517062756,0.159540358250,-3.65157987422,-2.31027751835,0.189413281491
0.312998507478,-1.97558369095,0.594704584106,0.919803216716,0.0812135373743,-0.403239780300,1.16801776779,0.817398540739,-1.22830273064,-0.247345947357,-0.569652241431,0.660541266999,-0.325523541335,0.0995242289608,0.358986832791
0.0865054457594,-0.652611214780,-0.155007138429,-0.252205096106,1.37686411544,-0.967270388954,0.242731520172,-0.725231914542,-0.649289342476,-3.27341993509,-2.88589875949,0.796158840867,-2.61372905217,1.15588773702,-0.143238694862
1.74328791057,0.0955761123044,-0.389940123940,4.17740289143,-1.67879046339,0.215575349307,-2.49873708483,0.851141898882,-0.154290916981,-1.04603121823,3.41194243038,-1.31040792331,0.838247047455,1.33827191945,-2.18502072024
-2.78961559643,0.302254996923,0.305105398574,0.783879827538,2.16236968621,0.402327123110,1.36495933781,1.47301915452,0.790608204525,3.94977548849,-0.590090769716,-0.0465072643188,-2.04559132391,1.03738808128,0.556595531600
1.64770123142,0.825304868073,-0.203715596650,-0.856965016718,-0.573975211397,1.44233827153,0.790079544862,-0.224524414084,0.873753911112,-0.980092683017,-1.22978108593,-1.37230449861,1.12826870122,-0.339690810574,-0.277056244685
-0.370913093613,1.67100882075,-1.68013055439,-2.34242024131,1.87906515426,-0.542807190202,1.71644016372,0.500058191651,-1.38296535220,-1.07733867644,-3.39098058171,-1.35151642636,-2.31171671311,-2.20507981731,0.202534314609
-0.709921912646,1.20290641838,0.154251851255,-4.08598197555,0.237492075536,-0.556146647654,1.05839176527,-1.36244920089,-0.456875834721,-1.74806285823,-2.53493413117,0.476522722081,-1.31586433698,0.595021500115,1.20520219785
-0.500283751414,1.80756879346,-0.445010967285,-2.33983055730,-1.40981026033,-0.0383611882158,-2.08969373010,0.814316634672,1.69115768740,-0.710570167181,0.860787257365,-1.85209626495,-1.61975037259,-0.104417399717,-0.281676927394
-1.34147267155,-0.667456910074,-0.886637072576,1.33521597929,-1.10374038159,0.319536049895,-4.09516593185,-0.163567281699,-0.828044389721,-5.14772065929,4.05977235442,-3.30654102873,-0.259584216521,5.46163412472,0.395852054429
0.843480500529,0.129875928815,2.96878224062,-0.343306598487,-1.30976338546,0.574698831072,-1.77827249478,1.82536191948,-3.99732950335,1.73539720991,0.398477751744,3.37694496263,1.29166271270,-1.09993508621,1.51476327075
-0.968630053233,0.825961091232,1.71368195409,-0.119692123343,1.14076268861,-1.58004098342,-3.02127681469,-1.06649734464,-0.580245922251,0.133522450400,3.26087068113,-0.151889681588,0.417789235971,-0.495426756536,0.923655060256
-2.63901120902,0.972926091737,-0.250273362268,-1.10950942936,-2.16430997282,1.37576326572,-0.434658856021,-0.537535969367,1.50637897225,-2.25499140981,-1.30586526324,-1.81486666760,-2.00226861262,0.588089945906,-1.57621152449
1.29209863624,3.72816177023,0.379661212859,-3.25043344930,3.63480700227,-3.66524757541,-3.45590576713,-3.05113586321,0.100811423872,-6.04137657218,0.336100746907,5.97763552736,1.17921437191,3.46542267374,1.27261277043
-0.115387371972,0.573667165001,0.464493925454,-0.957704537233,-1.48475915063,-2.12773668948,-1.07146439713,1.99036757191,-3.20256502900,5.34684531825,1.60273769294,3.40801334490,0.940683315640,0.447817518839,-0.0377660873194
-0.131168634380,2.81332049815,0.420439654045,-2.31113794450,0.536027569448,-2.69552601562,-1.21125803528,-0.112342416545,-0.161644171603,-0.176887121027,1.51290488361,1.98887924060,0.302913495853,0.803479949033,-2.17745790183
-0.612312257750,1.04692930293,0.684301758590,-1.57671406414,-2.32319384047,0.512504464215,-0.494190274557,-0.445395916877,-0.495917279013,-2.57876379661,0.853089247420,-1.49174890063,2.82019860567,2.01401161312,-0.0711540722158
-0.138607432467,1.02693397282,-1.75921899208,-0.412367989345,-2.29893225279,0.00250234067754,-1.18920332911,0.468820008345,1.04794796075,-2.93394177233,2.52287733834,-0.730034340925,-1.81805198598,3.37803659404,0.618726827471
-1.53544958697,-0.0974662832875,-1.30816886872,1.60247768167,-1.13574377934,1.56656344682,-1.06118881863,1.45404535258,-0.362766746834,3.16487579169,0.856269729595,-1.38317910890,-1.47773132950,-0.658436893847,-1.68932868254
3.27888357760,1.20171555390,-1.41352510377,-0.0331004786916,-2.08102865364,0.851207334839,-1.73064921566,0.690420341109,0.738586836616,2.26921642582,5.13007321116,-4.71828611901,0.338871334123,1.69985644885,1.73166867497
0.365605691834,1.39458521042,0.801375365192,-0.929418205568,-0.258826009402,-0.959875104954,-0.201300629649,0.746536302887,-3.16775960647,2.39296047547,-0.105386530892,3.29301086685,-2.66827816214,-1.53401460047,-0.510203676911
-3.95380638264,-0.841936239296,0.485365906934,1.28179171948,0.575491402273,-1.38644173275,-0.276284370535,-2.11289257526,4.54147578882,-4.15503815998,-0.859786629525,2.69480259272,1.44791020659,1.39738031398,2.19452169233
-0.583868997170,-0.214044216607,0.931632459502,-0.383730541843,0.671827813731,0.121902622429,-0.359019442008,-4.01808622557,-0.256268833826,-3.29856832377,-0.688989687935,-0.950072219526,-0.0217576627246,3.88941415918,1.29361177579
0.832061469746,2.84090347632,0.954244027309,-1.44014004356,2.12964732184,-0.293646077315,-1.23267202353,0.381080501728,-2.80283841879,-4.56475282219,-1.44556522509,-5.08967806533,-0.145165775144,0.00265802265076,-1.36401631869
0.103948199484,-2.36242213485,-0.377499723125,1.15509188550,0.0638355722562,1.84396901542,-0.293070718666,3.16719479045,2.83113755839,5.27500833985,-1.27318808955,0.0172503288034,3.33905317380,-4.06084077243,0.0110400358068
1.56184643795,-0.229688247547,0.382149786733,-1.08167892355,0.541229196984,-0.500070612240,-0.0153748394419,0.0127231457073,0.360190213202,3.91303715007,1.44390666112,-0.883798279256,3.89286364788,0.132372183118,-0.203758137749
-0.140219057609,0.931808542761,-0.739766688053,0.533343591143,-2.20386779010,-2.65260740966,-1.62942614209,2.18480264220,-0.796032819155,0.530919838611,1.12394757322,3.10208523683,-0.00838465381118,-0.161422294784,0.368913227576
-1.55974295409,-1.89723182652,0.00314964852004,0.599882242356,2.36149642555,-0.868445107432,-0.589036816289,-2.80376692720,-1.00650080617,-3.42282507190,4.62939681719,0.482982455502,0.864317195511,2.68250572115,0.982797923995
0.123411843896,-0.480503362150,-0.907630199358,1.02281834913,-1.10084974359,-0.420903013455,-2.27052347798,-1.92279724446,0.869135958019,-1.99743724583,1.25242767869,-1.31670162608,1.23154996039,2.72893923216,-1.07892906844
2.22095728710,1.33242681560,0.523600158538,-0.249727525317,-0.308206405501,-1.27645762980,2.18260179155,-0.0373222064667,0.314606510255,0.330406672471,0.0154663388363,1.85151062219,0.113386843097,1.23204317400,-1.38475138162
1.77095022935,-1.23134621938,-0.332396425986,0.0414036961137,-0.685441346261,0.120546832513,-2.02770833584,2.45895446138,-0.726944610901,1.07802933055,1.68671585388,-0.0262193952024,-2.65520697014,1.36443784763,1.33620276574
-0.595305845373,0.692100827892,0.301586508896,0.0292206924165,-1.00722357494,1.33050869991,0.889263208381,-1.07081931099,-2.55398252502,-4.01180442658,-3.13036428813,-3.69650787666,-0.696805596656,0.0771223920452,-0.678216813856
-0.920837619826,1.46151714299,0.476959020123,-2.21046183888,0.979062363533,-0.630424160330,1.23655971687,1.74221616363,-0.0232257772609,1.76712447861,-1.98223402361,2.50204859597,0.652620667234,-1.61047889969,-2.13305756165
-0.561503934342,1.29155378372,2.42519961104,-3.18389384633,0.978544412224,-0.818646637749,-0.138851916959,0.604974629799,-0.762805260471,-1.02643166022,2.08125646891,4.31132175392,3.42535511342,0.770616727065,-0.140603785758
-1.38760635301,1.42085335892,-0.749023073616,-0.890086303447,1.12101561409,-1.21660887355,1.53547244345,-0.539530239328,2.36557972749,0.317360374979,-2.08720328933,0.390973738222,-3.17917276793,-0.737851945631,1.42607812600
-0.432942253420,-0.0136013106936,0.559115071285,1.74664705323,-0.908059177113,-0.902668554173,-2.43155590243,3.34689117577,-0.0462037261674,6.05503461100,2.34180401248,-1.26233136097,-0.512403368630,-0.0783908542457,-0.246180997794
-1.46761256622,0.189538969442,-0.530868025050,-0.581264634904,-0.973197802813,-1.25769571896,2.41219506449,1.01847072681,0.962828179959,2.76323265355,-0.518627262165,1.16665424071,-0.229989720031,-1.20199692579,1.48848379289
1.25114430527,-0.868939355374,2.06232848085,-0.216361481345,-0.202958799233,2.22020172734,1.01123018698,0.845720079319,0.263423738032,4.23694232264,-0.709822716416,-1.77028047572,2.47758324949,-2.46111840006,1.54486193743
3.37674231867,0.304372886809,0.567702238259,1.56043761084,-3.09359191634,0.443047290476,1.58449485105,0.276304374990,0.449474278419,1.13700117594,-1.58964136820,-0.633132467962,1.11755927699,-1.51786027770,0.297663286774
0.155066801523,0.858183188886,0.557028419174,1.47171804230,-0.710748411633,0.399116303763,-0.117596910964,2.52520730674,1.00778832449,1.98275954676,-0.329055358167,2.69346031985,-0.993115731671,-1.88949938595,-0.565611667963
0.568416768363,0.119150629783,1.20777303801,-2.07424875333,-1.88049338194,-0.0953215892031,-0.492145793395,-0.226597832050,0.301422288184,-2.46087675538,1.37241686022,-0.292787244048,2.87194943410,1.40444609057,1.25213418588
-0.515866043315,0.285074540187,0.0247611246139,-1.44545906659,0.247572831594,-0.0731126323465,-0.818705837906,-1.65970290122,-2.04307566173,-4.86651842293,-1.14620458603,2.12328798056,-1.10854235561,1.23801028055,2.86808094725
-1.85959606698,0.268824943379,-0.0273979934727,1.76633052353,-3.04893761573,1.05848843887,-1.36777825269,0.0113644433827,-0.564007977781,0.0226149175103,3.69145456785,-2.08265621869,0.761127511446,0.784500315171,0.618337061209
-1.68637060114,-0.811869378133,-0.570207548075,0.0422966898182,0.833515457760,-1.48485705696,0.236258019570,0.0590299276863,0.976985468516,1.55275846709,1.52791277495,0.714015282550,-1.22392449226,-0.0434711636114,0.219368389063
0.0772893460301,0.0167278331487,1.12674290825,-0.842046970736,0.214770733754,2.03332114716,-4.83215275356,0.0894166080554,-1.72622560999,-1.25986724603,3.90269317096,-2.69331944971,-1.25955878397,3.49754461209,1.29947646544
0.147878177427,0.592165311003,0.897456398835,-0.00704405260260,-0.271034603164,-1.72360527938,-1.62789483820,-2.42325383713,-0.575223427904,-5.32983480424,0.519634351490,-1.18678194742,0.693695647118,1.80435304238,-0.704177557371
-2.16281282386,1.79013098546,-0.232012615235,-0.934495354741,-1.13065459866,0.116486108140,0.314040287598,-2.78215157442,-0.839970904392,-3.27530343705,-1.00907445655,-1.69281204414,-3.29504762408,0.170186709607,-0.137891862071
2.53621743480,-0.354037824352,-0.812503218113,-2.03289731309,2.01064071642,0.802725582646,-1.45067046964,-2.04263300787,2.83388523172,-2.74809619920,0.762088330563,-0.691151552884,2.66973433637,1.64656798723,-1.09471904637
-2.40799739166,1.72157489998,-0.185891351227,1.47100478504,0.838107812410,-0.416644128233,-1.58929637627,0.158481183655,0.807509757741,-2.53746239463,3.24510610164,0.564333743752,0.207356176504,-0.377805358607,0.551535918377
2.59729072649,0.198551456026,1.86607464308,2.26545642842,1.63230159136,0.269507080317,-0.538110882062,-0.739658896487,-1.41603267330,-3.08053738959,1.83583593382,-2.53282665377,-2.20512357841,2.35402820224,0.674474291146
-0.419760083273,0.648855868536,2.60560487326,-0.0404124857452,0.454733786731,0.0196354664659,-1.79055743142,-0.657100500765,-3.52579654723,-0.534106904220,0.462929873696,-0.132853777648,2.91382361371,0.568297087122,-1.49775477262
-0.390406494949,1.05729570132,0.619395468784,0.348327828288,0.988722745797,-0.538832008308,-3.59153180252,1.39953547893,-3.08320439413,-2.10072553111,0.640452514692,1.48358025423,2.78506923161,1.87517762912,-0.490210654884
1.45654684706,1.79905819130,0.755363340984,-2.86552663443,1.73823934048,-0.292054320892,-0.613961047926,-0.194225806571,-0.694336396728,-2.55048078205,-1.79872880314,3.22836827696,-1.97257209306,1.99138139020,-1.80559388497
-0.0733183357488,1.99106401359,0.377370720706,-3.02284873089,1.90645709252,0.636359786703,1.39902623443,-2.94804533665,-0.0823220091639,-2.83038153615,-3.57091029505,-0.618581185388,-5.01471534618,-2.29471303290,-0.849978014099
2.25590332209,0.900697210659,-1.84928976397,-1.57669487407,-0.0196351419646,-0.169141411263,-0.452205037758,0.633321317326,1.47866955404,-0.0555120767725,1.17896930089,1.50875286557,-0.814234583762,1.84229208740,0.980890255036
1.70911857989,-0.877194408837,-0.767043814914,0.0389891206338,-0.401196184132,1.10625013452,-1.84391820615,-1.25374622397,-0.502988551476,-3.52427231216,0.697493250257,-2.08536757079,-4.22932858066,1.58285749173,0.0751951226331
-0.000337346184723,-0.918188172286,-0.457491829595,-0.690035428727,-0.735348902031,0.483609488564,-0.659638778192,-0.381985944515,0.572051367393,0.734686960414,-0.0697963889424,1.46872957123,1.03959984523,-2.02003319978,0.289845205903
0.176351819910,-0.780599947098,1.17776043420,1.79748563883,0.256338296401,2.60100256941,3.40310850555,-0.210260786743,-2.02272884279,-2.41975740233,-4.36501702703,-2.75697708559,2.54113040249,-3.53945448735,-0.983111281556
1.10975792383,1.70638293047,-0.511927618034,-2.06992456646,-0.0107351996505,-1.80861556259,-2.78807721284,0.0242178001776,-1.70804225381,-2.48481474665,0.693215454169,-0.233944118681,3.18511895242,3.43169106669,-1.15941997048
0.895896835424,2.24758467505,-1.73320965252,-1.91310281185,1.34149418527,-1.85047063283,-1.03383621955,-0.472659611299,-0.579200991926,-2.66138720175,2.65721887365,0.998375556976,1.45238860493,2.11870884050,-0.968734958304
-1.17208330197,1.06654667716,-0.622132422138,0.134406747614,-1.37933151772,0.0645247563372,-0.988299084235,-0.231768156416,2.46358739253,-1.34760755252,0.00116662783670,-3.35671659892,0.985957816956,1.03897293925,0.0968469206534
-3.50611760306,0.392996549356,0.658486901531,-0.0305850654365,-1.64863770743,0.259517625033,-1.05561134960,-0.688306423899,-1.06149954336,-3.01796570772,3.50140694075,-1.63518716812,-1.00420874986,4.81132279354,-0.643869258770
-1.20004808655,1.58330286969,0.148863036396,-3.40875567054,0.612706245583,-0.472086860748,1.42977618459,-1.53771114268,-1.57825528828,-2.26126910016,-5.01466099511,-2.54203665964,0.618411421833,0.421332195393,-0.201572987831
-0.430447585046,0.470304821810,0.833917252920,-3.87434417132,-2.14892290976,0.143701932909,-1.13227347342,0.106014959710,0.887896356296,1.96016495097,-1.97316458947,-1.31282832409,1.68522261878,-3.80456795437,0.577645032280
-0.335975936917,0.214723259063,1.68956065566,0.123473050670,0.0664704308374,0.908473395360,1.34986551387,-0.492467544615,-1.25758320762,3.89481889300,-2.27318134446,-2.84388427061,-1.36695789820,-2.70695193699,1.63366541673
-0.390159061957,-1.75917841983,0.708548081722,1.99912862601,-0.116537037523,-0.483973211584,-1.34770397590,-3.06632376367,0.837769547862,-2.27459263969,1.15093883514,-0.980967211886,1.76657955023,-0.739234690613,2.12035825535
-0.746511212856,-0.937116285727,0.329389860538,0.690451476862,2.52824277581,-1.34553395697,-1.72485422958,-3.06847049993,-0.935639286267,-4.69096610991,1.80313265846,3.06918430443,2.03470430819,4.06086589386,-0.442416920355
-1.78054536739,-0.440563370815,2.92140698761,0.506807742645,-1.43005883077,-0.640148247285,1.00829659901,1.88141180539,-2.18139749414,6.65384277972,-1.94515226514,-1.58931733325,-0.731938619528,-1.14985693633,0.0402197206798
0.835798815987,-0.262643472365,-1.00605696630,3.32354035541,2.19577644400,0.393586176102,0.469841878163,0.451727666697,-0.223292639877,-0.148491190749,2.08738782775,-0.135041123428,-3.66537289635,0.389497591597,1.47468948856
0.452667986597,0.811981578422,1.14202630777,-0.561521786225,-1.77160973775,1.37460023451,-0.902159618212,1.26539681922,-0.345995325892,0.518828912202,2.14153111443,2.11741287798,3.09263811339,0.973640497106,-0.151769167734
0.291033437263,1.38312613120,0.00522846752704,-0.898608628813,-1.09044625289,-2.62443290436,-1.54933187642,-0.681125578607,-0.238379828024,-3.05031310859,0.699571993422,2.46643611061,0.282317439509,2.30225620585,-1.11685840721
-1.81513769823,1.85071375611,2.01983545955,-0.741794762836,-1.18203444049,-0.866936361445,-1.06476808428,-0.365924575919,0.535349775566,0.703577951009,3.07867591777,-0.136330296704,2.95294775861,0.180460410253,1.02563079561
-1.23205787623,-1.21789961821,-0.952746351193,-0.599480369113,1.03360439733,1.48454506367,-2.30627765313,0.0177934498485,-0.377652876580,2.96346701713,1.99788356402,-3.40515852436,-1.62271963689,1.40037090929,0.775283320862
-1.80788478711,0.668481624516,-1.69337296720,-0.249839135963,2.71518238972,-2.05051241049,3.03636911026,0.504627652060,-0.403298671520,-1.58375761580,-3.00536254182,2.68092232911,1.08756112451,-0.847021505580,2.80751435077
-0.729541338207,-0.0692357295317,2.00968942277,-0.134928956885,0.386146327610,0.249205528650,1.20892016135,0.555514776515,-0.748508059709,4.44454390012,-1.88529740051,0.982958610054,0.282697878166,-2.86573218502,0.567206280918
0.534674629000,0.120391089537,0.495936564020,-0.416851029821,0.526939471081,-0.828257369860,0.724836025807,-4.00212849046,-0.439255973583,-3.73875752974,-2.45989073652,0.666186823511,-0.390827897505,3.19375807394,-0.761455621603
-2.63233282957,-1.42183872418,-1.80105525786,1.56568234588,1.76432626242,2.49833723467,2.04748617852,0.966447149784,2.28173921609,1.47378868163,0.795677630308,0.625310956700,-1.68992989327,0.559165778925,1.11978438250
1.21258963787,-1.10056742303,0.637421823929,1.37939706677,0.0936604111188,1.93627895664,1.48574663557,-1.40451834258,0.164408337856,-0.422435477677,-0.0922276876611,-4.64085247842,-2.06984719409,1.55750616806,0.329916321983
-2.33512999363,-0.203906775270,-0.346523205809,-1.20216329119,3.81894231640,2.62796733736,3.88482441184,-1.95392462339,-1.26010264274,-0.263558295636,-3.33621831135,0.523518821145,-0.690186353951,-0.290532849790,-0.456270414896
-0.0383913356191,1.03766921127,-0.394653429283,-3.48981113703,0.560713047317,0.0868665646252,0.455572923228,-0.192505423451,-1.07082405308,1.29600108943,-2.16676797904,1.19236351286,-1.85518579133,0.259495459716,-0.863080384296
-4.25070972700,-0.0393815465106,-1.64527861832,-1.61544574316,1.27348334058,0.580258739547,1.45290916712,0.262824477370,0.800086845790,2.35399447421,-1.39729671582,-0.112036547254,-2.84704936354,-2.72044325607,2.30141005973
-0.671210216017,-0.0468829912522,1.04900824615,-1.09931197346,0.819796687387,-0.132354677164,-1.19521442621,-0.0823694795660,-2.27506810958,-3.28559141727,2.39070686260,-0.0954364450309,1.19064511428,1.15685573955,1.52969565661
0.924248535936,-1.84183913638,0.950576954264,1.14291699486,-0.00609559698389,0.898070751798,-0.458966213616,-0.922663744293,0.0527189445607,-2.44710838545,2.89519392024,1.13867328326,-0.720829992365,2.68210459992,-0.651228654261
-1.47979106800,0.644673998517,0.805918247749,0.924036106130,-0.582958538120,0.524955393725,0.992792119553,-0.605714607500,-2.47432082988,-2.38681017121,-0.0332744805736,0.852945719188,-0.878315840170,-0.238773626316,-1.22892910956
-0.473139243600,-1.36574516307,-0.146131885109,0.424118227295,-1.16455013035,-0.0923365194744,-0.214208628147,1.59557428744,1.33190719659,3.46635383543,0.144101076808,-1.33492808081,-0.235507921395,-1.32570175728,1.28552258204
-1.16963488305,-0.568629494079,0.746394945410,1.12055816001,-0.469959660714,0.169452500176,-3.27757299120,-0.878497109409,-1.69771392060,-1.38267786686,3.63098727507,1.18313518651,1.86360877975,1.60413258342,1.15872643133
-3.10477049895,-2.48167376126,1.17992274403,0.520347456118,-0.465186313738,0.593684648496,-1.29475110487,0.953920674901,-0.204149664726,1.54996362361,0.413652700225,-1.35652449984,-0.0764992240131,-0.378026703485,1.17731830459
0.825069897729,0.379664388387,-0.895862057133,-2.54999188332,-0.0917563423591,-1.27152944410,-0.774624469511,-0.104702303419,2.11693119965,-1.88574221108,-0.863673305986,1.86472988548,0.305940665841,-0.397839632369,0.0887445050729
1.15850399453,-0.155854589782,-0.00550816281158,1.15152972339,-0.592425423505,1.74567054176,-0.0236262121517,-0.871067704097,0.557726142702,2.98421592417,-0.0219746867861,-0.927555527500,2.72032535209,-0.235788366969,1.35123950059
0.583139624893,-1.84446476516,0.614197871051,1.45710977852,-0.0238885929993,3.09363849324,0.358034678404,1.40676943726,1.00564267522,4.53076070388,0.804428937954,-0.816142572253,-1.28159802403,-0.142434966462,-2.67502257442
-1.01648246170,0.859456702561,0.279682544766,-0.791204697001,0.0819099143263,-0.805013128049,0.808075167451,-0.404558828206,0.669827675101,0.291710172412,-0.464800976149,0.939512681613,-1.07163681919,-0.0515619081571,2.92166687914
3.86770084078,-1.01285591947,-1.56762774815,1.58583789551,0.587779673992,1.55959543473,1.83201763450,-1.26707723943,2.15620239650,-4.31481493012,-0.597698432396,-3.36610913405,-2.09577403661,1.91197627451,0.500203567301
1.96281192040,0.522738259454,0.946106131354,-2.70677684082,0.0267620068527,-1.18239588911,-0.719607065799,-1.42339368295,-1.93925612713,-2.64780171690,2.91463515781,3.01177492161,0.614020284978,1.99350616482,-0.587370869559
-0.540898791708,-2.93529654813,-1.18437107228,2.11487126910,1.55994869736,-1.15050056102,-1.87371122069,-2.19409980025,1.69545253478,-4.30020339088,2.49339503974,2.14464705627,0.788591402293,2.82529967391,2.10734503461
-1.84860554056,-0.355834894101,-0.883417052807,-2.75553295032,-0.786652700126,1.13835883590,-1.04527094116,1.17069405399,2.13889275912,1.06744890060,-2.08515386834,-0.103518913294,-2.01410704416,-0.285088016712,-1.18333031046
-2.45412084470,1.23363262334,1.61774425672,-0.852186223402,-0.870663638354,0.0655508931535,-0.344104331419,-1.30021333372,-2.98736938658,-3.07302439627,1.56350994980,-2.17916935071,-0.343470166505,2.14327980735,0.861467936069
-0.776980118726,1.08201213015,1.71186960220,-0.133326769882,0.368310968751,-1.57581030431,-1.94902370430,0.184061454551,-3.87820539203,-2.15089446925,2.35907977662,2.34187113358,-1.79020113183,2.09135243582,0.923347595163
-2.56995660665,-1.68668672250,0.353681665466,0.318991053209,0.852847897367,-0.507106556435,2.68204818787,-1.84785377263,-1.77787564103,0.227262419310,-4.26199139899,-2.57737932535,-3.07438220486,-1.41571452421,-0.227882531783
1.84028634033,1.39383082537,0.0707148656186,-2.07291398176,1.21342517252,-0.194283960792,-2.08864337205,0.416737522146,0.552641583775,-1.94351825525,0.927373724073,-2.46904563466,0.0639317303907,0.187192143128,1.90773906497
-2.30106407840,0.0890536614164,1.09552001949,1.02322899392,-1.75263843306,0.469771527579,1.36364452644,-0.961387345012,0.149545772936,1.12645263097,-0.764063275448,-0.640436048443,-1.27760347078,-1.19913188391,-2.22749124758
-0.146706497778,-0.160731366926,-3.07599553220,2.21073286099,-0.273185813737,-0.902020776326,0.155766871806,-0.736023559464,2.50146161485,-2.40640314150,0.652166343904,2.81761835532,2.08561853564,3.64541222222,-0.910725272381
-1.77256355129,-1.22112051452,-1.27185280326,1.10304101623,0.245502060122,3.09535126989,0.440977389846,-1.33660981823,1.90752416140,0.00512516671584,0.545224720566,-0.911234152129,2.35136540852,0.0840955689351,0.877070090324
-0.0747369777433,0.843172002605,0.464085899952,-1.58656486273,0.965116743224,-1.13598510405,-0.584454986097,-0.477721823783,-0.0121805747622,-0.643322651118,-0.458784832244,1.92761085493,1.57894766352,-2.18256355685,-0.180578714672
-1.14827785872,0.169648228956,1.65798763370,1.60519957548,-2.56672111459,-0.655688488149,-0.205741088240,0.404462834083,-0.777508660710,0.0688591569285,1.56298322585,0.803342638932,-0.606973143091,-1.75724162190,0.197873918301
-0.679157581073,0.208144317305,1.16392271867,-0.401699015564,1.40269564978,1.06950805349,0.291758290546,0.177937113893,-0.273179512383,2.40464399771,-2.13451057976,-0.228295001918,2.34176371353,-0.415596531119,1.18738233398
-0.832839465178,0.704085302420,-1.26750311995,-0.554843448162,-0.779926104799,-1.75097637230,1.23216569960,0.312011866435,-0.729892755075,0.530176109091,-1.17132479618,-0.234448134158,1.43085099558,-2.87942059177,-0.177100930605
-2.34782233995,-1.06459378179,1.11001724668,0.812281754757,1.43922138973,0.748131363556,2.43649267270,-0.956605241809,-2.07943621564,-1.17287421859,-2.30097986847,1.68677492301,-0.432570871758,2.97066825356,-2.11662938160
2.24785450642,-1.60969123921,1.70699408657,3.64052492978,0.276919082442,-0.751213517463,-3.32702500220,2.44130095258,-0.0371249868680,-0.147918638677,3.66182856812,-2.25218489023,3.00809862782,-2.74656626147,0.253543735381
0.922090678660,-2.16217023227,-0.923869158129,-0.669733265862,-2.71260806745,1.13358732527,2.52748612905,0.735381473575,-2.66224050898,2.13730435812,-2.72661439088,0.997018724333,-1.63817351505,-2.41739850091,1.16996128040
1.96630187126,0.169218156584,0.967793761856,0.0605961723459,0.283800303639,0.876627966167,-0.459678317412,1.15009329999,-1.89007331417,0.425600137488,-1.39775975131,1.11740799618,2.22979707810,0.801890969653,1.60383726035
4.21118156309,1.40116362688,-0.416659179801,-0.537934736795,1.00044146300,-1.38998932462,-4.15784025162,-1.61286766287,-0.134339698052,-3.41585836837,2.42441447987,2.41985573201,0.187496951005,0.938256374514,-1.14120778206
0.226319097780,-1.31608121762,1.03949793899,1.15897774802,1.73182538091,0.121508018561,0.00435400570101,-1.66900709346,-0.237399814219,-2.03328998135,0.691837146803,-0.897893223942,-2.07092169267,2.27366671661,0.225887888592
0.737877743481,2.18986535956,1.48429855456,-3.90042609863,-0.703366214768,-1.12922419539,1.82592963068,-0.303457538456,1.48392693776,0.456293194802,-1.94134884514,-1.37864515609,0.805288983624,-1.10368689641,0.122513923705
-0.0377066202539,-0.422461053660,2.04453491755,0.119137203468,-4.12112529370,-0.945373111303,-1.26721568389,3.26241344060,-0.230501598096,3.79544067699,0.603193012085,0.303661959352,-2.45407109287,-7.29986986969,-0.312169398751
-0.866241806069,-1.81575202254,-0.428762763884,2.92096585397,-1.68224445092,-0.773625659902,3.30597236070,0.248741445658,0.368843828773,1.04343108967,-2.31144458555,-1.67994044353,-2.39688664814,-4.07845480142,3.08356052967
-2.63375484200,0.342784965134,1.96508077926,0.416715779255,-1.29110295227,0.351653149068,0.152323185578,2.21540699058,-1.65788416622,-0.451973313782,-0.352652144390,-1.84124865596,1.64384654623,1.97076569227,-0.471493453746
-0.554689342540,2.01839355224,-0.650122594546,-1.70399757549,1.59133342835,-2.70147317635,-0.0732575054072,-0.00521388287335,1.28133986715,0.0636405353353,-0.00215068615007,5.17761436421,0.857804967517,-5.06847496756,-0.955050814605
-0.638846417272,1.99726224737,-0.0279737541219,-4.14944307913,0.828473548829,-1.64708120494,-2.00317745430,-1.82066075239,0.257909681021,-1.14797938111,-1.15329831436,2.20128280647,-0.298102910287,0.154801104476,-5.28504490312
-1.76471761188,1.67551688760,-1.48809402605,-1.03216082428,0.136159538254,0.188527111746,1.13373644633,0.802576850664,2.33119142836,1.98201441717,-2.66122168684,1.33923100339,-1.61398299158,-0.238047576695,0.283442911357
0.808753023867,-1.46358582806,-1.64523977749,0.568305502395,0.216115624750,1.15602520119,1.10536152166,2.59045179857,-0.218793354943,3.32506128920,-2.15960251010,-3.56327067390,-1.27383838780,0.171851950296,-0.0139149877654
-1.78882329877,0.0595567491683,-2.86704950768,-1.13718383422,-2.79167034511,-0.987241971873,0.178634395348,1.58421053096,0.969453829216,1.04780033500,-2.25401872669,2.46415562163,-2.76386133717,-0.835835990872,-0.823389465658
-0.573736915002,0.234119786689,0.821492626832,3.71398317423,-0.0226165995395,0.377717805170,-1.49005869707,1.81099988078,-0.677596218810,1.05921508686,-0.450100699865,-1.47976012851,-0.452117540567,-2.64303425623,-1.27515923864
-0.925714415979,-0.0316373122616,1.13664203135,0.746873173814,0.0906546919397,1.60336002277,0.666845363402,-0.675008704866,-2.25289847949,0.790852772311,0.287343066841,-0.655467622045,-2.95174162447,0.897197974836,0.0636106940611
1.10520108110,-0.486281813636,-0.0298456057994,0.211457634504,-0.580057422071,1.01350027180,-0.700295773381,-0.192618922844,3.07428404962,-1.08866474145,3.16593916625,-1.24936422128,-1.22322658761,2.22110948949,0.272983750265
-0.825510206719,1.19859247413,1.62855357991,-0.849303628915,-1.49454642477,-1.55523550199,0.429868654409,0.683743433480,-1.41291154974,1.06978300070,-0.181256818789,2.40080870391,0.578335236267,-1.73736663789,-1.14691451768
1.57855121483,1.25741426153,-0.407060519113,-2.00480569894,-0.413736308174,0.266043058773,0.365438935375,2.78018331431,0.539535995503,0.821164217344,-1.81512712144,-0.955070333191,-1.70113178347,-3.21178685487,-2.56935194710
0.147266544344,0.813026867229,-0.444939690371,-1.73124777620,0.867745629014,2.76108717336,-0.191582858000,1.65068067763,1.97284338193,2.83079029579,-0.164911331675,-2.32239135979,-0.885655205441,-0.305328602717,-1.63436265484
-0.941007488283,3.12459391256,1.03480742622,-1.73856071384,-0.548189078999,-1.24456158988,1.84138060697,0.0842479278070,-0.266059216292,-0.0567294058186,-3.41934065843,2.15149481304,-0.780540593996,-2.99503772941,-1.69999623968
-0.715481492974,0.716176473850,-0.00101818224721,-0.792701106986,0.160334975489,1.84323051780,1.79252661170,-0.810762135928,-1.78079523064,0.625470576535,-1.05603430114,-0.486721068275,-0.617167986273,-2.14984163879,0.424063969437
0.426575186046,-0.503073161928,1.01176166846,-0.148642053664,-0.324745783974,-1.02754119382,-0.0340793985544,-1.12188543093,-1.40236508376,0.353259707835,1.51123372169,1.67199862985,2.47291537188,1.43050996959,-1.96190296022
2.08772849326,0.550892442422,2.06144714342,-1.09912997730,0.283359199383,-1.01790511649,0.241468549339,0.955734038456,-0.665093034441,1.29959073716,-1.03186632740,0.848120306828,-0.695347003152,-1.43043260398,-0.508423745061
0.206340239687,1.88928621555,0.813669023380,-2.02674059678,1.70846693909,-1.05493667562,-0.894499726361,1.87010229527,-0.896100944600,1.86829385263,-1.72803699787,1.68368583849,-0.530887693460,-1.14905167621,-1.05643679985
1.24973133983,-0.0300756138446,1.77769460561,1.37843910043,-1.02641196726,-0.0409757979711,1.17273213209,2.15335590633,-3.42906274764,0.383925156978,-1.17459338078,-1.76890953667,0.914188453786,0.348736156122,-0.910083210750
-1.21131007421,-1.31876046796,0.212588055932,1.02811747424,0.825719623373,2.10748218692,0.863839546180,-0.719620091408,-0.384872523661,3.30023259307,0.871637450374,-1.33504390558,2.18517112207,0.204959975433,-0.271709225361
-0.565095601820,-1.07115592394,0.602843804500,0.124642145962,-0.951333955022,1.50861957387,0.495874574323,-0.662733795887,0.607188808110,-0.393507680903,-1.57052790070,-0.905208950380,1.61417265898,1.10819657691,-0.943263609003
0.210141140346,2.27011663175,0.907056589827,-2.71882568169,-4.71538863508,-2.00916604981,0.192631926544,1.85171194931,-1.29405344959,2.36823228755,0.105503218946,1.46734556053,1.14597866437,0.104602649034,-0.473483166547
-0.505738851937,0.843860909545,-0.0510867437479,-1.37158466701,-0.441220460141,-0.240722286919,-2.67277463322,0.842355039715,-2.04575825401,-0.363383840820,2.16898733848,0.00820118115916,-0.418208438266,0.691679240215,-1.01461979477
-0.337103515436,-0.809709720621,-0.290614291176,0.428156043683,2.31347831502,1.43209372395,0.495836695667,1.21708769769,-2.89086911766,3.86868393952,-1.07859430725,-0.653138437989,-1.02711555625,-3.65358457367,1.41086510094
-4.34432820571,-0.0167126303866,0.221028299397,0.196808364966,-2.20133857318,-1.62266566137,-1.08115829349,1.16078421062,-0.546012856393,1.78241881869,2.05529729830,1.04680676908,0.151011103924,-0.184867737720,2.13407475324
2.14890348853,-2.36211236942,0.729031590202,2.55433877824,-1.92680533081,1.26773809566,-0.607929632408,0.954913277011,-0.504054393559,-2.33243580277,1.45408853118,-5.13162010805,1.33465071197,2.87024554437,0.485363911201
1.78092849141,-0.608956728325,-1.18714473421,1.97493158479,0.210612087844,0.909404890809,-1.63890437430,-3.04290950106,0.0292789632037,-6.01129496251,1.74713497140,0.437708340242,-2.19121516839,0.0822160178154,2.90834135863
1.81112994716,-2.69082925112,0.932894248948,3.53041230535,-1.83314686502,2.53591809456,-0.885948587629,1.30599539604,-2.12381894149,3.94109898670,2.50479736755,-4.00830596251,1.46112788159,-0.255731463565,0.864222204229
1.77147522544,2.33784727332,-0.937566485588,-2.26838062721,1.94199070024,-2.80973898794,0.839544291670,-3.19347158284,-0.534934883870,-4.60059224301,-3.00335266954,3.59959929907,-2.88625155782,1.55111412208,-1.20904318140
-0.231111600296,0.278517939125,-0.622144751916,-0.264433956729,2.88787135754,-1.52048425864,-1.25251082043,-0.641824458705,0.379190860751,-1.30920898760,0.220788617904,2.40835556294,-0.108270146831,-1.90991487422,1.41503761289
-0.905681729368,0.749909235333,-0.390269833042,-2.68212580486,0.000421070569486,-0.240248567295,0.280085096612,-1.03273958173,-0.684223296740,-1.40705262602,0.349764120671,-1.70064178455,-1.67884763333,0.770676724057,1.20318777629
1.63272089691,-0.476871136413,-0.0547877977163,-0.300152462190,-0.953431494854,-1.29945379603,-2.20717846556,-1.26951302353,-0.175145069860,-0.816906434532,3.51370546298,1.30377522431,-1.04839731938,0.319972172830,1.57596727096
1.19062992995,-1.25809167756,0.418082322488,3.33567337839,-2.62343310614,0.238971035728,1.63802969592,0.332195349456,-2.52208821428,-1.93147412066,0.562050740658,-2.40692216948,3.34997237154,0.813431055771,1.34180558664
0.761555546662,1.48344236916,0.288302564092,0.0372353422974,-2.53831297836,0.388998805021,-0.695198481253,2.06922006113,0.381209052705,1.64513857974,0.447473158349,-0.124731098031,-3.37532065046,-0.115790245134,-0.622545277007
0.110432041447,2.39881304938,0.602943172335,-2.85165757852,-2.15143170169,-1.01522364083,-1.75379550158,0.641220795111,3.46812012254,-2.38813358128,-0.864759428564,1.98420464769,2.25358204103,-0.356452967566,0.628315434287
0.779696721644,1.17262309274,0.624383577787,0.517187489125,0.268374429908,-1.84152728998,-0.571419580896,-1.42752060525,-0.482484025288,-1.64919032279,1.92926942597,1.88689200344,0.926747186281,0.228053903674,0.0385274540226
-1.57904814812,1.47677883436,0.901600312802,0.0250715713499,1.20994340908,0.330133142573,-0.0394635044619,-2.02463568658,0.956878402238,-2.44782445941,0.848247987611,2.41902392528,-2.48760971153,-0.211917766786,-0.677575267027
-0.00908225322578,0.261904427723,-1.53418268087,-0.997194944327,0.240059777333,-1.49227722489,-0.620277830302,1.34182254249,2.14369224511,1.06266996650,-0.324603068321,-0.155559670235,1.38212258073,-1.49431499585,-1.43237386169
-0.123411790442,-1.63933747122,-1.67990133217,1.01799550994,0.763214157887,-0.0393562282668,-0.296974876378,1.08325149127,1.99766829708,0.626964341363,-1.13539342768,-0.385883338011,2.37066172488,1.14916924740,-2.03935591513
0.752338707153,3.33006334797,0.145529876755,-1.13217577037,1.40979114888,-1.40235089694,2.26866514794,-1.30652388770,-1.04796944722,-3.21958550874,-1.69959391674,2.62262046714,0.0822221127717,-1.90270667546,0.241833507596
3.38950965486,-1.54969740016,2.54468844444,0.739831004359,-0.917623112407,-0.137111682863,-1.15588393109,0.991034936569,-4.97277069015,1.98320020707,3.62788140291,3.77318685504,0.904066234151,2.04048398984,2.29453608976
4.04441394023,-0.190661856472,1.41796049249,0.761096341440,-0.865975829817,-0.366958224142,-2.17516122597,-0.621777060774,-1.12276179386,-0.0430260240084,3.25237318840,-1.64915459924,-2.51390505768,-0.474235710751,0.328927139616
2.08434565753,0.653458944704,0.310077420502,-1.71292783941,-1.29302105936,-2.65371392011,0.399236221514,-1.30544779957,0.139931228906,2.36241259376,1.48437008672,0.362321588845,-0.769865280910,-3.19869022571,0.799171417021
-2.43980908670,0.304937786354,-0.839190783385,-1.31675428700,-0.221557122515,-1.47579448324,3.50181564819,-1.17842792103,2.52828512025,-0.858362181923,-6.58136366295,2.38760774089,-1.00128940391,-0.537075697748,0.961166989615
-1.33334478792,-1.67300180431,-0.887996772812,4.32114471167,-0.810736163539,1.85225109737,0.815486819293,-0.584997619238,1.70206264232,3.02120983800,1.75521861309,-2.54404850798,0.0923999437609,-0.218490657705,2.51522782629
-0.606043831002,0.682011383527,0.454357839486,-1.71667401707,-1.32212141911,0.646752023936,-0.624818527617,1.43703448085,-0.912190725119,2.92840382982,0.893900562717,0.190957086901,0.803780414608,-0.417076038924,-0.0289315749048
1.00583092700,-1.92705452856,-3.41790093819,2.57074410748,3.21817422287,2.03758168554,-2.88275769970,-1.51529182432,3.95325338577,-1.88694630145,2.92116588066,1.14824510706,-3.60393512766,3.82839755850,-0.437434361615
-2.67026457839,0.967756282590,-0.195424440496,-0.484632011829,-1.69778576543,-0.249802191714,-0.705876770157,0.444907735819,0.883343024620,-1.13798522717,0.870221582447,0.958796503881,4.21549046467,0.763139011294,-0.880232053519
-2.16074808398,0.772358762617,-1.50581172798,-2.77573785424,-0.793421696589,0.00308465078545,-0.0759876655565,0.463625970822,1.72277958306,-0.982417202547,-2.53911242807,1.88298043178,-0.180490349816,-0.163272815342,-1.74128850267
-0.979581037723,-1.45590323233,-0.259865826272,-0.999742624830,-1.02130636365,-1.50445734410,-1.64282697555,1.77086286593,0.254963639892,2.38341924130,-2.11082479008,2.82059464582,-1.57729292280,0.0831978183370,-2.03026118981
0.798709357509,0.404105375666,-1.08772456101,-0.441340063569,-0.274635010845,-0.330650684180,1.41271769281,-1.24316111663,2.73475254840,-1.10399339458,1.59910042500,3.43917940432,2.13508990220,3.12407327340,-0.616627297815
-0.544342705011,-0.533697394862,0.752523830759,1.11843339406,-0.740691303641,1.74769997517,0.212356148463,1.86157146088,-0.00778973757274,2.91340779032,-0.957582380551,-0.156554001204,-0.793350613116,-2.53030276670,1.17845714934
0.377699783581,-0.326093576080,-0.0494390495260,2.00764075010,2.10290477681,1.67419634523,0.812152164821,-0.0568728619349,-0.692387576062,2.10678482878,-0.793107442501,-2.19889716154,1.57389065308,-0.349299056348,-0.137123608444
3.80959684617,0.518902138113,-0.234049622936,1.06776489440,0.180999239298,1.83021689278,2.70033788346,-0.261640190027,-2.10921654379,1.63958761765,-1.43012789294,-3.59966662570,0.544227448972,-3.39535974142,0.661628984706
1.87308011112,0.681275781725,-1.75225811045,-0.221353443575,2.88426601352,1.33413938748,0.178269673284,-2.04503022638,1.20634323672,-0.408575377226,-1.50057773660,-0.0547898708184,-1.44051983308,1.38512701040,-1.35648832597
-2.20099272477,0.648319265759,-0.764375291427,0.202906225907,-1.32162942216,1.12101993860,0.136740995537,-0.566092649929,-0.568114013181,1.60041264018,-0.937227025287,-1.56879626222,-0.351945867836,-1.13188980548,1.04912946687
1.84227204694,1.43863214247,1.76966485477,-2.57879789610,-1.72367742501,-0.358656972232,1.20984285838,-2.43396780515,-2.47176765864,-1.92715826209,-4.55131547232,-0.891240364109,1.93961769752,-1.91315589019,0.432791033844
-0.214746935114,0.493206496025,-0.166770822044,-1.15073664448,2.02885123690,-0.474262929937,-0.947098723494,-2.45592724477,0.430779310532,-3.46798726360,1.16122916468,-1.04263935909,0.568749161177,1.52344551070,0.547920528033
1.90262761280,-2.32522089854,1.86863835133,1.85181962681,1.38633077875,1.82308689162,-1.87814389965,-0.660510501696,-1.01065093160,-1.04572504655,4.40957255694,-1.90492344752,3.65194217855,1.40328055124,-2.12285110845
1.92192977251,-0.469470759744,-0.315005799632,-1.43583854723,0.658046517331,1.53370608016,0.966402362258,-0.762465252553,0.488274285785,0.0315682752665,0.881127631182,-1.25638252921,0.534997746179,-1.87606984651,-2.60724795766
1.74875985702,-0.966716640099,0.442542640259,3.51491115006,-1.53202873302,-0.784551839308,-1.59956674058,-1.79606540455,0.0793121263271,-2.33370491842,1.71399939811,-0.0150953454715,0.814002484509,1.03356850995,1.99537120156
3.45156513460,1.46612500485,-0.599526089400,0.208506077563,1.33371600989,0.0868866369573,-2.69867627498,0.517269692983,2.32521273312,-2.09529526850,1.24418360930,-0.638173243534,1.49912854965,0.571403248231,-1.85096505287
-1.52947844079,0.556807646943,2.82471443193,-0.452818244665,-2.02520021937,0.733603233615,2.04480907802,0.245328764411,-2.41700489830,-1.67365196747,-1.14511386927,-2.14055600367,-0.496118578844,-0.0722196383200,-0.447762135940
0.167936311038,-0.0146129142605,-2.27749965294,0.282174265683,2.29474034878,-1.67420025709,0.691828012941,-1.57090541708,2.25896365903,-2.59867347294,0.423173306211,0.554567096128,0.701868271592,1.21528953639,0.417928395459
-1.19215909173,0.618039705102,1.65590966223,0.169086506907,-0.474232451722,1.12994779426,-0.406995034137,-0.319881487740,-0.747140027263,-0.426344716079,1.82553280835,2.61839508834,-0.960643598092,4.03193696505,0.410215480660
-0.130563666773,0.874944860253,-1.55869312927,-1.15428275011,-1.02903434922,-1.75131652755,-0.138864932939,-1.65946093034,0.945482208990,1.19329269138,2.14649513434,0.0128905876196,2.19273615782,-0.252420207442,0.665959014572
-1.87411714337,2.08911891017,0.108932840838,-1.10790647148,-1.09633189965,-0.384065049755,0.333472066875,-0.528348374401,1.77404307142,-0.468503252020,-0.801631686304,-0.565785226352,-1.61083668704,-0.566015544200,0.918267359777
-2.19479859284,0.928319725927,-0.333012679127,1.51812743233,2.01945221336,1.80911732063,-3.30494750564,-0.703463257658,1.52252664350,-1.85999134958,4.40680405214,-2.66771272427,1.11357420113,4.07395199728,-1.64722841749
-2.07372127107,-1.47218535438,-2.67284976729,2.10009827589,-0.442707427219,1.48795624231,3.53523210800,0.531031176053,1.09081293518,1.39686925002,-0.0379011060157,0.0797532023258,-0.510219957328,0.442672561533,0.447264159982
0.804692890832,-0.439093561484,-2.81396900187,1.86357328920,-0.334220304102,0.428581708983,-1.88609239854,0.644341410322,1.92320650200,-0.0561486244387,4.07501493388,-0.823413946859,-0.714970844997,3.09043774944,-0.842626187460
-1.58074169548,1.05483873623,-0.543034485448,0.734181900667,-0.781309870194,-0.402499497943,3.61000210701,-1.50129232780,0.153720277022,1.69558169922,-2.03039229111,-0.219972676823,-1.11150178681,-0.103249726685,-1.53241238652
0.440525802459,1.33686648391,1.13401462892,-1.81422153336,0.474973714277,-0.855926343914,0.377487306580,-1.32805426417,-1.84332298543,1.42608756284,-2.27990078130,2.06149549974,0.609119961866,-3.60119245656,3.51578967985
0.332242694391,-1.33727440594,0.262570067784,0.790323842464,-0.513080259807,-0.768672711859,-0.822806622877,1.27758458418,0.0489870526230,2.01453803617,0.0263650381098,1.23553932425,-1.14446864003,-0.916972372827,-0.352964393471
-0.850705507776,-0.372442751652,2.65083166669,-0.00179896377912,-3.26329540009,-0.367394269701,2.48965475905,-1.15778302761,1.25583676304,-1.51894908935,-0.868334156339,-1.40161719510,0.491049627824,-0.520586914471,0.555667344419
-0.392185846378,-0.944201073998,-0.764644548521,0.382085061868,-0.513090164665,0.308842478632,1.18120593398,0.452284074435,1.08207818890,0.443519582746,-2.14334605295,1.01235991982,-1.20461812872,-0.453093330222,0.937626017966
1.97258632791,0.602760058969,0.896993640927,-1.21990112927,-2.39581207515,0.333626989384,-0.933083237141,0.482238011879,-0.730589435773,-0.0287876221062,1.87396863077,3.57048106146,-1.87974776680,-2.31659226197,0.851557044499
0.248326900641,-2.11132400537,-0.271186877405,3.46263927293,1.16630549564,0.172838550205,0.335837085230,0.803635628584,0.0712140794562,4.69433320639,0.270179874606,-1.43013629166,-3.06641819182,-1.97425129697,-1.12397061574
2.65092994835,0.541460559291,0.899956727896,-0.818375915826,0.598547823195,-2.08072840069,0.365993801901,2.14766486322,-0.842540089035,3.12539629039,-1.51602794537,0.863955917095,2.46594883326,-0.535831255757,0.411314557547
-2.75431010807,-2.83955265233,-1.15109234394,-0.311858498024,-3.13727186304,1.24028544250,1.11985819328,-0.141069923134,0.187249402962,3.78586294994,-0.260035762830,-1.80643369356,-1.31237465306,-1.00414270850,2.00758851768
1.01315296109,-0.199085868125,0.0928246784101,0.524872824221,3.21827904252,0.705516402233,1.91582909949,-3.48550717496,-0.0287616876642,-3.53434262089,-4.02516022856,-3.10041947698,-0.409023017973,-0.884971724087,2.29075204188
-0.850357365686,0.947659590659,0.371059748927,-0.505649902563,-2.70523271729,-0.218976579438,-2.12154939588,1.11421309213,0.108266030519,4.66137994026,3.01281232576,1.70837277058,2.15542722364,-1.63752094948,-0.605865534594
-1.28560605818,-0.625565465040,-1.58683792163,-1.40388196632,0.576566823840,0.958691744810,3.35770481367,-0.238171787650,2.82816456647,-1.74766322903,-5.47647505628,1.24259266523,-1.65184244769,-2.62897183126,1.12444234085
-0.394897470231,1.36370171512,0.758428940124,-0.766619639575,0.202655870307,-0.750964220412,0.0299949025596,1.07423060991,-2.15127736614,-2.17672709974,-0.801017669549,0.926975026851,-0.382882223767,-0.623609448002,-0.760039113625
1.88566221542,-0.275865293931,-0.565270209112,0.378357816334,-2.97033324424,0.367229093084,-0.354929402958,-1.30304615146,-0.523923257247,-4.33736879657,0.636555870926,1.25745012258,-0.517990803221,0.858116729285,0.636178079205
1.50162694819,-0.256410161990,0.0341266854416,0.233011922723,-1.85305259944,0.548621891355,1.58116203878,0.790947850953,-2.41692449778,4.85880194256,-3.48476832714,-2.71376276360,1.59969215017,-1.74893158395,0.106070512442
-0.984747427091,0.729791930558,-1.51514800174,-1.93334181528,-0.875568488770,0.910803304535,0.336835483761,-2.43398941064,0.383400537717,0.447794764734,-0.441259477705,1.29841248485,1.28930194701,-0.844039006928,-1.51378830237
2.15268873912,-0.0923370198731,1.58365376134,1.62409177569,0.958742686918,-0.189793020531,-0.0166081952937,0.309804493341,-0.117703764187,-0.867586320860,0.765243877426,-0.00568548775407,-1.61819861349,1.01844351146,-0.336929400779
1.35498216030,0.393339598201,-0.857457478968,0.911748928292,0.178656897743,0.289972227840,-1.19162079689,2.58061115601,1.37409150484,2.57751625652,0.784663507584,0.749268730149,-0.441673342891,0.290499681546,-0.381454425233
0.994823518424,0.377175996993,-1.25199487853,-1.86968807609,-1.77641609587,0.148606261681,-0.928472666603,1.18423848923,0.401968866296,0.969869907833,1.44040504068,-0.551866648603,1.45292650074,2.63487272007,-0.923982924044
-1.45501334820,-0.625550053059,0.708779381099,0.734354963810,0.361858404445,1.93482514058,-1.06670132368,-0.670989052119,-0.488402570499,-0.790286110056,-0.557804924784,-1.26317065414,2.78348419178,0.292314266506,1.44523665358
-2.40443893417,2.23043453646,-0.781330682911,-3.27416551520,1.85216257040,-0.204487376924,0.836477715035,-3.53730362210,1.24435707123,-3.61234698526,-0.524927378328,2.63817374679,-0.201035802738,0.381246493706,-2.26363202949
-2.02392295969,0.117419743727,0.122224545538,0.344941399234,1.42803760721,-0.250113431414,4.01289521352,0.569760362412,1.71532766931,3.84103140334,-3.42742079965,-3.23137462967,-2.57390464793,-3.54402062582,-0.143912831709
-2.80030159555,-0.728162746638,0.889354102105,2.30222965697,-2.66397465567,1.04989165403,0.295132039575,0.296904734189,-0.221525129369,-1.63771421422,3.10687680389,-2.31010805424,-0.0975718358996,1.20204586315,0.862292511441
-0.994655810956,0.654874538284,-2.26652220329,-2.06855280154,0.932004976625,-0.135609865191,1.24703816820,0.294883798086,2.22568489979,-0.914388263144,-1.17976358053,0.858666543530,-2.24794993135,-2.26267832323,-0.238501972302
-0.941954731396,-0.631757304513,-2.23974505090,2.53627569704,-0.491784864867,-0.0596997756373,-4.13266888263,2.16525616196,2.00209397052,0.865579486658,5.03011027054,-1.78097380331,1.82234207234,0.890498291844,2.21078079976
0.558514949653,-0.710478090794,0.746734430160,-0.186552640701,1.45440911248,0.459128798199,-1.68168523632,-1.70314843584,0.288633443472,-3.85376344523,1.87295841507,-3.63726816609,0.933849840472,3.39927871959,2.21269980941
0.892993120583,-0.865915687124,-0.882462947346,0.0736286226618,-0.129946276808,-1.21989904384,-0.0998287395730,-1.17850912017,-0.848172936148,2.06063055339,-0.0648683046454,-0.401066079659,-0.0617463538498,1.03912488564,0.917710187952
1.74649497852,1.56238226395,1.12251011639,-3.76000715902,-0.199332903540,1.12438566034,2.22068614253,0.453478828436,-2.51805532381,1.63300022211,-4.46086631471,1.07133367556,-0.312864501554,-2.58455251403,1.22635175582
-0.933972067790,0.101592501574,-0.704018306158,-0.861604135192,-0.737250082841,0.0967014169346,-1.75910873564,-0.868780221784,3.60192305866,-1.75537404308,0.0160527674499,-1.17472753393,-1.24539891848,1.37898460736,0.706919973238
1.70661082887,0.828298218244,-0.316133091038,0.0919052306115,0.129624847327,-2.22317579599,-0.120637750073,-1.09117990306,-1.06151315650,-2.66856393901,0.362674858249,1.20296179194,-1.71370405523,0.653251281029,-0.426081605088
0.422482123966,-1.90377831139,1.00049573417,0.0528244554864,-0.562931420925,-0.151530787292,-0.251433045806,0.154243385161,-0.753820004714,2.15473810511,0.421662088813,-3.41120649281,0.0955595580379,0.0751775092934,0.807106278313
0.0273493464411,0.150254185496,-0.327983247865,-0.201966188335,2.46482264943,-1.36571052792,0.316886794087,-0.485978523095,-1.01233947262,-0.268997760084,1.19097118875,-1.76027299995,1.26593101292,-0.490462744375,0.179157023113
0.282910347340,0.304444991060,-3.31902954677,-0.799023813182,2.87976985008,-0.390555636861,2.61702541325,0.0494419498471,2.23676042613,-0.964590498308,-5.80969207515,0.997282570204,-0.585614870152,-2.60214860777,0.493190713441
-1.27238204144,0.459667363934,-0.329439735730,-0.861784063116,0.147556463424,-1.22654145231,-2.23685846459,-1.90585844581,0.0948852625318,-4.98359429201,0.498423111215,0.0423053848012,-1.02192817168,3.50692792159,-1.85907863317
1.98629325492,-0.316900175800,0.290014383456,-0.114254841141,0.483227807231,0.991880517184,0.500947142904,1.78294800498,-0.710522523860,1.54992428237,-0.571422912778,-0.954623397647,0.101297595895,0.0511678316837,2.88806094188
2.49630969766,-0.653535236292,0.293254847142,-0.218634624511,-1.08446619330,2.62576753384,-0.604425924410,-1.99212236288,-0.358271831563,-3.19923822473,1.30084700019,-3.63792170681,-0.750981106855,1.65851075802,-0.809760556633
0.227309574181,-0.387714599388,-1.60505069817,1.01575989695,0.656528373669,-1.33094843716,5.13660099410,0.996407156754,-0.530098866907,2.12176478924,-3.69236080504,0.121684692077,-3.24171883349,-1.69518500656,0.228224869166
-1.98570425432,-2.15705249465,1.54546667564,1.02653828602,-0.0791133480986,2.77445856416,1.86469494894,-0.873467441364,0.0630798023687,0.893585333548,-0.222084258291,-2.70212965927,-0.0139094134266,-1.04498704078,0.993344585040
-0.483262641681,2.18505917593,-1.95735316601,-2.27043837541,0.742677287085,-1.02493646926,0.0219782480237,2.94670755395,1.76852665095,0.483229018771,0.0405644421247,2.55673311607,-1.36052771032,-2.39028158568,-1.02790772306
1.24676958206,-0.393235619861,-0.713306761418,-1.11728933196,-2.08663046612,1.10115970089,-2.72231482169,0.172050962777,1.74000168171,1.90523855797,3.29112269297,-1.61374300469,1.35496722075,-0.730892540824,0.481018015432
1.89425179716,-0.411105481305,0.286836678169,2.56808966545,0.835630743470,1.94458089862,-0.927053796982,0.270810560548,0.766185787613,-0.0916679220303,2.05015896805,-0.971805846328,1.13924641224,0.384278795077,1.35137156686
-0.326212631371,-0.181185001189,0.191818007713,0.462147522273,1.95131549732,-1.15914969616,-0.353024339035,-4.29608164968,0.164588694703,-7.89415155504,0.505210097090,0.741312384645,0.751430514472,1.87693163698,-0.463781587850
1.51117936812,0.0634177408702,-0.873212925404,-0.0835501768693,0.428359886511,-0.488727351524,1.36322870390,-0.677178900356,0.786705404447,-2.46382502054,0.438542247336,-2.68754600092,0.633873767505,-0.334885467466,1.24233976594
-0.237804073970,-2.09219029915,1.10539027341,3.39368261021,-0.768212322116,0.115112290910,0.404554060441,0.186477303987,1.03650363877,2.08686508437,-0.305074522229,0.859125865927,6.09316140267,-2.11251265606,3.06512044775
1.06359428034,-1.78677878409,-0.659998967606,0.273823300936,-3.49232471796,1.61473333798,1.27218647032,0.776582497085,1.13089809557,1.51520256913,-1.14980905708,-3.01860960496,0.209499824242,1.75449078049,0.670501559153
-1.70068129830,0.818602961571,-1.28674451226,-1.47209149853,-0.856339169342,-0.633092245144,-3.21311604915,1.04639938732,-0.886689097838,-0.385739622088,4.82599516394,1.53918506905,1.39174254073,3.25235972338,-0.334246747823
-1.07820882169,0.266181782753,0.765250497696,1.15664706747,0.606886276067,-0.623101090685,-1.63881902194,3.94971177207,-2.76720252248,1.90739295210,4.04358449407,-0.0955093284391,1.86765873874,2.06576623977,0.952654997880
-0.362675657012,2.26025513656,-0.920739905757,-1.71289946964,-0.0907587057715,-0.240974173680,0.0163405893972,0.321002513623,-0.318203020399,-0.427848974889,-0.429845549708,0.236384037164,4.42975608948,2.13018978991,1.43782442390
-1.64677348925,0.419774200955,-2.81526722096,-2.15905933726,-0.0250308992792,1.19021479923,0.295162955409,0.0666600863245,0.662959208786,1.57939122605,-1.17005364103,-1.14028227997,-0.802996762333,-1.61371323609,0.497871752343
2.37795158370,-0.193933473035,1.02102941515,-1.52688410273,-1.84380332705,1.77700671279,-1.55460016151,1.69359517217,-2.36705216366,2.18271237565,2.89476411492,-4.51834878240,-0.995919094863,-1.56078999555,-1.09859057055
-1.00534848334,2.00127829177,0.672077566653,-1.57563209823,3.72167426472,-1.59583340169,-2.56812826730,-1.52258074721,-0.915602789959,-2.04349184989,3.20105958139,2.14353152326,-3.66386082321,0.912393619344,-1.08521923710
0.927685649021,2.70928721640,-0.390333291952,-3.13566980613,-1.25066788846,-2.08426282072,-0.0749244556156,-0.724699655129,0.677479195950,1.04253280173,-2.13504860387,-0.450516844012,-1.01523516372,-0.494573525851,-0.234346000529
1.64482894736,2.31438291208,-0.492864280254,-1.17096224691,0.737540788628,-1.09773886282,0.269805105189,-2.56742600120,2.06011471921,-2.91783830738,-0.963977548891,0.714059835724,-0.169849811166,0.977477480887,-1.84639890644
2.56947497016,-2.43395206474,-0.729112031442,0.313457976982,1.90247613953,0.960776547342,-0.724571111882,-1.12231310697,1.81989042510,2.18497268150,-0.00947001239297,-0.403080869300,1.50615547281,0.692657963419,1.98537792645
-2.19894937480,-1.50076050109,0.147509293596,1.27204650395,0.0335351457021,-2.00229621062,0.437230199852,-1.60028509736,0.638750263564,-3.11204324683,1.71284247093,0.906285786314,1.24321206122,2.08863779959,0.478835068353
0.167382371608,-0.666041723597,-0.581966678526,1.29393268755,-0.383139042588,-1.28297745472,0.453424136366,2.06552761637,0.771330918932,0.148702928740,1.18158429658,-1.24756038789,-0.512774693794,2.03138791677,-1.75240640489
1.02246276597,-0.159789034982,-0.633555422917,-1.99445858415,0.171199309591,-1.71559136472,1.97445199919,0.892517761107,1.88927681494,0.668171848168,-3.29695797211,0.738130529596,0.733059062741,-2.58589687286,-0.0984224609698
1.26089415391,-3.51447630244,-2.41812370081,2.81740551747,0.490455794741,3.95445745412,0.102361455600,1.75221654221,3.67417354444,0.242687262184,2.61208082659,-6.27690392721,-0.833446264208,1.55716475501,-0.330155409369
0.206660244443,1.60903989665,-0.353875733377,-0.165091946969,-0.185585915668,-0.630442657992,1.66315652240,3.05118416752,3.04620620224,2.75439627868,-1.14659394482,1.09018709797,-1.78348716654,-1.00847728127,-0.116498688701
0.566023531092,-0.647221110548,-0.114265939699,0.968831506987,-1.87616175214,1.05178010957,3.55415141714,-0.0199923344102,2.03026160809,2.82648005679,-4.67641556643,-2.53838832714,-4.57894853707,-1.54015618627,-0.783578048890
0.508521516773,0.665226419277,-0.419473664268,-0.674023299009,0.108900811928,1.23349571741,0.0913681417325,1.67530467153,-1.14879282761,1.01761721865,-1.49696988951,-0.263177459919,4.86885769544,-0.587922171282,-0.257884898234
1.19085005307,0.691683619918,-0.238243994952,0.279121445704,0.984396639207,-1.93822357786,0.854643726943,-0.483940446235,0.828157603213,-1.71123504113,0.703117714970,1.43961662942,-1.77385121283,3.79530442980,0.0397047244457
-0.837554498105,0.305071215318,2.39149544770,2.52751701412,-0.0978497554716,0.830852686832,0.367548458178,-1.51850967745,-0.0366000755755,-3.50632214733,4.54723069526,-1.09401432142,-2.15364036420,3.53661080758,0.278581074941
1.93295124742,1.39620079881,-1.19940967230,-2.80398380649,0.856751884061,-1.05336431725,-0.176126637635,-0.303585993473,-1.31274232788,-3.36236788668,-0.298603874283,0.671218996456,0.379731393556,-0.219417722170,-1.29354433107
0.182124622967,-0.568270406418,-1.10099726689,0.401055534910,0.434836513706,1.01341281011,3.25256773495,-0.289354280356,2.22485549073,1.04890069236,-2.64633509245,0.253696484733,0.385238585923,-1.12788217969,0.0818113107640
-4.70205962515,0.313048340059,-0.712270093979,-0.841019373126,2.04190378478,0.205472272060,-0.125747898580,-0.355251924150,0.495339783255,1.67578916179,0.460369057919,-3.50797414122,-1.09455996122,0.321736549708,0.573918503471
2.89853044580,-0.238441018208,0.0231176507722,-1.15303325466,-0.273639767643,1.08630333338,-0.794853721349,0.796686650598,0.928347776064,-1.18546271245,-0.251994946170,-1.33107591756,-0.192438243524,0.530350977770,0.390944929927
-1.02829875868,-1.46157685484,0.301956260136,0.934835523917,1.73118483346,0.887733925688,0.377919336046,-1.92653143830,-2.67273969823,-0.704093130675,2.81687404111,-1.04090239618,0.149304197214,0.472966541715,0.223085793391
-2.36522409541,-1.98171185495,0.367599209453,-0.396322074370,0.137175274780,0.984513111030,0.254465340096,1.32833985715,-0.658109379539,2.38474045209,-1.33156530124,-1.24496549960,0.733982890209,0.450698142543,0.713399170824
1.31956915337,0.219444805804,-1.08153651674,-1.25083425286,-0.706824417026,-0.794018167132,-1.34972307688,-0.806137873589,1.77989744377,-3.59914084717,1.17798234643,2.70512788531,0.894395672067,2.79754067739,0.796414131740
-0.999906105534,0.637014272152,1.46594644412,-0.544226333516,2.88747989416,-0.0423196390602,1.51991252497,-1.47675520890,-1.47033374433,-1.24009096160,-2.11560851951,1.82992256526,1.60618931420,1.16868673706,-0.833702055083
1.24378888156,0.564298855492,-0.275399425679,-2.56420464163,1.25971853786,1.05265690869,-0.839336351697,-0.557001286524,-0.879377409795,-1.56104307058,-0.143957129778,-2.06400223012,0.886440228121,0.766023511586,-0.621770060343
-0.863952169864,0.765378475565,-0.825694200581,-0.780141142096,0.992452723189,-0.227544603533,0.790905156175,1.70305263173,-0.487096045278,-2.65136326346,-0.749378525989,2.62860345601,-1.82720733397,1.31951570614,-1.00996990084
-0.848262344571,-1.14876031776,0.687194628531,0.507504287120,-0.984463736455,2.06383262798,1.25197999893,1.80020122504,-2.23453734161,6.06859914814,-1.74093010420,-1.65201712461,-1.47795932398,-1.76143451309,2.95416281140
1.06380757582,-0.496490362785,-0.418000528948,0.618516970514,2.27117062263,0.0622040889644,0.604641005104,0.485161401932,-2.03618523875,1.14460538212,-1.56217006446,-2.50484174905,-2.58799416404,-1.28385621977,0.628725969516
0.286354537582,1.24938201986,-3.17651136178,-0.489401293616,2.41909169456,0.747937708696,-0.951790663162,-1.88519793513,2.49821744611,-4.67883490100,-0.660969914151,0.387991847150,2.59601675577,1.43366197866,0.918074224260
-0.598078078382,-0.726327310434,0.704712059968,1.38103784083,-1.32364682068,-1.81936998637,-1.14044420074,-1.13558048167,-1.25929344639,-1.80831742819,2.65380746643,-0.252504604092,0.558511496976,1.27206114200,-0.252690935136
-0.359340535510,0.270557425056,-0.695969592644,-2.06780983316,1.31337396348,0.979680505646,-2.82533380474,1.41284355373,0.630655133501,-0.216102788793,2.18015180368,-1.10807902605,1.13450462920,0.791942072798,-0.194849751329
0.674280587713,1.51964384585,0.744347971924,1.38945763596,0.194469881738,-1.04007437726,0.730016194235,0.0278804222370,1.05061368757,-0.643063157473,-0.230352835587,0.201413187644,-2.75794457365,0.00516984296460,1.94786942316
-1.24534767888,-1.30880442991,-1.88651316560,1.91277226904,0.485681672134,-1.05428997323,-0.860228196576,1.39296356345,-0.470152327630,0.283930767416,2.40853207410,0.522148698471,-0.872711662708,2.75095727329,-2.77765803638
2.46634212409,-2.35621968008,2.99085472080,0.584710487574,-0.664621795428,-1.64449876185,1.00410539841,-1.27858568819,-3.11024102223,-3.35362426777,-1.37817875973,-1.46293741730,-2.44473033350,1.77164961706,-0.558586180580
0.996405495662,0.796768074367,0.947608904346,-0.640431179899,-4.31948478578,0.129190135754,-0.976242308479,1.21422793235,-2.70454176203,1.49279313344,-1.86181715715,0.862805192528,2.38507339570,-2.36528863751,-0.524060570543
1.33707310935,0.980254062005,-0.581075399202,-2.03716014271,1.96990341583,0.373203880397,2.45009503518,-1.37610347981,-2.09457960594,-0.168874313319,-1.01700217059,-0.280159338215,-1.41842858734,-0.511857308080,0.0849692062997
-0.809149317885,-0.147716028849,0.880920256514,-0.377591249318,-0.163781436159,0.763847575729,2.79550678076,-2.65773741280,0.0791259640963,-2.16455804784,-3.66789291316,0.328249542501,-2.35298888036,0.756189107424,1.26362771630
-0.0657317077529,-1.91299033835,0.678500376490,3.05234481261,2.44584505522,1.59093895505,-1.60850721071,2.29498501816,-0.132603120958,0.950096719299,0.937851796414,-2.49154262911,-2.10057229812,2.20958896928,1.35928773674
1.23220137297,-0.542716365748,-0.359221133394,2.55229296631,0.225675728101,-1.21947496803,2.67899713043,1.92788189568,1.80924018172,1.85055444899,-0.835556850458,0.406315681920,-0.857110412243,-0.384406833660,2.21682786493
-2.25853781183,0.0581670748752,0.914255504129,-1.64701521979,-2.95624731459,-0.849845081289,1.16263205191,0.195091833519,-1.15981195222,0.691405718051,-2.07700999587,1.86829005971,-2.06033754927,-2.19068500411,-1.07663587464
-0.482023310416,-0.722941037393,-1.30371142646,0.314672672975,0.892926275767,0.448016873451,1.80374864567,1.62263279460,1.72006999286,4.51813092497,-2.28386905650,2.55120562056,2.42846897556,-0.959312876683,-1.62704114918
-0.0737636340393,-1.39281841543,0.569990670829,0.752420084591,0.720005149795,0.265540149703,1.01696956810,2.41626346218,-3.90191508496,1.36677800071,-1.01920302890,-1.59652740382,-2.55851553440,-0.867314644864,-0.626715916486
0.738727645535,-0.208315822905,-0.394828055017,-0.712444900632,-1.27118265409,1.20548254697,-0.804220317563,0.667499421022,-1.21235635856,2.10675883389,0.266724548611,1.72585594511,-1.29120341526,-0.179151698599,0.0424760925079
1.63036294040,-2.78658249417,1.00255898018,0.454901053550,-3.31617854171,1.32721364586,2.38661600593,3.35262641407,-1.12784850089,6.71623157347,-2.22373730776,-1.33878684690,-3.43053300779,-3.73958281112,0.533854157425
-1.10096939716,1.17708937451,0.566593773632,-2.36557808984,-1.90707073891,-2.09599084637,2.17417618910,-0.0379436105957,0.650402255416,0.256329875351,-6.32965136912,2.88866922766,-1.05006697105,-4.46972950805,-0.513950355069
-1.48468209077,-2.55741382668,-1.52266779365,1.21081718520,3.36701023898,2.34851973172,-2.52559332652,-0.196325074642,0.112602946443,1.10171262151,3.26351230160,0.0156144994599,-0.530896063641,1.50921407380,1.30335325678
-0.158803431935,0.0518518514785,0.918722236328,-1.48988010636,0.981426770563,1.03905733329,-0.206653324713,0.602922315729,-0.680161524431,1.96993150048,0.920058623529,0.0838171550906,0.646421575188,0.717024558153,-0.199052515014
-1.06081004076,-1.40947062366,-0.869535976868,-0.848918687378,0.604774383805,1.61167777952,-1.49522224867,0.875854136369,0.767834950372,-0.620568076958,-0.934968769680,1.10423481444,0.227948984284,1.29135188541,1.32102688141
0.112052424553,-0.0498437552020,-0.794588646426,-1.04559828385,-0.779601186073,-1.43641967412,3.81536935515,-0.542617403841,0.386661813883,1.82054091798,-4.92226491941,0.989379388210,1.57311197162,-3.87961182290,1.16461583056
1.83313010751,1.75288887366,-0.441452394445,-2.38476691239,-1.38909402466,-0.492766867285,0.280514813223,1.16158636873,-1.67530912170,0.502709844430,1.57512565201,-2.02308700518,2.58408254434,-0.535029418105,-1.29142140043
1.59503513730,0.402922689139,-1.31085783365,-0.464456888576,-0.240830827249,-0.235568650928,0.634081845926,1.16725853330,3.95550068267,0.769170517738,-1.06591755563,1.19729837583,-0.561958816588,0.199349933336,-0.614065375220
1.10195687043,-0.707606000344,-0.403082369804,1.27072907589,0.572403078662,-0.440449165776,-1.80769774969,-1.82492552556,0.885820186677,-2.96861775386,2.35097903761,2.17810396012,-1.61888411052,2.52474411203,0.226067713429
-0.569138208740,0.905861606507,-0.428674568689,-0.228745251937,0.846917876629,-1.23368982335,1.34279605549,1.26569630771,2.67492955344,-0.680584200236,-0.908895776026,-1.18780323826,-1.41963963840,-0.988039448007,-2.10515854017
-0.0244935369180,1.88711535108,-0.00903770530148,-0.722063956024,-3.89992847884,-4.18255249308,-0.199272591002,2.14039923646,-1.31503215369,2.34780623776,2.44905048161,2.52860277845,-0.275793490054,1.86259074981,0.804866508853
-2.05605331896,-0.978396716617,1.00945585394,2.15387927896,-1.27198540956,1.69775108674,0.689706022993,0.722390634488,-1.11876112631,-1.21190671481,0.206072602074,-0.889232847549,-0.809165726972,2.81387519544,-1.42688514770
-3.80367600372,-1.86951290760,-0.121049930075,0.942623599123,1.12622295237,-1.19765639546,-1.60986905404,-0.751968466400,1.08898678534,-3.08340174430,1.72841814224,2.23153474405,1.98982995182,2.48917524900,2.59477654606
1.20042940827,-0.640172894983,-0.784905325270,3.50083637706,2.67377839325,-0.369120996260,0.0787837247350,-2.72951278578,3.33500786716,0.583461421346,2.03310188742,1.81336116924,0.0273740854764,1.46458749595,1.73250552431
0.539920862796,0.514958322570,0.191373579893,1.32935249999,2.06007334046,0.554573176662,-0.843360991529,-0.259062927343,-2.23081592605,-2.22176871199,2.01755973740,-2.30731226470,0.209225354741,2.06152707278,0.551694812991
-0.125472041735,0.344013605389,0.361119951712,-0.421489388506,1.39834489834,1.24455980854,-1.64790363369,-1.40563101637,-2.43549923913,-2.21279500956,3.62764138022,-0.928615583970,-0.557650704738,-0.629562640795,0.715524510848
0.141412729584,0.264739567590,1.38385079045,0.987901722375,-1.14759421803,-1.73649037109,2.75849253401,3.43736200471,-2.57935939299,2.03246822624,-1.02435112684,2.35146225017,1.63288441988,-2.22211288026,-0.388444432432
-1.36726501557,-0.234512171660,-1.15817234831,-1.13787755869,1.06660053916,1.06810858112,-0.490474301383,0.896185170310,1.11649664858,4.17286572884,0.138587971320,-1.41182955751,0.258151581675,-1.22925137873,0.516502258350
-0.885460587615,-0.993196244246,0.0727324315781,3.17606047813,1.19363824537,1.12235151862,0.666573225760,0.953398845390,-1.97685311583,2.82379664838,1.13793975417,-3.71630835909,-0.558368279321,-0.601577834644,1.42659201255
-0.199539729676,1.33751077617,-1.23929015740,-0.929223806337,-0.409014114698,-1.84929964819,-2.25290285401,1.66594561278,-2.21656830799,-3.53577393235,4.92476608351,3.23002580095,0.407271898496,1.54664345867,-0.853685190814
-2.25507571785,0.688394486403,1.17486391622,1.14051382290,0.244179095356,1.14782013613,0.158567915049,-2.34983393898,1.75389724247,-2.54587230024,-0.499889253893,-2.71856897611,0.161891754254,-1.27879295937,-1.19679204605
0.570813014647,0.132532498300,-0.617524102287,-0.205232046643,1.08294801234,1.61528244382,1.26751654037,-1.21628262251,-1.35129213407,-1.36483067227,0.102642970886,0.590198172546,1.52205389190,-2.12863356425,1.95074299922
0.0288836056722,1.37247576211,-0.545360401282,-1.55699718124,-0.549224957164,-2.40289962273,0.942741454424,-1.15022285129,1.89251251988,0.258066896898,-2.58734139550,2.95515996527,2.70352706265,-0.895138409907,0.189030757027
-0.0237904892075,-2.03279913336,0.529583925281,3.40515985585,-2.23756718428,2.74177985277,-0.208168044215,-1.29607357627,-1.67079334695,-0.508185761584,1.73032625655,-4.27564460175,-1.27938133164,0.891210839189,2.01805231730
1.62380119983,-1.61441042657,1.58811135232,0.0409385209010,-2.40611851460,-0.113607642639,-1.78725854074,1.89705268752,-4.24561009228,3.25549646469,0.721010955595,-0.220166651422,-2.95574696770,-3.72728470717,-0.722556165334
1.25634425237,0.381429937648,-0.369174279990,1.03480577952,0.823070050353,1.08649674818,-1.27671830211,-2.03166969083,0.555238276629,-1.58301156830,2.39410621086,-0.135847577785,3.68789809298,-0.465079128314,0.208621570789
-0.337560983517,-0.412871525870,1.63474530034,1.65846492050,-2.20662805466,0.965180312692,2.10945050269,-0.625983447269,-3.93573954824,-0.343359353847,-1.70497976576,-3.45152218848,1.27093110196,0.140775498557,-0.445074555603
-0.734966188673,0.379695380083,0.438681140599,-3.06123560856,-1.50495351180,-1.96787534375,-1.05402059267,0.372440848931,0.638769963014,-0.431061431754,-0.547295826966,0.137763738637,3.29951355326,-0.735474145548,-2.18515825049
2.91461228878,1.59804431370,-2.39534522248,-4.57232262243,-0.867245240944,-2.94483387734,1.10573629589,2.02077937845,-0.682480090358,1.27107758511,-5.07595709011,1.61838388660,3.34083848577,-3.92826537933,-0.992524666272
-1.28624163546,-0.679890509634,-1.26899008398,0.731876421998,-0.0182433346388,0.546105079695,-0.0170240900829,-0.205230378471,-0.485084829584,-0.536729549734,-0.915792065173,2.14097104594,1.24606412171,0.935165854668,2.09558085151
-2.71913488599,0.707543688414,0.782990882091,-2.06177704411,-1.00544070381,-1.62107372103,-2.59362958840,1.33849641447,-1.86489172454,-0.792366348482,0.534185884126,0.893467666460,-1.06585082591,-0.0237203748879,-0.966728407447
-1.51977848701,0.563525077202,-0.261701430842,-1.14892586268,0.171119897480,-0.634668849127,-4.00474818652,0.218006354439,-3.45067116383,-2.17794092006,1.90889301737,4.61259634588,-1.76096517140,0.688497089412,0.661588583089
-1.77003145337,0.975929756072,0.524782468269,-1.47365159393,-0.941613498170,0.0356037708158,-1.10510811175,2.13847408736,-1.09314794679,0.246224530833,2.50679989873,1.79638934529,-0.435819789174,1.04721963152,1.28645440490
2.76820458018,1.70686246448,0.401550266911,-2.41662610026,0.677203783161,-2.01000521433,1.27117072299,-1.49245637708,0.0600137108913,-0.534704656223,-1.81335649034,0.825899395066,-0.684817988566,0.430843736525,-1.78984749117
-2.55679933826,1.21421194465,1.58912645720,-0.147408130412,0.152538122013,-1.34582218306,-2.16526608499,0.973080399721,-2.19669853283,-2.33579783047,1.64859913583,2.67452617055,1.19764915864,3.02968955373,-1.83469831022
-0.984721607575,0.745900400772,-2.44325273960,0.912942089206,-0.750092268763,-1.64881726239,-2.89839690251,-0.318878353814,0.505902966741,-1.13680114266,2.90946477911,0.0750731840427,-2.43112962656,2.48283881637,1.29235779943
0.218182428542,0.263368051713,-0.740370385781,-0.0730678186825,-0.383031671538,2.31266413470,-1.40076013913,3.90471966294,-1.19784613012,2.80891198659,2.51498383324,0.0176492158378,-0.244739127956,0.0662436942126,0.285852777748
0.207402888996,-1.71333531193,-2.37815757922,2.55043166878,1.26692155411,1.68849007113,-3.37825498345,2.42053042913,2.18501424462,0.636578278908,3.07521177708,1.13103270965,-1.44546199648,1.90432220937,0.932543596837
-1.42567396467,0.509547441613,-0.577311905818,1.31956610750,0.0497800024971,0.659099513799,0.640084931048,0.224418447533,2.48918827268,0.921400433977,2.85931936951,-0.946646824929,1.98919525752,1.57969070683,-2.10783299296
3.04721902095,0.495242484349,2.70781597823,-0.422460284286,-1.35899371561,-0.420707371695,1.34304427225,-0.997901203168,-2.82247498538,-0.623490644925,-1.07379820360,-2.37132663571,-1.17159717462,0.670097505478,-0.488490939646
-0.748317120092,-0.0682672271583,0.619928144374,-1.08285327682,-0.0421529474523,-1.00825436019,0.695877036359,2.22667005372,0.272446657547,3.36673987897,-1.47884546768,-2.01188411329,1.85800092970,-3.42731408785,-0.192381988196
-0.382879442296,-0.148679314343,1.23484983416,-0.384896359519,3.22323430651,-1.15002357886,-2.88321673747,1.12054758536,0.191450252796,-0.583533525806,-0.679771822722,1.42382950353,2.51116076406,0.303464104437,0.763700357008
1.61137816578,-1.72452562080,1.77522382142,1.26482356190,-0.0791313076615,-0.517828044497,-2.20256227253,0.704731180607,-2.12990194519,0.161117799511,2.28063616792,0.980513591071,1.51700929905,2.48600937331,0.900834632369
1.11862652312,0.836348269156,0.221428815056,0.544196890099,-1.55332132273,-0.00991159850399,-0.581998341510,2.54265688197,-0.890816639727,2.78501708691,0.886454463623,-1.18581835436,0.156146419871,-3.20727985403,0.114847150211
-0.943189734039,-0.196518396143,-1.19131747301,-1.40410380976,-0.129759874621,-0.510203387258,-1.82738189920,0.138492698287,0.262037408571,-1.41789644728,4.24245383915,-0.113732549963,-1.03214848225,2.73331788374,2.19501751306
0.0325247784802,1.58241306388,1.53787978558,-1.42690696491,1.11427612266,-1.60000062266,0.300773988227,-1.53902948409,-1.38129393481,-4.56655778504,-0.887591903109,-0.314777903379,-1.64332259389,1.14171203290,-0.838982793693
-0.250662538759,1.20445370855,0.201482457952,-0.881337186883,-0.833214332621,-0.663992162259,-0.563468853687,1.41387640914,1.42286374585,1.45884938015,-0.670141543318,-0.336153758938,0.344761580918,-0.351190477762,-0.348385286920
1.13419383126,-0.356471549738,-0.658502621583,2.65391874765,1.46305681592,0.916385249905,-0.629451885342,-0.0927045014561,0.185778512697,-0.686719574533,2.88222759100,-5.39182034439,-0.751903172993,1.84345234598,1.22055305992
-0.497189036108,-1.51224956370,-1.67679889714,0.654772800339,-0.106295918079,1.96776743196,-1.36752929104,-0.292569811157,-0.964970430891,-0.530705726658,1.04948540388,0.420037157062,2.12812839231,2.40015692321,-0.915830938731
-1.10555454078,-0.626727498861,0.223991067666,1.51280609374,-1.01675171288,1.52305042336,0.981343481370,0.631969064038,-1.12777174962,0.0564431970367,-1.04316999098,-2.19995461168,-0.575345859695,-2.10256348757,0.516095334129
-1.89813717743,-0.341018765285,0.934091552527,1.06985169817,1.13947148066,1.08570148801,-2.51632716782,0.564610137159,-2.51524109301,-1.44492421164,4.24069235601,-2.05839692692,-1.19842908780,1.43386522629,-1.32703411920
0.0895471727851,-2.31138268964,-1.12661493825,0.925709121209,0.602187902593,1.50023570240,1.09520862653,0.383653323410,1.71983183358,1.30703946586,-0.676421642237,-2.90144853649,5.40947179411,-0.855268588222,-0.228263333625
-1.33290033691,-1.28619356210,-2.21466369811,1.93442813907,0.722158021756,0.249520896780,-1.97729217745,1.39513286145,0.219472472627,-1.34823849023,0.795353468731,2.44300452281,1.18241081463,0.621607057929,1.11735450352
0.123534595091,-1.17832193533,-0.746303487046,1.08356073068,2.07122480533,-0.311286710821,-0.444442926463,-1.32072574157,0.678713955174,0.132529912398,1.16167785255,-0.635332607568,-0.341086089884,0.0253953499788,0.579007454214
1.16426924072,1.87027052377,-0.501105006507,-3.12652998711,0.192319241281,-0.788177661622,-0.300834085859,1.33585137808,0.734101664004,3.08241000708,1.13182136712,0.637445023046,0.903380505306,-0.873718187459,0.0298137133997
1.05674274909,-0.0203392778982,0.832694601830,-0.396479471657,0.122661820971,-1.05636116596,1.83940508571,-0.530949256946,-0.559721018113,-1.23743534318,-1.35853327083,4.03678970993,1.70901362330,0.117775410453,0.546838148041
-2.46563844596,1.74158385548,-0.202598286767,-0.932707288155,1.11971417749,-1.02798854727,0.637396250885,-0.337673118286,-0.726618731682,-1.25576541652,-2.31104705417,-0.820610216109,-0.517372240929,-0.189818528227,0.521958149953
2.62852611140,-0.115673969220,-0.0612947653034,-0.202031286872,0.337952202594,0.265170435845,0.333986252185,-0.622585003363,0.254694665918,-2.26361641771,0.257595392555,-0.397142417306,-1.97728938097,0.371513136424,1.28093715467
0.349285560213,-2.64533845225,0.633875802844,4.78814429960,0.256719532630,-0.0199664437783,-1.46354181047,-1.29491418185,-0.724895899133,-1.14469782231,5.60320917383,-1.49240127351,0.903899631753,1.99958800146,-1.61108664438
-0.147377522272,-0.487035414738,-0.491655871055,0.426920443052,-0.290173599783,-1.13596436089,-0.200339260633,0.336979389870,1.89989246890,-1.01992577255,2.46773982055,0.632354131925,1.10084070090,1.98961214967,-0.869498648376
0.348108748244,2.33079082655,-0.456138347631,-2.67243470241,1.91555078892,-2.40050710612,-1.11337143490,-0.283194337190,-0.214421630415,1.87282109001,0.708346415051,3.18278837245,-1.00782132960,-3.27774406073,-3.51608380978
-1.81938711475,-0.842675063656,1.26840581848,0.754727369829,-0.258493847005,0.588961038068,-1.50253023343,-1.14106691508,-0.490597842862,-1.57807619550,2.94424621540,-3.10596082588,-2.32005688296,-0.633938840825,-0.400981643232
1.43680889704,-0.0481196628268,0.303585010827,0.109387169125,-0.225818150543,0.527790515407,-1.03956457696,-2.16664229571,-2.06117232883,-4.36365441587,3.51851253542,0.229049546537,2.86540357122,2.56734874384,0.776378900813
2.96924698255,-0.0412816296126,-1.61370869619,-1.61053060035,-0.732248013460,-0.195057689165,-1.40514190022,0.214173875392,0.571804971012,1.63071075849,-0.294923316738,-1.33350391536,0.378315386681,-0.377860236417,-0.797979517856
1.53913434389,-0.945548396390,0.185971280097,1.83581845255,-1.89459212488,1.28738563352,1.28767147368,1.11753616655,0.983641849422,1.77052989977,-1.56364783486,0.611343974784,-1.40728466936,-2.64579068435,1.71333759599
-0.172724774950,0.759333423856,-1.70233247491,-0.375786875199,1.02750843756,-0.773599688122,1.92451363145,-3.32477687803,1.13741387382,-4.10765967806,-0.224427767101,0.503318291557,-0.0262746125370,0.696997332055,-1.57884276222
1.64149276196,-1.06572746033,0.741761666272,0.433064334554,0.158502492208,1.70364269683,1.79272786605,-0.000345494296599,-1.15920694986,3.62244079923,-3.16363490787,-3.20466157082,-0.788330313864,-2.37426759326,0.558764728570
-0.531551498121,-0.604408302063,-0.352544310600,2.67479588248,4.73438802565,0.0124081387465,1.72369917650,-1.26403938380,-0.585939784919,-1.63336665346,0.868084283390,-3.23522455414,-0.103479606333,2.03562462937,-1.28206100145
0.467801196215,-1.40774178325,0.583957014887,0.678155350512,-0.153130244422,1.20983223339,3.50822946836,-0.830805796987,0.604955290866,0.572322467209,-2.88949159018,-2.15961516093,-2.36494226124,0.991081778646,2.15857940987
-0.348874249283,-1.28801722846,0.736069856847,1.08429430059,-0.611327270412,0.962943451885,-3.38328262630,-1.04994100650,-1.31383785228,-2.35069221033,3.21607424952,-1.02815841990,2.28301542565,1.50076963328,0.183835122107
0.459283165189,-1.31789434777,1.51881228805,2.23046048557,0.622561613183,2.60253622031,-2.66869654667,-0.537068749917,-3.45127815553,-0.408994349137,4.66164594951,-2.36044542813,0.847645535747,2.61645624652,1.61007176920
-1.02027218430,0.271130192181,1.32660952577,0.781185849635,1.81076537153,-1.41571393122,1.87284445917,-2.87009392175,1.66124704975,-1.62546998950,-1.20123350322,-0.326226233112,-0.680539329066,0.696900459516,-0.902630367782
2.17385966535,-1.62059968015,-0.862064709952,1.05907062086,0.187082046764,1.10879824617,2.16924775342,-2.36641985885,-1.33686686876,-2.93887413547,-1.33473741012,-1.52388320418,1.58990016372,-0.633458267407,1.52536862110
1.45596245708,1.02993117978,-2.04500342994,-1.33378056698,-0.741340170968,-0.893222303580,0.166213990462,-1.35329564889,-0.0543259909102,-2.29748802378,-2.11311498567,-0.286681393973,2.50881445923,-0.0555687449498,-1.06656959564
-0.990584433493,1.57771819463,0.120200098191,-2.89996227606,-1.71777177846,-0.617505417712,-0.694966018686,0.0558813525051,-0.0952959611088,0.219001655156,0.0766998332434,-0.273998145286,1.19107880539,0.842010690860,-1.76380962051
0.696705251041,-2.11440285688,-0.154246319859,2.17205672173,1.62890777297,2.19097564786,-1.43936706069,-0.704119871244,0.0372222960890,1.74320127891,4.86969885552,-0.485828362674,0.824051957068,2.39215986235,0.777179409310
2.79791817379,-0.911170001468,0.965082362799,0.329381673951,1.51194798177,0.619379932638,-0.951599266450,-1.71637045607,-2.36974544520,0.181137376309,0.890057130049,0.0219767989092,3.56048057011,2.67450722140,-1.71162766255
1.51190675139,-0.0820937985270,-1.41443531551,0.633372785896,-0.816430097213,0.713209102362,1.87938206757,0.574815976356,0.269020618574,-2.34196712234,-1.27065642597,-1.89324600228,1.47722699901,0.861390230831,-0.0559875499057
0.0463433076440,1.94804335361,-1.01652429059,-1.77068916851,-0.320332021595,-0.571263234404,-0.920338498327,0.0941508429424,0.734129896188,-0.745482159868,-0.892037012990,-3.01124371695,1.52941952395,0.587861122013,-1.30428396154
-3.39129429601,-1.61900058320,1.45037531785,0.740710578033,-1.01787982639,-0.139166060102,3.02518166805,0.671951300168,-2.99250283592,1.88952948205,-1.17746942736,2.41229088510,-0.651339871903,0.770876794086,0.814753813266
2.83792789350,-0.423122980150,0.113487210785,3.28591058427,1.94010521549,0.197544627199,0.825840486207,-1.54035364250,-1.90828657305,-0.147159984374,1.20747072159,-1.58680450719,1.19613720142,1.44389884037,0.569994606138
-2.87325271925,1.75341392308,1.67518247093,-3.11995224760,0.883345751353,-0.726418433782,1.01357097542,0.689302518260,-0.316268525437,1.14673559192,-2.86693344763,3.98055479173,0.197350578557,-1.61698039873,-0.907535251937
-0.125131805482,-0.474733636830,-1.59041386066,1.87640208257,2.74587413774,1.21538171780,0.679555029346,0.728252997667,1.37879101460,-0.0324243914778,-0.844508067056,-3.93343291151,-1.90499490036,-0.398062855276,-0.0618134990533
0.442969987669,0.877965273812,-1.22969747026,0.979037851079,-2.28955314951,-0.620220065438,0.699537199651,-0.236070584880,1.00859607874,-0.712384616422,1.22033893989,-0.146603440356,1.89113136281,0.632368890990,2.01939662324
1.62531083532,-0.310888084755,0.171929103598,1.45791340979,-0.639925371572,0.992797879200,2.12066291035,0.393197208080,-1.02126424364,0.785662872965,-1.58261785711,0.0565555236568,0.929428153620,-3.45641303095,-1.34278384638
-0.677665261847,-0.648080728424,-0.386912886294,2.01947390207,1.19815691196,-1.30873450726,-1.35516077413,-1.85865748476,2.25263641660,-4.99693204886,0.848934598616,2.12296155752,1.21152749322,2.27786268611,2.10156145377
-0.153751412067,-0.0643816834652,-1.45490224146,1.32024823895,-1.86368826303,1.12617158500,0.359721724433,0.974233035398,1.94172708979,0.400712198041,1.33180419182,-0.0939963416618,-2.74444976525,1.12997555641,0.989789931451
0.0453473078365,-0.0440243909422,0.722721246197,0.370601446149,0.639688470839,0.327173877520,-1.79182973433,2.66723043097,-0.446596327799,3.06044643325,1.90466346114,-0.578055895186,-0.660438068658,1.15577246374,-0.810683639393
-2.06025274015,0.127769902330,-2.22391185004,-1.96213629271,0.118494967734,-0.686934604025,-4.53107584766,-0.108561805353,1.86920737271,-1.83698107260,2.82174835238,1.30557459603,-0.553261531976,0.305185227488,0.759513128490
-1.04832105413,-0.409987981366,-1.13524597898,-2.42763100057,-0.0259241799623,0.150680371175,-0.890948307568,2.54919464291,2.07848015289,2.48246185108,-1.82971589049,-1.17759910935,0.483021483127,0.584791309691,-0.613373711107
1.59867830768,0.884332461742,0.743655933800,-2.49538158787,-3.26276816130,-2.05765177297,-0.966487325374,-0.0436978902916,-0.196095186218,-0.0983170243991,-1.31632090275,0.374661383970,-1.05489823402,1.76405278906,2.19045297702
-1.62290987531,0.400140723650,0.0424280826296,0.909122693541,-0.129974971137,-0.815457130845,-0.121191048059,-1.06964874100,-2.05058754314,-0.696826458865,0.108990787575,-0.439080496831,-1.37103697898,2.61734269235,-0.449896485436
-0.124070829693,0.242074695616,-1.59954467129,1.60661911189,0.571398163045,1.34824337497,-1.79884202061,-0.306730775974,0.698537158671,0.676478183545,2.47597544234,-1.19505674211,-1.22791962549,0.176698256635,1.74500094389
1.16096513560,0.352168969858,0.405147881963,0.479810463956,-1.00977690993,-0.102138969464,2.27075835968,3.06117285762,0.0673894189158,2.25118281210,-4.55679505599,1.84505045598,-0.855144615077,-2.96653629919,-0.267845622197
-0.238380369514,-1.95754139388,0.264610333657,-0.468139584733,-2.40315236537,0.909606162355,-2.66840937659,-0.642213655626,1.49806562376,-0.461955129077,2.89886347273,0.0660639911689,1.39448334715,1.41121323523,0.428896108263
-0.757380698013,1.81955695842,-0.302631964931,-3.25595967942,3.30842358444,-1.37235930290,1.04987314292,-1.66379064388,0.206490625388,-4.19893388487,-5.24522378285,1.26568227164,0.709959032435,-2.52271567904,-1.98956571988
0.765738743912,0.817275904521,0.401706457911,-3.66415238788,2.77631609189,0.623027278601,-2.73271492334,-0.747163143393,2.18587645582,-1.52839841964,0.974118699564,3.96598393670,2.02920655003,-1.77436516389,0.784448216080
-0.407537362853,-1.25346973510,0.254733019858,1.27127853183,0.615794545464,-2.18614004834,-2.86081292348,-1.71515042271,-0.958795188008,-2.31452079640,3.41411071424,-2.08746059979,-1.34966557637,2.32684113734,1.11244108016
0.602209777713,-0.529650841522,1.44215511341,-0.227505537961,-0.654490626172,-0.784374367069,-0.245135833396,0.375339035842,-0.266275116002,1.80716922461,1.82750841827,-0.0270603910521,-2.16144528106,0.383099762049,1.46766397411
1.74057813912,0.359242186835,0.479470303362,-2.06590265395,0.411866849727,-0.804779645213,-1.89823134543,-2.44456654037,0.921456479049,-3.35274044615,-0.0102736298999,-2.52136869351,-1.72690243038,2.29542083068,-0.234191115901
-0.530952470174,0.302281663674,-1.40601930802,-2.27394509210,0.280061499436,-0.373019300392,-0.739982872145,-1.65035526419,2.50975211628,-2.33701765572,-0.365071736557,2.96061326283,-0.0872478055660,0.378445693401,0.929856881946
1.53842783692,0.0264980718930,-0.718349367064,-2.23244325417,-2.14364493293,-0.499602004337,2.43981950488,0.908856691327,0.295519868285,5.54253415446,-3.02197877458,-0.979751273681,-1.58738617606,-2.03988461236,-1.95324223785
-2.88442872244,1.02883887881,0.488938118618,0.761206829908,-0.110949948761,-1.36319432020,-0.0551835977633,-0.297486197003,-0.374694238350,-1.89887258338,1.69408878598,1.63133879842,5.05768272379,2.66842399998,-1.78434211676
1.64992260825,2.17059607363,1.28144186378,-1.21830601567,-1.59134194321,-2.15991276038,-1.16703769558,-1.55516882163,-2.04736652580,-0.280728410238,0.997087030484,1.67681213537,0.752348254524,-0.171980898995,-3.40204099512
-0.172886218631,1.53506175567,0.473422549908,-0.632546558589,-0.924567292985,-0.545723937545,-0.443694311598,1.34811823137,-2.63612560540,2.33705762865,1.29605045803,1.36305246887,-0.565481013330,-1.80722040657,-1.81419392735
-3.10040798677,0.103267675292,1.28173792793,0.674428027635,1.59264287120,-1.92246334179,-0.449860423070,1.93083148830,-1.00850912768,1.26972569062,0.319493476199,0.371677614677,-0.819853754911,-0.873350653978,-0.955327795014
0.535034716738,-1.15759180805,0.385765909953,-1.97526360412,-0.649374500255,-0.545671664177,0.916310504683,0.0978504211506,-2.72986043223,-1.38829923613,-0.743285010549,-1.22270381654,2.10036504935,0.397174413056,0.777987536836
3.21762447491,-2.32740161666,-1.28630399018,3.20625949297,3.04569589957,0.320777469377,4.32334486510,-1.87748712060,1.52620851473,2.22050009556,-1.29240027721,-2.36465359935,-0.428523936820,-0.170406204353,2.41089189735
1.61902908397,1.61116888893,2.81019593154,0.588368930132,-1.98469772224,-2.59949016682,3.78289654665,-0.0745297471789,-2.34885989311,2.90425393879,-2.27162069793,0.651857588623,1.98270588461,-2.00521705004,-0.704705082448
-0.234458745957,0.200769116290,-1.60737729268,-0.893091190842,1.85189816777,-0.710169584979,-0.674401873116,-0.311737975099,0.235527841137,-0.702191780428,0.986958539419,1.41883208619,4.74108207287,-1.09534369615,1.44975981596
-1.19958830458,0.693481841212,-0.354611400764,0.598806001135,-2.65387791039,-0.508323981598,-2.22984533596,2.83687448622,-0.464857973866,2.01446501091,2.57279114059,2.80467065273,-1.21214970499,-0.0603354429421,-1.81942364289
-2.35311545090,-1.06388937108,-0.955300972777,2.64883814173,-0.0665401834220,0.542272527708,0.741695155263,0.267041830521,0.663592708871,1.12852751973,0.824105124671,1.57020974208,0.0959307471504,0.884498990209,-1.04867720935
1.40356159168,-0.562772053729,0.0504795495253,-1.17276391221,2.68645928031,0.893842066964,-0.415404583703,0.148036676717,-0.498793290637,-1.02402404226,0.373435565455,-0.414469166591,-0.870744581103,0.576728314406,0.503879861929
-0.910434116445,-0.239582984362,2.16773216484,-0.296105407311,-0.887853174014,1.33891813959,-1.53656434695,0.145628916627,-0.910881742667,-0.201496679899,0.367072899555,-1.63952358513,3.35601536475,1.93828814734,1.49383156246
0.920094105352,-0.506433731218,-1.26165718710,-2.35537169061,1.93906846779,-2.92356114099,0.759370964138,0.0340133573227,3.81988055159,2.04302812968,-2.50759161683,3.55622452056,0.0809322191085,-0.966897539093,1.25806515376
-2.21998773128,-2.11992397663,0.126281188586,1.80430129167,-0.658291277711,-0.654597702449,0.0360200146236,1.41588795557,0.149985314539,1.77400725684,2.00868944221,-0.125031485755,1.19570447603,-1.26534352401,0.389454904586
-0.440635353793,0.787770019149,-0.233158824976,-1.06493491693,-0.0918363477696,0.850823043959,-1.92907519453,0.862452958685,0.198674722961,-0.918957547462,0.175613088101,0.699688585448,0.429654548592,2.29377674203,-1.61631885088
-0.287986404262,-0.375633681470,0.618886349445,-0.529575575034,-0.941316722292,-0.585873943025,-0.389479794959,1.16719165126,-0.0246044332974,3.06339664419,-0.0862260197705,0.106110408406,0.404781735962,-1.64894310288,-2.54124874953
0.704101599222,-0.869962462053,1.16630800384,0.756668523076,-0.523223783115,-0.516749849494,-0.932491523875,-0.0370087012221,-0.610611099232,-4.94291847085,0.445348963820,3.47871641474,-2.05464894437,1.46176124755,-0.604477266955
3.26938497290,-1.14843618778,1.02571361227,-0.0850025839002,-0.980125070905,0.401207831306,-1.28080030782,1.35316841142,-0.846908813219,-0.389913247146,1.90855033564,-1.25194935906,-1.07889293008,1.19390198152,1.76621125106
0.733532762716,-1.93214722621,2.77137761603,1.36715353507,-0.515095594853,-0.0303502470995,0.235548148955,-0.173705609806,-4.13415724345,-2.04286486371,-2.25303497023,0.532234778360,0.688374737210,0.119936277203,0.401285278165
2.95150713379,1.61949822017,-1.76167998411,-0.246431993634,2.40849515056,-2.64510778290,-0.870264075535,-1.67738708999,3.25613257414,-3.32030028409,0.789907031400,1.95148120568,-1.66015334661,-0.958521985572,-0.733953236463
-1.86038307132,0.242106546824,2.19539025594,-1.32987992630,-0.285906765279,1.50004695949,-3.86739638863,-2.06682994513,-5.06797645190,-3.65072608169,1.23013862696,-3.34613651460,3.02082427471,1.36388636154,-2.31565486975
-0.0630203388116,-0.904833353797,-0.857529095412,0.690005997607,2.39742397669,0.534142058623,1.93178781291,1.36391041305,0.400355857876,2.16402621602,-1.27585045146,-3.80837098554,-1.68434630913,-1.17521932349,0.230030598855
1.34200138010,0.207567565223,-0.246003071693,-1.31595922136,-1.84946805295,-0.275653801622,-0.421560147870,0.745108587497,-1.12782399171,-0.808986785636,1.34627526170,-1.51089342865,2.01984896401,-0.327018071877,-2.12208329445
-0.341332803662,-1.53881398695,0.614429036809,1.40531787807,0.0216310033328,1.84942427033,-1.74124176525,1.42537200381,0.816942091316,2.40941792250,3.15075914685,-0.150557941134,0.716607353121,-0.634714544380,-0.462984420829
-0.312589729937,1.77033184559,-0.639852313365,-0.713984634111,1.47884988730,0.300399960823,-0.724719075646,-1.27739060526,-0.159412970900,-2.16426727253,1.38562077466,1.50990359504,3.01373134834,0.408871556305,-1.91018099104
-0.232804520544,1.66401030536,-2.81394612471,-0.401621747945,1.04181084817,-1.43473370405,-1.01935349985,1.78057092407,5.07494617920,2.99306483361,2.03075647544,-2.61971559302,3.37276546479,0.0742026958138,-0.906949656938
-2.97957399575,-0.280747643962,-0.759054069935,2.25828072595,-2.69424105834,1.34926544130,0.653580624475,0.455024448710,0.957322152512,2.33193168071,-0.564918658890,-0.599803508437,-0.00112390832895,-2.81464289030,-0.223750471717
-0.487543852162,-0.944243555774,-0.121721074448,1.99722339881,0.358466679694,2.13189257204,0.666501743993,-1.72305352086,-3.13544338070,-3.10239833668,-0.0913819771522,-4.29884427986,0.804720430311,2.26696783949,0.786371662774
0.202967117634,1.30503952008,0.469557214315,-1.21642065627,-2.48276340311,-1.78578106605,1.21816648683,0.637408341175,2.92526522590,1.89761047659,-1.04299635965,2.36643901957,3.73390777700,-2.81030190132,-0.111308874196
-1.05671711284,-1.32265660363,-0.483975686228,2.19952489795,2.78973438892,0.00555249850110,4.12939936055,0.377627768168,-0.275227599067,-2.22285395097,-0.514309182801,0.883347392499,-1.39185083734,1.52139317713,1.70489876437
0.460573857970,-0.626698219529,-1.04537368931,1.52950562483,0.802330709823,-1.35634993200,1.75715392852,0.890116851350,-1.52674050584,1.65801006286,-1.34699776647,2.79199138110,-1.71105772829,-3.49777496019,-0.367936661783
1.22588141702,0.903324807407,1.35317116362,3.21233476514,1.36565453421,-0.142244619895,0.727897554722,-1.20417222243,-3.62664857345,-0.888716716743,3.31455607038,-0.425938539429,-3.73324397933,0.749141956656,-2.38253495320
2.29341015081,1.20686419172,-0.242928053444,-1.70500113374,-1.83077462674,0.157566209248,0.948057071735,1.27103278018,-1.51371023402,3.93687276768,-3.18728715127,1.94864989021,2.23755507337,-2.30261505586,-0.861381951310
-0.268000162570,0.802887103337,-0.336786794504,-2.10305995025,-1.38889549355,-2.44017283345,-1.80475742717,2.31151938141,0.337004400684,-1.43993749822,2.26769143604,4.68685631459,-0.0448821357622,0.0126075050901,-1.32462170715
0.377896028238,-0.178458906969,0.966176877704,-0.420387096072,0.836011393350,-0.812060077348,0.697905018153,-1.41621752685,0.517319443441,-3.42759583639,-2.74726983929,-3.38096300008,-1.88420354662,-0.971424988489,-0.659576336248
-1.27182782287,1.26428383706,0.380049692865,-0.0462479025434,0.200265468774,0.762139192519,0.0224929568016,1.11813219467,-0.816648939120,0.239112681752,2.92803506932,1.79224075761,-1.27636086768,-2.30451691239,1.75434561406
2.15841819659,-0.381995804560,0.303131768318,-1.10395784147,0.119106823150,-1.04216842622,0.165554587840,-0.438683025899,-1.25134616803,-0.405379993063,-1.95900780549,-0.0429077572170,-2.49485876876,1.08911559244,-0.974079274829
-0.148903909877,0.116644329690,-1.31476975972,-2.16661668862,0.962782025240,2.46028352791,-2.17294312153,1.22458022440,-0.801742550352,-1.67860782694,2.51982117557,-0.340239399911,-0.398782799733,2.28296407237,1.45941568426
1.46679930416,-0.658604270539,2.74907165466,-0.927220164727,-1.75539461691,0.500058970534,-0.346000335596,-0.919449415206,-0.370603598187,-2.31539195774,-1.71460861095,-1.09364613151,-0.997767768613,-0.805504729569,0.208004110257
-2.23166377885,0.324673818230,-0.183763774014,0.340204089063,-2.21141948729,0.548419683062,0.893192201160,0.0697153334427,0.0498830275266,-0.636279338687,3.23016481834,-2.70248157485,-1.82821483096,1.16173304535,-0.597802311585
1.38610814383,0.119990592146,-0.0901021105876,2.75071419337,-1.77227836723,-1.16218419620,-4.10704030016,-0.361275472330,2.99285114616,-2.61055632426,5.55334216553,1.47831087658,-0.997217309103,0.390981287130,-0.497258894679
1.46108174707,-0.164823773064,0.0487040164196,1.64929540950,-0.819461470999,-1.23874741612,0.874910821554,0.913552503743,0.0743273787819,2.47041501154,0.130536592391,1.16523844489,0.0489818919864,-1.19111557609,-0.383354834542
1.21113524360,0.701516890183,0.364511121656,0.553171558051,0.574215444888,1.13207241041,1.20977034160,-0.972604086813,0.522837449210,0.803563892282,-0.268071395624,-3.47245337496,0.824792478077,-1.72827408911,-0.331276928088
-0.707969433884,-0.500234006468,-1.07103249884,1.28613347274,-0.824030645050,-0.161356350748,-2.16841335426,2.60896729449,2.93554290251,3.58539261074,2.47333857912,2.07410420827,0.595475535013,-0.826923067670,0.526696884387
-1.14730135153,-2.16515597646,-0.442337444982,0.984085150255,2.82052656610,1.27724056022,-0.163766610887,-3.30674011049,1.06991532786,-1.91871886248,1.87405501166,-1.58128082507,1.89130538839,2.88314695538,1.60303254698
-4.55882757078,-1.14795382358,-1.59173500003,1.10097051281,-2.84634730839,2.30294823187,-0.206085546950,1.18892737264,0.849572477081,1.65089428596,1.04512742071,-5.59620172269,2.77027195494,-0.0905536992526,-0.0485926054211
-0.717423021476,0.974031921673,-0.871224410516,-0.224571107197,-1.30325665589,-2.67138785522,-0.940099953407,-1.88474410850,2.10958843568,-4.03003758312,0.998915535750,1.68606745596,-2.31773159118,1.10187185725,1.43706485941
0.889570857005,-0.641195244077,-0.535204596601,2.10689290090,0.276157986665,0.831500595346,-0.434915448578,0.995050445322,0.982998724004,-0.529685391293,2.54811028352,-3.97135771704,-0.687525527588,0.752967365711,-0.282205920835
-1.87171235832,2.34543953768,-0.581192497867,-1.52518535047,0.286758353823,-0.819048946157,-0.486114257803,-0.540780846772,-1.06979776941,0.148068892175,1.27617721200,1.47914509817,-2.31692177916,1.46505592030,-3.12769538222
0.215349075591,-0.623078383566,0.448761172981,3.05942360949,-0.683468415774,-0.193620012808,4.09367017852,2.85621355630,-0.426029308415,2.76687538722,-3.38818820993,-1.97296088614,-4.19333269078,-0.724899951361,-0.751617120869
0.486757682903,-1.75516124561,0.697043268402,2.14306122257,-0.628953644381,0.332715862981,-2.53515029921,-0.0319266580649,0.241541074834,0.185350449139,3.46211922441,1.16065012810,-0.176090626323,1.76485127441,0.354363894011
-0.446909735274,-0.376241559576,-0.736366918186,-0.851538940883,-0.215960369380,0.0584213082994,-1.17172429510,-1.03064927317,0.887155153571,0.108358163887,1.57473794659,0.131148687780,1.06412252141,-3.31503345602,0.516231376027
-0.359489316258,-0.0220195685131,0.588262650602,-0.122240548594,-0.282340227801,0.295734217523,0.276439857642,1.59267602424,0.335418623307,2.68996601610,-0.958249223902,0.223986807762,-0.340637084147,-2.50725466252,0.120487392463
-0.659911388098,0.545301839237,0.971206318301,2.70154325797,0.592034838092,0.481527407598,0.306314322692,-2.43242014521,-1.95662028869,-1.68364858049,3.45324109115,-2.55481872560,0.248073485237,0.980708220992,2.58806949183
0.00608467202512,-0.0452419083844,-0.433143637243,0.530617424314,-2.50521929187,-2.10888450786,-1.29728665414,1.07561839771,0.212726143734,0.969716657605,0.757546921837,3.35873798623,0.986414061526,1.06403434330,1.44828429473
1.93356321790,0.104964608778,1.05231056854,0.461526679320,0.978867789705,0.441091257460,0.130492134517,1.77318904010,-2.14976057331,2.20973473970,-1.28630071274,-1.74336370763,-1.60777454334,-2.44024340763,-2.94397600706
-1.16545722563,0.401481525413,-2.47695637707,0.183404720445,-1.27522329471,-1.14795476960,-1.58092870490,-0.493688089951,2.83411995553,-1.87947991284,0.750327310298,0.322554580607,-1.51619331389,2.43822130514,1.14090526793
-1.83486406617,-0.109417037360,0.410928752270,1.36857398130,-2.40657231688,0.394941136613,-1.29285844852,-2.04896871268,0.638507549071,-4.19439648456,3.46292514604,0.0789029092885,-0.751545847682,0.330662149975,-0.688077724127
2.51993372900,1.53558436740,-1.59213813059,-1.95277676536,0.270475489213,0.942249541228,2.07022895114,2.85397536297,2.42382285830,2.34731466292,-3.74956774453,-2.74546421108,0.963172358329,-3.31607307498,0.348438633173
-0.981140369227,0.209984065251,1.67933185787,0.217145684309,1.47082275337,-1.37399318956,-0.711062654846,-0.319888598954,-1.57253543710,-2.80737677179,0.361035766180,0.0717533616077,0.520993449834,1.38021514320,-0.279335705409
2.24059338780,1.43934615070,-0.687262933364,-0.121901815966,-2.39059397751,-0.217774888854,-0.797189912497,1.19100613924,-0.555203568160,0.109665218052,1.77333448804,1.50898575526,-1.89236749932,0.0839813286578,-1.23178773694
0.718696167561,0.111313114491,1.23236882148,0.507887834043,-0.601855835040,0.919537296471,3.13926840024,-0.349857423978,-0.521366418703,0.211346595795,-3.98060753376,-1.11088842246,-1.12363939422,0.0178569044154,1.05815923609
0.875252620344,2.05985476009,0.872899678587,-2.22415418829,-1.14172363541,0.868414850367,1.27370024851,-0.563708917859,0.915268356233,-0.953739707301,-0.293923493485,-1.32635615644,0.376315498797,-1.44445803696,-0.303278019645
-1.31421284591,0.0120198529101,-1.46268643228,-0.0289416801794,1.43571319844,0.0835362686977,1.72222229390,-0.0827788471822,0.447769074997,0.473775917935,-2.20281706164,-0.297027219162,1.05910093942,-1.80557849832,0.118896607630
0.486116903906,0.551305334587,0.433621701457,1.63642053380,0.304472090715,1.36202366585,-0.833156772522,2.66614837554,0.787739634174,3.52824905659,1.01690375100,-3.63260895678,-1.69285776309,-0.643512918484,0.353630349638
1.29586544540,1.33855929834,-1.25255351837,0.466936871980,0.161846146829,-1.29960467433,1.56829722370,1.87678928354,1.84698062939,5.27946286447,-1.35805976678,-1.33945080790,-2.17641493705,-3.44465439783,-2.13191192955
0.516755880208,-0.150794486265,0.705562409686,1.73808963979,-0.558202062968,0.108423340398,0.676945263216,-0.357751584743,-0.532702142277,-1.07000239711,1.35181225917,0.230762746556,-0.198149829199,-0.757493448408,-0.145390384145
-0.899360039241,-0.455303279121,1.02998097840,-1.44200421087,-0.272058783160,0.699853340653,2.09608976469,1.54048326391,-2.25038315976,-3.01818877285,-1.47909438626,-0.0519238960134,-1.27747214974,-0.358873071542,-0.774810219743
0.196708001495,0.856069888924,-2.07136532535,1.26505670512,-0.795216281611,1.11181769097,0.375384204237,-2.62315814062,1.20090945738,-4.26363733187,-0.117540621274,1.18978033779,-0.492647978242,0.912257786242,1.06253898038
2.10490819352,0.456633233009,-0.00997754891782,-1.09771432528,-1.54946903556,-0.233845432948,-2.33356816662,0.454670052145,-1.44292269708,-0.900813471620,3.25943474006,0.865953181549,0.547141683294,2.08241054564,0.156564409254
-2.72182173183,-0.977449349922,1.50331100334,1.16911541127,0.855812640458,0.534341943928,-0.487897682503,1.69026219457,-1.14967779449,3.38675700637,2.00782012348,-1.49208685278,-2.62942595229,0.262268194482,-1.21597103655
-1.30059675861,0.328622918035,-0.185053182634,-2.14529422612,5.08303042667,0.549731634592,0.0616843343044,1.03963356706,1.07121863557,2.38584409261,-1.59277761739,-0.347084314927,2.61100223577,0.502242845278,-3.19514770251
0.694907916831,-0.111532144785,-0.596151646837,0.452504338670,-0.151665369888,0.127892892044,6.14927182527,0.362094156700,-2.37912472205,2.09100038670,-4.50728941115,3.18243112151,0.369654303410,-1.37469181200,0.222780497747
2.02945327253,1.22455194560,-0.952536157872,-1.21475422066,0.695749462389,0.578498631782,-0.256504922273,-1.67938006890,0.571820106336,-1.53257351254,-1.07415066074,-0.387467648474,1.06618773074,-1.06376343008,0.568364764979
0.135059331382,0.270494495195,2.32909534816,-1.82864496163,0.233599290704,0.921205335613,0.0529197934668,1.65760283234,-0.500773098633,3.66663314372,-0.0441741964741,-3.18912911756,-2.53751594396,-2.40669634936,-1.50924543453
0.857690215426,0.0765776295210,0.663421948621,0.487006895007,0.342605330755,0.842056641456,0.725736472145,-1.11863219957,-1.23708628003,2.42004931773,-2.69718198303,-0.221388785271,1.16898744141,-1.15886670886,-1.88307876370
-0.874349932707,0.534393629943,1.59998107145,0.896197234023,1.15149619654,0.230620709907,2.10830971742,-1.58112231915,-0.539088595464,-0.0456621800797,-2.22124377662,0.443141669615,-1.99883644287,-1.16875882576,0.673315033847
-0.988135774027,0.825593362633,0.402735455254,-1.66370530505,1.80094013572,-0.720659204254,2.47337807620,0.939912233142,-2.62384872424,2.80504258288,-2.29270607508,3.30058874507,-0.744351504624,0.146686597982,-0.222332789980
-0.195355412089,-1.62141690801,-1.91152304868,0.819372941694,3.17516194465,0.533004907796,0.128025266365,0.537641916771,0.563438875421,-1.61760745584,0.260143814671,-0.994163327997,-1.21691762207,1.54016236879,-1.01110619956
-0.527943681510,0.152632384679,-0.988990507398,-0.139659391323,1.36369640766,1.07858856380,2.66567871136,-0.108818967528,-1.30222738628,-1.10278503225,-1.57665444133,0.753810301575,-0.809048978126,0.824840432124,0.0428787647171
-1.01685554052,0.120122634331,1.12929113779,-0.00727026783871,0.872360725017,-0.256360983990,1.12989459319,-0.656123997688,-2.59171465813,-4.02612706718,-1.26923191466,-0.422021905120,-2.62836987475,-0.170047092090,-0.149973382136
-0.839767484243,-0.0101925302903,-1.26835871472,2.67559475738,-0.391152988848,-0.0963712918156,-2.67787297811,1.16265960883,-2.10240437718,-1.28864085087,3.09640484119,-1.19532502843,-2.95482166382,1.48275027100,1.25514414558
1.06009891717,-0.608543579846,0.278555291146,1.18662471742,1.56540034788,2.07525762400,0.0973319971069,-1.01205496162,-1.47539460397,0.205264577636,-0.651919303807,-2.37922967221,-2.07938698500,2.35136633099,1.42186662173
-0.987582719588,0.630000433266,-1.01081285147,-0.655149539948,-0.473323935264,-0.626553508075,-0.509554024304,2.98891037824,-0.769851900599,2.92525988013,-0.346105010212,3.71431898643,-0.736079562292,0.255445420678,1.40969268283
0.769008029316,2.85907353685,-0.872915415171,-1.15100497127,-3.44576619623,-3.22195216327,0.210438735941,2.28710090825,0.427803279810,4.52826139627,0.999764738568,0.667828396439,1.95739781143,-1.46212374357,-0.290087602380
1.62405802541,-1.32178207123,-1.25756267173,2.28156099610,2.17248613305,-0.650126112450,-0.261489923684,1.66435477313,3.17160172351,2.09670140973,1.42998483933,-0.797222480539,1.61558457021,0.106865097811,0.761348975852
-0.506112794610,-0.845047127635,2.80189215816,0.0705940792002,-1.13386667324,-1.08049946838,1.45126914556,1.68646461094,0.607735109133,3.32920876214,1.33851075153,0.396543275849,-0.410715543775,-0.0524723606883,3.15227324481
0.674828330986,-1.56776062824,0.453801740069,1.99281883498,0.224288647077,2.49393550013,2.01176437397,-1.25146284652,-1.73141003732,-1.43645850409,-1.03851444092,-3.27422637940,1.61302167103,0.276716877671,1.38395743186
1.16281642981,0.734458696306,1.17918163364,-1.95855927715,0.694867483321,-0.241187611514,2.88763996503,0.0938496921849,-0.0889017385277,1.89510744102,-2.77508014495,-1.12079180997,-1.34026046556,-1.83429331147,1.86221268484
1.58267884500,0.0517854200805,2.39368196031,0.999095281433,-3.74729914683,0.419312203798,2.15367207049,2.93993608314,0.891185248186,3.46398177091,-4.52445626535,-2.89335706750,-0.273961472966,-3.97131189175,1.30499398692
-0.781395535396,-0.00885499948951,-0.0609778992597,1.36112117635,-0.360113286718,-1.10863661590,-0.260034842934,2.25714130034,-1.08234330435,1.38723184196,0.591521002442,0.0892048008802,0.898764437365,-2.35928431574,1.16956034987
-3.45015676616,0.350736798101,0.445418598118,0.260008865143,0.592039666180,-0.410059280447,3.23175342486,-0.181899727049,1.73072878511,-0.235411675793,-0.0442270121995,-0.617570564960,-5.00659661412,-0.668453261493,0.961262802451
0.839169166100,1.33014352835,-1.27312084176,0.939153198003,-0.195143737935,-2.02655784728,-2.34560006959,-1.97121277699,0.186735847817,-4.03794402872,0.994773441602,1.36879599508,-0.00397668291324,2.49378080241,-0.979513093981
-1.48567204692,1.15176947837,-1.53939833340,-0.420203182099,0.674255351042,-1.22597310099,0.232130356200,-2.77084678601,-0.959835603703,-5.20978781652,-0.530605290107,-0.530576836786,0.885625526663,-1.25605128784,-1.22115205572
-1.26869068300,-0.199925437954,0.0170406682111,1.07153678218,-0.489463684363,-1.20076211106,0.518497195405,-0.537946244092,3.04969169480,-2.81609520728,0.639530617068,-1.48324417915,-1.28089484814,0.703489856277,0.932667056235
0.394153553927,-0.856822619029,-1.72833726716,0.547458900563,0.505694276690,-0.302660997988,2.90968932270,0.673461774774,2.00864977088,0.313958182726,-0.351550986654,2.23824272921,2.52555541898,0.182267449322,-0.741123478456
-1.02288304571,1.32734124804,-0.0372285987316,-1.73073883559,0.846792486913,-1.60019932260,0.471940682417,1.97000909604,1.14323558462,1.73126005418,-0.298733322433,0.681757604842,-0.717199226290,-1.33568315801,-1.63656432192
-0.935704770430,-0.187431522677,0.708122489927,-0.920732195038,-0.341692379859,-0.514858066643,-0.275260992603,-2.81987673078,-1.57385984737,-3.36423299890,-1.23823476302,0.864854766433,-2.12354612530,-0.152103159176,0.536841566701
0.727632761223,0.812824099915,-0.00296239700725,-0.679101719406,0.495716121308,1.55897646879,-2.36843147842,0.394647808043,-0.520739090878,-2.19587088609,0.298190564611,-2.57736199207,1.05765187660,0.103030309101,-1.12457002906
-2.39375535960,-2.42724336393,-1.07468761604,1.74666485176,0.924830331177,0.538024001209,-2.66272106018,0.217195564126,0.154527213713,-0.0424308268144,4.48406086816,0.191550519568,3.06209607067,4.27455275955,-0.348192829061
-0.597841160267,0.373602145987,-0.799242465718,-0.608504904192,-0.0906647095127,-1.73819673260,-1.39414118513,1.09710736111,0.658693029857,1.24032076059,0.423830713597,0.202549086473,0.116403395200,1.21643668719,0.206109885692
-0.0279542016427,-0.852593172919,0.109259341099,0.981234753839,0.460885786760,2.88050612715,-1.88288308021,-2.53106196090,1.21661050005,-2.57331363706,3.17187773153,-1.14621231744,-0.0301393763498,1.43852558944,-0.445022180228
2.08912432188,-0.793938725903,-0.975083408801,1.06472344507,-0.488152328709,0.561221374436,-2.73626710582,0.529304514696,-1.15741825666,-1.08697211637,1.55462738572,0.185028091911,-1.18912678615,-0.119528928518,0.232516146273
0.211999049508,-1.97814449471,0.420526357293,0.773582341008,-2.09600460308,1.39074370209,0.341754854656,2.28250947926,1.12941005224,7.39107466522,-0.314905346351,-2.53577365511,0.665641383474,-4.12810697097,2.13848822242
-1.68851613834,-0.335748873373,-0.770144359490,-0.353796971721,1.67849053892,2.36406291742,0.135351125517,1.22569280162,2.41029425516,-2.27975447178,-0.729089659727,-2.01383015775,1.74755829449,-0.747609495988,-1.90009685308
-1.35931789087,-0.988105247188,-0.342262421171,0.113711994565,-2.38769973584,0.556507625724,0.264766486300,0.0943304966492,-0.590983482578,1.22651923545,-0.428489943335,-3.33758386173,2.16382073383,-0.750130238171,0.966807529340
1.04352627823,0.426298776434,1.84451846446,0.841625408117,-0.791602718465,0.375362355626,0.363957856609,-2.42973371078,-0.00494923162024,-2.31621088791,2.32902605480,-2.58370128826,-1.24573602459,2.63445134385,-1.58587288914
-2.13161533607,0.872137800078,2.03053956534,-0.449991337276,-0.467280116875,-1.20598766523,-1.24167776017,3.22499143425,0.209027520945,-0.490414978233,2.34676957206,2.17924693721,-2.61739839030,-0.270916592826,0.794384385934
2.82221202154,0.118557935644,1.43839386191,0.177502458115,0.573124066355,-1.74234638262,-0.285149648021,1.58185850139,-2.08451050264,-1.44994554299,2.48228694802,-1.07482400894,1.00967150356,-0.199096810654,-1.21867184116
0.285746646253,2.41091059696,0.755184198731,-2.34584584425,-1.44424450363,-3.48128819724,-1.01274288622,2.12299424234,1.76127667274,-0.0615219437224,-0.940507764267,4.63909188079,-0.698404359530,-1.48165335625,-1.61730724873
-3.03152459632,1.25112484387,-1.07595630112,-2.27698637558,2.23070417640,1.51568513118,-0.708546963215,-0.258910723302,-0.0741630287314,-0.973140177952,-0.442239535465,0.0903401758035,-2.36786159739,0.721191739364,1.22806307069
2.48107521235,0.601013817891,0.341624793301,-1.15979907977,-0.560995837035,-0.767864530755,1.55706216802,0.215770026398,-1.39904209700,2.25264513861,-0.291913655010,-1.42650045840,0.203389297089,-2.65468402188,1.83820148481
1.74480372035,2.60293681837,-0.872371986951,-0.808786576655,1.49315531592,0.729664711422,-0.302408427588,1.02124303343,1.13953964958,1.44654719201,-2.54142089234,-6.31020112394,0.720392455106,-2.94819269422,-1.45224581765
0.116741746731,-0.974309064132,-0.0172256249446,-0.765247067866,-0.633830335539,2.36239878592,2.02829564752,-1.46354205040,-0.235612158844,-3.31379682824,-1.55197907080,-3.77836985076,0.198567783519,-0.0102828943233,-0.122338943896
0.844575728939,1.26585148419,-0.00602990485084,-0.478861111898,-1.60653180326,-1.74619314468,-1.78699926467,-0.145864279517,-1.68021639419,-2.79804588341,-0.206502525049,-0.594932341122,2.09504354789,2.83199823832,-2.99063908250
0.951719532129,1.69639838139,1.90552839330,-3.35643373557,2.08705514627,-2.78010435530,-1.31917117510,1.98478509036,-0.620528749675,3.04486161802,0.595487664125,7.18349455524,4.05811445315,-0.784949919087,-1.81707087965
-0.151191614026,-0.651120705485,0.407442978105,-2.18068105865,0.889570517641,1.26363598044,1.37208114096,-1.83546917331,-1.57338934085,0.482182526124,-1.46569187999,0.0432565389479,-0.664016198989,-2.07107137010,-0.0288428597819
3.01188904954,0.532819351193,-0.882985183860,-2.09018238734,-0.665477176721,2.41225289267,-0.635316653670,0.140791379938,-0.165982098111,0.346811210764,-0.945891892786,0.00408196918659,-1.09014454495,-2.67661000154,-0.219161704312
0.595388186461,-0.212070157896,-0.740958434372,1.33148927750,0.351469222554,-0.231362431910,-1.26483017498,0.912581299643,1.01243979586,2.65648582456,1.14817006966,1.11715198464,3.58172446081,-0.771212347479,0.943532993772
1.28159978393,0.295869575544,1.27790400431,0.517350981042,0.811882217630,-0.434831220963,-0.801755328428,1.36250881532,-1.94342400529,0.00741604424976,0.150124048936,0.817322680168,3.02835598465,1.60611216845,-1.56267915588
-3.31440964502,0.781252945284,-1.20348868632,-2.08759204273,-0.460751356694,-3.38477293001,-1.55276116067,-0.0264633800336,-0.487075465892,1.35019087392,-0.715711224229,2.76840886450,0.614039111450,-0.734947420639,1.36165919010
-0.276608965444,-0.344218834837,1.27514842519,-1.34027436421,-0.297249934682,2.86247645305,-0.802842560285,-3.25042619732,-4.23998838962,-0.639489355897,-0.548219238796,-3.60565125761,-1.35086471856,0.971619444766,0.795690997031
0.768804000043,-0.172757928682,1.07670377442,-0.599172382284,-0.352153587326,-1.53326885995,1.59812833834,1.69930467377,-2.29867402378,2.06029467278,-2.10305046613,2.63778300704,-0.653244694444,-0.222505688878,1.42717701426
-1.11237538704,-0.237496773053,-0.528807774104,1.79038385350,0.642152297451,-1.55000682131,-3.61036192341,-0.620475821141,-0.484618768792,-3.13086604644,5.75940034617,-1.00617276933,2.32819196403,3.71338093960,0.511893481844
0.785726474425,-1.73564936656,-0.0906383830340,2.85986698045,-1.17805444247,2.27087455708,0.876586189658,0.128015915487,2.41628791755,0.908968609815,0.674029194409,0.271845312276,1.82786292481,0.851257294867,0.579782089554
-0.670713713034,0.315054107122,0.401237548209,0.723081272640,-2.09220685550,0.521903893081,0.0831279195597,0.467739685266,-0.931243954699,0.303784780767,2.74104936388,-0.607815511791,0.298049910467,0.962849777664,0.433520215349
-1.00646022951,-1.87650712492,1.89999729311,1.14167197684,-1.60955860422,-0.571982099304,1.14842973772,0.444025620809,-1.29154519486,2.81928093339,0.450017573086,-1.19447073646,-0.352881849377,0.0913297456156,1.73058190159
0.518714435163,0.619693001608,-0.192127359227,-0.399788314244,0.339419044518,-1.77084801650,1.31816519810,2.02505263895,-0.751993204094,1.81342743990,-0.411680849598,0.276130535701,1.38447684525,-1.56771406524,0.0288028560782
