algorithm,sampleSize,rep,seed,shd_before,adjPrec_before,adjRec_before,adjF1_before,arrPrec_before,arrRec_before,arrF1_before,edges_before,violations_before,modelP_before,shd_after,adjPrec_after,adjRec_after,adjF1_after,arrPrec_after,arrRec_after,arrF1_after,edges_after,violations_after,modelP_after,delta_shd,delta_violations,delta_modelP
BOSS,2000,1,2000,3.000000,1.000000,0.800000,0.888889,1.000000,0.818182,0.900000,12,2,0.164010,4.000000,0.928571,0.866667,0.896552,0.818182,0.818182,0.818182,14,0,0.042244,1.000000,-2,-0.121766
BOSS,2000,10,11000,5.000000,1.000000,0.933333,0.965517,0.666667,1.000000,0.800000,14,3,0.167157,1.000000,0.937500,1.000000,0.967742,0.888889,1.000000,0.941176,16,0,0.349429,-4.000000,-3,0.182271
BOSS,2000,100,101000,4.000000,1.000000,0.800000,0.888889,0.916667,0.733333,0.814815,12,2,0.996914,5.000000,0.866667,0.866667,0.866667,0.857143,0.800000,0.827586,15,1,0.267513,1.000000,-1,-0.729401
BOSS,2000,11,12000,3.000000,1.000000,0.933333,0.965517,0.818182,1.000000,0.900000,14,3,0.223564,1.000000,0.937500,1.000000,0.967742,0.900000,1.000000,0.947368,16,0,0.723663,-2.000000,-3,0.500099
BOSS,2000,12,13000,1.000000,1.000000,0.933333,0.965517,1.000000,0.923077,0.960000,14,1,0.038107,2.000000,0.933333,0.933333,0.933333,0.923077,0.923077,0.923077,15,0,0.051340,1.000000,-1,0.013233
BOSS,2000,13,14000,6.000000,1.000000,0.733333,0.846154,1.000000,0.571429,0.727273,11,5,0.572616,4.000000,0.866667,0.866667,0.866667,0.857143,0.857143,0.857143,15,0,0.096365,-2.000000,-5,-0.476251
BOSS,2000,14,15000,2.000000,1.000000,0.866667,0.928571,1.000000,0.846154,0.916667,13,3,0.793569,2.000000,1.000000,0.866667,0.928571,1.000000,0.846154,0.916667,13,3,0.793569,0.000000,0,0.000000
BOSS,2000,15,16000,4.000000,1.000000,0.866667,0.928571,1.000000,0.636364,0.777778,13,6,0.051323,6.000000,0.812500,0.866667,0.838710,0.750000,0.818182,0.782609,16,3,0.216579,2.000000,-3,0.165256
BOSS,2000,16,17000,2.000000,1.000000,0.866667,0.928571,1.000000,0.875000,0.933333,13,2,0.615622,3.000000,0.928571,0.866667,0.896552,1.000000,0.875000,0.933333,14,0,0.852469,1.000000,-2,0.236847
BOSS,2000,17,18000,1.000000,1.000000,0.933333,0.965517,1.000000,0.928571,0.962963,14,1,0.533912,2.000000,0.933333,0.933333,0.933333,1.000000,0.928571,0.962963,15,0,0.147260,1.000000,-1,-0.386653
BOSS,2000,18,19000,7.000000,1.000000,1.000000,1.000000,0.500000,1.000000,0.666667,15,2,0.371407,1.000000,0.937500,1.000000,0.967742,0.875000,1.000000,0.933333,16,0,0.465556,-6.000000,-2,0.094149
BOSS,2000,19,20000,0.000000,1.000000,1.000000,1.000000,1.000000,1.000000,1.000000,15,0,0.008245,0.000000,1.000000,1.000000,1.000000,1.000000,1.000000,1.000000,15,0,0.008245,0.000000,0,0.000000
BOSS,2000,2,3000,3.000000,1.000000,0.866667,0.928571,0.900000,0.818182,0.857143,13,5,0.745750,4.000000,0.933333,0.933333,0.933333,0.750000,0.818182,0.782609,15,0,0.919261,1.000000,-5,0.173511
BOSS,2000,20,21000,1.000000,1.000000,0.933333,0.965517,1.000000,0.923077,0.960000,14,7,0.124333,6.000000,0.777778,0.933333,0.848485,0.705882,0.923077,0.800000,18,0,0.805228,5.000000,-7,0.680895
BOSS,2000,21,22000,2.000000,1.000000,0.866667,0.928571,1.000000,0.833333,0.909091,13,0,0.009550,2.000000,1.000000,0.866667,0.928571,1.000000,0.833333,0.909091,13,0,0.009550,0.000000,0,-0.000000
BOSS,2000,22,23000,1.000000,1.000000,0.933333,0.965517,1.000000,0.900000,0.947368,14,5,0.020091,6.000000,0.833333,1.000000,0.909091,0.625000,1.000000,0.769231,18,0,0.975648,5.000000,-5,0.955557
BOSS,2000,23,24000,3.000000,1.000000,1.000000,1.000000,0.846154,0.916667,0.880000,15,1,0.714216,4.000000,0.937500,1.000000,0.967742,0.785714,0.916667,0.846154,16,0,0.266574,1.000000,-1,-0.447642
BOSS,2000,24,25000,6.000000,1.000000,0.866667,0.928571,0.692308,0.692308,0.692308,13,0,0.533912,5.000000,1.000000,0.866667,0.928571,0.818182,0.692308,0.750000,13,0,0.584077,-1.000000,0,0.050165
BOSS,2000,25,26000,3.000000,1.000000,0.800000,0.888889,1.000000,0.846154,0.916667,12,1,0.234773,5.000000,0.923077,0.800000,0.857143,0.846154,0.846154,0.846154,13,0,0.193091,2.000000,-1,-0.041682
BOSS,2000,26,27000,2.000000,1.000000,0.933333,0.965517,1.000000,0.750000,0.857143,14,6,0.286975,4.000000,0.882353,1.000000,0.937500,0.666667,1.000000,0.800000,17,0,0.439683,2.000000,-6,0.152708
BOSS,2000,27,28000,0.000000,1.000000,1.000000,1.000000,1.000000,1.000000,1.000000,15,4,0.264565,3.000000,0.882353,1.000000,0.937500,0.875000,1.000000,0.933333,17,0,0.508196,3.000000,-4,0.243631
BOSS,2000,28,29000,0.000000,1.000000,1.000000,1.000000,1.000000,1.000000,1.000000,15,0,0.945840,0.000000,1.000000,1.000000,1.000000,1.000000,1.000000,1.000000,15,0,0.945840,0.000000,0,0.000000
BOSS,2000,29,30000,2.000000,1.000000,0.866667,0.928571,1.000000,0.857143,0.923077,13,3,0.001335,4.000000,0.933333,0.933333,0.933333,0.666667,0.857143,0.750000,15,0,0.305641,2.000000,-3,0.304306
BOSS,2000,3,4000,3.000000,1.000000,0.866667,0.928571,1.000000,0.750000,0.857143,13,1,0.230668,4.000000,0.933333,0.933333,0.933333,0.833333,0.833333,0.833333,15,0,0.275207,1.000000,-1,0.044539
BOSS,2000,30,31000,2.000000,1.000000,0.933333,0.965517,0.928571,0.928571,0.928571,14,1,0.572580,3.000000,0.933333,0.933333,0.933333,0.866667,0.928571,0.896552,15,0,0.890981,1.000000,-1,0.318401
BOSS,2000,31,32000,1.000000,1.000000,0.933333,0.965517,1.000000,0.933333,0.965517,14,0,0.136884,1.000000,1.000000,0.933333,0.965517,1.000000,0.933333,0.965517,14,0,0.136884,0.000000,0,0.000000
BOSS,2000,32,33000,1.000000,1.000000,0.933333,0.965517,1.000000,0.923077,0.960000,14,0,0.735799,1.000000,1.000000,0.933333,0.965517,1.000000,0.923077,0.960000,14,0,0.735799,0.000000,0,0.000000
BOSS,2000,33,34000,5.000000,1.000000,0.666667,0.800000,1.000000,0.777778,0.875000,10,4,0.203690,4.000000,1.000000,0.733333,0.846154,1.000000,0.777778,0.875000,11,0,0.548458,-1.000000,-4,0.344768
BOSS,2000,34,35000,2.000000,1.000000,0.866667,0.928571,1.000000,0.800000,0.888889,13,3,0.097725,4.000000,0.866667,0.866667,0.866667,0.800000,0.800000,0.800000,15,0,0.352484,2.000000,-3,0.254759
BOSS,2000,35,36000,1.000000,1.000000,0.933333,0.965517,1.000000,0.909091,0.952381,14,2,0.152616,3.000000,0.875000,0.933333,0.903226,0.833333,0.909091,0.869565,16,0,0.264482,2.000000,-2,0.111865
BOSS,2000,36,37000,0.000000,1.000000,1.000000,1.000000,1.000000,1.000000,1.000000,15,4,0.679405,2.000000,0.882353,1.000000,0.937500,0.937500,1.000000,0.967742,17,0,0.690754,2.000000,-4,0.011348
BOSS,2000,37,38000,1.000000,1.000000,0.933333,0.965517,1.000000,0.909091,0.952381,14,1,0.713829,1.000000,1.000000,0.933333,0.965517,1.000000,0.909091,0.952381,14,1,0.713829,0.000000,0,-0.000000
BOSS,2000,38,39000,6.000000,0.866667,0.866667,0.866667,0.733333,0.733333,0.733333,15,3,0.646133,8.000000,0.800000,0.800000,0.800000,0.714286,0.666667,0.689655,15,1,0.421809,2.000000,-2,-0.224324
BOSS,2000,39,40000,0.000000,1.000000,1.000000,1.000000,1.000000,1.000000,1.000000,15,5,0.586640,6.000000,0.833333,1.000000,0.909091,0.666667,0.909091,0.769231,18,0,0.282524,6.000000,-5,-0.304116
BOSS,2000,4,5000,0.000000,1.000000,1.000000,1.000000,1.000000,1.000000,1.000000,15,0,0.604980,0.000000,1.000000,1.000000,1.000000,1.000000,1.000000,1.000000,15,0,0.604980,0.000000,0,0.000000
BOSS,2000,40,41000,11.000000,1.000000,0.800000,0.888889,0.300000,0.600000,0.400000,12,3,0.706199,11.000000,1.000000,0.933333,0.965517,0.250000,0.600000,0.352941,14,0,0.582942,0.000000,-3,-0.123257
BOSS,2000,41,42000,6.000000,1.000000,0.800000,0.888889,1.000000,0.444444,0.615385,12,1,0.405895,6.000000,1.000000,0.866667,0.928571,1.000000,0.444444,0.615385,13,0,0.434618,0.000000,-1,0.028723
BOSS,2000,42,43000,10.000000,1.000000,0.933333,0.965517,0.250000,1.000000,0.400000,14,4,0.594420,12.000000,0.933333,0.933333,0.933333,0.214286,1.000000,0.352941,15,0,0.057964,2.000000,-4,-0.536456
BOSS,2000,43,44000,2.000000,1.000000,0.866667,0.928571,1.000000,0.916667,0.956522,13,0,0.691293,2.000000,1.000000,0.866667,0.928571,1.000000,0.916667,0.956522,13,0,0.691293,0.000000,0,-0.000000
BOSS,2000,44,45000,4.000000,0.928571,0.866667,0.896552,0.846154,0.785714,0.814815,14,3,0.813425,6.000000,0.812500,0.866667,0.838710,0.785714,0.785714,0.785714,16,0,0.424824,2.000000,-3,-0.388600
BOSS,2000,45,46000,6.000000,1.000000,0.800000,0.888889,0.800000,0.666667,0.727273,12,1,0.406731,7.000000,0.923077,0.800000,0.857143,0.727273,0.666667,0.695652,13,0,0.449104,1.000000,-1,0.042374
BOSS,2000,46,47000,2.000000,1.000000,0.866667,0.928571,1.000000,1.000000,1.000000,13,1,0.311082,4.000000,0.928571,0.866667,0.896552,0.818182,1.000000,0.900000,14,0,0.707848,2.000000,-1,0.396766
BOSS,2000,47,48000,7.000000,1.000000,0.800000,0.888889,0.750000,0.545455,0.631579,12,6,0.238993,7.000000,0.857143,0.800000,0.827586,0.727273,0.727273,0.727273,14,0,0.854651,0.000000,-6,0.615658
BOSS,2000,48,49000,0.000000,1.000000,1.000000,1.000000,1.000000,1.000000,1.000000,15,1,0.891256,2.000000,0.937500,1.000000,0.967742,0.857143,0.923077,0.888889,16,2,0.981853,2.000000,1,0.090597
BOSS,2000,49,50000,3.000000,1.000000,0.866667,0.928571,1.000000,0.818182,0.900000,13,3,0.330471,6.000000,0.812500,0.866667,0.838710,0.818182,0.818182,0.818182,16,0,0.881668,3.000000,-3,0.551197
BOSS,2000,5,6000,7.000000,1.000000,0.666667,0.800000,0.800000,0.571429,0.666667,10,5,0.000529,6.000000,0.923077,0.800000,0.857143,0.900000,0.642857,0.750000,13,0,0.023282,-1.000000,-5,0.022753
BOSS,2000,50,51000,0.000000,1.000000,1.000000,1.000000,1.000000,1.000000,1.000000,15,4,0.689368,3.000000,0.833333,1.000000,0.909091,0.882353,1.000000,0.937500,18,0,0.979661,3.000000,-4,0.290294
BOSS,2000,51,52000,7.000000,0.857143,0.800000,0.827586,0.692308,0.750000,0.720000,14,6,0.866164,5.000000,0.823529,0.933333,0.875000,0.714286,0.833333,0.769231,17,0,0.552123,-2.000000,-6,-0.314041
BOSS,2000,52,53000,1.000000,1.000000,0.933333,0.965517,1.000000,0.750000,0.857143,14,6,0.734011,8.000000,0.833333,1.000000,0.909091,0.363636,1.000000,0.533333,18,0,0.331176,7.000000,-6,-0.402835
BOSS,2000,53,54000,0.000000,1.000000,1.000000,1.000000,1.000000,1.000000,1.000000,15,1,0.029845,5.000000,0.875000,0.933333,0.903226,0.750000,0.900000,0.818182,16,0,0.075250,5.000000,-1,0.045405
BOSS,2000,54,55000,2.000000,1.000000,0.933333,0.965517,0.928571,0.928571,0.928571,14,3,0.069835,3.000000,0.882353,1.000000,0.937500,0.823529,1.000000,0.903226,17,0,0.272737,1.000000,-3,0.202901
BOSS,2000,55,56000,0.000000,1.000000,1.000000,1.000000,1.000000,1.000000,1.000000,15,2,0.300906,1.000000,0.937500,1.000000,0.967742,0.928571,1.000000,0.962963,16,0,0.654877,1.000000,-2,0.353972
BOSS,2000,56,57000,0.000000,1.000000,1.000000,1.000000,1.000000,1.000000,1.000000,15,4,0.779319,10.000000,0.823529,0.933333,0.875000,0.466667,0.875000,0.608696,17,0,0.369523,10.000000,-4,-0.409796
BOSS,2000,57,58000,0.000000,1.000000,1.000000,1.000000,1.000000,1.000000,1.000000,15,0,0.621937,0.000000,1.000000,1.000000,1.000000,1.000000,1.000000,1.000000,15,0,0.621937,0.000000,0,-0.000000
BOSS,2000,58,59000,0.000000,1.000000,1.000000,1.000000,1.000000,1.000000,1.000000,15,2,0.991514,1.000000,0.937500,1.000000,0.967742,1.000000,1.000000,1.000000,16,0,0.435102,1.000000,-2,-0.556412
BOSS,2000,59,60000,2.000000,1.000000,0.933333,0.965517,0.923077,0.923077,0.923077,14,3,0.199684,6.000000,0.823529,0.933333,0.875000,0.705882,0.923077,0.800000,17,0,0.666994,4.000000,-3,0.467310
BOSS,2000,6,7000,4.000000,1.000000,0.866667,0.928571,0.846154,1.000000,0.916667,13,2,0.788515,2.000000,0.933333,0.933333,0.933333,0.916667,1.000000,0.956522,15,0,0.932886,-2.000000,-2,0.144371
BOSS,2000,60,61000,0.000000,1.000000,1.000000,1.000000,1.000000,1.000000,1.000000,15,1,0.512909,3.000000,0.937500,1.000000,0.967742,1.000000,0.846154,0.916667,16,0,0.545984,3.000000,-1,0.033074
BOSS,2000,61,62000,6.000000,0.928571,0.866667,0.896552,0.666667,0.666667,0.666667,14,4,0.011882,9.000000,0.812500,0.866667,0.838710,0.500000,0.666667,0.571429,16,0,0.395814,3.000000,-4,0.383932
BOSS,2000,62,63000,1.000000,1.000000,0.933333,0.965517,1.000000,0.916667,0.956522,14,1,0.753792,1.000000,1.000000,1.000000,1.000000,0.916667,0.916667,0.916667,15,1,0.196567,0.000000,0,-0.557224
BOSS,2000,63,64000,1.000000,1.000000,0.933333,0.965517,1.000000,0.923077,0.960000,14,1,0.829817,2.000000,0.933333,0.933333,0.933333,0.923077,0.923077,0.923077,15,0,0.642848,1.000000,-1,-0.186968
BOSS,2000,64,65000,1.000000,1.000000,0.933333,0.965517,1.000000,1.000000,1.000000,14,1,0.860022,1.000000,1.000000,0.933333,0.965517,1.000000,1.000000,1.000000,14,1,0.860022,0.000000,0,0.000000
BOSS,2000,65,66000,1.000000,1.000000,0.933333,0.965517,1.000000,0.900000,0.947368,14,0,0.280159,1.000000,1.000000,0.933333,0.965517,1.000000,0.900000,0.947368,14,0,0.280159,0.000000,0,-0.000000
BOSS,2000,66,67000,0.000000,1.000000,1.000000,1.000000,1.000000,1.000000,1.000000,15,6,0.108332,3.000000,0.833333,1.000000,0.909091,0.846154,1.000000,0.916667,18,0,0.838989,3.000000,-6,0.730657
BOSS,2000,67,68000,4.000000,1.000000,0.866667,0.928571,1.000000,0.733333,0.846154,13,2,0.542369,3.000000,0.928571,0.866667,0.896552,0.928571,0.866667,0.896552,14,0,0.657958,-1.000000,-2,0.115589
BOSS,2000,68,69000,6.000000,1.000000,0.866667,0.928571,1.000000,0.538462,0.700000,13,5,0.004568,6.000000,0.875000,0.933333,0.903226,0.714286,0.769231,0.740741,16,0,0.067104,0.000000,-5,0.062536
BOSS,2000,69,70000,0.000000,1.000000,1.000000,1.000000,1.000000,1.000000,1.000000,15,0,0.135574,5.000000,0.937500,1.000000,0.967742,0.666667,1.000000,0.800000,16,0,0.608361,5.000000,0,0.472786
BOSS,2000,7,8000,0.000000,1.000000,1.000000,1.000000,1.000000,1.000000,1.000000,15,2,0.807386,1.000000,0.937500,1.000000,0.967742,1.000000,1.000000,1.000000,16,0,0.481040,1.000000,-2,-0.326346
BOSS,2000,70,71000,2.000000,1.000000,0.866667,0.928571,1.000000,0.909091,0.952381,13,5,0.120852,4.000000,0.882353,1.000000,0.937500,0.769231,0.909091,0.833333,17,0,0.349889,2.000000,-5,0.229037
BOSS,2000,71,72000,2.000000,0.933333,0.933333,0.933333,0.923077,0.923077,0.923077,15,6,0.462363,6.000000,0.789474,1.000000,0.882353,0.785714,0.846154,0.814815,19,0,0.965460,4.000000,-6,0.503097
BOSS,2000,72,73000,2.000000,1.000000,0.866667,0.928571,1.000000,0.857143,0.923077,13,2,0.040170,1.000000,1.000000,0.933333,0.965517,1.000000,0.928571,0.962963,14,0,0.121415,-1.000000,-2,0.081245
BOSS,2000,73,74000,0.000000,1.000000,1.000000,1.000000,1.000000,1.000000,1.000000,15,1,0.005596,1.000000,0.937500,1.000000,0.967742,0.923077,1.000000,0.960000,16,0,0.001717,1.000000,-1,-0.003879
BOSS,2000,74,75000,0.000000,1.000000,1.000000,1.000000,1.000000,1.000000,1.000000,15,1,0.735316,2.000000,0.937500,1.000000,0.967742,0.857143,1.000000,0.923077,16,0,0.521677,2.000000,-1,-0.213638
BOSS,2000,75,76000,3.000000,1.000000,0.933333,0.965517,0.888889,0.800000,0.842105,14,6,0.163806,4.000000,0.937500,1.000000,0.967742,0.727273,0.800000,0.761905,16,2,0.527692,1.000000,-4,0.363886
BOSS,2000,76,77000,2.000000,1.000000,0.866667,0.928571,1.000000,0.846154,0.916667,13,4,0.178433,5.000000,0.875000,0.933333,0.903226,0.733333,0.846154,0.785714,16,0,0.978500,3.000000,-4,0.800067
BOSS,2000,77,78000,0.000000,1.000000,1.000000,1.000000,1.000000,1.000000,1.000000,15,0,0.077364,0.000000,1.000000,1.000000,1.000000,1.000000,1.000000,1.000000,15,0,0.077364,0.000000,0,-0.000000
BOSS,2000,78,79000,4.000000,1.000000,0.733333,0.846154,1.000000,0.785714,0.880000,11,2,0.309791,7.000000,0.923077,0.800000,0.857143,0.750000,0.642857,0.692308,13,0,0.253213,3.000000,-2,-0.056578
BOSS,2000,79,80000,0.000000,1.000000,1.000000,1.000000,1.000000,1.000000,1.000000,15,3,0.939997,5.000000,0.833333,1.000000,0.909091,0.705882,1.000000,0.827586,18,0,0.939945,5.000000,-3,-0.000052
BOSS,2000,8,9000,2.000000,1.000000,0.933333,0.965517,1.000000,0.857143,0.923077,14,0,0.743114,4.000000,0.933333,0.933333,0.933333,0.916667,0.785714,0.846154,15,0,0.358402,2.000000,0,-0.384712
BOSS,2000,80,81000,1.000000,1.000000,0.933333,0.965517,1.000000,0.916667,0.956522,14,5,0.092257,3.000000,0.882353,1.000000,0.937500,0.800000,1.000000,0.888889,17,0,0.456114,2.000000,-5,0.363858
BOSS,2000,81,82000,1.000000,1.000000,0.933333,0.965517,1.000000,1.000000,1.000000,14,3,0.176287,1.000000,0.937500,1.000000,0.967742,0.909091,1.000000,0.952381,16,0,0.964999,0.000000,-3,0.788712
BOSS,2000,82,83000,4.000000,1.000000,0.866667,0.928571,1.000000,0.769231,0.869565,13,3,0.753309,5.000000,0.866667,0.866667,0.866667,0.846154,0.846154,0.846154,15,1,0.216161,1.000000,-2,-0.537148
BOSS,2000,83,84000,1.000000,1.000000,0.933333,0.965517,1.000000,0.928571,0.962963,14,1,0.617935,0.000000,1.000000,1.000000,1.000000,1.000000,1.000000,1.000000,15,0,0.745128,-1.000000,-1,0.127193
BOSS,2000,84,85000,0.000000,1.000000,1.000000,1.000000,1.000000,1.000000,1.000000,15,1,0.002362,0.000000,1.000000,1.000000,1.000000,1.000000,1.000000,1.000000,15,1,0.002362,0.000000,0,0.000000
BOSS,2000,85,86000,1.000000,1.000000,0.933333,0.965517,1.000000,0.923077,0.960000,14,2,0.473562,3.000000,0.875000,0.933333,0.903226,0.857143,0.923077,0.888889,16,0,0.658768,2.000000,-2,0.185206
BOSS,2000,86,87000,3.000000,1.000000,0.933333,0.965517,0.714286,1.000000,0.833333,14,2,0.790113,1.000000,0.937500,1.000000,0.967742,1.000000,1.000000,1.000000,16,0,0.117669,-2.000000,-2,-0.672445
BOSS,2000,87,88000,1.000000,1.000000,0.933333,0.965517,1.000000,1.000000,1.000000,14,2,0.000811,7.000000,0.937500,1.000000,0.967742,0.538462,0.875000,0.666667,16,0,0.224890,6.000000,-2,0.224079
BOSS,2000,88,89000,0.000000,1.000000,1.000000,1.000000,1.000000,1.000000,1.000000,15,3,0.976212,5.000000,0.833333,1.000000,0.909091,0.857143,0.750000,0.800000,18,0,0.015431,5.000000,-3,-0.960781
BOSS,2000,89,90000,5.000000,0.928571,0.866667,0.896552,0.700000,0.636364,0.666667,14,4,0.090863,9.000000,0.857143,0.800000,0.827586,0.583333,0.636364,0.608696,14,0,0.225444,4.000000,-4,0.134581
BOSS,2000,9,10000,1.000000,1.000000,0.933333,0.965517,1.000000,1.000000,1.000000,14,4,0.541786,2.000000,0.937500,1.000000,0.967742,0.857143,1.000000,0.923077,16,0,0.283918,1.000000,-4,-0.257868
BOSS,2000,90,91000,0.000000,1.000000,1.000000,1.000000,1.000000,1.000000,1.000000,15,0,0.738315,0.000000,1.000000,1.000000,1.000000,1.000000,1.000000,1.000000,15,0,0.738315,0.000000,0,0.000000
BOSS,2000,91,92000,3.000000,1.000000,0.800000,0.888889,1.000000,0.900000,0.947368,12,3,0.706472,5.000000,0.857143,0.800000,0.827586,1.000000,0.900000,0.947368,14,0,0.427671,2.000000,-3,-0.278801
BOSS,2000,92,93000,0.000000,1.000000,1.000000,1.000000,1.000000,1.000000,1.000000,15,0,0.713446,0.000000,1.000000,1.000000,1.000000,1.000000,1.000000,1.000000,15,0,0.713446,0.000000,0,-0.000000
BOSS,2000,93,94000,1.000000,1.000000,0.933333,0.965517,1.000000,1.000000,1.000000,14,4,0.257018,7.000000,0.823529,0.933333,0.875000,0.666667,0.909091,0.769231,17,0,0.362475,6.000000,-4,0.105457
BOSS,2000,94,95000,1.000000,1.000000,0.933333,0.965517,1.000000,1.000000,1.000000,14,4,0.117616,3.000000,0.875000,0.933333,0.903226,0.928571,1.000000,0.962963,16,0,0.623212,2.000000,-4,0.505595
BOSS,2000,95,96000,2.000000,1.000000,0.866667,0.928571,1.000000,0.900000,0.947368,13,4,0.323770,7.000000,0.933333,0.933333,0.933333,0.600000,0.900000,0.720000,15,0,0.100462,5.000000,-4,-0.223308
BOSS,2000,96,97000,5.000000,0.933333,0.933333,0.933333,0.692308,0.818182,0.750000,15,1,0.814453,7.000000,0.875000,0.933333,0.903226,0.600000,0.818182,0.692308,16,0,0.188739,2.000000,-1,-0.625714
BOSS,2000,97,98000,1.000000,1.000000,0.933333,0.965517,1.000000,0.928571,0.962963,14,1,0.083800,2.000000,0.933333,0.933333,0.933333,0.928571,0.928571,0.928571,15,0,0.428047,1.000000,-1,0.344247
BOSS,2000,98,99000,5.000000,1.000000,0.733333,0.846154,1.000000,0.545455,0.705882,11,6,0.051112,8.000000,0.764706,0.866667,0.812500,0.600000,0.818182,0.692308,17,0,0.755636,3.000000,-6,0.704525
BOSS,2000,99,100000,3.000000,1.000000,0.800000,0.888889,1.000000,0.769231,0.869565,12,4,0.480060,4.000000,0.923077,0.800000,0.857143,0.909091,0.769231,0.833333,13,1,0.994175,1.000000,-3,0.514116
BOSS,500,1,500,4.000000,0.928571,0.866667,0.896552,0.818182,0.818182,0.818182,14,2,0.617846,1.000000,1.000000,0.933333,0.965517,1.000000,1.000000,1.000000,14,0,0.412486,-3.000000,-2,-0.205361
BOSS,500,10,9500,7.000000,0.923077,0.800000,0.857143,0.666667,0.666667,0.666667,13,1,0.964102,8.000000,0.928571,0.866667,0.896552,0.545455,0.666667,0.600000,14,0,0.620698,1.000000,-1,-0.343403
BOSS,500,100,99500,10.000000,1.000000,0.733333,0.846154,0.444444,0.400000,0.421053,11,1,0.609966,9.000000,0.916667,0.733333,0.814815,0.714286,0.500000,0.588235,12,0,0.568288,-1.000000,-1,-0.041678
BOSS,500,11,10500,1.000000,1.000000,0.933333,0.965517,1.000000,0.916667,0.956522,14,0,0.779560,1.000000,1.000000,0.933333,0.965517,1.000000,0.916667,0.956522,14,0,0.779560,0.000000,0,0.000000
BOSS,500,12,11500,4.000000,1.000000,0.866667,0.928571,1.000000,0.727273,0.842105,13,5,0.131758,2.000000,0.933333,0.933333,0.933333,0.909091,0.909091,0.909091,15,0,0.286396,-2.000000,-5,0.154638
BOSS,500,13,12500,1.000000,1.000000,0.933333,0.965517,1.000000,1.000000,1.000000,14,5,0.303498,3.000000,0.933333,0.933333,0.933333,0.833333,1.000000,0.909091,15,0,0.431196,2.000000,-5,0.127698
BOSS,500,14,13500,3.000000,1.000000,0.800000,0.888889,1.000000,0.833333,0.909091,12,1,0.509886,2.000000,1.000000,0.866667,0.928571,1.000000,0.916667,0.956522,13,0,0.343844,-1.000000,-1,-0.166042
BOSS,500,15,14500,3.000000,1.000000,0.933333,0.965517,1.000000,0.785714,0.880000,14,3,0.388265,4.000000,0.833333,1.000000,0.909091,0.777778,1.000000,0.875000,18,0,0.611839,1.000000,-3,0.223574
BOSS,500,16,15500,5.000000,1.000000,0.933333,0.965517,0.727273,0.666667,0.695652,14,3,0.258914,7.000000,0.933333,0.933333,0.933333,0.642857,0.750000,0.692308,15,0,0.432257,2.000000,-3,0.173343
BOSS,500,17,16500,2.000000,1.000000,0.866667,0.928571,1.000000,0.916667,0.956522,13,0,0.518904,2.000000,1.000000,0.866667,0.928571,1.000000,0.916667,0.956522,13,0,0.518904,0.000000,0,0.000000
BOSS,500,18,17500,4.000000,1.000000,0.733333,0.846154,1.000000,0.727273,0.842105,11,4,0.884317,7.000000,0.846154,0.733333,0.785714,0.666667,0.545455,0.600000,13,4,0.792737,3.000000,0,-0.091580
BOSS,500,19,18500,9.000000,1.000000,0.666667,0.800000,0.666667,0.500000,0.571429,10,4,0.009572,9.000000,0.909091,0.666667,0.769231,0.700000,0.583333,0.636364,11,2,0.026603,0.000000,-2,0.017032
BOSS,500,2,1500,2.000000,1.000000,0.866667,0.928571,1.000000,0.857143,0.923077,13,5,0.166866,6.000000,0.812500,0.866667,0.838710,0.800000,0.857143,0.827586,16,1,0.553723,4.000000,-4,0.386857
BOSS,500,20,19500,2.000000,1.000000,0.866667,0.928571,1.000000,0.846154,0.916667,13,0,0.938861,2.000000,1.000000,0.866667,0.928571,1.000000,0.846154,0.916667,13,0,0.938861,0.000000,0,-0.000000
BOSS,500,21,20500,2.000000,1.000000,0.866667,0.928571,1.000000,0.846154,0.916667,13,8,0.042142,3.000000,0.933333,0.933333,0.933333,0.846154,0.846154,0.846154,15,0,0.361431,1.000000,-8,0.319289
BOSS,500,22,21500,15.000000,0.909091,0.666667,0.769231,0.000000,0.000000,0.000000,11,5,0.228885,14.000000,0.785714,0.733333,0.758621,0.000000,0.000000,0.000000,14,1,0.630463,-1.000000,-4,0.401578
BOSS,500,23,22500,9.000000,0.916667,0.733333,0.814815,0.666667,0.500000,0.571429,12,4,0.950592,13.000000,0.733333,0.733333,0.733333,0.416667,0.416667,0.416667,15,0,0.280859,4.000000,-4,-0.669733
BOSS,500,24,23500,5.000000,1.000000,0.866667,0.928571,1.000000,0.545455,0.705882,13,5,0.060941,4.000000,0.933333,0.933333,0.933333,1.000000,0.727273,0.842105,15,0,0.153664,-1.000000,-5,0.092723
BOSS,500,25,24500,5.000000,0.923077,0.800000,0.857143,0.833333,0.714286,0.769231,13,1,0.701126,6.000000,0.857143,0.800000,0.827586,0.769231,0.714286,0.740741,14,0,0.582598,1.000000,-1,-0.118528
BOSS,500,26,25500,1.000000,1.000000,0.933333,0.965517,1.000000,0.928571,0.962963,14,4,0.181650,3.000000,0.875000,0.933333,0.903226,0.928571,0.928571,0.928571,16,0,0.459449,2.000000,-4,0.277799
BOSS,500,27,26500,1.000000,1.000000,0.933333,0.965517,1.000000,1.000000,1.000000,14,1,0.130592,0.000000,1.000000,1.000000,1.000000,1.000000,1.000000,1.000000,15,0,0.006091,-1.000000,-1,-0.124501
BOSS,500,28,27500,6.000000,1.000000,0.800000,0.888889,0.800000,0.727273,0.761905,12,4,0.303737,10.000000,0.785714,0.733333,0.758621,0.636364,0.636364,0.636364,14,1,0.890602,4.000000,-3,0.586865
BOSS,500,29,28500,3.000000,1.000000,0.800000,0.888889,1.000000,0.833333,0.909091,12,3,0.676771,4.000000,0.928571,0.866667,0.896552,0.846154,0.916667,0.880000,14,0,0.860341,1.000000,-3,0.183570
BOSS,500,3,2500,8.000000,1.000000,0.733333,0.846154,1.000000,0.428571,0.600000,11,4,0.924207,9.000000,0.928571,0.866667,0.896552,0.666667,0.428571,0.521739,14,0,0.010625,1.000000,-4,-0.913581
BOSS,500,30,29500,1.000000,1.000000,0.933333,0.965517,1.000000,0.923077,0.960000,14,4,0.014598,4.000000,0.875000,0.933333,0.903226,0.800000,0.923077,0.857143,16,0,0.807041,3.000000,-4,0.792444
BOSS,500,31,30500,1.000000,1.000000,0.933333,0.965517,1.000000,0.923077,0.960000,14,0,0.877413,3.000000,0.933333,0.933333,0.933333,0.857143,0.923077,0.888889,15,0,0.549795,2.000000,0,-0.327618
BOSS,500,32,31500,5.000000,0.923077,0.800000,0.857143,0.800000,0.727273,0.761905,13,2,0.084071,5.000000,0.866667,0.866667,0.866667,0.750000,0.818182,0.782609,15,0,0.430665,0.000000,-2,0.346593
BOSS,500,33,32500,1.000000,1.000000,0.933333,0.965517,1.000000,0.923077,0.960000,14,2,0.214033,2.000000,0.933333,0.933333,0.933333,1.000000,0.923077,0.960000,15,0,0.675461,1.000000,-2,0.461428
BOSS,500,34,33500,6.000000,1.000000,0.933333,0.965517,0.615385,1.000000,0.761905,14,0,0.610188,6.000000,1.000000,0.933333,0.965517,0.615385,1.000000,0.761905,14,0,0.610188,0.000000,0,0.000000
BOSS,500,35,34500,4.000000,1.000000,0.800000,0.888889,1.000000,0.666667,0.800000,12,2,0.565771,3.000000,0.928571,0.866667,0.896552,0.857143,1.000000,0.923077,14,0,0.354975,-1.000000,-2,-0.210796
BOSS,500,36,35500,5.000000,1.000000,0.733333,0.846154,1.000000,0.636364,0.777778,11,5,0.049166,3.000000,0.933333,0.933333,0.933333,0.833333,0.909091,0.869565,15,0,0.720268,-2.000000,-5,0.671102
BOSS,500,37,36500,6.000000,1.000000,0.800000,0.888889,1.000000,0.600000,0.750000,12,2,0.230258,3.000000,1.000000,0.933333,0.965517,1.000000,0.800000,0.888889,14,0,0.514150,-3.000000,-2,0.283891
BOSS,500,38,37500,8.000000,1.000000,0.800000,0.888889,0.636364,0.636364,0.636364,12,4,0.082243,2.000000,0.933333,0.933333,0.933333,0.909091,0.909091,0.909091,15,0,0.501246,-6.000000,-4,0.419004
BOSS,500,39,38500,1.000000,1.000000,0.933333,0.965517,1.000000,0.928571,0.962963,14,3,0.120785,4.000000,0.875000,0.933333,0.903226,0.812500,0.928571,0.866667,16,0,0.786036,3.000000,-3,0.665251
BOSS,500,4,3500,4.000000,1.000000,0.866667,0.928571,0.846154,0.785714,0.814815,13,2,0.075566,5.000000,0.928571,0.866667,0.896552,0.785714,0.785714,0.785714,14,1,0.085644,1.000000,-1,0.010078
BOSS,500,40,39500,3.000000,1.000000,0.933333,0.965517,0.833333,1.000000,0.909091,14,0,0.744300,3.000000,1.000000,0.933333,0.965517,0.833333,1.000000,0.909091,14,0,0.744300,0.000000,0,0.000000
BOSS,500,41,40500,4.000000,0.928571,0.866667,0.896552,0.923077,0.800000,0.857143,14,3,0.808989,6.000000,0.812500,0.866667,0.838710,0.800000,0.800000,0.800000,16,0,0.467327,2.000000,-3,-0.341662
BOSS,500,42,41500,2.000000,1.000000,0.866667,0.928571,1.000000,0.857143,0.923077,13,0,0.184478,2.000000,1.000000,0.866667,0.928571,1.000000,0.857143,0.923077,13,0,0.184478,0.000000,0,0.000000
BOSS,500,43,42500,7.000000,1.000000,0.733333,0.846154,0.700000,0.636364,0.666667,11,6,0.116973,0.000000,1.000000,1.000000,1.000000,1.000000,1.000000,1.000000,15,0,0.797571,-7.000000,-6,0.680598
BOSS,500,44,43500,3.000000,1.000000,0.866667,0.928571,1.000000,0.857143,0.923077,13,2,0.091645,3.000000,0.933333,0.933333,0.933333,0.923077,0.857143,0.888889,15,0,0.611552,0.000000,-2,0.519908
BOSS,500,45,44500,2.000000,1.000000,0.933333,0.965517,1.000000,0.833333,0.909091,14,3,0.612071,4.000000,0.933333,0.933333,0.933333,0.769231,0.833333,0.800000,15,0,0.787761,2.000000,-3,0.175690
BOSS,500,46,45500,9.000000,1.000000,0.466667,0.636364,1.000000,0.333333,0.500000,7,3,0.687824,8.000000,1.000000,0.600000,0.750000,0.750000,0.500000,0.600000,9,1,0.822236,-1.000000,-2,0.134412
BOSS,500,47,46500,6.000000,1.000000,0.733333,0.846154,1.000000,0.500000,0.666667,11,3,0.760388,4.000000,1.000000,0.800000,0.888889,1.000000,0.666667,0.800000,12,0,0.587321,-2.000000,-3,-0.173067
BOSS,500,48,47500,3.000000,1.000000,0.800000,0.888889,1.000000,0.800000,0.888889,12,2,0.809837,2.000000,1.000000,0.866667,0.928571,1.000000,0.800000,0.888889,13,0,0.811621,-1.000000,-2,0.001784
BOSS,500,49,48500,6.000000,1.000000,0.733333,0.846154,0.888889,0.571429,0.695652,11,3,0.041656,9.000000,0.857143,0.800000,0.827586,0.636364,0.500000,0.560000,14,0,0.303592,3.000000,-3,0.261936
BOSS,500,5,4500,1.000000,1.000000,0.933333,0.965517,1.000000,0.916667,0.956522,14,1,0.289052,0.000000,1.000000,1.000000,1.000000,1.000000,1.000000,1.000000,15,0,0.205041,-1.000000,-1,-0.084011
BOSS,500,50,49500,3.000000,1.000000,0.866667,0.928571,1.000000,0.833333,0.909091,13,5,0.059490,3.000000,0.933333,0.933333,0.933333,1.000000,0.833333,0.909091,15,0,0.232444,0.000000,-5,0.172955
BOSS,500,51,50500,3.000000,1.000000,0.866667,0.928571,0.909091,0.769231,0.833333,13,2,0.986274,3.000000,0.933333,0.933333,0.933333,0.846154,0.846154,0.846154,15,0,0.761876,0.000000,-2,-0.224398
BOSS,500,52,51500,1.000000,1.000000,0.933333,0.965517,1.000000,1.000000,1.000000,14,1,0.111444,2.000000,0.933333,0.933333,0.933333,1.000000,1.000000,1.000000,15,0,0.106043,1.000000,-1,-0.005401
BOSS,500,53,52500,7.000000,0.916667,0.733333,0.814815,0.727273,0.571429,0.640000,12,9,0.038710,8.000000,0.812500,0.866667,0.838710,0.625000,0.714286,0.666667,16,0,0.197233,1.000000,-9,0.158523
BOSS,500,54,53500,3.000000,1.000000,0.800000,0.888889,1.000000,0.846154,0.916667,12,3,0.801637,5.000000,0.857143,0.800000,0.827586,0.846154,0.846154,0.846154,14,0,0.330109,2.000000,-3,-0.471528
BOSS,500,55,54500,9.000000,1.000000,0.533333,0.695652,1.000000,0.333333,0.500000,8,9,0.026716,10.000000,0.833333,0.666667,0.740741,0.800000,0.333333,0.470588,12,2,0.926817,1.000000,-7,0.900101
BOSS,500,56,55500,0.000000,1.000000,1.000000,1.000000,1.000000,1.000000,1.000000,15,4,0.508482,2.000000,0.882353,1.000000,0.937500,0.866667,1.000000,0.928571,17,0,0.913978,2.000000,-4,0.405496
BOSS,500,57,56500,8.000000,1.000000,0.800000,0.888889,0.777778,0.500000,0.608696,12,5,0.028031,9.000000,0.866667,0.866667,0.866667,0.666667,0.571429,0.615385,15,0,0.394430,1.000000,-5,0.366399
BOSS,500,58,57500,4.000000,1.000000,0.866667,0.928571,0.900000,0.750000,0.818182,13,1,0.735006,7.000000,0.928571,0.866667,0.896552,0.666667,0.666667,0.666667,14,1,0.667956,3.000000,0,-0.067049
BOSS,500,59,58500,3.000000,1.000000,0.866667,0.928571,1.000000,0.750000,0.857143,13,2,0.066781,8.000000,0.866667,0.866667,0.866667,0.615385,0.666667,0.640000,15,0,0.910411,5.000000,-2,0.843630
BOSS,500,6,5500,5.000000,1.000000,0.866667,0.928571,0.769231,0.769231,0.769231,13,1,0.330021,7.000000,0.928571,0.866667,0.896552,0.642857,0.692308,0.666667,14,1,0.638394,2.000000,0,0.308373
BOSS,500,60,59500,5.000000,1.000000,0.800000,0.888889,0.818182,0.692308,0.750000,12,1,0.708766,4.000000,1.000000,0.866667,0.928571,0.900000,0.692308,0.782609,13,0,0.634186,-1.000000,-1,-0.074580
BOSS,500,61,60500,1.000000,1.000000,0.933333,0.965517,1.000000,0.916667,0.956522,14,6,0.648847,3.000000,0.833333,1.000000,0.909091,0.800000,1.000000,0.888889,18,0,0.036474,2.000000,-6,-0.612373
BOSS,500,62,61500,6.000000,1.000000,0.866667,0.928571,0.636364,1.000000,0.777778,13,5,0.220335,4.000000,0.933333,0.933333,0.933333,0.700000,1.000000,0.823529,15,0,0.602681,-2.000000,-5,0.382346
BOSS,500,63,62500,5.000000,1.000000,0.800000,0.888889,0.909091,0.666667,0.769231,12,2,0.249010,3.000000,1.000000,0.866667,0.928571,1.000000,0.800000,0.888889,13,0,0.076115,-2.000000,-2,-0.172895
BOSS,500,64,63500,10.000000,1.000000,0.800000,0.888889,0.600000,0.300000,0.400000,12,2,0.167958,6.000000,0.928571,0.866667,0.896552,0.833333,0.500000,0.625000,14,1,0.777996,-4.000000,-1,0.610037
BOSS,500,65,64500,4.000000,1.000000,0.866667,0.928571,1.000000,0.600000,0.750000,13,5,0.004975,7.000000,0.866667,0.866667,0.866667,0.666667,0.600000,0.631579,15,1,0.004439,3.000000,-4,-0.000536
BOSS,500,66,65500,2.000000,1.000000,0.866667,0.928571,1.000000,0.900000,0.947368,13,2,0.148719,3.000000,0.928571,0.866667,0.896552,0.900000,0.900000,0.900000,14,0,0.979975,1.000000,-2,0.831255
BOSS,500,67,66500,3.000000,1.000000,0.800000,0.888889,1.000000,0.818182,0.900000,12,6,0.063031,5.000000,0.857143,0.800000,0.827586,0.900000,0.818182,0.857143,14,0,0.856117,2.000000,-6,0.793087
BOSS,500,68,67500,6.000000,1.000000,0.800000,0.888889,0.888889,0.615385,0.727273,12,2,0.112494,8.000000,1.000000,0.800000,0.888889,1.000000,0.461538,0.631579,12,1,0.530340,2.000000,-1,0.417845
BOSS,500,69,68500,7.000000,1.000000,0.733333,0.846154,0.750000,0.545455,0.631579,11,2,0.136529,8.000000,1.000000,0.733333,0.846154,0.625000,0.454545,0.526316,11,0,0.161264,1.000000,-2,0.024736
BOSS,500,7,6500,1.000000,1.000000,0.933333,0.965517,1.000000,0.923077,0.960000,14,4,0.783619,3.000000,0.875000,0.933333,0.903226,0.857143,0.923077,0.888889,16,0,0.678440,2.000000,-4,-0.105180
BOSS,500,70,69500,6.000000,0.916667,0.733333,0.814815,0.818182,0.642857,0.720000,12,5,0.050914,7.000000,0.857143,0.800000,0.827586,0.692308,0.642857,0.666667,14,0,0.861565,1.000000,-5,0.810651
BOSS,500,71,70500,6.000000,1.000000,0.600000,0.750000,1.000000,0.571429,0.727273,9,2,0.464519,7.000000,0.909091,0.666667,0.769231,0.888889,0.571429,0.695652,11,0,0.091151,1.000000,-2,-0.373368
BOSS,500,72,71500,2.000000,1.000000,0.866667,0.928571,1.000000,0.833333,0.909091,13,2,0.925464,4.000000,0.928571,0.866667,0.896552,0.833333,0.833333,0.833333,14,0,0.471527,2.000000,-2,-0.453937
BOSS,500,73,72500,1.000000,1.000000,0.933333,0.965517,1.000000,0.923077,0.960000,14,0,0.082443,1.000000,1.000000,0.933333,0.965517,1.000000,0.923077,0.960000,14,0,0.082443,0.000000,0,-0.000000
BOSS,500,74,73500,0.000000,1.000000,1.000000,1.000000,1.000000,1.000000,1.000000,15,2,0.036213,1.000000,0.937500,1.000000,0.967742,1.000000,1.000000,1.000000,16,0,0.560828,1.000000,-2,0.524616
BOSS,500,75,74500,6.000000,1.000000,0.666667,0.800000,1.000000,0.700000,0.823529,10,8,0.028361,9.000000,0.687500,0.733333,0.709677,0.615385,0.800000,0.695652,16,0,0.447809,3.000000,-8,0.419448
BOSS,500,76,75500,4.000000,0.933333,0.933333,0.933333,0.818182,0.818182,0.818182,15,8,0.000351,10.000000,0.722222,0.866667,0.787879,0.533333,0.727273,0.615385,18,0,0.088340,6.000000,-8,0.087988
BOSS,500,77,76500,9.000000,0.846154,0.733333,0.785714,0.700000,0.500000,0.583333,13,1,0.412881,11.000000,0.733333,0.733333,0.733333,0.538462,0.500000,0.518519,15,0,0.110939,2.000000,-1,-0.301942
BOSS,500,78,77500,4.000000,1.000000,0.933333,0.965517,0.727273,1.000000,0.842105,14,4,0.147849,6.000000,0.875000,0.933333,0.903226,0.615385,1.000000,0.761905,16,0,0.744016,2.000000,-4,0.596167
BOSS,500,79,78500,3.000000,1.000000,0.866667,0.928571,1.000000,0.769231,0.869565,13,3,0.268780,6.000000,0.866667,0.866667,0.866667,0.769231,0.769231,0.769231,15,0,0.781669,3.000000,-3,0.512889
BOSS,500,8,7500,2.000000,1.000000,0.866667,0.928571,1.000000,0.857143,0.923077,13,1,0.647528,1.000000,1.000000,0.933333,0.965517,1.000000,0.928571,0.962963,14,0,0.686724,-1.000000,-1,0.039196
BOSS,500,80,79500,3.000000,1.000000,0.866667,0.928571,1.000000,0.857143,0.923077,13,3,0.559976,5.000000,0.875000,0.933333,0.903226,0.800000,0.857143,0.827586,16,0,0.719374,2.000000,-3,0.159399
BOSS,500,81,80500,9.000000,1.000000,0.666667,0.800000,0.833333,0.384615,0.526316,10,4,0.055703,10.000000,0.750000,0.800000,0.774194,0.727273,0.615385,0.666667,16,1,0.137860,1.000000,-3,0.082158
BOSS,500,82,81500,1.000000,1.000000,0.933333,0.965517,1.000000,0.916667,0.956522,14,3,0.818260,5.000000,0.882353,1.000000,0.937500,0.705882,1.000000,0.827586,17,0,0.815115,4.000000,-3,-0.003145
BOSS,500,83,82500,6.000000,1.000000,0.600000,0.750000,1.000000,0.400000,0.571429,9,0,0.908976,6.000000,1.000000,0.600000,0.750000,1.000000,0.400000,0.571429,9,0,0.908976,0.000000,0,0.000000
BOSS,500,84,83500,1.000000,1.000000,0.933333,0.965517,1.000000,0.916667,0.956522,14,3,0.209442,1.000000,0.937500,1.000000,0.967742,0.923077,1.000000,0.960000,16,0,0.037145,0.000000,-3,-0.172297
BOSS,500,85,84500,7.000000,1.000000,0.733333,0.846154,0.700000,0.636364,0.666667,11,5,0.086212,11.000000,0.857143,0.800000,0.827586,0.416667,0.454545,0.434783,14,0,0.656075,4.000000,-5,0.569863
BOSS,500,86,85500,6.000000,0.916667,0.733333,0.814815,0.800000,0.800000,0.800000,12,4,0.530028,7.000000,0.866667,0.866667,0.866667,0.615385,0.800000,0.695652,15,0,0.577571,1.000000,-4,0.047543
BOSS,500,87,86500,5.000000,1.000000,0.733333,0.846154,1.000000,0.750000,0.857143,11,8,0.048394,10.000000,0.785714,0.733333,0.758621,0.583333,0.583333,0.583333,14,3,0.101521,5.000000,-5,0.053127
BOSS,500,88,87500,4.000000,1.000000,0.800000,0.888889,1.000000,0.714286,0.833333,12,3,0.128803,4.000000,0.928571,0.866667,0.896552,1.000000,0.785714,0.880000,14,0,0.136433,0.000000,-3,0.007630
BOSS,500,89,88500,4.000000,1.000000,0.800000,0.888889,1.000000,0.666667,0.800000,12,1,0.624407,8.000000,1.000000,0.800000,0.888889,0.700000,0.583333,0.636364,12,1,0.656920,4.000000,0,0.032512
BOSS,500,9,8500,1.000000,1.000000,0.933333,0.965517,1.000000,0.909091,0.952381,14,3,0.567781,4.000000,1.000000,1.000000,1.000000,0.769231,0.909091,0.833333,15,0,0.478306,3.000000,-3,-0.089475
BOSS,500,90,89500,5.000000,1.000000,0.733333,0.846154,1.000000,0.700000,0.823529,11,3,0.341620,7.000000,0.857143,0.800000,0.827586,0.692308,0.900000,0.782609,14,0,0.164634,2.000000,-3,-0.176986
BOSS,500,91,90500,5.000000,1.000000,0.666667,0.800000,1.000000,0.600000,0.750000,10,3,0.686547,5.000000,0.916667,0.733333,0.814815,1.000000,0.700000,0.823529,12,1,0.843399,0.000000,-2,0.156852
BOSS,500,92,91500,1.000000,1.000000,0.933333,0.965517,1.000000,0.928571,0.962963,14,1,0.427884,2.000000,0.933333,0.933333,0.933333,0.928571,0.928571,0.928571,15,0,0.543925,1.000000,-1,0.116041
BOSS,500,93,92500,9.000000,1.000000,0.733333,0.846154,0.600000,0.545455,0.571429,11,4,0.345230,9.000000,0.923077,0.800000,0.857143,0.545455,0.545455,0.545455,13,1,0.983084,0.000000,-3,0.637854
BOSS,500,94,93500,2.000000,1.000000,0.866667,0.928571,1.000000,0.857143,0.923077,13,4,0.057525,1.000000,0.937500,1.000000,0.967742,0.933333,1.000000,0.965517,16,0,0.000820,-1.000000,-4,-0.056705
BOSS,500,95,94500,9.000000,1.000000,0.666667,0.800000,1.000000,0.307692,0.470588,10,8,0.022434,9.000000,0.764706,0.866667,0.812500,0.588235,0.769231,0.666667,17,2,0.823468,0.000000,-6,0.801034
BOSS,500,96,95500,9.000000,1.000000,0.533333,0.695652,1.000000,0.416667,0.588235,8,2,0.156159,10.000000,0.800000,0.533333,0.640000,0.857143,0.500000,0.631579,10,0,0.707154,1.000000,-2,0.550995
BOSS,500,97,96500,3.000000,1.000000,0.800000,0.888889,1.000000,0.833333,0.909091,12,2,0.631620,5.000000,0.857143,0.800000,0.827586,0.909091,0.833333,0.869565,14,0,0.723498,2.000000,-2,0.091878
BOSS,500,98,97500,1.000000,1.000000,0.933333,0.965517,1.000000,0.909091,0.952381,14,1,0.004139,1.000000,1.000000,0.933333,0.965517,1.000000,0.909091,0.952381,14,1,0.004139,0.000000,0,0.000000
BOSS,500,99,98500,1.000000,1.000000,0.933333,0.965517,1.000000,1.000000,1.000000,14,3,0.943846,4.000000,0.882353,1.000000,0.937500,0.692308,1.000000,0.818182,17,0,0.276130,3.000000,-3,-0.667716
FGES,2000,1,2000,6.000000,0.916667,0.733333,0.814815,0.800000,0.727273,0.761905,12,3,0.146150,9.000000,0.857143,0.800000,0.827586,0.545455,0.545455,0.545455,14,0,0.003677,3.000000,-3,-0.142472
FGES,2000,10,11000,10.000000,0.875000,0.933333,0.903226,0.384615,0.625000,0.476190,16,2,0.617975,13.000000,0.777778,0.933333,0.848485,0.312500,0.625000,0.416667,18,0,0.907572,3.000000,-2,0.289597
FGES,2000,100,101000,4.000000,1.000000,0.800000,0.888889,0.916667,0.733333,0.814815,12,2,0.996914,5.000000,0.866667,0.866667,0.866667,0.857143,0.800000,0.827586,15,1,0.267513,1.000000,-1,-0.729401
FGES,2000,11,12000,6.000000,1.000000,0.933333,0.965517,0.666667,0.666667,0.666667,14,3,0.391543,4.000000,0.937500,1.000000,0.967742,0.750000,0.666667,0.705882,16,0,0.434806,-2.000000,-3,0.043264
FGES,2000,12,13000,14.000000,0.684211,0.866667,0.764706,0.352941,0.461538,0.400000,19,2,0.508595,13.000000,0.812500,0.866667,0.838710,0.333333,0.384615,0.357143,16,1,0.423181,-1.000000,-1,-0.085414
FGES,2000,13,14000,6.000000,1.000000,0.733333,0.846154,1.000000,0.571429,0.727273,11,5,0.572616,4.000000,0.866667,0.866667,0.866667,0.857143,0.857143,0.857143,15,0,0.096365,-2.000000,-5,-0.476251
FGES,2000,14,15000,16.000000,0.684211,0.866667,0.764706,0.263158,0.384615,0.312500,19,7,0.033163,2.000000,1.000000,0.866667,0.928571,1.000000,0.846154,0.916667,13,3,0.793569,-14.000000,-4,0.760406
FGES,2000,15,16000,4.000000,1.000000,0.866667,0.928571,1.000000,0.636364,0.777778,13,6,0.051323,6.000000,0.812500,0.866667,0.838710,0.750000,0.818182,0.782609,16,3,0.216579,2.000000,-3,0.165256
FGES,2000,16,17000,13.000000,0.705882,0.800000,0.750000,0.307692,0.500000,0.380952,17,2,0.489540,16.000000,0.625000,0.666667,0.645161,0.181818,0.250000,0.210526,16,0,0.275193,3.000000,-2,-0.214347
FGES,2000,17,18000,1.000000,1.000000,0.933333,0.965517,1.000000,0.928571,0.962963,14,1,0.533912,2.000000,0.933333,0.933333,0.933333,1.000000,0.928571,0.962963,15,0,0.147260,1.000000,-1,-0.386653
FGES,2000,18,19000,7.000000,1.000000,1.000000,1.000000,0.500000,1.000000,0.666667,15,2,0.371407,1.000000,0.937500,1.000000,0.967742,0.875000,1.000000,0.933333,16,0,0.465556,-6.000000,-2,0.094149
FGES,2000,19,20000,0.000000,1.000000,1.000000,1.000000,1.000000,1.000000,1.000000,15,0,0.008245,0.000000,1.000000,1.000000,1.000000,1.000000,1.000000,1.000000,15,0,0.008245,0.000000,0,0.000000
FGES,2000,2,3000,3.000000,1.000000,0.866667,0.928571,0.900000,0.818182,0.857143,13,5,0.745750,4.000000,0.933333,0.933333,0.933333,0.750000,0.818182,0.782609,15,0,0.919261,1.000000,-5,0.173511
FGES,2000,20,21000,1.000000,1.000000,0.933333,0.965517,1.000000,0.923077,0.960000,14,7,0.124333,6.000000,0.777778,0.933333,0.848485,0.705882,0.923077,0.800000,18,0,0.805228,5.000000,-7,0.680895
FGES,2000,21,22000,11.000000,0.750000,0.800000,0.774194,0.466667,0.583333,0.518519,16,2,0.128199,12.000000,0.705882,0.800000,0.750000,0.437500,0.583333,0.500000,17,0,0.341538,1.000000,-2,0.213338
FGES,2000,22,23000,1.000000,1.000000,0.933333,0.965517,1.000000,0.900000,0.947368,14,5,0.020091,6.000000,0.833333,1.000000,0.909091,0.625000,1.000000,0.769231,18,0,0.975648,5.000000,-5,0.955557
FGES,2000,23,24000,13.000000,0.750000,0.800000,0.774194,0.333333,0.416667,0.370370,16,4,0.487281,14.000000,0.631579,0.800000,0.705882,0.375000,0.500000,0.428571,19,0,0.606630,1.000000,-4,0.119349
FGES,2000,24,25000,6.000000,1.000000,0.866667,0.928571,0.692308,0.692308,0.692308,13,0,0.533912,5.000000,1.000000,0.866667,0.928571,0.818182,0.692308,0.750000,13,0,0.584077,-1.000000,0,0.050165
FGES,2000,25,26000,3.000000,1.000000,0.800000,0.888889,1.000000,0.846154,0.916667,12,1,0.234773,5.000000,0.923077,0.800000,0.857143,0.846154,0.846154,0.846154,13,0,0.193091,2.000000,-1,-0.041682
FGES,2000,26,27000,2.000000,1.000000,0.933333,0.965517,1.000000,0.750000,0.857143,14,6,0.286975,4.000000,0.882353,1.000000,0.937500,0.666667,1.000000,0.800000,17,0,0.439683,2.000000,-6,0.152708
FGES,2000,27,28000,11.000000,0.823529,0.933333,0.875000,0.428571,0.428571,0.428571,17,5,0.044564,10.000000,0.823529,0.933333,0.875000,0.538462,0.500000,0.518519,17,0,0.273198,-1.000000,-5,0.228634
FGES,2000,28,29000,9.000000,0.777778,0.933333,0.848485,0.625000,0.769231,0.689655,18,3,0.262712,8.000000,0.736842,0.933333,0.823529,0.666667,0.923077,0.774194,19,0,0.835174,-1.000000,-3,0.572462
FGES,2000,29,30000,11.000000,1.000000,0.800000,0.888889,0.333333,0.571429,0.421053,12,4,0.048525,4.000000,0.933333,0.933333,0.933333,0.666667,0.857143,0.750000,15,0,0.305641,-7.000000,-4,0.257115
FGES,2000,3,4000,3.000000,1.000000,0.866667,0.928571,1.000000,0.750000,0.857143,13,1,0.230668,4.000000,0.933333,0.933333,0.933333,0.833333,0.833333,0.833333,15,0,0.275207,1.000000,-1,0.044539
FGES,2000,30,31000,4.000000,0.933333,0.933333,0.933333,0.800000,0.857143,0.827586,15,4,0.090930,3.000000,0.933333,0.933333,0.933333,0.866667,0.928571,0.896552,15,0,0.890981,-1.000000,-4,0.800051
FGES,2000,31,32000,1.000000,1.000000,0.933333,0.965517,1.000000,0.933333,0.965517,14,0,0.136884,1.000000,1.000000,0.933333,0.965517,1.000000,0.933333,0.965517,14,0,0.136884,0.000000,0,-0.000000
FGES,2000,32,33000,1.000000,1.000000,0.933333,0.965517,1.000000,0.923077,0.960000,14,0,0.735799,1.000000,1.000000,0.933333,0.965517,1.000000,0.923077,0.960000,14,0,0.735799,0.000000,0,-0.000000
FGES,2000,33,34000,5.000000,1.000000,0.666667,0.800000,1.000000,0.777778,0.875000,10,4,0.203690,4.000000,1.000000,0.733333,0.846154,1.000000,0.777778,0.875000,11,0,0.548458,-1.000000,-4,0.344768
FGES,2000,34,35000,9.000000,0.923077,0.800000,0.857143,0.500000,0.500000,0.500000,13,3,0.170593,4.000000,0.866667,0.866667,0.866667,0.800000,0.800000,0.800000,15,0,0.681546,-5.000000,-3,0.510953
FGES,2000,35,36000,6.000000,0.933333,0.933333,0.933333,0.642857,0.818182,0.720000,15,3,0.944038,3.000000,0.875000,0.933333,0.903226,0.833333,0.909091,0.869565,16,0,0.022823,-3.000000,-3,-0.921214
FGES,2000,36,37000,17.000000,0.722222,0.866667,0.787879,0.214286,0.200000,0.206897,18,8,0.003610,2.000000,0.882353,1.000000,0.937500,0.937500,1.000000,0.967742,17,0,0.690754,-15.000000,-8,0.687144
FGES,2000,37,38000,7.000000,1.000000,0.933333,0.965517,1.000000,0.363636,0.533333,14,4,0.629903,1.000000,1.000000,0.933333,0.965517,1.000000,0.909091,0.952381,14,1,0.713829,-6.000000,-3,0.083926
FGES,2000,38,39000,9.000000,0.823529,0.933333,0.875000,0.529412,0.600000,0.562500,17,6,0.051401,12.000000,0.750000,0.800000,0.774194,0.583333,0.466667,0.518519,16,0,0.828210,3.000000,-6,0.776808
FGES,2000,39,40000,4.000000,0.833333,1.000000,0.909091,0.714286,0.909091,0.800000,18,5,0.484898,9.000000,0.764706,0.866667,0.812500,0.600000,0.818182,0.692308,17,1,0.535035,5.000000,-4,0.050137
FGES,2000,4,5000,0.000000,1.000000,1.000000,1.000000,1.000000,1.000000,1.000000,15,0,0.604980,0.000000,1.000000,1.000000,1.000000,1.000000,1.000000,1.000000,15,0,0.604980,0.000000,0,-0.000000
FGES,2000,40,41000,13.000000,0.916667,0.733333,0.814815,0.000000,0.000000,0.000000,12,6,0.153294,15.000000,0.812500,0.866667,0.838710,0.000000,0.000000,0.000000,16,1,0.978221,2.000000,-5,0.824927
FGES,2000,41,42000,13.000000,0.785714,0.733333,0.758621,0.363636,0.444444,0.400000,14,2,0.572516,13.000000,0.785714,0.733333,0.758621,0.416667,0.555556,0.476190,14,0,0.191711,0.000000,-2,-0.380805
FGES,2000,42,43000,12.000000,0.857143,0.800000,0.827586,0.272727,1.000000,0.428571,14,3,0.527476,12.000000,0.857143,0.800000,0.827586,0.272727,1.000000,0.428571,14,3,0.527476,0.000000,0,-0.000000
FGES,2000,43,44000,9.000000,0.857143,0.800000,0.827586,0.636364,0.583333,0.608696,14,2,0.527841,2.000000,1.000000,0.866667,0.928571,1.000000,0.916667,0.956522,13,0,0.691293,-7.000000,-2,0.163452
FGES,2000,44,45000,9.000000,0.857143,0.800000,0.827586,0.571429,0.571429,0.571429,14,5,0.936024,8.000000,0.812500,0.866667,0.838710,0.666667,0.714286,0.689655,16,0,0.736968,-1.000000,-5,-0.199056
FGES,2000,45,46000,6.000000,1.000000,0.800000,0.888889,0.800000,0.666667,0.727273,12,1,0.406731,7.000000,0.923077,0.800000,0.857143,0.727273,0.666667,0.695652,13,0,0.449104,1.000000,-1,0.042374
FGES,2000,46,47000,2.000000,1.000000,0.866667,0.928571,1.000000,1.000000,1.000000,13,1,0.311082,4.000000,0.928571,0.866667,0.896552,0.818182,1.000000,0.900000,14,0,0.707848,2.000000,-1,0.396766
FGES,2000,47,48000,13.000000,0.916667,0.733333,0.814815,0.375000,0.272727,0.315789,12,7,0.046588,15.000000,0.666667,0.800000,0.727273,0.307692,0.363636,0.333333,18,0,0.766643,2.000000,-7,0.720055
FGES,2000,48,49000,3.000000,0.875000,0.933333,0.903226,0.857143,0.923077,0.888889,16,1,0.524575,1.000000,0.937500,1.000000,0.967742,0.928571,1.000000,0.962963,16,0,0.911432,-2.000000,-1,0.386857
FGES,2000,49,50000,5.000000,1.000000,0.866667,0.928571,0.875000,0.636364,0.736842,13,5,0.019346,6.000000,0.812500,0.866667,0.838710,0.818182,0.818182,0.818182,16,0,0.881668,1.000000,-5,0.862322
FGES,2000,5,6000,7.000000,1.000000,0.666667,0.800000,0.800000,0.571429,0.666667,10,5,0.000529,6.000000,0.923077,0.800000,0.857143,0.900000,0.642857,0.750000,13,0,0.023282,-1.000000,-5,0.022753
FGES,2000,50,51000,9.000000,0.750000,1.000000,0.857143,0.550000,0.733333,0.628571,20,3,0.713574,3.000000,0.833333,1.000000,0.909091,0.833333,1.000000,0.909091,18,0,0.569128,-6.000000,-3,-0.144446
FGES,2000,51,52000,4.000000,0.928571,0.866667,0.896552,0.846154,0.916667,0.880000,14,6,0.506479,8.000000,0.812500,0.866667,0.838710,0.666667,0.833333,0.740741,16,1,0.710388,4.000000,-5,0.203909
FGES,2000,52,53000,10.000000,1.000000,0.866667,0.928571,0.272727,0.750000,0.400000,13,5,0.913173,12.000000,0.875000,0.933333,0.903226,0.266667,1.000000,0.421053,16,0,0.868813,2.000000,-5,-0.044360
FGES,2000,53,54000,0.000000,1.000000,1.000000,1.000000,1.000000,1.000000,1.000000,15,1,0.029845,5.000000,0.875000,0.933333,0.903226,0.750000,0.900000,0.818182,16,0,0.075250,5.000000,-1,0.045405
FGES,2000,54,55000,10.000000,0.928571,0.866667,0.896552,0.428571,0.428571,0.428571,14,3,0.055396,13.000000,0.764706,0.866667,0.812500,0.375000,0.428571,0.400000,17,0,0.202922,3.000000,-3,0.147526
FGES,2000,55,56000,14.000000,0.666667,0.933333,0.777778,0.421053,0.615385,0.500000,21,5,0.007596,1.000000,0.937500,1.000000,0.967742,0.928571,1.000000,0.962963,16,0,0.654877,-13.000000,-5,0.647282
FGES,2000,56,57000,7.000000,1.000000,0.933333,0.965517,0.571429,1.000000,0.727273,14,3,0.657414,10.000000,0.823529,0.933333,0.875000,0.500000,1.000000,0.666667,17,0,0.648934,3.000000,-3,-0.008480
FGES,2000,57,58000,5.000000,0.823529,0.933333,0.875000,0.750000,0.857143,0.800000,17,1,0.291146,0.000000,1.000000,1.000000,1.000000,1.000000,1.000000,1.000000,15,0,0.621937,-5.000000,-1,0.330791
FGES,2000,58,59000,8.000000,0.823529,0.933333,0.875000,0.562500,0.692308,0.620690,17,2,0.987554,5.000000,0.882353,1.000000,0.937500,0.750000,0.923077,0.827586,17,0,0.896623,-3.000000,-2,-0.090931
FGES,2000,59,60000,10.000000,0.812500,0.866667,0.838710,0.500000,0.538462,0.518519,16,3,0.199684,14.000000,0.684211,0.866667,0.764706,0.375000,0.461538,0.413793,19,1,0.948369,4.000000,-2,0.748685
FGES,2000,6,7000,8.000000,0.866667,0.866667,0.866667,0.600000,0.818182,0.692308,15,5,0.519662,2.000000,0.933333,0.933333,0.933333,0.916667,1.000000,0.956522,15,0,0.932886,-6.000000,-5,0.413224
FGES,2000,60,61000,0.000000,1.000000,1.000000,1.000000,1.000000,1.000000,1.000000,15,1,0.512909,3.000000,0.937500,1.000000,0.967742,1.000000,0.846154,0.916667,16,0,0.545984,3.000000,-1,0.033074
FGES,2000,61,62000,14.000000,0.857143,0.800000,0.827586,0.181818,0.222222,0.200000,14,5,0.061829,16.000000,0.687500,0.733333,0.709677,0.166667,0.222222,0.190476,16,0,0.617397,2.000000,-5,0.555568
FGES,2000,62,63000,7.000000,0.928571,0.866667,0.896552,0.636364,0.583333,0.608696,14,5,0.551517,0.000000,1.000000,1.000000,1.000000,1.000000,1.000000,1.000000,15,0,0.120687,-7.000000,-5,-0.430830
FGES,2000,63,64000,10.000000,0.928571,0.866667,0.896552,0.600000,0.461538,0.521739,14,2,0.632062,2.000000,0.933333,0.933333,0.933333,0.923077,0.923077,0.923077,15,0,0.642848,-8.000000,-2,0.010787
FGES,2000,64,65000,3.000000,1.000000,0.866667,0.928571,0.888889,0.888889,0.888889,13,5,0.950178,3.000000,0.933333,0.933333,0.933333,0.818182,1.000000,0.900000,15,0,0.668220,0.000000,-5,-0.281958
FGES,2000,65,66000,9.000000,0.857143,0.800000,0.827586,0.500000,0.600000,0.545455,14,2,0.412312,8.000000,0.866667,0.866667,0.866667,0.500000,0.600000,0.545455,15,0,0.531836,-1.000000,-2,0.119524
FGES,2000,66,67000,11.000000,0.764706,0.866667,0.812500,0.437500,0.636364,0.518519,17,8,0.000744,11.000000,0.700000,0.933333,0.800000,0.470588,0.727273,0.571429,20,0,0.734004,0.000000,-8,0.733259
FGES,2000,67,68000,4.000000,1.000000,0.866667,0.928571,1.000000,0.733333,0.846154,13,2,0.542369,3.000000,0.928571,0.866667,0.896552,0.928571,0.866667,0.896552,14,0,0.657958,-1.000000,-2,0.115589
FGES,2000,68,69000,8.000000,1.000000,0.800000,0.888889,0.636364,0.538462,0.583333,12,5,0.006403,11.000000,0.866667,0.866667,0.866667,0.500000,0.461538,0.480000,15,0,0.084813,3.000000,-5,0.078410
FGES,2000,69,70000,0.000000,1.000000,1.000000,1.000000,1.000000,1.000000,1.000000,15,0,0.135574,5.000000,0.937500,1.000000,0.967742,0.666667,1.000000,0.800000,16,0,0.608361,5.000000,0,0.472786
FGES,2000,7,8000,13.000000,0.684211,0.866667,0.764706,0.466667,0.500000,0.482759,19,4,0.937721,14.000000,0.636364,0.933333,0.756757,0.470588,0.571429,0.516129,22,0,0.549713,1.000000,-4,-0.388008
FGES,2000,70,71000,2.000000,1.000000,0.866667,0.928571,1.000000,0.909091,0.952381,13,5,0.120852,4.000000,0.882353,1.000000,0.937500,0.769231,0.909091,0.833333,17,0,0.349889,2.000000,-5,0.229037
FGES,2000,71,72000,9.000000,0.800000,0.800000,0.800000,0.571429,0.615385,0.592593,15,13,0.000357,9.000000,0.700000,0.933333,0.800000,0.611111,0.846154,0.709677,20,0,0.422780,0.000000,-13,0.422423
FGES,2000,72,73000,2.000000,1.000000,0.866667,0.928571,1.000000,0.857143,0.923077,13,2,0.040170,1.000000,1.000000,0.933333,0.965517,1.000000,0.928571,0.962963,14,0,0.121415,-1.000000,-2,0.081245
FGES,2000,73,74000,3.000000,1.000000,1.000000,1.000000,0.833333,0.833333,0.833333,15,1,0.063213,3.000000,0.937500,1.000000,0.967742,1.000000,0.833333,0.909091,16,0,0.043681,0.000000,-1,-0.019532
FGES,2000,74,75000,14.000000,0.681818,1.000000,0.810811,0.333333,0.500000,0.400000,22,4,0.050131,5.000000,0.882353,1.000000,0.937500,0.833333,0.833333,0.833333,17,0,0.281868,-9.000000,-4,0.231737
FGES,2000,75,76000,14.000000,0.823529,0.933333,0.875000,0.266667,0.400000,0.320000,17,1,0.553340,15.000000,0.777778,0.933333,0.848485,0.250000,0.400000,0.307692,18,0,0.979721,1.000000,-1,0.426381
FGES,2000,76,77000,2.000000,1.000000,0.866667,0.928571,1.000000,0.846154,0.916667,13,4,0.178433,5.000000,0.875000,0.933333,0.903226,0.733333,0.846154,0.785714,16,0,0.978500,3.000000,-4,0.800067
FGES,2000,77,78000,0.000000,1.000000,1.000000,1.000000,1.000000,1.000000,1.000000,15,0,0.077364,0.000000,1.000000,1.000000,1.000000,1.000000,1.000000,1.000000,15,0,0.077364,0.000000,0,-0.000000
FGES,2000,78,79000,4.000000,1.000000,0.733333,0.846154,1.000000,0.785714,0.880000,11,2,0.309791,7.000000,0.923077,0.800000,0.857143,0.750000,0.642857,0.692308,13,0,0.253213,3.000000,-2,-0.056578
FGES,2000,79,80000,10.000000,0.866667,0.866667,0.866667,0.500000,0.583333,0.538462,15,5,0.119914,5.000000,0.833333,1.000000,0.909091,0.705882,1.000000,0.827586,18,0,0.860141,-5.000000,-5,0.740228
FGES,2000,8,9000,2.000000,1.000000,0.933333,0.965517,1.000000,0.857143,0.923077,14,0,0.743114,4.000000,0.933333,0.933333,0.933333,0.916667,0.785714,0.846154,15,0,0.358402,2.000000,0,-0.384712
FGES,2000,80,81000,4.000000,0.882353,1.000000,0.937500,0.733333,0.916667,0.814815,17,6,0.721792,2.000000,0.882353,1.000000,0.937500,0.857143,1.000000,0.923077,17,0,0.199209,-2.000000,-6,-0.522583
FGES,2000,81,82000,18.000000,0.650000,0.866667,0.742857,0.214286,0.300000,0.250000,20,7,0.003041,19.000000,0.705882,0.800000,0.750000,0.071429,0.100000,0.083333,17,2,0.317512,1.000000,-5,0.314471
FGES,2000,82,83000,4.000000,1.000000,0.866667,0.928571,1.000000,0.769231,0.869565,13,3,0.753309,5.000000,0.866667,0.866667,0.866667,0.846154,0.846154,0.846154,15,1,0.216161,1.000000,-2,-0.537148
FGES,2000,83,84000,1.000000,1.000000,0.933333,0.965517,1.000000,0.928571,0.962963,14,1,0.617935,0.000000,1.000000,1.000000,1.000000,1.000000,1.000000,1.000000,15,0,0.745128,-1.000000,-1,0.127193
FGES,2000,84,85000,9.000000,0.812500,0.866667,0.838710,0.538462,0.583333,0.560000,16,16,0.000073,0.000000,1.000000,1.000000,1.000000,1.000000,1.000000,1.000000,15,1,0.002362,-9.000000,-15,0.002289
FGES,2000,85,86000,1.000000,1.000000,0.933333,0.965517,1.000000,0.923077,0.960000,14,2,0.473562,3.000000,0.875000,0.933333,0.903226,0.857143,0.923077,0.888889,16,0,0.658768,2.000000,-2,0.185206
FGES,2000,86,87000,3.000000,1.000000,0.933333,0.965517,0.714286,1.000000,0.833333,14,2,0.790113,1.000000,0.937500,1.000000,0.967742,1.000000,1.000000,1.000000,16,0,0.117669,-2.000000,-2,-0.672445
FGES,2000,87,88000,12.000000,0.785714,0.733333,0.758621,0.222222,0.250000,0.235294,14,9,0.000216,16.000000,0.764706,0.866667,0.812500,0.187500,0.375000,0.250000,17,0,0.311181,4.000000,-9,0.310965
FGES,2000,88,89000,0.000000,1.000000,1.000000,1.000000,1.000000,1.000000,1.000000,15,3,0.976212,5.000000,0.833333,1.000000,0.909091,0.857143,0.750000,0.800000,18,0,0.015431,5.000000,-3,-0.960781
FGES,2000,89,90000,3.000000,1.000000,0.866667,0.928571,1.000000,0.727273,0.842105,13,9,0.024175,6.000000,0.857143,0.800000,0.827586,0.875000,0.636364,0.736842,14,1,0.855444,3.000000,-8,0.831270
FGES,2000,9,10000,1.000000,1.000000,0.933333,0.965517,1.000000,1.000000,1.000000,14,4,0.541786,2.000000,0.937500,1.000000,0.967742,0.857143,1.000000,0.923077,16,0,0.283918,1.000000,-4,-0.257868
FGES,2000,90,91000,5.000000,1.000000,1.000000,1.000000,0.625000,0.625000,0.625000,15,3,0.997991,0.000000,1.000000,1.000000,1.000000,1.000000,1.000000,1.000000,15,0,0.738315,-5.000000,-3,-0.259676
FGES,2000,91,92000,3.000000,1.000000,0.800000,0.888889,1.000000,0.900000,0.947368,12,3,0.706472,5.000000,0.857143,0.800000,0.827586,1.000000,0.900000,0.947368,14,0,0.427671,2.000000,-3,-0.278801
FGES,2000,92,93000,0.000000,1.000000,1.000000,1.000000,1.000000,1.000000,1.000000,15,0,0.713446,0.000000,1.000000,1.000000,1.000000,1.000000,1.000000,1.000000,15,0,0.713446,0.000000,0,-0.000000
FGES,2000,93,94000,1.000000,1.000000,0.933333,0.965517,1.000000,1.000000,1.000000,14,4,0.257018,7.000000,0.823529,0.933333,0.875000,0.666667,0.909091,0.769231,17,0,0.362475,6.000000,-4,0.105457
FGES,2000,94,95000,9.000000,0.823529,0.933333,0.875000,0.600000,0.692308,0.642857,17,6,0.006866,4.000000,0.823529,0.933333,0.875000,0.812500,1.000000,0.896552,17,0,0.392570,-5.000000,-6,0.385704
FGES,2000,95,96000,12.000000,0.875000,0.933333,0.903226,0.333333,0.500000,0.400000,16,5,0.400609,7.000000,0.933333,0.933333,0.933333,0.600000,0.900000,0.720000,15,0,0.271338,-5.000000,-5,-0.129271
FGES,2000,96,97000,5.000000,0.933333,0.933333,0.933333,0.692308,0.818182,0.750000,15,1,0.814453,7.000000,0.875000,0.933333,0.903226,0.600000,0.818182,0.692308,16,0,0.188739,2.000000,-1,-0.625714
FGES,2000,97,98000,1.000000,1.000000,0.933333,0.965517,1.000000,0.928571,0.962963,14,1,0.083800,2.000000,0.933333,0.933333,0.933333,0.928571,0.928571,0.928571,15,0,0.428047,1.000000,-1,0.344247
FGES,2000,98,99000,5.000000,1.000000,0.733333,0.846154,1.000000,0.545455,0.705882,11,6,0.051112,8.000000,0.764706,0.866667,0.812500,0.600000,0.818182,0.692308,17,0,0.755636,3.000000,-6,0.704525
FGES,2000,99,100000,3.000000,1.000000,0.800000,0.888889,1.000000,0.769231,0.869565,12,4,0.480060,4.000000,0.923077,0.800000,0.857143,0.909091,0.769231,0.833333,13,1,0.994175,1.000000,-3,0.514116
FGES,500,1,500,7.000000,0.923077,0.800000,0.857143,0.636364,0.636364,0.636364,13,4,0.354797,1.000000,1.000000,0.933333,0.965517,1.000000,1.000000,1.000000,14,0,0.412486,-6.000000,-4,0.057688
FGES,500,10,9500,13.000000,0.846154,0.733333,0.785714,0.300000,0.333333,0.315789,13,1,0.743232,14.000000,0.857143,0.800000,0.827586,0.250000,0.333333,0.285714,14,0,0.943738,1.000000,-1,0.200506
FGES,500,100,99500,9.000000,1.000000,0.733333,0.846154,0.500000,0.300000,0.375000,11,3,0.232520,9.000000,0.916667,0.733333,0.814815,0.714286,0.500000,0.588235,12,0,0.568288,0.000000,-3,0.335768
FGES,500,11,10500,10.000000,0.866667,0.866667,0.866667,0.500000,0.500000,0.500000,15,6,0.169716,7.000000,0.800000,0.800000,0.800000,0.785714,0.916667,0.846154,15,0,0.179321,-3.000000,-6,0.009606
FGES,500,12,11500,13.000000,0.846154,0.733333,0.785714,0.333333,0.272727,0.300000,13,5,0.561619,13.000000,0.812500,0.866667,0.838710,0.363636,0.363636,0.363636,16,0,0.004675,0.000000,-5,-0.556944
FGES,500,13,12500,1.000000,1.000000,0.933333,0.965517,1.000000,1.000000,1.000000,14,5,0.303498,3.000000,0.933333,0.933333,0.933333,0.833333,1.000000,0.909091,15,0,0.431196,2.000000,-5,0.127698
FGES,500,14,13500,5.000000,1.000000,0.800000,0.888889,0.818182,0.750000,0.782609,12,3,0.304652,2.000000,1.000000,0.866667,0.928571,1.000000,0.916667,0.956522,13,0,0.343844,-3.000000,-3,0.039192
FGES,500,15,14500,8.000000,0.857143,0.800000,0.827586,0.642857,0.642857,0.642857,14,5,0.291176,5.000000,0.823529,0.933333,0.875000,0.812500,0.928571,0.866667,17,0,0.677487,-3.000000,-5,0.386311
FGES,500,16,15500,0.000000,1.000000,1.000000,1.000000,1.000000,1.000000,1.000000,15,2,0.077489,7.000000,0.933333,0.933333,0.933333,0.642857,0.750000,0.692308,15,0,0.432257,7.000000,-2,0.354768
FGES,500,17,16500,11.000000,0.705882,0.800000,0.750000,0.500000,0.666667,0.571429,17,0,0.247587,11.000000,0.705882,0.800000,0.750000,0.500000,0.666667,0.571429,17,0,0.247587,0.000000,0,0.000000
FGES,500,18,17500,4.000000,1.000000,0.733333,0.846154,1.000000,0.727273,0.842105,11,4,0.884317,7.000000,0.846154,0.733333,0.785714,0.666667,0.545455,0.600000,13,4,0.792737,3.000000,0,-0.091580
FGES,500,19,18500,15.000000,0.800000,0.533333,0.640000,0.250000,0.166667,0.200000,10,4,0.044275,15.000000,0.800000,0.533333,0.640000,0.285714,0.166667,0.210526,10,3,0.025545,0.000000,-1,-0.018730
FGES,500,2,1500,7.000000,1.000000,0.733333,0.846154,0.727273,0.571429,0.640000,11,8,0.058379,11.000000,0.733333,0.733333,0.733333,0.615385,0.571429,0.592593,15,2,0.790569,4.000000,-6,0.732190
FGES,500,20,19500,12.000000,0.769231,0.666667,0.714286,0.500000,0.384615,0.434783,13,4,0.280263,13.000000,0.800000,0.800000,0.800000,0.444444,0.307692,0.363636,15,0,0.888704,1.000000,-4,0.608441
FGES,500,21,20500,3.000000,0.928571,0.866667,0.896552,0.916667,0.846154,0.880000,14,6,0.118302,3.000000,0.933333,0.933333,0.933333,0.846154,0.846154,0.846154,15,0,0.361431,0.000000,-6,0.243129
FGES,500,22,21500,11.000000,0.916667,0.733333,0.814815,0.333333,0.750000,0.461538,12,5,0.186982,11.000000,0.800000,0.800000,0.800000,0.300000,0.750000,0.428571,15,1,0.833465,0.000000,-4,0.646484
FGES,500,23,22500,3.000000,1.000000,0.800000,0.888889,1.000000,0.833333,0.909091,12,4,0.827694,6.000000,0.800000,0.800000,0.800000,0.769231,0.833333,0.800000,15,0,0.355595,3.000000,-4,-0.472100
FGES,500,24,23500,5.000000,1.000000,0.866667,0.928571,1.000000,0.545455,0.705882,13,5,0.060941,4.000000,0.933333,0.933333,0.933333,1.000000,0.727273,0.842105,15,0,0.153664,-1.000000,-5,0.092723
FGES,500,25,24500,15.000000,0.666667,0.666667,0.666667,0.357143,0.357143,0.357143,15,2,0.079823,14.000000,0.687500,0.733333,0.709677,0.400000,0.428571,0.413793,16,1,0.460052,-1.000000,-1,0.380229
FGES,500,26,25500,16.000000,0.750000,0.800000,0.774194,0.250000,0.214286,0.230769,16,11,0.001104,3.000000,0.875000,0.933333,0.903226,0.928571,0.928571,0.928571,16,0,0.459449,-13.000000,-11,0.458345
FGES,500,27,26500,8.000000,0.928571,0.866667,0.896552,0.428571,0.375000,0.400000,14,5,0.682197,0.000000,1.000000,1.000000,1.000000,1.000000,1.000000,1.000000,15,0,0.006091,-8.000000,-5,-0.676106
FGES,500,28,27500,6.000000,1.000000,0.800000,0.888889,0.800000,0.727273,0.761905,12,4,0.303737,10.000000,0.785714,0.733333,0.758621,0.636364,0.636364,0.636364,14,1,0.890602,4.000000,-3,0.586865
FGES,500,29,28500,11.000000,0.909091,0.666667,0.769231,0.454545,0.416667,0.434783,11,7,0.015018,6.000000,0.857143,0.800000,0.827586,0.769231,0.833333,0.800000,14,0,0.967324,-5.000000,-7,0.952306
FGES,500,3,2500,8.000000,1.000000,0.733333,0.846154,1.000000,0.428571,0.600000,11,4,0.924207,9.000000,0.928571,0.866667,0.896552,0.666667,0.428571,0.521739,14,0,0.010625,1.000000,-4,-0.913581
FGES,500,30,29500,4.000000,1.000000,0.866667,0.928571,0.833333,0.769231,0.800000,13,6,0.000521,8.000000,0.823529,0.933333,0.875000,0.600000,0.692308,0.642857,17,0,0.702542,4.000000,-6,0.702020
FGES,500,31,30500,8.000000,0.928571,0.866667,0.896552,0.583333,0.538462,0.560000,14,2,0.953849,9.000000,0.875000,0.933333,0.903226,0.533333,0.615385,0.571429,16,0,0.968626,1.000000,-2,0.014777
FGES,500,32,31500,3.000000,1.000000,0.800000,0.888889,1.000000,0.818182,0.900000,12,5,0.012077,3.000000,0.933333,0.933333,0.933333,0.833333,0.909091,0.869565,15,0,0.511751,0.000000,-5,0.499674
FGES,500,33,32500,4.000000,1.000000,0.933333,0.965517,0.785714,0.846154,0.814815,14,2,0.598533,2.000000,0.933333,0.933333,0.933333,1.000000,0.923077,0.960000,15,0,0.626826,-2.000000,-2,0.028294
FGES,500,34,33500,15.000000,0.812500,0.866667,0.838710,0.181818,0.250000,0.210526,16,4,0.554857,17.000000,0.736842,0.933333,0.823529,0.133333,0.250000,0.173913,19,0,0.850322,2.000000,-4,0.295466
FGES,500,35,34500,4.000000,1.000000,0.800000,0.888889,1.000000,0.666667,0.800000,12,2,0.565771,3.000000,0.928571,0.866667,0.896552,0.857143,1.000000,0.923077,14,0,0.354975,-1.000000,-2,-0.210796
FGES,500,36,35500,15.000000,0.800000,0.533333,0.640000,0.200000,0.181818,0.190476,10,7,0.143366,4.000000,1.000000,0.933333,0.965517,0.750000,0.818182,0.782609,14,0,0.975229,-11.000000,-7,0.831863
FGES,500,37,36500,8.000000,0.866667,0.866667,0.866667,0.642857,0.600000,0.620690,15,3,0.158571,3.000000,1.000000,0.933333,0.965517,1.000000,0.800000,0.888889,14,0,0.514150,-5.000000,-3,0.355578
FGES,500,38,37500,8.000000,1.000000,0.800000,0.888889,0.636364,0.636364,0.636364,12,4,0.082243,2.000000,0.933333,0.933333,0.933333,0.909091,0.909091,0.909091,15,0,0.501246,-6.000000,-4,0.419004
FGES,500,39,38500,14.000000,0.722222,0.866667,0.787879,0.352941,0.428571,0.387097,18,4,0.066974,15.000000,0.684211,0.866667,0.764706,0.333333,0.428571,0.375000,19,1,0.687724,1.000000,-3,0.620750
FGES,500,4,3500,6.000000,1.000000,0.800000,0.888889,0.750000,0.642857,0.692308,12,5,0.012663,7.000000,0.866667,0.866667,0.866667,0.714286,0.714286,0.714286,15,0,0.208597,1.000000,-5,0.195934
FGES,500,40,39500,9.000000,0.928571,0.866667,0.896552,0.500000,0.700000,0.583333,14,7,0.037789,3.000000,1.000000,0.933333,0.965517,0.833333,1.000000,0.909091,14,0,0.744300,-6.000000,-7,0.706511
FGES,500,41,40500,4.000000,0.928571,0.866667,0.896552,0.923077,0.800000,0.857143,14,3,0.808989,6.000000,0.812500,0.866667,0.838710,0.800000,0.800000,0.800000,16,0,0.467327,2.000000,-3,-0.341662
FGES,500,42,41500,2.000000,1.000000,0.866667,0.928571,1.000000,0.857143,0.923077,13,0,0.184478,2.000000,1.000000,0.866667,0.928571,1.000000,0.857143,0.923077,13,0,0.184478,0.000000,0,0.000000
FGES,500,43,42500,10.000000,1.000000,0.800000,0.888889,0.454545,0.454545,0.454545,12,5,0.273227,0.000000,1.000000,1.000000,1.000000,1.000000,1.000000,1.000000,15,0,0.797571,-10.000000,-5,0.524344
FGES,500,44,43500,8.000000,0.857143,0.800000,0.827586,0.692308,0.642857,0.666667,14,4,0.032681,3.000000,0.933333,0.933333,0.933333,0.923077,0.857143,0.888889,15,0,0.611552,-5.000000,-4,0.578872
FGES,500,45,44500,2.000000,1.000000,0.933333,0.965517,1.000000,0.833333,0.909091,14,3,0.612071,4.000000,0.933333,0.933333,0.933333,0.769231,0.833333,0.800000,15,0,0.787761,2.000000,-3,0.175690
FGES,500,46,45500,13.000000,1.000000,0.333333,0.500000,NA,0.000000,0.000000,5,9,0.019939,8.000000,1.000000,0.600000,0.750000,0.750000,0.500000,0.600000,9,1,0.822236,-5.000000,-8,0.802297
FGES,500,47,46500,10.000000,0.909091,0.666667,0.769231,0.571429,0.333333,0.421053,11,7,0.285012,4.000000,1.000000,0.800000,0.888889,1.000000,0.666667,0.800000,12,0,0.587321,-6.000000,-7,0.302309
FGES,500,48,47500,9.000000,0.846154,0.733333,0.785714,0.545455,0.600000,0.571429,13,2,0.556068,5.000000,0.923077,0.800000,0.857143,0.800000,0.800000,0.800000,13,1,0.821054,-4.000000,-1,0.264986
FGES,500,49,48500,6.000000,1.000000,0.733333,0.846154,0.888889,0.571429,0.695652,11,3,0.041656,9.000000,0.857143,0.800000,0.827586,0.636364,0.500000,0.560000,14,0,0.303592,3.000000,-3,0.261936
FGES,500,5,4500,1.000000,1.000000,0.933333,0.965517,1.000000,0.916667,0.956522,14,1,0.289052,0.000000,1.000000,1.000000,1.000000,1.000000,1.000000,1.000000,15,0,0.205041,-1.000000,-1,-0.084011
FGES,500,50,49500,6.000000,0.923077,0.800000,0.857143,0.727273,0.666667,0.695652,13,9,0.003711,8.000000,0.823529,0.933333,0.875000,0.533333,0.666667,0.592593,17,1,0.454750,2.000000,-8,0.451039
FGES,500,51,50500,7.000000,1.000000,0.800000,0.888889,1.000000,0.461538,0.631579,12,3,0.963573,2.000000,0.933333,0.933333,0.933333,0.923077,0.923077,0.923077,15,0,0.953109,-5.000000,-3,-0.010463
FGES,500,52,51500,11.000000,0.857143,0.800000,0.827586,0.384615,0.555556,0.454545,14,12,0.001039,2.000000,0.933333,0.933333,0.933333,1.000000,1.000000,1.000000,15,0,0.106043,-9.000000,-12,0.105004
FGES,500,53,52500,9.000000,1.000000,0.600000,0.750000,0.625000,0.357143,0.454545,9,13,0.001567,13.000000,0.750000,0.800000,0.774194,0.357143,0.357143,0.357143,16,1,0.467142,4.000000,-12,0.465574
FGES,500,54,53500,10.000000,0.916667,0.733333,0.814815,0.555556,0.384615,0.454545,12,10,0.020186,3.000000,0.928571,0.866667,0.896552,0.923077,0.923077,0.923077,14,0,0.261485,-7.000000,-10,0.241299
FGES,500,55,54500,14.000000,0.888889,0.533333,0.666667,0.250000,0.166667,0.200000,9,8,0.179175,10.000000,0.750000,0.800000,0.774194,0.538462,0.583333,0.560000,16,0,0.940265,-4.000000,-8,0.761090
FGES,500,56,55500,7.000000,0.866667,0.866667,0.866667,0.714286,0.769231,0.740741,15,9,0.001522,2.000000,0.882353,1.000000,0.937500,0.866667,1.000000,0.928571,17,0,0.913978,-5.000000,-9,0.912455
FGES,500,57,56500,9.000000,0.923077,0.800000,0.857143,0.636364,0.500000,0.560000,13,7,0.042852,10.000000,0.812500,0.866667,0.838710,0.615385,0.571429,0.592593,16,0,0.816510,1.000000,-7,0.773658
FGES,500,58,57500,6.000000,1.000000,0.866667,0.928571,0.875000,0.583333,0.700000,13,0,0.328734,6.000000,0.928571,0.866667,0.896552,0.750000,0.750000,0.750000,14,0,0.586421,0.000000,0,0.257687
FGES,500,59,58500,9.000000,0.923077,0.800000,0.857143,0.600000,0.500000,0.545455,13,2,0.529940,15.000000,0.812500,0.866667,0.838710,0.272727,0.250000,0.260870,16,0,0.628286,6.000000,-2,0.098346
FGES,500,6,5500,5.000000,1.000000,0.866667,0.928571,0.750000,0.692308,0.720000,13,3,0.364225,7.000000,0.923077,0.800000,0.857143,0.666667,0.615385,0.640000,13,2,0.432576,2.000000,-1,0.068351
FGES,500,60,59500,5.000000,1.000000,0.800000,0.888889,0.818182,0.692308,0.750000,12,1,0.708766,4.000000,1.000000,0.866667,0.928571,0.900000,0.692308,0.782609,13,0,0.634186,-1.000000,-1,-0.074580
FGES,500,61,60500,16.000000,0.705882,0.800000,0.750000,0.235294,0.333333,0.275862,17,13,0.000622,6.000000,0.736842,0.933333,0.823529,0.733333,0.916667,0.814815,19,3,0.112795,-10.000000,-10,0.112173
FGES,500,62,61500,12.000000,0.866667,0.866667,0.866667,0.285714,0.571429,0.380952,15,5,0.150336,3.000000,0.933333,0.933333,0.933333,0.777778,1.000000,0.875000,15,0,0.819706,-9.000000,-5,0.669370
FGES,500,63,62500,5.000000,1.000000,0.800000,0.888889,0.909091,0.666667,0.769231,12,2,0.249010,3.000000,1.000000,0.866667,0.928571,1.000000,0.800000,0.888889,13,0,0.076115,-2.000000,-2,-0.172895
FGES,500,64,63500,15.000000,0.846154,0.733333,0.785714,0.000000,0.000000,0.000000,13,6,0.018144,14.000000,0.800000,0.800000,0.800000,0.300000,0.300000,0.300000,15,0,0.608062,-1.000000,-6,0.589918
FGES,500,65,64500,4.000000,1.000000,0.866667,0.928571,1.000000,0.600000,0.750000,13,5,0.004975,7.000000,0.866667,0.866667,0.866667,0.666667,0.600000,0.631579,15,1,0.004439,3.000000,-4,-0.000536
FGES,500,66,65500,2.000000,1.000000,0.866667,0.928571,1.000000,0.900000,0.947368,13,2,0.148719,3.000000,0.928571,0.866667,0.896552,0.900000,0.900000,0.900000,14,0,0.979975,1.000000,-2,0.831255
FGES,500,67,66500,11.000000,0.916667,0.733333,0.814815,0.500000,0.454545,0.476190,12,6,0.019301,9.000000,0.857143,0.800000,0.827586,1.000000,0.454545,0.625000,14,2,0.559314,-2.000000,-4,0.540013
FGES,500,68,67500,6.000000,1.000000,0.800000,0.888889,0.750000,0.692308,0.720000,12,2,0.199336,7.000000,0.866667,0.866667,0.866667,0.769231,0.769231,0.769231,15,0,0.458637,1.000000,-2,0.259301
FGES,500,69,68500,12.000000,0.785714,0.733333,0.758621,0.416667,0.454545,0.434783,14,3,0.333236,14.000000,0.769231,0.666667,0.714286,0.272727,0.272727,0.272727,13,0,0.190088,2.000000,-3,-0.143148
FGES,500,7,6500,13.000000,0.764706,0.866667,0.812500,0.312500,0.384615,0.344828,17,8,0.163998,1.000000,0.937500,1.000000,0.967742,0.928571,1.000000,0.962963,16,0,0.751419,-12.000000,-8,0.587420
FGES,500,70,69500,8.000000,0.916667,0.733333,0.814815,0.666667,0.571429,0.615385,12,3,0.391972,10.000000,0.800000,0.800000,0.800000,0.533333,0.571429,0.551724,15,0,0.573265,2.000000,-3,0.181292
FGES,500,71,70500,6.000000,1.000000,0.600000,0.750000,1.000000,0.571429,0.727273,9,2,0.464519,7.000000,0.909091,0.666667,0.769231,0.888889,0.571429,0.695652,11,0,0.091151,1.000000,-2,-0.373368
FGES,500,72,71500,5.000000,0.923077,0.800000,0.857143,0.888889,0.666667,0.761905,13,7,0.407033,4.000000,0.928571,0.866667,0.896552,0.833333,0.833333,0.833333,14,0,0.471527,-1.000000,-7,0.064494
FGES,500,73,72500,1.000000,1.000000,0.933333,0.965517,1.000000,0.923077,0.960000,14,0,0.082443,1.000000,1.000000,0.933333,0.965517,1.000000,0.923077,0.960000,14,0,0.082443,0.000000,0,-0.000000
FGES,500,74,73500,16.000000,0.687500,0.733333,0.709677,0.266667,0.363636,0.307692,16,13,0.005002,1.000000,0.937500,1.000000,0.967742,1.000000,1.000000,1.000000,16,0,0.455286,-15.000000,-13,0.450284
FGES,500,75,74500,6.000000,1.000000,0.666667,0.800000,1.000000,0.700000,0.823529,10,8,0.028361,9.000000,0.687500,0.733333,0.709677,0.615385,0.800000,0.695652,16,0,0.447809,3.000000,-8,0.419448
FGES,500,76,75500,4.000000,0.933333,0.933333,0.933333,0.818182,0.818182,0.818182,15,8,0.000351,10.000000,0.722222,0.866667,0.787879,0.533333,0.727273,0.615385,18,0,0.088340,6.000000,-8,0.087988
FGES,500,77,76500,7.000000,0.916667,0.733333,0.814815,1.000000,0.571429,0.727273,12,2,0.982494,9.000000,0.800000,0.800000,0.800000,0.615385,0.571429,0.592593,15,0,0.891357,2.000000,-2,-0.091138
FGES,500,78,77500,7.000000,0.933333,0.933333,0.933333,0.625000,0.625000,0.625000,15,3,0.122546,7.000000,0.823529,0.933333,0.875000,0.833333,0.625000,0.714286,17,0,0.180241,0.000000,-3,0.057695
FGES,500,79,78500,7.000000,1.000000,0.800000,0.888889,0.636364,0.538462,0.583333,12,2,0.131285,9.000000,0.923077,0.800000,0.857143,0.538462,0.538462,0.538462,13,0,0.315254,2.000000,-2,0.183969
FGES,500,8,7500,2.000000,1.000000,0.866667,0.928571,1.000000,0.857143,0.923077,13,1,0.647528,1.000000,1.000000,0.933333,0.965517,1.000000,0.928571,0.962963,14,0,0.686724,-1.000000,-1,0.039196
FGES,500,80,79500,11.000000,0.705882,0.800000,0.750000,0.529412,0.642857,0.580645,17,6,0.117856,8.000000,0.812500,0.866667,0.838710,0.750000,0.642857,0.692308,16,0,0.999378,-3.000000,-6,0.881522
FGES,500,81,80500,9.000000,1.000000,0.666667,0.800000,0.833333,0.384615,0.526316,10,4,0.055703,10.000000,0.750000,0.800000,0.774194,0.727273,0.615385,0.666667,16,1,0.137860,1.000000,-3,0.082158
FGES,500,82,81500,11.000000,0.823529,0.933333,0.875000,0.466667,0.583333,0.518519,17,6,0.679026,3.000000,0.833333,1.000000,0.909091,0.923077,1.000000,0.960000,18,1,0.103582,-8.000000,-5,-0.575444
FGES,500,83,82500,6.000000,1.000000,0.600000,0.750000,1.000000,0.400000,0.571429,9,0,0.908976,6.000000,1.000000,0.600000,0.750000,1.000000,0.400000,0.571429,9,0,0.908976,0.000000,0,0.000000
FGES,500,84,83500,3.000000,1.000000,0.933333,0.965517,0.900000,0.750000,0.818182,14,5,0.209442,1.000000,0.937500,1.000000,0.967742,0.923077,1.000000,0.960000,16,0,0.037145,-2.000000,-5,-0.172297
FGES,500,85,84500,7.000000,1.000000,0.733333,0.846154,0.700000,0.636364,0.666667,11,5,0.086212,11.000000,0.857143,0.800000,0.827586,0.416667,0.454545,0.434783,14,0,0.656075,4.000000,-5,0.569863
FGES,500,86,85500,12.000000,0.785714,0.733333,0.758621,0.500000,0.600000,0.545455,14,6,0.110048,10.000000,0.812500,0.866667,0.838710,0.500000,0.700000,0.583333,16,0,0.596150,-2.000000,-6,0.486103
FGES,500,87,86500,10.000000,1.000000,0.733333,0.846154,0.500000,0.416667,0.454545,11,6,0.098709,5.000000,0.882353,1.000000,0.937500,0.714286,0.833333,0.769231,17,0,0.286627,-5.000000,-6,0.187919
FGES,500,88,87500,12.000000,0.750000,0.800000,0.774194,0.500000,0.500000,0.500000,16,0,0.021130,12.000000,0.750000,0.800000,0.774194,0.500000,0.500000,0.500000,16,0,0.070398,0.000000,0,0.049268
FGES,500,89,88500,11.000000,0.916667,0.733333,0.814815,0.500000,0.250000,0.333333,12,2,0.651835,10.000000,0.857143,0.800000,0.827586,0.800000,0.333333,0.470588,14,0,0.113792,-1.000000,-2,-0.538043
FGES,500,9,8500,12.000000,0.800000,0.800000,0.800000,0.400000,0.545455,0.461538,15,3,0.322822,11.000000,0.800000,0.800000,0.800000,0.500000,0.636364,0.560000,15,0,0.289954,-1.000000,-3,-0.032868
FGES,500,90,89500,13.000000,0.733333,0.733333,0.733333,0.333333,0.400000,0.363636,15,4,0.223158,16.000000,0.647059,0.733333,0.687500,0.266667,0.400000,0.320000,17,0,0.900760,3.000000,-4,0.677601
FGES,500,91,90500,5.000000,1.000000,0.666667,0.800000,1.000000,0.600000,0.750000,10,3,0.686547,5.000000,0.916667,0.733333,0.814815,1.000000,0.700000,0.823529,12,1,0.843399,0.000000,-2,0.156852
FGES,500,92,91500,14.000000,0.733333,0.733333,0.733333,0.357143,0.357143,0.357143,15,3,0.410634,5.000000,0.875000,0.933333,0.903226,0.916667,0.785714,0.846154,16,0,0.325388,-9.000000,-3,-0.085246
FGES,500,93,92500,9.000000,1.000000,0.733333,0.846154,0.600000,0.545455,0.571429,11,4,0.345230,9.000000,0.923077,0.800000,0.857143,0.545455,0.545455,0.545455,13,1,0.983084,0.000000,-3,0.637854
FGES,500,94,93500,9.000000,0.928571,0.866667,0.896552,0.636364,0.500000,0.560000,14,3,0.269972,1.000000,0.937500,1.000000,0.967742,0.933333,1.000000,0.965517,16,0,0.000820,-8.000000,-3,-0.269152
FGES,500,95,94500,9.000000,1.000000,0.666667,0.800000,1.000000,0.307692,0.470588,10,8,0.022434,9.000000,0.764706,0.866667,0.812500,0.588235,0.769231,0.666667,17,2,0.823468,0.000000,-6,0.801034
FGES,500,96,95500,9.000000,1.000000,0.533333,0.695652,1.000000,0.416667,0.588235,8,2,0.156159,10.000000,0.800000,0.533333,0.640000,0.857143,0.500000,0.631579,10,0,0.707154,1.000000,-2,0.550995
FGES,500,97,96500,3.000000,1.000000,0.800000,0.888889,1.000000,0.833333,0.909091,12,2,0.631620,5.000000,0.857143,0.800000,0.827586,0.909091,0.833333,0.869565,14,0,0.723498,2.000000,-2,0.091878
FGES,500,98,97500,7.000000,0.823529,0.933333,0.875000,0.636364,0.636364,0.636364,17,0,0.000600,9.000000,0.812500,0.866667,0.838710,0.538462,0.636364,0.583333,16,0,0.016111,2.000000,0,0.015511
FGES,500,99,98500,12.000000,0.812500,0.866667,0.838710,0.416667,0.555556,0.476190,16,5,0.010000,4.000000,0.882353,1.000000,0.937500,0.692308,1.000000,0.818182,17,0,0.276130,-8.000000,-5,0.266130
PC,2000,1,2000,6.000000,1.000000,0.666667,0.800000,0.875000,0.636364,0.736842,10,5,0.139432,4.000000,1.000000,0.800000,0.888889,0.888889,0.727273,0.800000,12,1,0.054375,-2.000000,-4,-0.085057
PC,2000,10,11000,12.000000,1.000000,0.866667,0.928571,0.230769,0.375000,0.285714,13,19,0.000000,1.000000,0.937500,1.000000,0.967742,0.888889,1.000000,0.941176,16,0,0.349429,-11.000000,-19,0.349429
PC,2000,100,101000,5.000000,1.000000,0.733333,0.846154,1.000000,0.666667,0.800000,11,4,0.889891,6.000000,0.916667,0.733333,0.814815,1.000000,0.666667,0.800000,12,3,0.637070,1.000000,-1,-0.252821
PC,2000,11,12000,1.000000,1.000000,0.933333,0.965517,1.000000,1.000000,1.000000,14,6,0.033069,1.000000,0.937500,1.000000,0.967742,0.900000,1.000000,0.947368,16,0,0.723663,0.000000,-6,0.690594
PC,2000,12,13000,7.000000,0.923077,0.800000,0.857143,0.666667,0.615385,0.640000,13,11,0.009514,8.000000,0.764706,0.866667,0.812500,0.600000,0.692308,0.642857,17,0,0.201403,1.000000,-11,0.191889
PC,2000,13,14000,8.000000,1.000000,0.866667,0.928571,0.583333,0.500000,0.538462,13,4,0.340900,4.000000,0.866667,0.866667,0.866667,0.857143,0.857143,0.857143,15,0,0.096365,-4.000000,-4,-0.244535
PC,2000,14,15000,8.000000,1.000000,0.933333,0.965517,0.538462,0.538462,0.538462,14,14,0.000163,4.000000,1.000000,1.000000,1.000000,0.785714,0.846154,0.814815,15,0,0.768681,-4.000000,-14,0.768518
PC,2000,15,16000,8.000000,0.928571,0.866667,0.896552,0.538462,0.636364,0.583333,14,8,0.146587,10.000000,0.764706,0.866667,0.812500,0.538462,0.636364,0.583333,17,0,0.920233,2.000000,-8,0.773646
PC,2000,16,17000,3.000000,1.000000,0.800000,0.888889,1.000000,0.750000,0.857143,12,4,0.702894,3.000000,0.928571,0.866667,0.896552,1.000000,0.875000,0.933333,14,0,0.852469,0.000000,-4,0.149575
PC,2000,17,18000,3.000000,1.000000,0.800000,0.888889,1.000000,0.785714,0.880000,12,8,0.008726,4.000000,0.866667,0.866667,0.866667,0.923077,0.857143,0.888889,15,1,0.418778,1.000000,-7,0.410053
PC,2000,18,19000,5.000000,1.000000,0.933333,0.965517,0.636364,1.000000,0.777778,14,4,0.495262,1.000000,0.937500,1.000000,0.967742,0.875000,1.000000,0.933333,16,0,0.465556,-4.000000,-4,-0.029706
PC,2000,19,20000,3.000000,1.000000,0.933333,0.965517,0.909091,0.769231,0.833333,14,10,0.013875,1.000000,1.000000,1.000000,1.000000,0.923077,0.923077,0.923077,15,5,0.245464,-2.000000,-5,0.231589
PC,2000,2,3000,3.000000,1.000000,0.933333,0.965517,0.818182,0.818182,0.818182,14,1,0.889591,4.000000,0.933333,0.933333,0.933333,0.750000,0.818182,0.782609,15,0,0.919261,1.000000,-1,0.029670
PC,2000,20,21000,2.000000,1.000000,0.866667,0.928571,1.000000,0.846154,0.916667,13,12,0.000859,6.000000,0.777778,0.933333,0.848485,0.705882,0.923077,0.800000,18,0,0.805228,4.000000,-12,0.804369
PC,2000,21,22000,3.000000,1.000000,0.800000,0.888889,1.000000,0.750000,0.857143,12,5,0.000344,2.000000,1.000000,0.866667,0.928571,1.000000,0.833333,0.909091,13,0,0.009550,-1.000000,-5,0.009206
PC,2000,22,23000,5.000000,0.866667,0.866667,0.866667,0.727273,0.800000,0.761905,15,6,0.174675,6.000000,0.833333,1.000000,0.909091,0.625000,1.000000,0.769231,18,0,0.975648,1.000000,-6,0.800973
PC,2000,23,24000,7.000000,0.916667,0.733333,0.814815,0.727273,0.666667,0.695652,12,10,0.033498,6.000000,0.875000,0.933333,0.903226,0.714286,0.833333,0.769231,16,0,0.034065,-1.000000,-10,0.000567
PC,2000,24,25000,6.000000,1.000000,0.866667,0.928571,0.692308,0.692308,0.692308,13,0,0.533912,5.000000,1.000000,0.866667,0.928571,0.818182,0.692308,0.750000,13,0,0.584077,-1.000000,0,0.050165
PC,2000,25,26000,7.000000,0.923077,0.800000,0.857143,0.750000,0.692308,0.720000,13,1,0.059155,5.000000,0.923077,0.800000,0.857143,0.846154,0.846154,0.846154,13,0,0.193091,-2.000000,-1,0.133936
PC,2000,26,27000,10.000000,1.000000,0.866667,0.928571,0.416667,0.625000,0.500000,13,5,0.060451,10.000000,0.937500,1.000000,0.967742,0.428571,0.750000,0.545455,16,1,0.046833,0.000000,-4,-0.013618
PC,2000,27,28000,2.000000,1.000000,1.000000,1.000000,0.866667,0.928571,0.896552,15,4,0.012426,3.000000,0.882353,1.000000,0.937500,0.875000,1.000000,0.933333,17,0,0.763055,1.000000,-4,0.750630
PC,2000,28,29000,3.000000,1.000000,0.933333,0.965517,1.000000,0.769231,0.869565,14,10,0.005250,0.000000,1.000000,1.000000,1.000000,1.000000,1.000000,1.000000,15,0,0.945840,-3.000000,-10,0.940590
PC,2000,29,30000,7.000000,1.000000,0.800000,0.888889,0.600000,0.857143,0.705882,12,17,0.000000,4.000000,0.933333,0.933333,0.933333,0.666667,0.857143,0.750000,15,0,0.305641,-3.000000,-17,0.305641
PC,2000,3,4000,3.000000,1.000000,0.866667,0.928571,1.000000,0.750000,0.857143,13,1,0.230668,4.000000,0.933333,0.933333,0.933333,0.833333,0.833333,0.833333,15,0,0.275207,1.000000,-1,0.044539
PC,2000,30,31000,5.000000,1.000000,0.800000,0.888889,0.909091,0.714286,0.800000,12,15,0.000002,9.000000,0.777778,0.933333,0.848485,0.833333,0.714286,0.769231,18,0,0.446179,4.000000,-15,0.446177
PC,2000,31,32000,4.000000,1.000000,0.733333,0.846154,1.000000,0.733333,0.846154,11,13,0.003644,2.000000,1.000000,0.933333,0.965517,0.928571,0.866667,0.896552,14,1,0.267344,-2.000000,-12,0.263701
PC,2000,32,33000,8.000000,1.000000,0.733333,0.846154,0.700000,0.538462,0.608696,11,10,0.003349,1.000000,1.000000,0.933333,0.965517,1.000000,0.923077,0.960000,14,0,0.735799,-7.000000,-10,0.732449
PC,2000,33,34000,9.000000,1.000000,0.733333,0.846154,0.500000,0.444444,0.470588,11,8,0.032229,4.000000,1.000000,0.733333,0.846154,1.000000,0.777778,0.875000,11,0,0.548458,-5.000000,-8,0.516229
PC,2000,34,35000,9.000000,0.923077,0.800000,0.857143,0.500000,0.500000,0.500000,13,6,0.066816,6.000000,0.812500,0.866667,0.838710,0.666667,0.800000,0.727273,16,0,0.681546,-3.000000,-6,0.614731
PC,2000,35,36000,7.000000,1.000000,0.866667,0.928571,0.700000,0.636364,0.666667,13,13,0.004251,3.000000,0.875000,0.933333,0.903226,0.833333,0.909091,0.869565,16,0,0.264482,-4.000000,-13,0.260230
PC,2000,36,37000,9.000000,1.000000,0.733333,0.846154,0.857143,0.400000,0.545455,11,20,0.000000,7.000000,0.777778,0.933333,0.848485,0.800000,0.800000,0.800000,18,2,0.316344,-2.000000,-18,0.316344
PC,2000,37,38000,3.000000,1.000000,0.866667,0.928571,1.000000,0.727273,0.842105,13,3,0.165249,1.000000,1.000000,0.933333,0.965517,1.000000,0.909091,0.952381,14,1,0.713829,-2.000000,-2,0.548581
PC,2000,38,39000,6.000000,1.000000,0.733333,0.846154,0.818182,0.600000,0.692308,11,11,0.005376,12.000000,0.705882,0.800000,0.750000,0.500000,0.533333,0.516129,17,1,0.676650,6.000000,-10,0.671275
PC,2000,39,40000,1.000000,1.000000,0.933333,0.965517,1.000000,0.909091,0.952381,14,10,0.051675,6.000000,0.833333,1.000000,0.909091,0.666667,0.909091,0.769231,18,0,0.282524,5.000000,-10,0.230849
PC,2000,4,5000,1.000000,1.000000,0.933333,0.965517,1.000000,0.923077,0.960000,14,5,0.153322,0.000000,1.000000,1.000000,1.000000,1.000000,1.000000,1.000000,15,0,0.604980,-1.000000,-5,0.451658
PC,2000,40,41000,11.000000,1.000000,0.866667,0.928571,0.272727,0.600000,0.375000,13,4,0.058510,11.000000,1.000000,0.933333,0.965517,0.250000,0.600000,0.352941,14,0,0.582942,0.000000,-4,0.524432
PC,2000,41,42000,9.000000,1.000000,0.800000,0.888889,0.571429,0.444444,0.500000,12,6,0.246014,9.000000,0.928571,0.866667,0.896552,0.571429,0.444444,0.500000,14,0,0.630698,0.000000,-6,0.384684
PC,2000,42,43000,13.000000,0.928571,0.866667,0.896552,0.214286,1.000000,0.352941,14,11,0.009455,12.000000,0.875000,0.933333,0.903226,0.214286,1.000000,0.352941,16,0,0.130532,-1.000000,-11,0.121077
PC,2000,43,44000,5.000000,1.000000,0.800000,0.888889,0.833333,0.833333,0.833333,12,5,0.021789,2.000000,1.000000,0.866667,0.928571,1.000000,0.916667,0.956522,13,0,0.691293,-3.000000,-5,0.669503
PC,2000,44,45000,6.000000,1.000000,0.800000,0.888889,0.800000,0.571429,0.666667,12,19,0.000000,3.000000,0.875000,0.933333,0.903226,0.928571,0.928571,0.928571,16,0,0.197866,-3.000000,-19,0.197866
PC,2000,45,46000,7.000000,1.000000,0.600000,0.750000,1.000000,0.500000,0.666667,9,10,0.013167,2.000000,1.000000,0.866667,0.928571,1.000000,0.916667,0.956522,13,0,0.609208,-5.000000,-10,0.596041
PC,2000,46,47000,5.000000,1.000000,0.666667,0.800000,1.000000,0.777778,0.875000,10,13,0.000583,4.000000,0.928571,0.866667,0.896552,0.818182,1.000000,0.900000,14,0,0.707848,-1.000000,-13,0.707265
PC,2000,47,48000,7.000000,1.000000,0.666667,0.800000,0.857143,0.545455,0.666667,10,11,0.001058,6.000000,0.812500,0.866667,0.838710,0.692308,0.818182,0.750000,16,0,0.370160,-1.000000,-11,0.369102
PC,2000,48,49000,4.000000,1.000000,0.933333,0.965517,0.833333,0.769231,0.800000,14,7,0.160478,1.000000,0.937500,1.000000,0.967742,0.928571,1.000000,0.962963,16,0,0.911432,-3.000000,-7,0.750954
PC,2000,49,50000,13.000000,0.916667,0.733333,0.814815,0.285714,0.181818,0.222222,12,21,0.000000,6.000000,0.812500,0.866667,0.838710,0.818182,0.818182,0.818182,16,0,0.881668,-7.000000,-21,0.881668
PC,2000,5,6000,9.000000,1.000000,0.600000,0.750000,0.750000,0.428571,0.545455,9,5,0.001169,9.000000,0.833333,0.666667,0.740741,0.777778,0.500000,0.608696,12,1,0.127047,0.000000,-4,0.125877
PC,2000,50,51000,1.000000,1.000000,0.933333,0.965517,1.000000,0.933333,0.965517,14,7,0.296810,3.000000,0.833333,1.000000,0.909091,0.882353,1.000000,0.937500,18,0,0.979661,2.000000,-7,0.682852
PC,2000,51,52000,3.000000,1.000000,0.866667,0.928571,0.909091,0.833333,0.869565,13,13,0.000194,4.000000,0.875000,0.933333,0.903226,0.833333,0.833333,0.833333,16,0,0.355764,1.000000,-13,0.355570
PC,2000,52,53000,11.000000,1.000000,0.800000,0.888889,0.272727,0.750000,0.400000,12,8,0.108883,8.000000,0.833333,1.000000,0.909091,0.363636,1.000000,0.533333,18,0,0.331176,-3.000000,-8,0.222293
PC,2000,53,54000,8.000000,1.000000,0.866667,0.928571,0.545455,0.600000,0.571429,13,9,0.218474,5.000000,0.875000,0.933333,0.903226,0.750000,0.900000,0.818182,16,0,0.075250,-3.000000,-9,-0.143224
PC,2000,54,55000,7.000000,0.933333,0.933333,0.933333,0.642857,0.642857,0.642857,15,11,0.001006,3.000000,0.882353,1.000000,0.937500,0.823529,1.000000,0.903226,17,0,0.272737,-4.000000,-11,0.271730
PC,2000,55,56000,5.000000,1.000000,0.866667,0.928571,0.769231,0.769231,0.769231,13,8,0.020663,4.000000,0.882353,1.000000,0.937500,0.916667,0.846154,0.880000,17,0,0.229605,-1.000000,-8,0.208942
PC,2000,56,57000,7.000000,1.000000,0.733333,0.846154,0.666667,0.750000,0.705882,11,17,0.000000,9.000000,0.764706,0.866667,0.812500,0.583333,0.875000,0.700000,17,0,0.193183,2.000000,-17,0.193183
PC,2000,57,58000,9.000000,0.846154,0.733333,0.785714,0.700000,0.500000,0.583333,13,15,0.000103,0.000000,1.000000,1.000000,1.000000,1.000000,1.000000,1.000000,15,0,0.621937,-9.000000,-15,0.621834
PC,2000,58,59000,3.000000,1.000000,0.866667,0.928571,0.909091,0.769231,0.833333,13,7,0.262428,3.000000,0.882353,1.000000,0.937500,0.866667,1.000000,0.928571,17,0,0.439597,0.000000,-7,0.177168
PC,2000,59,60000,5.000000,1.000000,0.866667,0.928571,0.818182,0.692308,0.750000,13,6,0.039557,6.000000,0.823529,0.933333,0.875000,0.705882,0.923077,0.800000,17,0,0.666994,1.000000,-6,0.627437
PC,2000,6,7000,13.000000,1.000000,0.800000,0.888889,0.200000,0.181818,0.190476,12,20,0.000000,2.000000,0.933333,0.933333,0.933333,0.916667,1.000000,0.956522,15,0,0.932886,-11.000000,-20,0.932886
PC,2000,60,61000,5.000000,0.933333,0.933333,0.933333,0.769231,0.769231,0.769231,15,9,0.035202,3.000000,0.937500,1.000000,0.967742,1.000000,0.846154,0.916667,16,0,0.545984,-2.000000,-9,0.510782
PC,2000,61,62000,11.000000,0.923077,0.800000,0.857143,0.272727,0.333333,0.300000,13,10,0.000065,9.000000,0.823529,0.933333,0.875000,0.666667,0.444444,0.533333,17,0,0.284683,-2.000000,-10,0.284618
PC,2000,62,63000,12.000000,0.909091,0.666667,0.769231,0.375000,0.250000,0.300000,11,17,0.000022,1.000000,1.000000,1.000000,1.000000,0.916667,0.916667,0.916667,15,1,0.196567,-11.000000,-16,0.196545
PC,2000,63,64000,8.000000,1.000000,0.800000,0.888889,0.600000,0.461538,0.521739,12,15,0.000081,0.000000,1.000000,1.000000,1.000000,1.000000,1.000000,1.000000,15,0,0.587646,-8.000000,-15,0.587565
PC,2000,64,65000,2.000000,1.000000,0.866667,0.928571,1.000000,1.000000,1.000000,13,4,0.765983,0.000000,1.000000,1.000000,1.000000,1.000000,1.000000,1.000000,15,0,0.604025,-2.000000,-4,-0.161957
PC,2000,65,66000,7.000000,1.000000,0.933333,0.965517,0.500000,0.600000,0.545455,14,9,0.012650,1.000000,1.000000,0.933333,0.965517,1.000000,0.900000,0.947368,14,0,0.280159,-6.000000,-9,0.267508
PC,2000,66,67000,5.000000,1.000000,0.800000,0.888889,0.800000,0.727273,0.761905,12,13,0.000029,8.000000,0.736842,0.933333,0.823529,0.600000,0.818182,0.692308,19,0,0.844134,3.000000,-13,0.844105
PC,2000,67,68000,3.000000,1.000000,0.800000,0.888889,1.000000,0.800000,0.888889,12,7,0.056938,3.000000,0.928571,0.866667,0.896552,0.928571,0.866667,0.896552,14,0,0.757171,0.000000,-7,0.700233
PC,2000,68,69000,8.000000,1.000000,0.800000,0.888889,0.636364,0.538462,0.583333,12,5,0.006403,11.000000,0.866667,0.866667,0.866667,0.500000,0.461538,0.480000,15,0,0.084813,3.000000,-5,0.078410
PC,2000,69,70000,4.000000,1.000000,0.866667,0.928571,0.818182,0.900000,0.857143,13,6,0.103787,0.000000,1.000000,1.000000,1.000000,1.000000,1.000000,1.000000,15,0,0.135574,-4.000000,-6,0.031787
PC,2000,7,8000,6.000000,0.928571,0.866667,0.896552,0.692308,0.642857,0.666667,14,18,0.000000,1.000000,0.937500,1.000000,0.967742,1.000000,1.000000,1.000000,16,0,0.481040,-5.000000,-18,0.481040
PC,2000,70,71000,8.000000,0.923077,0.800000,0.857143,0.636364,0.636364,0.636364,13,5,0.221234,8.000000,0.823529,0.933333,0.875000,0.571429,0.727273,0.640000,17,0,0.301512,0.000000,-5,0.080278
PC,2000,71,72000,10.000000,0.928571,0.866667,0.896552,0.500000,0.384615,0.434783,14,13,0.000656,6.000000,0.789474,1.000000,0.882353,0.785714,0.846154,0.814815,19,0,0.965460,-4.000000,-13,0.964805
PC,2000,72,73000,7.000000,0.909091,0.666667,0.769231,0.888889,0.571429,0.695652,11,24,0.000000,1.000000,1.000000,0.933333,0.965517,1.000000,0.928571,0.962963,14,0,0.121415,-6.000000,-24,0.121415
PC,2000,73,74000,2.000000,1.000000,1.000000,1.000000,0.909091,0.833333,0.869565,15,2,0.162743,1.000000,0.937500,1.000000,0.967742,0.923077,1.000000,0.960000,16,0,0.001717,-1.000000,-2,-0.161026
PC,2000,74,75000,5.000000,1.000000,0.933333,0.965517,0.800000,0.666667,0.727273,14,14,0.000508,2.000000,0.937500,1.000000,0.967742,0.857143,1.000000,0.923077,16,0,0.521677,-3.000000,-14,0.521169
PC,2000,75,76000,12.000000,1.000000,0.666667,0.800000,0.250000,0.200000,0.222222,10,17,0.000002,2.000000,0.937500,1.000000,0.967742,0.833333,1.000000,0.909091,16,0,0.553340,-10.000000,-17,0.553338
PC,2000,76,77000,3.000000,1.000000,0.933333,0.965517,0.833333,0.769231,0.800000,14,15,0.000002,5.000000,0.875000,0.933333,0.903226,0.733333,0.846154,0.785714,16,0,0.978500,2.000000,-15,0.978498
PC,2000,77,78000,6.000000,0.923077,0.800000,0.857143,0.750000,0.692308,0.720000,13,24,0.000000,6.000000,0.777778,0.933333,0.848485,0.750000,0.923077,0.827586,18,0,0.087008,0.000000,-24,0.087008
PC,2000,78,79000,5.000000,1.000000,0.666667,0.800000,1.000000,0.714286,0.833333,10,2,0.958947,7.000000,1.000000,0.733333,0.846154,0.800000,0.571429,0.666667,11,3,0.827202,2.000000,1,-0.131745
PC,2000,79,80000,8.000000,0.866667,0.866667,0.866667,0.571429,0.666667,0.615385,15,10,0.016929,4.000000,0.833333,1.000000,0.909091,0.750000,1.000000,0.857143,18,0,0.944675,-4.000000,-10,0.927746
PC,2000,8,9000,8.000000,1.000000,0.866667,0.928571,0.666667,0.428571,0.521739,13,10,0.034385,2.000000,1.000000,0.933333,0.965517,1.000000,0.857143,0.923077,14,0,0.743114,-6.000000,-10,0.708729
PC,2000,80,81000,3.000000,1.000000,1.000000,1.000000,0.833333,0.833333,0.833333,15,6,0.105761,3.000000,0.882353,1.000000,0.937500,0.800000,1.000000,0.888889,17,0,0.456114,0.000000,-6,0.350353
PC,2000,81,82000,5.000000,1.000000,0.800000,0.888889,0.800000,0.800000,0.800000,12,12,0.000989,1.000000,0.937500,1.000000,0.967742,0.909091,1.000000,0.952381,16,0,0.964999,-4.000000,-12,0.964010
PC,2000,82,83000,7.000000,1.000000,0.733333,0.846154,1.000000,0.615385,0.761905,11,12,0.002527,5.000000,0.866667,0.866667,0.866667,0.846154,0.846154,0.846154,15,1,0.216161,-2.000000,-11,0.213634
PC,2000,83,84000,3.000000,1.000000,0.866667,0.928571,0.916667,0.785714,0.846154,13,9,0.036257,0.000000,1.000000,1.000000,1.000000,1.000000,1.000000,1.000000,15,0,0.745128,-3.000000,-9,0.708871
PC,2000,84,85000,4.000000,1.000000,0.800000,0.888889,1.000000,0.750000,0.857143,12,12,0.002044,0.000000,1.000000,1.000000,1.000000,1.000000,1.000000,1.000000,15,1,0.002362,-4.000000,-11,0.000318
PC,2000,85,86000,6.000000,0.928571,0.866667,0.896552,0.727273,0.615385,0.666667,14,12,0.000011,3.000000,0.875000,0.933333,0.903226,0.857143,0.923077,0.888889,16,0,0.658768,-3.000000,-12,0.658758
PC,2000,86,87000,13.000000,1.000000,0.866667,0.928571,0.000000,0.000000,0.000000,13,14,0.000976,1.000000,0.937500,1.000000,0.967742,1.000000,1.000000,1.000000,16,0,0.117669,-12.000000,-14,0.116692
PC,2000,87,88000,11.000000,0.928571,0.866667,0.896552,0.307692,0.500000,0.380952,14,11,0.000294,3.000000,0.875000,0.933333,0.903226,0.875000,0.875000,0.875000,16,0,0.055414,-8.000000,-11,0.055120
PC,2000,88,89000,11.000000,0.933333,0.933333,0.933333,0.272727,0.375000,0.315789,15,19,0.000000,5.000000,0.833333,1.000000,0.909091,0.857143,0.750000,0.800000,18,0,0.015431,-6.000000,-19,0.015431
PC,2000,89,90000,9.000000,0.923077,0.800000,0.857143,0.500000,0.454545,0.476190,13,13,0.000008,9.000000,0.857143,0.800000,0.827586,0.615385,0.727273,0.666667,14,2,0.211094,0.000000,-11,0.211086
PC,2000,9,10000,3.000000,1.000000,0.866667,0.928571,1.000000,0.833333,0.909091,13,8,0.002855,2.000000,0.937500,1.000000,0.967742,0.857143,1.000000,0.923077,16,0,0.283918,-1.000000,-8,0.281062
PC,2000,90,91000,12.000000,1.000000,0.933333,0.965517,0.166667,0.250000,0.200000,14,11,0.008261,0.000000,1.000000,1.000000,1.000000,1.000000,1.000000,1.000000,15,0,0.738315,-12.000000,-11,0.730054
PC,2000,91,92000,9.000000,1.000000,0.666667,0.800000,0.555556,0.500000,0.526316,10,11,0.000790,5.000000,0.928571,0.866667,0.896552,0.750000,0.900000,0.818182,14,0,0.945866,-4.000000,-11,0.945075
PC,2000,92,93000,4.000000,1.000000,1.000000,1.000000,0.769231,0.714286,0.740741,15,12,0.000043,0.000000,1.000000,1.000000,1.000000,1.000000,1.000000,1.000000,15,0,0.713446,-4.000000,-12,0.713403
PC,2000,93,94000,3.000000,0.933333,0.933333,0.933333,0.833333,0.909091,0.869565,15,10,0.000611,7.000000,0.823529,0.933333,0.875000,0.666667,0.909091,0.769231,17,0,0.565766,4.000000,-10,0.565155
PC,2000,94,95000,3.000000,0.928571,0.866667,0.896552,1.000000,1.000000,1.000000,14,5,0.121866,3.000000,0.875000,0.933333,0.903226,0.928571,1.000000,0.962963,16,0,0.623212,0.000000,-5,0.501346
PC,2000,95,96000,6.000000,1.000000,0.666667,0.800000,1.000000,0.500000,0.666667,10,17,0.000026,7.000000,0.933333,0.933333,0.933333,0.600000,0.900000,0.720000,15,0,0.271338,1.000000,-17,0.271313
PC,2000,96,97000,1.000000,1.000000,0.933333,0.965517,1.000000,0.909091,0.952381,14,2,0.219469,4.000000,0.937500,1.000000,0.967742,0.733333,1.000000,0.846154,16,0,0.942547,3.000000,-2,0.723077
PC,2000,97,98000,7.000000,0.923077,0.800000,0.857143,0.692308,0.642857,0.666667,13,10,0.005535,2.000000,0.933333,0.933333,0.933333,0.928571,0.928571,0.928571,15,0,0.428047,-5.000000,-10,0.422512
PC,2000,98,99000,5.000000,0.916667,0.733333,0.814815,0.888889,0.727273,0.800000,12,5,0.084058,7.000000,0.812500,0.866667,0.838710,0.875000,0.636364,0.736842,16,3,0.983345,2.000000,-2,0.899287
PC,2000,99,100000,6.000000,0.923077,0.800000,0.857143,0.750000,0.692308,0.720000,13,4,0.681364,5.000000,0.812500,0.866667,0.838710,0.785714,0.846154,0.814815,16,0,0.906566,-1.000000,-4,0.225202
PC,500,1,500,9.000000,0.916667,0.733333,0.814815,0.600000,0.545455,0.571429,12,9,0.038316,1.000000,1.000000,0.933333,0.965517,1.000000,1.000000,1.000000,14,0,0.412486,-8.000000,-9,0.374169
PC,500,10,9500,9.000000,0.916667,0.733333,0.814815,0.555556,0.555556,0.555556,12,5,0.481386,8.000000,0.928571,0.866667,0.896552,0.545455,0.666667,0.600000,14,0,0.620698,-1.000000,-5,0.139312
PC,500,100,99500,11.000000,1.000000,0.733333,0.846154,0.333333,0.300000,0.315789,11,4,0.857310,9.000000,0.916667,0.733333,0.814815,0.714286,0.500000,0.588235,12,0,0.568288,-2.000000,-4,-0.289023
PC,500,11,10500,8.000000,1.000000,0.666667,0.800000,0.777778,0.583333,0.666667,10,11,0.016535,1.000000,1.000000,0.933333,0.965517,1.000000,0.916667,0.956522,14,0,0.779560,-7.000000,-11,0.763025
PC,500,12,11500,5.000000,1.000000,0.733333,0.846154,1.000000,0.636364,0.777778,11,7,0.217793,8.000000,0.785714,0.733333,0.758621,0.700000,0.636364,0.666667,14,2,0.848167,3.000000,-5,0.630373
PC,500,13,12500,4.000000,1.000000,0.866667,0.928571,0.818182,0.900000,0.857143,13,10,0.006874,3.000000,0.933333,0.933333,0.933333,0.833333,1.000000,0.909091,15,0,0.431196,-1.000000,-10,0.424321
PC,500,14,13500,3.000000,1.000000,0.800000,0.888889,1.000000,0.833333,0.909091,12,1,0.509886,2.000000,1.000000,0.866667,0.928571,1.000000,0.916667,0.956522,13,0,0.343844,-1.000000,-1,-0.166042
PC,500,15,14500,7.000000,1.000000,0.800000,0.888889,0.666667,0.571429,0.615385,12,10,0.010935,2.000000,0.882353,1.000000,0.937500,0.875000,1.000000,0.933333,17,0,0.576187,-5.000000,-10,0.565252
PC,500,16,15500,6.000000,1.000000,0.866667,0.928571,0.692308,0.750000,0.720000,13,9,0.004835,5.000000,0.933333,0.933333,0.933333,0.769231,0.833333,0.800000,15,4,0.211490,-1.000000,-5,0.206655
PC,500,17,16500,4.000000,1.000000,0.733333,0.846154,1.000000,0.833333,0.909091,11,6,0.211617,2.000000,1.000000,0.866667,0.928571,1.000000,0.916667,0.956522,13,0,0.518904,-2.000000,-6,0.307287
PC,500,18,17500,13.000000,0.833333,0.666667,0.740741,0.333333,0.363636,0.347826,12,8,0.084223,6.000000,0.800000,0.800000,0.800000,0.727273,0.727273,0.727273,15,0,0.607693,-7.000000,-8,0.523470
PC,500,19,18500,11.000000,0.800000,0.533333,0.640000,0.714286,0.416667,0.526316,10,8,0.003796,9.000000,0.785714,0.733333,0.758621,0.750000,0.500000,0.600000,14,1,0.111390,-2.000000,-7,0.107594
PC,500,2,1500,10.000000,0.888889,0.533333,0.666667,0.833333,0.357143,0.500000,9,12,0.002629,10.000000,0.733333,0.733333,0.733333,0.692308,0.642857,0.666667,15,2,0.228145,0.000000,-10,0.225516
PC,500,20,19500,8.000000,1.000000,0.733333,0.846154,0.625000,0.384615,0.476190,11,6,0.231715,2.000000,1.000000,0.866667,0.928571,1.000000,0.846154,0.916667,13,0,0.938861,-6.000000,-6,0.707146
PC,500,21,20500,8.000000,0.928571,0.866667,0.896552,0.571429,0.615385,0.592593,14,14,0.000080,3.000000,0.933333,0.933333,0.933333,0.846154,0.846154,0.846154,15,0,0.361431,-5.000000,-14,0.361351
PC,500,22,21500,8.000000,1.000000,0.733333,0.846154,0.000000,0.000000,0.000000,11,7,0.186982,14.000000,0.687500,0.733333,0.709677,0.000000,0.000000,0.000000,16,0,0.487129,6.000000,-7,0.300148
PC,500,23,22500,6.000000,1.000000,0.733333,0.846154,0.875000,0.583333,0.700000,11,6,0.175353,6.000000,0.800000,0.800000,0.800000,0.769231,0.833333,0.800000,15,0,0.355595,0.000000,-6,0.180242
PC,500,24,23500,11.000000,1.000000,0.866667,0.928571,0.333333,0.363636,0.347826,13,11,0.000056,4.000000,0.933333,0.933333,0.933333,1.000000,0.727273,0.842105,15,0,0.153664,-7.000000,-11,0.153608
PC,500,25,24500,11.000000,1.000000,0.666667,0.800000,0.500000,0.285714,0.363636,10,17,0.000080,11.000000,0.750000,0.800000,0.774194,0.777778,0.500000,0.608696,16,0,0.869806,0.000000,-17,0.869726
PC,500,26,25500,5.000000,1.000000,0.733333,0.846154,0.900000,0.642857,0.750000,11,11,0.000103,8.000000,0.800000,0.800000,0.800000,0.692308,0.642857,0.666667,15,6,0.017692,3.000000,-5,0.017590
PC,500,27,26500,9.000000,1.000000,0.866667,0.928571,0.400000,0.500000,0.444444,13,15,0.000046,0.000000,1.000000,1.000000,1.000000,1.000000,1.000000,1.000000,15,0,0.006091,-9.000000,-15,0.006046
PC,500,28,27500,10.000000,0.833333,0.666667,0.740741,0.555556,0.454545,0.500000,12,6,0.312910,7.000000,0.785714,0.733333,0.758621,0.750000,0.818182,0.782609,14,1,0.660137,-3.000000,-5,0.347227
PC,500,29,28500,8.000000,0.909091,0.666667,0.769231,0.700000,0.583333,0.636364,11,7,0.020397,6.000000,0.857143,0.800000,0.827586,0.769231,0.833333,0.800000,14,0,0.967324,-2.000000,-7,0.946927
PC,500,3,2500,8.000000,1.000000,0.800000,0.888889,0.583333,0.500000,0.538462,12,7,0.245231,9.000000,0.928571,0.866667,0.896552,0.666667,0.428571,0.521739,14,0,0.010625,1.000000,-7,-0.234606
PC,500,30,29500,7.000000,0.916667,0.733333,0.814815,0.727273,0.615385,0.666667,12,7,0.000902,8.000000,0.823529,0.933333,0.875000,0.600000,0.692308,0.642857,17,0,0.702542,1.000000,-7,0.701640
PC,500,31,30500,5.000000,1.000000,0.800000,0.888889,1.000000,0.615385,0.761905,12,3,0.886082,1.000000,1.000000,0.933333,0.965517,1.000000,0.923077,0.960000,14,0,0.877413,-4.000000,-3,-0.008669
PC,500,32,31500,5.000000,1.000000,0.866667,0.928571,0.750000,0.818182,0.782609,13,11,0.000100,3.000000,0.933333,0.933333,0.933333,0.833333,0.909091,0.869565,15,0,0.511751,-2.000000,-11,0.511651
PC,500,33,32500,4.000000,1.000000,0.866667,0.928571,1.000000,0.692308,0.818182,13,3,0.352430,2.000000,0.933333,0.933333,0.933333,1.000000,0.923077,0.960000,15,0,0.675461,-2.000000,-3,0.323031
PC,500,34,33500,9.000000,1.000000,0.866667,0.928571,0.500000,0.625000,0.555556,13,3,0.583526,0.000000,1.000000,1.000000,1.000000,1.000000,1.000000,1.000000,15,0,0.325607,-9.000000,-3,-0.257919
PC,500,35,34500,9.000000,1.000000,0.866667,0.928571,0.416667,0.833333,0.555556,13,10,0.004253,3.000000,0.928571,0.866667,0.896552,0.857143,1.000000,0.923077,14,0,0.354975,-6.000000,-10,0.350722
PC,500,36,35500,6.000000,1.000000,0.666667,0.800000,1.000000,0.545455,0.705882,10,7,0.059037,4.000000,1.000000,0.933333,0.965517,0.750000,0.818182,0.782609,14,1,0.814837,-2.000000,-6,0.755800
PC,500,37,36500,7.000000,1.000000,0.733333,0.846154,0.888889,0.533333,0.666667,11,9,0.002721,3.000000,1.000000,0.933333,0.965517,1.000000,0.800000,0.888889,14,0,0.514150,-4.000000,-9,0.511429
PC,500,38,37500,12.000000,1.000000,0.800000,0.888889,0.250000,0.272727,0.260870,12,13,0.000001,7.000000,0.933333,0.933333,0.933333,0.571429,0.727273,0.640000,15,2,0.769713,-5.000000,-11,0.769712
PC,500,39,38500,6.000000,0.923077,0.800000,0.857143,0.750000,0.642857,0.692308,13,12,0.002213,4.000000,0.875000,0.933333,0.903226,0.812500,0.928571,0.866667,16,0,0.786036,-2.000000,-12,0.783823
PC,500,4,3500,6.000000,1.000000,0.666667,0.800000,0.900000,0.642857,0.750000,10,10,0.009334,5.000000,0.875000,0.933333,0.903226,0.800000,0.857143,0.827586,16,0,0.229087,-1.000000,-10,0.219753
PC,500,40,39500,9.000000,1.000000,0.800000,0.888889,0.454545,0.500000,0.476190,12,14,0.000037,8.000000,0.928571,0.866667,0.896552,0.538462,0.700000,0.608696,14,1,0.324720,-1.000000,-13,0.324683
PC,500,41,40500,7.000000,0.846154,0.733333,0.785714,0.833333,0.666667,0.740741,13,12,0.001436,6.000000,0.812500,0.866667,0.838710,0.800000,0.800000,0.800000,16,0,0.467327,-1.000000,-12,0.465891
PC,500,42,41500,7.000000,1.000000,0.666667,0.800000,0.875000,0.500000,0.636364,10,9,0.013103,8.000000,0.833333,0.666667,0.740741,0.727273,0.571429,0.640000,12,6,0.211180,1.000000,-3,0.198077
PC,500,43,42500,9.000000,1.000000,0.933333,0.965517,0.428571,0.545455,0.480000,14,0,0.407334,0.000000,1.000000,1.000000,1.000000,1.000000,1.000000,1.000000,15,0,0.797571,-9.000000,0,0.390237
PC,500,44,43500,8.000000,1.000000,0.800000,0.888889,0.700000,0.500000,0.583333,12,7,0.000067,3.000000,0.933333,0.933333,0.933333,0.923077,0.857143,0.888889,15,0,0.611552,-5.000000,-7,0.611485
PC,500,45,44500,4.000000,1.000000,0.866667,0.928571,0.818182,0.750000,0.782609,13,4,0.165549,4.000000,0.933333,0.933333,0.933333,0.769231,0.833333,0.800000,15,0,0.787761,0.000000,-4,0.622211
PC,500,46,45500,5.000000,1.000000,0.666667,0.800000,1.000000,0.583333,0.736842,10,2,0.391675,8.000000,1.000000,0.600000,0.750000,0.750000,0.500000,0.600000,9,1,0.822236,3.000000,-1,0.430561
PC,500,47,46500,11.000000,1.000000,0.533333,0.695652,0.600000,0.250000,0.352941,8,14,0.001230,4.000000,1.000000,0.800000,0.888889,1.000000,0.666667,0.800000,12,0,0.587321,-7.000000,-14,0.586091
PC,500,48,47500,7.000000,1.000000,0.733333,0.846154,0.666667,0.600000,0.631579,11,6,0.300375,5.000000,0.923077,0.800000,0.857143,0.800000,0.800000,0.800000,13,1,0.821054,-2.000000,-5,0.520679
PC,500,49,48500,8.000000,0.900000,0.600000,0.720000,0.777778,0.500000,0.608696,10,4,0.155450,9.000000,0.846154,0.733333,0.785714,0.583333,0.500000,0.538462,13,0,0.807432,1.000000,-4,0.651982
PC,500,5,4500,5.000000,1.000000,0.800000,0.888889,0.875000,0.583333,0.700000,12,13,0.000086,0.000000,1.000000,1.000000,1.000000,1.000000,1.000000,1.000000,15,0,0.205041,-5.000000,-13,0.204955
PC,500,50,49500,5.000000,1.000000,0.733333,0.846154,1.000000,0.666667,0.800000,11,11,0.002488,3.000000,0.933333,0.933333,0.933333,1.000000,0.833333,0.909091,15,0,0.232444,-2.000000,-11,0.229956
PC,500,51,50500,7.000000,1.000000,0.933333,0.965517,0.583333,0.538462,0.560000,14,7,0.328469,2.000000,0.933333,0.933333,0.933333,0.923077,0.923077,0.923077,15,0,0.953109,-5.000000,-7,0.624640
PC,500,52,51500,13.000000,0.923077,0.800000,0.857143,0.272727,0.333333,0.300000,13,14,0.000150,2.000000,0.933333,0.933333,0.933333,1.000000,1.000000,1.000000,15,0,0.106043,-11.000000,-14,0.105893
PC,500,53,52500,11.000000,0.909091,0.666667,0.769231,0.454545,0.357143,0.400000,11,16,0.000026,5.000000,0.875000,0.933333,0.903226,0.750000,0.857143,0.800000,16,0,0.819356,-6.000000,-16,0.819330
PC,500,54,53500,11.000000,0.900000,0.600000,0.720000,0.500000,0.307692,0.380952,10,21,0.000000,8.000000,0.733333,0.733333,0.733333,0.714286,0.769231,0.740741,15,0,0.205828,-3.000000,-21,0.205828
PC,500,55,54500,11.000000,1.000000,0.466667,0.636364,1.000000,0.250000,0.400000,7,14,0.000784,13.000000,0.714286,0.666667,0.689655,0.461538,0.500000,0.480000,14,1,0.976541,2.000000,-13,0.975756
PC,500,56,55500,13.000000,0.923077,0.800000,0.857143,0.250000,0.230769,0.240000,13,25,0.000000,2.000000,0.882353,1.000000,0.937500,0.866667,1.000000,0.928571,17,0,0.913978,-11.000000,-25,0.913978
PC,500,57,56500,9.000000,1.000000,0.733333,0.846154,0.750000,0.428571,0.545455,11,10,0.000021,11.000000,0.750000,0.800000,0.774194,0.666667,0.571429,0.615385,16,1,0.085390,2.000000,-9,0.085369
PC,500,58,57500,11.000000,0.909091,0.666667,0.769231,0.500000,0.333333,0.400000,11,9,0.014822,6.000000,0.928571,0.866667,0.896552,0.750000,0.750000,0.750000,14,0,0.516397,-5.000000,-9,0.501575
PC,500,59,58500,10.000000,1.000000,0.666667,0.800000,0.666667,0.333333,0.444444,10,8,0.056478,8.000000,0.866667,0.866667,0.866667,0.615385,0.666667,0.640000,15,0,0.910411,-2.000000,-8,0.853933
PC,500,6,5500,7.000000,1.000000,0.866667,0.928571,0.615385,0.615385,0.615385,13,5,0.028762,10.000000,0.916667,0.733333,0.814815,0.500000,0.461538,0.480000,12,1,0.538057,3.000000,-4,0.509295
PC,500,60,59500,11.000000,1.000000,0.733333,0.846154,0.444444,0.307692,0.363636,11,9,0.043419,4.000000,1.000000,0.866667,0.928571,0.900000,0.692308,0.782609,13,0,0.634186,-7.000000,-9,0.590767
PC,500,61,60500,7.000000,0.923077,0.800000,0.857143,0.700000,0.583333,0.636364,13,11,0.027190,3.000000,0.833333,1.000000,0.909091,0.800000,1.000000,0.888889,18,0,0.036474,-4.000000,-11,0.009284
PC,500,62,61500,9.000000,1.000000,0.733333,0.846154,0.500000,0.714286,0.588235,11,15,0.000004,7.000000,0.866667,0.866667,0.866667,0.636364,1.000000,0.777778,15,0,0.734774,-2.000000,-15,0.734770
PC,500,63,62500,9.000000,0.900000,0.600000,0.720000,0.875000,0.466667,0.608696,10,4,0.421284,9.000000,0.833333,0.666667,0.740741,0.800000,0.533333,0.640000,12,3,0.252164,0.000000,-1,-0.169120
PC,500,64,63500,11.000000,1.000000,0.600000,0.750000,1.000000,0.200000,0.333333,9,16,0.000003,10.000000,0.812500,0.866667,0.838710,0.500000,0.500000,0.500000,16,1,0.692228,-1.000000,-15,0.692225
PC,500,65,64500,8.000000,1.000000,0.733333,0.846154,0.500000,0.300000,0.375000,11,18,0.000000,7.000000,0.866667,0.866667,0.866667,0.666667,0.600000,0.631579,15,1,0.004439,-1.000000,-17,0.004439
PC,500,66,65500,7.000000,1.000000,0.866667,0.928571,0.545455,0.600000,0.571429,13,10,0.084658,3.000000,0.928571,0.866667,0.896552,0.900000,0.900000,0.900000,14,0,0.979975,-4.000000,-10,0.895317
PC,500,67,66500,7.000000,1.000000,0.733333,0.846154,1.000000,0.454545,0.625000,11,13,0.000018,5.000000,0.857143,0.800000,0.827586,0.900000,0.818182,0.857143,14,0,0.856117,-2.000000,-13,0.856099
PC,500,68,67500,7.000000,1.000000,0.733333,0.846154,0.800000,0.615385,0.695652,11,7,0.104148,7.000000,0.933333,0.933333,0.933333,0.642857,0.692308,0.666667,15,0,0.474199,0.000000,-7,0.370052
PC,500,69,68500,8.000000,1.000000,0.733333,0.846154,0.600000,0.545455,0.571429,11,13,0.000133,8.000000,1.000000,0.733333,0.846154,0.625000,0.454545,0.526316,11,0,0.161264,0.000000,-13,0.161132
PC,500,7,6500,4.000000,1.000000,0.933333,0.965517,0.769231,0.769231,0.769231,14,7,0.130849,3.000000,0.875000,0.933333,0.903226,0.857143,0.923077,0.888889,16,0,0.678440,-1.000000,-7,0.547590
PC,500,70,69500,9.000000,0.909091,0.666667,0.769231,0.636364,0.500000,0.560000,11,7,0.007891,9.000000,0.846154,0.733333,0.785714,0.615385,0.571429,0.592593,13,0,0.086588,0.000000,-7,0.078697
PC,500,71,70500,7.000000,1.000000,0.600000,0.750000,0.875000,0.500000,0.636364,9,2,0.399139,8.000000,0.900000,0.600000,0.720000,0.875000,0.500000,0.636364,10,1,0.338979,1.000000,-1,-0.060160
PC,500,72,71500,6.000000,1.000000,0.800000,0.888889,0.800000,0.666667,0.727273,12,10,0.003937,4.000000,0.928571,0.866667,0.896552,0.833333,0.833333,0.833333,14,0,0.471527,-2.000000,-10,0.467590
PC,500,73,72500,5.000000,1.000000,0.733333,0.846154,1.000000,0.615385,0.761905,11,5,0.444167,1.000000,1.000000,0.933333,0.965517,1.000000,0.923077,0.960000,14,0,0.082443,-4.000000,-5,-0.361724
PC,500,74,73500,8.000000,1.000000,0.800000,0.888889,0.555556,0.454545,0.500000,12,15,0.000031,1.000000,0.937500,1.000000,0.967742,1.000000,1.000000,1.000000,16,0,0.455286,-7.000000,-15,0.455255
PC,500,75,74500,11.000000,0.833333,0.666667,0.740741,0.500000,0.500000,0.500000,12,6,0.211377,8.000000,0.833333,0.666667,0.740741,0.750000,0.600000,0.666667,12,1,0.235285,-3.000000,-5,0.023909
PC,500,76,75500,6.000000,1.000000,0.800000,0.888889,0.800000,0.727273,0.761905,12,18,0.000000,6.000000,0.875000,0.933333,0.903226,0.666667,0.727273,0.695652,16,0,0.016210,0.000000,-18,0.016210
PC,500,77,76500,9.000000,0.818182,0.600000,0.692308,0.777778,0.500000,0.608696,11,5,0.468029,6.000000,0.857143,0.800000,0.827586,0.833333,0.714286,0.769231,14,0,0.392081,-3.000000,-5,-0.075948
PC,500,78,77500,5.000000,1.000000,0.800000,0.888889,0.750000,0.750000,0.750000,12,9,0.001115,6.000000,0.875000,0.933333,0.903226,0.615385,1.000000,0.761905,16,0,0.770821,1.000000,-9,0.769706
PC,500,79,78500,4.000000,1.000000,0.800000,0.888889,1.000000,0.692308,0.818182,12,5,0.193699,6.000000,0.866667,0.866667,0.866667,0.769231,0.769231,0.769231,15,0,0.781669,2.000000,-5,0.587971
PC,500,8,7500,8.000000,0.928571,0.866667,0.896552,0.571429,0.571429,0.571429,14,5,0.379960,1.000000,1.000000,0.933333,0.965517,1.000000,0.928571,0.962963,14,0,0.686724,-7.000000,-5,0.306764
PC,500,80,79500,6.000000,0.928571,0.866667,0.896552,0.769231,0.714286,0.740741,14,4,0.559976,6.000000,0.823529,0.933333,0.875000,0.750000,0.857143,0.800000,17,0,0.215373,0.000000,-4,-0.344602
PC,500,81,80500,10.000000,0.900000,0.600000,0.720000,0.714286,0.384615,0.500000,10,10,0.004460,7.000000,0.750000,0.800000,0.774194,0.833333,0.769231,0.800000,16,0,0.545009,-3.000000,-10,0.540549
PC,500,82,81500,4.000000,1.000000,0.933333,0.965517,0.818182,0.750000,0.782609,14,3,0.336005,5.000000,0.882353,1.000000,0.937500,0.705882,1.000000,0.827586,17,0,0.815115,1.000000,-3,0.479110
PC,500,83,82500,8.000000,1.000000,0.533333,0.695652,1.000000,0.200000,0.333333,8,4,0.425107,6.000000,1.000000,0.600000,0.750000,1.000000,0.400000,0.571429,9,0,0.908976,-2.000000,-4,0.483869
PC,500,84,83500,10.000000,0.916667,0.733333,0.814815,0.555556,0.416667,0.476190,12,21,0.000000,2.000000,0.937500,1.000000,0.967742,0.857143,1.000000,0.923077,16,0,0.411566,-8.000000,-21,0.411565
PC,500,85,84500,13.000000,1.000000,0.733333,0.846154,0.222222,0.181818,0.200000,11,8,0.000008,9.000000,0.928571,0.866667,0.896552,0.666667,0.363636,0.470588,14,1,0.478399,-4.000000,-7,0.478391
PC,500,86,85500,4.000000,1.000000,0.733333,0.846154,1.000000,0.900000,0.947368,11,5,0.283808,9.000000,0.866667,0.866667,0.866667,0.533333,0.800000,0.640000,15,0,0.998962,5.000000,-5,0.715154
PC,500,87,86500,9.000000,1.000000,0.733333,0.846154,0.600000,0.500000,0.545455,11,8,0.003267,6.000000,0.833333,1.000000,0.909091,0.666667,0.833333,0.740741,18,0,0.904742,-3.000000,-8,0.901475
PC,500,88,87500,10.000000,1.000000,0.666667,0.800000,0.714286,0.357143,0.476190,10,6,0.192972,11.000000,0.846154,0.733333,0.785714,0.600000,0.428571,0.500000,13,2,0.026630,1.000000,-4,-0.166342
PC,500,89,88500,10.000000,1.000000,0.733333,0.846154,0.600000,0.250000,0.352941,11,4,0.546554,8.000000,1.000000,0.800000,0.888889,0.700000,0.583333,0.636364,12,1,0.656920,-2.000000,-3,0.110366
PC,500,9,8500,11.000000,1.000000,0.666667,0.800000,0.333333,0.181818,0.235294,10,21,0.000000,4.000000,1.000000,1.000000,1.000000,0.769231,0.909091,0.833333,15,0,0.478306,-7.000000,-21,0.478306
PC,500,90,89500,7.000000,0.909091,0.666667,0.769231,0.857143,0.600000,0.705882,11,5,0.077652,7.000000,0.857143,0.800000,0.827586,0.692308,0.900000,0.782609,14,0,0.164634,0.000000,-5,0.086982
PC,500,91,90500,7.000000,1.000000,0.600000,0.750000,1.000000,0.400000,0.571429,9,5,0.672528,8.000000,0.900000,0.600000,0.720000,0.800000,0.400000,0.533333,10,4,0.826563,1.000000,-1,0.154035
PC,500,92,91500,3.000000,1.000000,0.800000,0.888889,1.000000,0.785714,0.880000,12,11,0.012109,2.000000,0.933333,0.933333,0.933333,0.928571,0.928571,0.928571,15,0,0.543925,-1.000000,-11,0.531817
PC,500,93,92500,9.000000,0.909091,0.666667,0.769231,0.636364,0.636364,0.636364,11,4,0.013862,8.000000,0.857143,0.800000,0.827586,0.666667,0.727273,0.695652,14,0,0.973570,-1.000000,-4,0.959708
PC,500,94,93500,8.000000,1.000000,0.866667,0.928571,0.538462,0.500000,0.518519,13,3,0.029070,10.000000,0.866667,0.866667,0.866667,0.500000,0.500000,0.500000,15,1,0.157339,2.000000,-2,0.128269
PC,500,95,94500,14.000000,1.000000,0.600000,0.750000,0.200000,0.076923,0.111111,9,11,0.000303,13.000000,0.812500,0.866667,0.838710,0.384615,0.384615,0.384615,16,0,0.971791,-1.000000,-11,0.971488
PC,500,96,95500,9.000000,1.000000,0.533333,0.695652,1.000000,0.416667,0.588235,8,2,0.156159,10.000000,0.800000,0.533333,0.640000,0.857143,0.500000,0.631579,10,0,0.707154,1.000000,-2,0.550995
PC,500,97,96500,6.000000,1.000000,0.733333,0.846154,0.777778,0.583333,0.666667,11,6,0.000492,10.000000,0.785714,0.733333,0.758621,0.666667,0.500000,0.571429,14,0,0.354498,4.000000,-6,0.354006
PC,500,98,97500,8.000000,1.000000,0.866667,0.928571,0.538462,0.636364,0.583333,13,24,0.000000,1.000000,1.000000,0.933333,0.965517,1.000000,0.909091,0.952381,14,1,0.004139,-7.000000,-23,0.004139
PC,500,99,98500,8.000000,0.916667,0.733333,0.814815,0.571429,0.444444,0.500000,12,11,0.023369,4.000000,0.882353,1.000000,0.937500,0.692308,1.000000,0.818182,17,0,0.276130,-4.000000,-11,0.252761
