==== NOSTALL DEADLOCK: gated genuine-legal H0, NO legal single-edge deletion ====
  dag mask        : 1881
  latent set      : [2]  (latent nodes: [X3])
  spurious edges  : [X4 o-o X6, X5 o-o X6]  (k=2)
  outcome of deleting each spurious edge from H0:
    X4 o-o X6 : illegal -- genuine/maximality -- Not maximal: Inducing path exists between non-adjacent X1 and X4 in a MAG implied by this graph
    X5 o-o X6 : illegal -- genuine/maximality -- Not maximal: Inducing path exists between non-adjacent X2 and X5 in a MAG implied by this graph
  true DAG (all variables, latents included):
Graph Nodes:
X1;X2;(X3);X4;X5;X6

Graph Edges:
1. X1 --> X2
2. X1 --> X5
3. X1 --> X6
4. X2 --> X4
5. X2 --> X6
6. X3 --> X4
7. X3 --> X5


  true PAG G* (over observed):
Graph Nodes:
X1;X2;X4;X5;X6

Graph Edges:
1. X1 o-o X2
2. X1 o-> X5
3. X1 o-o X6
4. X2 o-> X4
5. X2 o-o X6
6. X4 <-> X5


  H0 (G* + spurious, cold-reoriented):
Graph Nodes:
X1;X2;X4;X5;X6

Graph Edges:
1. X1 o-o X2
2. X1 o-> X5
3. X1 o-o X6
4. X2 o-> X4
5. X2 o-o X6
6. X4 <-> X5
7. X6 o-> X4
8. X6 o-> X5



==== NOSTALL DEADLOCK: gated genuine-legal H0, NO legal single-edge deletion ====
  dag mask        : 1882
  latent set      : [1]  (latent nodes: [X2])
  spurious edges  : [X4 o-o X5, X5 o-o X6]  (k=2)
  outcome of deleting each spurious edge from H0:
    X4 o-o X5 : illegal -- genuine/maximality -- Not maximal: Inducing path exists between non-adjacent X1 and X4 in a MAG implied by this graph
    X5 o-o X6 : illegal -- genuine/maximality -- Not maximal: Inducing path exists between non-adjacent X3 and X6 in a MAG implied by this graph
  true DAG (all variables, latents included):
Graph Nodes:
X1;(X2);X3;X4;X5;X6

Graph Edges:
1. X1 --> X3
2. X1 --> X5
3. X1 --> X6
4. X2 --> X4
5. X2 --> X6
6. X3 --> X4
7. X3 --> X5


  true PAG G* (over observed):
Graph Nodes:
X1;X3;X4;X5;X6

Graph Edges:
1. X1 o-o X3
2. X1 o-o X5
3. X1 o-> X6
4. X3 o-> X4
5. X3 o-o X5
6. X4 <-> X6


  H0 (G* + spurious, cold-reoriented):
Graph Nodes:
X1;X3;X4;X5;X6

Graph Edges:
1. X1 o-o X3
2. X1 o-o X5
3. X1 o-> X6
4. X3 o-> X4
5. X3 o-o X5
6. X4 <-> X6
7. X5 o-> X4
8. X5 o-> X6



==== NOSTALL DEADLOCK: gated genuine-legal H0, NO legal single-edge deletion ====
  dag mask        : 1912
  latent set      : [0]  (latent nodes: [X1])
  spurious edges  : [X4 o-o X5, X4 o-o X6]  (k=2)
  outcome of deleting each spurious edge from H0:
    X4 o-o X5 : illegal -- genuine/maximality -- Not maximal: Inducing path exists between non-adjacent X2 and X5 in a MAG implied by this graph
    X4 o-o X6 : illegal -- genuine/maximality -- Not maximal: Inducing path exists between non-adjacent X3 and X6 in a MAG implied by this graph
  true DAG (all variables, latents included):
Graph Nodes:
(X1);X2;X3;X4;X5;X6

Graph Edges:
1. X1 --> X5
2. X1 --> X6
3. X2 --> X3
4. X2 --> X4
5. X2 --> X6
6. X3 --> X4
7. X3 --> X5


  true PAG G* (over observed):
Graph Nodes:
X2;X3;X4;X5;X6

Graph Edges:
1. X2 o-o X3
2. X2 o-o X4
3. X2 o-> X6
4. X3 o-o X4
5. X3 o-> X5
6. X6 <-> X5


  H0 (G* + spurious, cold-reoriented):
Graph Nodes:
X2;X3;X4;X5;X6

Graph Edges:
1. X2 o-o X3
2. X2 o-o X4
3. X2 o-> X6
4. X3 o-o X4
5. X3 o-> X5
6. X4 o-> X5
7. X4 o-> X6
8. X5 <-> X6



==== NOSTALL DEADLOCK: gated genuine-legal H0, NO legal single-edge deletion ====
  dag mask        : 1941
  latent set      : [2]  (latent nodes: [X3])
  spurious edges  : [X4 o-o X6, X5 o-o X6]  (k=2)
  outcome of deleting each spurious edge from H0:
    X4 o-o X6 : illegal -- genuine/maximality -- Not maximal: Inducing path exists between non-adjacent X2 and X4 in a MAG implied by this graph
    X5 o-o X6 : illegal -- genuine/maximality -- Not maximal: Inducing path exists between non-adjacent X1 and X5 in a MAG implied by this graph
  true DAG (all variables, latents included):
Graph Nodes:
X1;X2;(X3);X4;X5;X6

Graph Edges:
1. X1 --> X2
2. X1 --> X4
3. X1 --> X6
4. X2 --> X5
5. X2 --> X6
6. X3 --> X4
7. X3 --> X5


  true PAG G* (over observed):
Graph Nodes:
X1;X2;X4;X5;X6

Graph Edges:
1. X1 o-o X2
2. X1 o-> X4
3. X1 o-o X6
4. X2 o-> X5
5. X2 o-o X6
6. X4 <-> X5


  H0 (G* + spurious, cold-reoriented):
Graph Nodes:
X1;X2;X4;X5;X6

Graph Edges:
1. X1 o-o X2
2. X1 o-> X4
3. X1 o-o X6
4. X2 o-> X5
5. X2 o-o X6
6. X4 <-> X5
7. X6 o-> X4
8. X6 o-> X5



==== NOSTALL DEADLOCK: gated genuine-legal H0, NO legal single-edge deletion ====
  dag mask        : 1942
  latent set      : [1]  (latent nodes: [X2])
  spurious edges  : [X4 o-o X5, X4 o-o X6]  (k=2)
  outcome of deleting each spurious edge from H0:
    X4 o-o X5 : illegal -- genuine/maximality -- Not maximal: Inducing path exists between non-adjacent X1 and X5 in a MAG implied by this graph
    X4 o-o X6 : illegal -- genuine/maximality -- Not maximal: Inducing path exists between non-adjacent X3 and X6 in a MAG implied by this graph
  true DAG (all variables, latents included):
Graph Nodes:
X1;(X2);X3;X4;X5;X6

Graph Edges:
1. X1 --> X3
2. X1 --> X4
3. X1 --> X6
4. X2 --> X5
5. X2 --> X6
6. X3 --> X4
7. X3 --> X5


  true PAG G* (over observed):
Graph Nodes:
X1;X3;X4;X5;X6

Graph Edges:
1. X1 o-o X3
2. X1 o-o X4
3. X1 o-> X6
4. X3 o-o X4
5. X3 o-> X5
6. X6 <-> X5


  H0 (G* + spurious, cold-reoriented):
Graph Nodes:
X1;X3;X4;X5;X6

Graph Edges:
1. X1 o-o X3
2. X1 o-o X4
3. X1 o-> X6
4. X3 o-o X4
5. X3 o-> X5
6. X4 o-> X5
7. X4 o-> X6
8. X5 <-> X6



==== NOSTALL DEADLOCK: gated genuine-legal H0, NO legal single-edge deletion ====
  dag mask        : 1972
  latent set      : [0]  (latent nodes: [X1])
  spurious edges  : [X4 o-o X5, X5 o-o X6]  (k=2)
  outcome of deleting each spurious edge from H0:
    X4 o-o X5 : illegal -- genuine/maximality -- Not maximal: Inducing path exists between non-adjacent X2 and X4 in a MAG implied by this graph
    X5 o-o X6 : illegal -- genuine/maximality -- Not maximal: Inducing path exists between non-adjacent X3 and X6 in a MAG implied by this graph
  true DAG (all variables, latents included):
Graph Nodes:
(X1);X2;X3;X4;X5;X6

Graph Edges:
1. X1 --> X4
2. X1 --> X6
3. X2 --> X3
4. X2 --> X5
5. X2 --> X6
6. X3 --> X4
7. X3 --> X5


  true PAG G* (over observed):
Graph Nodes:
X2;X3;X4;X5;X6

Graph Edges:
1. X2 o-o X3
2. X2 o-o X5
3. X2 o-> X6
4. X3 o-> X4
5. X3 o-o X5
6. X6 <-> X4


  H0 (G* + spurious, cold-reoriented):
Graph Nodes:
X2;X3;X4;X5;X6

Graph Edges:
1. X2 o-o X3
2. X2 o-o X5
3. X2 o-> X6
4. X3 o-> X4
5. X3 o-o X5
6. X4 <-> X6
7. X5 o-> X4
8. X5 o-> X6



==== NOSTALL DEADLOCK: gated genuine-legal H0, NO legal single-edge deletion ====
  dag mask        : 2777
  latent set      : [2]  (latent nodes: [X3])
  spurious edges  : [X4 o-o X5, X5 o-o X6]  (k=2)
  outcome of deleting each spurious edge from H0:
    X4 o-o X5 : illegal -- genuine/maximality -- Not maximal: Inducing path exists between non-adjacent X1 and X4 in a MAG implied by this graph
    X5 o-o X6 : illegal -- genuine/maximality -- Not maximal: Inducing path exists between non-adjacent X2 and X6 in a MAG implied by this graph
  true DAG (all variables, latents included):
Graph Nodes:
X1;X2;(X3);X4;X5;X6

Graph Edges:
1. X1 --> X2
2. X1 --> X5
3. X1 --> X6
4. X2 --> X4
5. X2 --> X5
6. X3 --> X4
7. X3 --> X6


  true PAG G* (over observed):
Graph Nodes:
X1;X2;X4;X5;X6

Graph Edges:
1. X1 o-o X2
2. X1 o-o X5
3. X1 o-> X6
4. X2 o-> X4
5. X2 o-o X5
6. X4 <-> X6


  H0 (G* + spurious, cold-reoriented):
Graph Nodes:
X1;X2;X4;X5;X6

Graph Edges:
1. X1 o-o X2
2. X1 o-o X5
3. X1 o-> X6
4. X2 o-> X4
5. X2 o-o X5
6. X4 <-> X6
7. X5 o-> X4
8. X5 o-> X6



==== NOSTALL DEADLOCK: gated genuine-legal H0, NO legal single-edge deletion ====
  dag mask        : 2778
  latent set      : [1]  (latent nodes: [X2])
  spurious edges  : [X4 o-o X6, X5 o-o X6]  (k=2)
  outcome of deleting each spurious edge from H0:
    X4 o-o X6 : illegal -- genuine/maximality -- Not maximal: Inducing path exists between non-adjacent X1 and X4 in a MAG implied by this graph
    X5 o-o X6 : illegal -- genuine/maximality -- Not maximal: Inducing path exists between non-adjacent X3 and X5 in a MAG implied by this graph
  true DAG (all variables, latents included):
Graph Nodes:
X1;(X2);X3;X4;X5;X6

Graph Edges:
1. X1 --> X3
2. X1 --> X5
3. X1 --> X6
4. X2 --> X4
5. X2 --> X5
6. X3 --> X4
7. X3 --> X6


  true PAG G* (over observed):
Graph Nodes:
X1;X3;X4;X5;X6

Graph Edges:
1. X1 o-o X3
2. X1 o-> X5
3. X1 o-o X6
4. X3 o-> X4
5. X3 o-o X6
6. X5 <-> X4


  H0 (G* + spurious, cold-reoriented):
Graph Nodes:
X1;X3;X4;X5;X6

Graph Edges:
1. X1 o-o X3
2. X1 o-> X5
3. X1 o-o X6
4. X3 o-> X4
5. X3 o-o X6
6. X4 <-> X5
7. X6 o-> X4
8. X6 o-> X5



==== NOSTALL DEADLOCK: gated genuine-legal H0, NO legal single-edge deletion ====
  dag mask        : 2808
  latent set      : [0]  (latent nodes: [X1])
  spurious edges  : [X4 o-o X5, X4 o-o X6]  (k=2)
  outcome of deleting each spurious edge from H0:
    X4 o-o X5 : illegal -- genuine/maximality -- Not maximal: Inducing path exists between non-adjacent X3 and X5 in a MAG implied by this graph
    X4 o-o X6 : illegal -- genuine/maximality -- Not maximal: Inducing path exists between non-adjacent X2 and X6 in a MAG implied by this graph
  true DAG (all variables, latents included):
Graph Nodes:
(X1);X2;X3;X4;X5;X6

Graph Edges:
1. X1 --> X5
2. X1 --> X6
3. X2 --> X3
4. X2 --> X4
5. X2 --> X5
6. X3 --> X4
7. X3 --> X6


  true PAG G* (over observed):
Graph Nodes:
X2;X3;X4;X5;X6

Graph Edges:
1. X2 o-o X3
2. X2 o-o X4
3. X2 o-> X5
4. X3 o-o X4
5. X3 o-> X6
6. X6 <-> X5


  H0 (G* + spurious, cold-reoriented):
Graph Nodes:
X2;X3;X4;X5;X6

Graph Edges:
1. X2 o-o X3
2. X2 o-o X4
3. X2 o-> X5
4. X3 o-o X4
5. X3 o-> X6
6. X4 o-> X5
7. X4 o-> X6
8. X5 <-> X6



==== NOSTALL DEADLOCK: gated genuine-legal H0, NO legal single-edge deletion ====
  dag mask        : 2957
  latent set      : [2]  (latent nodes: [X3])
  spurious edges  : [X4 o-o X5, X5 o-o X6]  (k=2)
  outcome of deleting each spurious edge from H0:
    X4 o-o X5 : illegal -- genuine/maximality -- Not maximal: Inducing path exists between non-adjacent X2 and X4 in a MAG implied by this graph
    X5 o-o X6 : illegal -- genuine/maximality -- Not maximal: Inducing path exists between non-adjacent X1 and X6 in a MAG implied by this graph
  true DAG (all variables, latents included):
Graph Nodes:
X1;X2;(X3);X4;X5;X6

Graph Edges:
1. X1 --> X2
2. X1 --> X4
3. X1 --> X5
4. X2 --> X5
5. X2 --> X6
6. X3 --> X4
7. X3 --> X6


  true PAG G* (over observed):
Graph Nodes:
X1;X2;X4;X5;X6

Graph Edges:
1. X1 o-o X2
2. X1 o-> X4
3. X1 o-o X5
4. X2 o-o X5
5. X2 o-> X6
6. X4 <-> X6


  H0 (G* + spurious, cold-reoriented):
Graph Nodes:
X1;X2;X4;X5;X6

Graph Edges:
1. X1 o-o X2
2. X1 o-> X4
3. X1 o-o X5
4. X2 o-o X5
5. X2 o-> X6
6. X5 o-> X4
7. X5 o-> X6
8. X6 <-> X4



==== NOSTALL DEADLOCK: gated genuine-legal H0, NO legal single-edge deletion ====
  dag mask        : 2958
  latent set      : [1]  (latent nodes: [X2])
  spurious edges  : [X4 o-o X5, X4 o-o X6]  (k=2)
  outcome of deleting each spurious edge from H0:
    X4 o-o X5 : illegal -- genuine/maximality -- Not maximal: Inducing path exists between non-adjacent X3 and X5 in a MAG implied by this graph
    X4 o-o X6 : illegal -- genuine/maximality -- Not maximal: Inducing path exists between non-adjacent X1 and X6 in a MAG implied by this graph
  true DAG (all variables, latents included):
Graph Nodes:
X1;(X2);X3;X4;X5;X6

Graph Edges:
1. X1 --> X3
2. X1 --> X4
3. X1 --> X5
4. X2 --> X5
5. X2 --> X6
6. X3 --> X4
7. X3 --> X6


  true PAG G* (over observed):
Graph Nodes:
X1;X3;X4;X5;X6

Graph Edges:
1. X1 o-o X3
2. X1 o-o X4
3. X1 o-> X5
4. X3 o-o X4
5. X3 o-> X6
6. X6 <-> X5


  H0 (G* + spurious, cold-reoriented):
Graph Nodes:
X1;X3;X4;X5;X6

Graph Edges:
1. X1 o-o X3
2. X1 o-o X4
3. X1 o-> X5
4. X3 o-o X4
5. X3 o-> X6
6. X4 o-> X5
7. X4 o-> X6
8. X6 <-> X5



==== NOSTALL DEADLOCK: gated genuine-legal H0, NO legal single-edge deletion ====
  dag mask        : 2988
  latent set      : [0]  (latent nodes: [X1])
  spurious edges  : [X4 o-o X6, X5 o-o X6]  (k=2)
  outcome of deleting each spurious edge from H0:
    X4 o-o X6 : illegal -- genuine/maximality -- Not maximal: Inducing path exists between non-adjacent X2 and X4 in a MAG implied by this graph
    X5 o-o X6 : illegal -- genuine/maximality -- Not maximal: Inducing path exists between non-adjacent X3 and X5 in a MAG implied by this graph
  true DAG (all variables, latents included):
Graph Nodes:
(X1);X2;X3;X4;X5;X6

Graph Edges:
1. X1 --> X4
2. X1 --> X5
3. X2 --> X3
4. X2 --> X5
5. X2 --> X6
6. X3 --> X4
7. X3 --> X6


  true PAG G* (over observed):
Graph Nodes:
X2;X3;X4;X5;X6

Graph Edges:
1. X2 o-o X3
2. X2 o-> X5
3. X2 o-o X6
4. X3 o-> X4
5. X3 o-o X6
6. X5 <-> X4


  H0 (G* + spurious, cold-reoriented):
Graph Nodes:
X2;X3;X4;X5;X6

Graph Edges:
1. X2 o-o X3
2. X2 o-> X5
3. X2 o-o X6
4. X3 o-> X4
5. X3 o-o X6
6. X4 <-> X5
7. X6 o-> X4
8. X6 o-> X5



==== NOSTALL DEADLOCK: gated genuine-legal H0, NO legal single-edge deletion ====
  dag mask        : 3285
  latent set      : [2]  (latent nodes: [X3])
  spurious edges  : [X4 o-o X5, X4 o-o X6]  (k=2)
  outcome of deleting each spurious edge from H0:
    X4 o-o X5 : illegal -- genuine/maximality -- Not maximal: Inducing path exists between non-adjacent X1 and X5 in a MAG implied by this graph
    X4 o-o X6 : illegal -- genuine/maximality -- Not maximal: Inducing path exists between non-adjacent X2 and X6 in a MAG implied by this graph
  true DAG (all variables, latents included):
Graph Nodes:
X1;X2;(X3);X4;X5;X6

Graph Edges:
1. X1 --> X2
2. X1 --> X4
3. X1 --> X6
4. X2 --> X4
5. X2 --> X5
6. X3 --> X5
7. X3 --> X6


  true PAG G* (over observed):
Graph Nodes:
X1;X2;X4;X5;X6

Graph Edges:
1. X1 o-o X2
2. X1 o-o X4
3. X1 o-> X6
4. X2 o-o X4
5. X2 o-> X5
6. X5 <-> X6


  H0 (G* + spurious, cold-reoriented):
Graph Nodes:
X1;X2;X4;X5;X6

Graph Edges:
1. X1 o-o X2
2. X1 o-o X4
3. X1 o-> X6
4. X2 o-o X4
5. X2 o-> X5
6. X4 o-> X5
7. X4 o-> X6
8. X5 <-> X6



==== NOSTALL DEADLOCK: gated genuine-legal H0, NO legal single-edge deletion ====
  dag mask        : 3286
  latent set      : [1]  (latent nodes: [X2])
  spurious edges  : [X4 o-o X6, X5 o-o X6]  (k=2)
  outcome of deleting each spurious edge from H0:
    X4 o-o X6 : illegal -- genuine/maximality -- Not maximal: Inducing path exists between non-adjacent X3 and X4 in a MAG implied by this graph
    X5 o-o X6 : illegal -- genuine/maximality -- Not maximal: Inducing path exists between non-adjacent X1 and X5 in a MAG implied by this graph
  true DAG (all variables, latents included):
Graph Nodes:
X1;(X2);X3;X4;X5;X6

Graph Edges:
1. X1 --> X3
2. X1 --> X4
3. X1 --> X6
4. X2 --> X4
5. X2 --> X5
6. X3 --> X5
7. X3 --> X6


  true PAG G* (over observed):
Graph Nodes:
X1;X3;X4;X5;X6

Graph Edges:
1. X1 o-o X3
2. X1 o-> X4
3. X1 o-o X6
4. X3 o-> X5
5. X3 o-o X6
6. X4 <-> X5


  H0 (G* + spurious, cold-reoriented):
Graph Nodes:
X1;X3;X4;X5;X6

Graph Edges:
1. X1 o-o X3
2. X1 o-> X4
3. X1 o-o X6
4. X3 o-> X5
5. X3 o-o X6
6. X5 <-> X4
7. X6 o-> X4
8. X6 o-> X5



==== NOSTALL DEADLOCK: gated genuine-legal H0, NO legal single-edge deletion ====
  dag mask        : 3316
  latent set      : [0]  (latent nodes: [X1])
  spurious edges  : [X4 o-o X5, X5 o-o X6]  (k=2)
  outcome of deleting each spurious edge from H0:
    X4 o-o X5 : illegal -- genuine/maximality -- Not maximal: Inducing path exists between non-adjacent X3 and X4 in a MAG implied by this graph
    X5 o-o X6 : illegal -- genuine/maximality -- Not maximal: Inducing path exists between non-adjacent X2 and X6 in a MAG implied by this graph
  true DAG (all variables, latents included):
Graph Nodes:
(X1);X2;X3;X4;X5;X6

Graph Edges:
1. X1 --> X4
2. X1 --> X6
3. X2 --> X3
4. X2 --> X4
5. X2 --> X5
6. X3 --> X5
7. X3 --> X6


  true PAG G* (over observed):
Graph Nodes:
X2;X3;X4;X5;X6

Graph Edges:
1. X2 o-o X3
2. X2 o-> X4
3. X2 o-o X5
4. X3 o-o X5
5. X3 o-> X6
6. X6 <-> X4


  H0 (G* + spurious, cold-reoriented):
Graph Nodes:
X2;X3;X4;X5;X6

Graph Edges:
1. X2 o-o X3
2. X2 o-> X4
3. X2 o-o X5
4. X3 o-o X5
5. X3 o-> X6
6. X4 <-> X6
7. X5 o-> X4
8. X5 o-> X6



==== NOSTALL DEADLOCK: gated genuine-legal H0, NO legal single-edge deletion ====
  dag mask        : 3405
  latent set      : [2]  (latent nodes: [X3])
  spurious edges  : [X4 o-o X5, X4 o-o X6]  (k=2)
  outcome of deleting each spurious edge from H0:
    X4 o-o X5 : illegal -- genuine/maximality -- Not maximal: Inducing path exists between non-adjacent X2 and X5 in a MAG implied by this graph
    X4 o-o X6 : illegal -- genuine/maximality -- Not maximal: Inducing path exists between non-adjacent X1 and X6 in a MAG implied by this graph
  true DAG (all variables, latents included):
Graph Nodes:
X1;X2;(X3);X4;X5;X6

Graph Edges:
1. X1 --> X2
2. X1 --> X4
3. X1 --> X5
4. X2 --> X4
5. X2 --> X6
6. X3 --> X5
7. X3 --> X6


  true PAG G* (over observed):
Graph Nodes:
X1;X2;X4;X5;X6

Graph Edges:
1. X1 o-o X2
2. X1 o-o X4
3. X1 o-> X5
4. X2 o-o X4
5. X2 o-> X6
6. X5 <-> X6


  H0 (G* + spurious, cold-reoriented):
Graph Nodes:
X1;X2;X4;X5;X6

Graph Edges:
1. X1 o-o X2
2. X1 o-o X4
3. X1 o-> X5
4. X2 o-o X4
5. X2 o-> X6
6. X4 o-> X5
7. X4 o-> X6
8. X5 <-> X6



==== NOSTALL DEADLOCK: gated genuine-legal H0, NO legal single-edge deletion ====
  dag mask        : 3406
  latent set      : [1]  (latent nodes: [X2])
  spurious edges  : [X4 o-o X5, X5 o-o X6]  (k=2)
  outcome of deleting each spurious edge from H0:
    X4 o-o X5 : illegal -- genuine/maximality -- Not maximal: Inducing path exists between non-adjacent X3 and X4 in a MAG implied by this graph
    X5 o-o X6 : illegal -- genuine/maximality -- Not maximal: Inducing path exists between non-adjacent X1 and X6 in a MAG implied by this graph
  true DAG (all variables, latents included):
Graph Nodes:
X1;(X2);X3;X4;X5;X6

Graph Edges:
1. X1 --> X3
2. X1 --> X4
3. X1 --> X5
4. X2 --> X4
5. X2 --> X6
6. X3 --> X5
7. X3 --> X6


  true PAG G* (over observed):
Graph Nodes:
X1;X3;X4;X5;X6

Graph Edges:
1. X1 o-o X3
2. X1 o-> X4
3. X1 o-o X5
4. X3 o-o X5
5. X3 o-> X6
6. X4 <-> X6


  H0 (G* + spurious, cold-reoriented):
Graph Nodes:
X1;X3;X4;X5;X6

Graph Edges:
1. X1 o-o X3
2. X1 o-> X4
3. X1 o-o X5
4. X3 o-o X5
5. X3 o-> X6
6. X4 <-> X6
7. X5 o-> X4
8. X5 o-> X6



==== NOSTALL DEADLOCK: gated genuine-legal H0, NO legal single-edge deletion ====
  dag mask        : 3436
  latent set      : [0]  (latent nodes: [X1])
  spurious edges  : [X4 o-o X6, X5 o-o X6]  (k=2)
  outcome of deleting each spurious edge from H0:
    X4 o-o X6 : illegal -- genuine/maximality -- Not maximal: Inducing path exists between non-adjacent X3 and X4 in a MAG implied by this graph
    X5 o-o X6 : illegal -- genuine/maximality -- Not maximal: Inducing path exists between non-adjacent X2 and X5 in a MAG implied by this graph
  true DAG (all variables, latents included):
Graph Nodes:
(X1);X2;X3;X4;X5;X6

Graph Edges:
1. X1 --> X4
2. X1 --> X5
3. X2 --> X3
4. X2 --> X4
5. X2 --> X6
6. X3 --> X5
7. X3 --> X6


  true PAG G* (over observed):
Graph Nodes:
X2;X3;X4;X5;X6

Graph Edges:
1. X2 o-o X3
2. X2 o-> X4
3. X2 o-o X6
4. X3 o-> X5
5. X3 o-o X6
6. X5 <-> X4


  H0 (G* + spurious, cold-reoriented):
Graph Nodes:
X2;X3;X4;X5;X6

Graph Edges:
1. X2 o-o X3
2. X2 o-> X4
3. X2 o-o X6
4. X3 o-> X5
5. X3 o-o X6
6. X5 <-> X4
7. X6 o-> X4
8. X6 o-> X5



==== NOSTALL DEADLOCK: gated genuine-legal H0, NO legal single-edge deletion ====
  dag mask        : 4642
  latent set      : [5]  (latent nodes: [X6])
  spurious edges  : [X1 o-o X5, X2 o-o X5]  (k=2)
  outcome of deleting each spurious edge from H0:
    X1 o-o X5 : illegal -- genuine/acyclic -- Acyclicity violated: There is a directed cyclic path from X2 to itself in a MAG implied by this graph
    X2 o-o X5 : illegal -- genuine/acyclic -- Acyclicity violated: There is a directed cyclic path from X1 to itself in a MAG implied by this graph
  true DAG (all variables, latents included):
Graph Nodes:
X1;X2;X3;X4;X5;(X6)

Graph Edges:
1. X1 --> X3
2. X2 --> X3
3. X3 --> X4
4. X4 --> X5


  true PAG G* (over observed):
Graph Nodes:
X1;X2;X3;X4;X5

Graph Edges:
1. X1 o-> X3
2. X2 o-> X3
3. X3 --> X4
4. X4 --> X5


  H0 (G* + spurious, cold-reoriented):
Graph Nodes:
X1;X2;X3;X4;X5

Graph Edges:
1. X1 o-> X3
2. X1 --> X5
3. X2 o-> X3
4. X2 --> X5
5. X3 --> X4
6. X4 --> X5



==== NOSTALL DEADLOCK: gated genuine-legal H0, NO legal single-edge deletion ====
  dag mask        : 4649
  latent set      : [5]  (latent nodes: [X6])
  spurious edges  : [X2 o-o X5, X3 o-o X5]  (k=2)
  outcome of deleting each spurious edge from H0:
    X2 o-o X5 : illegal -- genuine/acyclic -- Acyclicity violated: There is a directed cyclic path from X1 to itself in a MAG implied by this graph
    X3 o-o X5 : illegal -- genuine/acyclic -- Acyclicity violated: There is a directed cyclic path from X2 to itself in a MAG implied by this graph
  true DAG (all variables, latents included):
Graph Nodes:
X1;X2;X3;X4;X5;(X6)

Graph Edges:
1. X1 --> X2
2. X1 --> X5
3. X2 --> X3
4. X3 --> X4
5. X4 --> X5


  true PAG G* (over observed):
Graph Nodes:
X1;X2;X3;X4;X5

Graph Edges:
1. X1 o-o X2
2. X1 --> X5
3. X2 o-o X3
4. X3 o-o X4
5. X4 --> X5


  H0 (G* + spurious, cold-reoriented):
Graph Nodes:
X1;X2;X3;X4;X5

Graph Edges:
1. X1 --> X2
2. X1 o-> X5
3. X3 --> X2
4. X4 --> X3
5. X4 o-> X5
6. X5 --> X2
7. X5 --> X3



==== NOSTALL DEADLOCK: gated genuine-legal H0, NO legal single-edge deletion ====
  dag mask        : 4658
  latent set      : [0]  (latent nodes: [X1])
  spurious edges  : [X2 o-o X5, X5 o-o X6]  (k=2)
  outcome of deleting each spurious edge from H0:
    X2 o-o X5 : illegal -- genuine/acyclic -- Acyclicity violated: There is a directed cyclic path from X3 to itself in a MAG implied by this graph
    X5 o-o X6 : illegal -- genuine/acyclic -- Acyclicity violated: There is a directed cyclic path from X2 to itself in a MAG implied by this graph
  true DAG (all variables, latents included):
Graph Nodes:
(X1);X2;X3;X4;X5;X6

Graph Edges:
1. X1 --> X3
2. X1 --> X6
3. X2 --> X3
4. X3 --> X4
5. X4 --> X5


  true PAG G* (over observed):
Graph Nodes:
X2;X3;X4;X5;X6

Graph Edges:
1. X2 o-> X3
2. X3 --> X4
3. X4 --> X5
4. X6 o-> X3


  H0 (G* + spurious, cold-reoriented):
Graph Nodes:
X2;X3;X4;X5;X6

Graph Edges:
1. X2 o-> X3
2. X2 --> X5
3. X3 --> X4
4. X4 --> X5
5. X6 o-> X3
6. X6 --> X5



==== NOSTALL DEADLOCK: gated genuine-legal H0, NO legal single-edge deletion ====
  dag mask        : 4658
  latent set      : [5]  (latent nodes: [X6])
  spurious edges  : [X1 o-o X5, X2 o-o X5]  (k=2)
  outcome of deleting each spurious edge from H0:
    X1 o-o X5 : illegal -- genuine/acyclic -- Acyclicity violated: There is a directed cyclic path from X2 to itself in a MAG implied by this graph
    X2 o-o X5 : illegal -- genuine/acyclic -- Acyclicity violated: There is a directed cyclic path from X1 to itself in a MAG implied by this graph
  true DAG (all variables, latents included):
Graph Nodes:
X1;X2;X3;X4;X5;(X6)

Graph Edges:
1. X1 --> X3
2. X1 --> X6
3. X2 --> X3
4. X3 --> X4
5. X4 --> X5


  true PAG G* (over observed):
Graph Nodes:
X1;X2;X3;X4;X5

Graph Edges:
1. X1 o-> X3
2. X2 o-> X3
3. X3 --> X4
4. X4 --> X5


  H0 (G* + spurious, cold-reoriented):
Graph Nodes:
X1;X2;X3;X4;X5

Graph Edges:
1. X1 o-> X3
2. X1 --> X5
3. X2 o-> X3
4. X2 --> X5
5. X3 --> X4
6. X4 --> X5



==== NOSTALL DEADLOCK: gated genuine-legal H0, NO legal single-edge deletion ====
  dag mask        : 4665
  latent set      : [5]  (latent nodes: [X6])
  spurious edges  : [X2 o-o X5, X3 o-o X5]  (k=2)
  outcome of deleting each spurious edge from H0:
    X2 o-o X5 : illegal -- genuine/acyclic -- Acyclicity violated: There is a directed cyclic path from X1 to itself in a MAG implied by this graph
    X3 o-o X5 : illegal -- genuine/acyclic -- Acyclicity violated: There is a directed cyclic path from X2 to itself in a MAG implied by this graph
  true DAG (all variables, latents included):
Graph Nodes:
X1;X2;X3;X4;X5;(X6)

Graph Edges:
1. X1 --> X2
2. X1 --> X5
3. X1 --> X6
4. X2 --> X3
5. X3 --> X4
6. X4 --> X5


  true PAG G* (over observed):
Graph Nodes:
X1;X2;X3;X4;X5

Graph Edges:
1. X1 o-o X2
2. X1 --> X5
3. X2 o-o X3
4. X3 o-o X4
5. X4 --> X5


  H0 (G* + spurious, cold-reoriented):
Graph Nodes:
X1;X2;X3;X4;X5

Graph Edges:
1. X1 --> X2
2. X1 o-> X5
3. X3 --> X2
4. X4 --> X3
5. X4 o-> X5
6. X5 --> X2
7. X5 --> X3



==== NOSTALL DEADLOCK: gated genuine-legal H0, NO legal single-edge deletion ====
  dag mask        : 4739
  latent set      : [5]  (latent nodes: [X6])
  spurious edges  : [X1 o-o X5, X3 o-o X5]  (k=2)
  outcome of deleting each spurious edge from H0:
    X1 o-o X5 : illegal -- genuine/acyclic -- Acyclicity violated: There is a directed cyclic path from X1 to itself in a MAG implied by this graph
    X3 o-o X5 : illegal -- genuine/acyclic -- Acyclicity violated: There is a directed cyclic path from X1 to itself in a MAG implied by this graph
  true DAG (all variables, latents included):
Graph Nodes:
X1;X2;X3;X4;X5;(X6)

Graph Edges:
1. X1 --> X2
2. X1 --> X3
3. X2 --> X5
4. X3 --> X4
5. X4 --> X5


  true PAG G* (over observed):
Graph Nodes:
X1;X2;X3;X4;X5

Graph Edges:
1. X1 o-o X2
2. X1 o-o X3
3. X2 --> X5
4. X3 o-o X4
5. X4 --> X5


  H0 (G* + spurious, cold-reoriented):
Graph Nodes:
X1;X2;X3;X4;X5

Graph Edges:
1. X2 --> X1
2. X2 o-> X5
3. X3 --> X1
4. X4 --> X3
5. X4 o-> X5
6. X5 --> X1
7. X5 --> X3



==== NOSTALL DEADLOCK: gated genuine-legal H0, NO legal single-edge deletion ====
  dag mask        : 4755
  latent set      : [5]  (latent nodes: [X6])
  spurious edges  : [X1 o-o X5, X3 o-o X5]  (k=2)
  outcome of deleting each spurious edge from H0:
    X1 o-o X5 : illegal -- genuine/acyclic -- Acyclicity violated: There is a directed cyclic path from X1 to itself in a MAG implied by this graph
    X3 o-o X5 : illegal -- genuine/acyclic -- Acyclicity violated: There is a directed cyclic path from X1 to itself in a MAG implied by this graph
  true DAG (all variables, latents included):
Graph Nodes:
X1;X2;X3;X4;X5;(X6)

Graph Edges:
1. X1 --> X2
2. X1 --> X3
3. X1 --> X6
4. X2 --> X5
5. X3 --> X4
6. X4 --> X5


  true PAG G* (over observed):
Graph Nodes:
X1;X2;X3;X4;X5

Graph Edges:
1. X1 o-o X2
2. X1 o-o X3
3. X2 --> X5
4. X3 o-o X4
5. X4 --> X5


  H0 (G* + spurious, cold-reoriented):
Graph Nodes:
X1;X2;X3;X4;X5

Graph Edges:
1. X2 --> X1
2. X2 o-> X5
3. X3 --> X1
4. X4 --> X3
5. X4 o-> X5
6. X5 --> X1
7. X5 --> X3



==== NOSTALL DEADLOCK: gated genuine-legal H0, NO legal single-edge deletion ====
  dag mask        : 4898
  latent set      : [1]  (latent nodes: [X2])
  spurious edges  : [X1 o-o X5, X5 o-o X6]  (k=2)
  outcome of deleting each spurious edge from H0:
    X1 o-o X5 : illegal -- genuine/acyclic -- Acyclicity violated: There is a directed cyclic path from X3 to itself in a MAG implied by this graph
    X5 o-o X6 : illegal -- genuine/acyclic -- Acyclicity violated: There is a directed cyclic path from X1 to itself in a MAG implied by this graph
  true DAG (all variables, latents included):
Graph Nodes:
X1;(X2);X3;X4;X5;X6

Graph Edges:
1. X1 --> X3
2. X2 --> X3
3. X2 --> X6
4. X3 --> X4
5. X4 --> X5


  true PAG G* (over observed):
Graph Nodes:
X1;X3;X4;X5;X6

Graph Edges:
1. X1 o-> X3
2. X3 --> X4
3. X4 --> X5
4. X6 o-> X3


  H0 (G* + spurious, cold-reoriented):
Graph Nodes:
X1;X3;X4;X5;X6

Graph Edges:
1. X1 o-> X3
2. X1 --> X5
3. X3 --> X4
4. X4 --> X5
5. X6 o-> X3
6. X6 --> X5



==== NOSTALL DEADLOCK: gated genuine-legal H0, NO legal single-edge deletion ====
  dag mask        : 4898
  latent set      : [5]  (latent nodes: [X6])
  spurious edges  : [X1 o-o X5, X2 o-o X5]  (k=2)
  outcome of deleting each spurious edge from H0:
    X1 o-o X5 : illegal -- genuine/acyclic -- Acyclicity violated: There is a directed cyclic path from X2 to itself in a MAG implied by this graph
    X2 o-o X5 : illegal -- genuine/acyclic -- Acyclicity violated: There is a directed cyclic path from X1 to itself in a MAG implied by this graph
  true DAG (all variables, latents included):
Graph Nodes:
X1;X2;X3;X4;X5;(X6)

Graph Edges:
1. X1 --> X3
2. X2 --> X3
3. X2 --> X6
4. X3 --> X4
5. X4 --> X5


  true PAG G* (over observed):
Graph Nodes:
X1;X2;X3;X4;X5

Graph Edges:
1. X1 o-> X3
2. X2 o-> X3
3. X3 --> X4
4. X4 --> X5


  H0 (G* + spurious, cold-reoriented):
Graph Nodes:
X1;X2;X3;X4;X5

Graph Edges:
1. X1 o-> X3
2. X1 --> X5
3. X2 o-> X3
4. X2 --> X5
5. X3 --> X4
6. X4 --> X5



==== NOSTALL DEADLOCK: gated genuine-legal H0, NO legal single-edge deletion ====
  dag mask        : 4905
  latent set      : [5]  (latent nodes: [X6])
  spurious edges  : [X2 o-o X5, X3 o-o X5]  (k=2)
  outcome of deleting each spurious edge from H0:
    X2 o-o X5 : illegal -- genuine/acyclic -- Acyclicity violated: There is a directed cyclic path from X1 to itself in a MAG implied by this graph
    X3 o-o X5 : illegal -- genuine/acyclic -- Acyclicity violated: There is a directed cyclic path from X2 to itself in a MAG implied by this graph
  true DAG (all variables, latents included):
Graph Nodes:
X1;X2;X3;X4;X5;(X6)

Graph Edges:
1. X1 --> X2
2. X1 --> X5
3. X2 --> X3
4. X2 --> X6
5. X3 --> X4
6. X4 --> X5


  true PAG G* (over observed):
Graph Nodes:
X1;X2;X3;X4;X5

Graph Edges:
1. X1 o-o X2
2. X1 --> X5
3. X2 o-o X3
4. X3 o-o X4
5. X4 --> X5


  H0 (G* + spurious, cold-reoriented):
Graph Nodes:
X1;X2;X3;X4;X5

Graph Edges:
1. X1 --> X2
2. X1 o-> X5
3. X3 --> X2
4. X4 --> X3
5. X4 o-> X5
6. X5 --> X2
7. X5 --> X3



==== NOSTALL DEADLOCK: gated genuine-legal H0, NO legal single-edge deletion ====
  dag mask        : 4914
  latent set      : [5]  (latent nodes: [X6])
  spurious edges  : [X1 o-o X5, X2 o-o X5]  (k=2)
  outcome of deleting each spurious edge from H0:
    X1 o-o X5 : illegal -- genuine/acyclic -- Acyclicity violated: There is a directed cyclic path from X2 to itself in a MAG implied by this graph
    X2 o-o X5 : illegal -- genuine/acyclic -- Acyclicity violated: There is a directed cyclic path from X1 to itself in a MAG implied by this graph
  true DAG (all variables, latents included):
Graph Nodes:
X1;X2;X3;X4;X5;(X6)

Graph Edges:
1. X1 --> X3
2. X1 --> X6
3. X2 --> X3
4. X2 --> X6
5. X3 --> X4
6. X4 --> X5


  true PAG G* (over observed):
Graph Nodes:
X1;X2;X3;X4;X5

Graph Edges:
1. X1 o-> X3
2. X2 o-> X3
3. X3 --> X4
4. X4 --> X5


  H0 (G* + spurious, cold-reoriented):
Graph Nodes:
X1;X2;X3;X4;X5

Graph Edges:
1. X1 o-> X3
2. X1 --> X5
3. X2 o-> X3
4. X2 --> X5
5. X3 --> X4
6. X4 --> X5



==== NOSTALL DEADLOCK: gated genuine-legal H0, NO legal single-edge deletion ====
  dag mask        : 4920
  latent set      : [0]  (latent nodes: [X1])
  spurious edges  : [X2 o-o X5, X3 o-o X5]  (k=2)
  outcome of deleting each spurious edge from H0:
    X2 o-o X5 : illegal -- genuine/maximality -- Not maximal: Inducing path exists between non-adjacent X4 and X6 in a MAG implied by this graph
    X3 o-o X5 : illegal -- genuine/acyclic -- Acyclicity violated: There is a directed cyclic path from X2 to itself in a MAG implied by this graph
  true DAG (all variables, latents included):
Graph Nodes:
(X1);X2;X3;X4;X5;X6

Graph Edges:
1. X1 --> X5
2. X1 --> X6
3. X2 --> X3
4. X2 --> X6
5. X3 --> X4
6. X4 --> X5


  true PAG G* (over observed):
Graph Nodes:
X2;X3;X4;X5;X6

Graph Edges:
1. X2 o-o X3
2. X2 o-> X6
3. X3 o-o X4
4. X4 o-> X5
5. X6 <-> X5


  H0 (G* + spurious, cold-reoriented):
Graph Nodes:
X2;X3;X4;X5;X6

Graph Edges:
1. X2 --> X3
2. X4 --> X3
3. X4 o-> X5
4. X5 --> X2
5. X5 --> X3
6. X5 <-> X6
7. X6 <-> X2



==== NOSTALL DEADLOCK: gated genuine-legal H0, NO legal single-edge deletion ====
  dag mask        : 4920
  latent set      : [0]  (latent nodes: [X1])
  spurious edges  : [X3 o-o X5, X3 o-o X6]  (k=2)
  outcome of deleting each spurious edge from H0:
    X3 o-o X5 : illegal -- genuine/maximality -- Not maximal: Inducing path exists between non-adjacent X2 and X5 in a MAG implied by this graph
    X3 o-o X6 : illegal -- genuine/maximality -- Not maximal: Inducing path exists between non-adjacent X4 and X6 in a MAG implied by this graph
  true DAG (all variables, latents included):
Graph Nodes:
(X1);X2;X3;X4;X5;X6

Graph Edges:
1. X1 --> X5
2. X1 --> X6
3. X2 --> X3
4. X2 --> X6
5. X3 --> X4
6. X4 --> X5


  true PAG G* (over observed):
Graph Nodes:
X2;X3;X4;X5;X6

Graph Edges:
1. X2 o-o X3
2. X2 o-> X6
3. X3 o-o X4
4. X4 o-> X5
5. X6 <-> X5


  H0 (G* + spurious, cold-reoriented):
Graph Nodes:
X2;X3;X4;X5;X6

Graph Edges:
1. X2 o-o X3
2. X2 o-> X6
3. X3 o-o X4
4. X3 o-> X5
5. X3 o-> X6
6. X4 o-> X5
7. X5 <-> X6



==== NOSTALL DEADLOCK: gated genuine-legal H0, NO legal single-edge deletion ====
  dag mask        : 4920
  latent set      : [0]  (latent nodes: [X1])
  spurious edges  : [X3 o-o X6, X4 o-o X6]  (k=2)
  outcome of deleting each spurious edge from H0:
    X3 o-o X6 : illegal -- genuine/acyclic -- Acyclicity violated: There is a directed cyclic path from X2 to itself in a MAG implied by this graph
    X4 o-o X6 : illegal -- genuine/maximality -- Not maximal: Inducing path exists between non-adjacent X2 and X5 in a MAG implied by this graph
  true DAG (all variables, latents included):
Graph Nodes:
(X1);X2;X3;X4;X5;X6

Graph Edges:
1. X1 --> X5
2. X1 --> X6
3. X2 --> X3
4. X2 --> X6
5. X3 --> X4
6. X4 --> X5


  true PAG G* (over observed):
Graph Nodes:
X2;X3;X4;X5;X6

Graph Edges:
1. X2 o-o X3
2. X2 o-> X6
3. X3 o-o X4
4. X4 o-> X5
5. X6 <-> X5


  H0 (G* + spurious, cold-reoriented):
Graph Nodes:
X2;X3;X4;X5;X6

Graph Edges:
1. X2 --> X3
2. X2 o-> X6
3. X4 --> X3
4. X5 <-> X4
5. X5 <-> X6
6. X6 --> X3
7. X6 --> X4



==== NOSTALL DEADLOCK: gated genuine-legal H0, NO legal single-edge deletion ====
  dag mask        : 4921
  latent set      : [5]  (latent nodes: [X6])
  spurious edges  : [X2 o-o X5, X3 o-o X5]  (k=2)
  outcome of deleting each spurious edge from H0:
    X2 o-o X5 : illegal -- genuine/acyclic -- Acyclicity violated: There is a directed cyclic path from X1 to itself in a MAG implied by this graph
    X3 o-o X5 : illegal -- genuine/acyclic -- Acyclicity violated: There is a directed cyclic path from X2 to itself in a MAG implied by this graph
  true DAG (all variables, latents included):
Graph Nodes:
X1;X2;X3;X4;X5;(X6)

Graph Edges:
1. X1 --> X2
2. X1 --> X5
3. X1 --> X6
4. X2 --> X3
5. X2 --> X6
6. X3 --> X4
7. X4 --> X5


  true PAG G* (over observed):
Graph Nodes:
X1;X2;X3;X4;X5

Graph Edges:
1. X1 o-o X2
2. X1 --> X5
3. X2 o-o X3
4. X3 o-o X4
5. X4 --> X5


  H0 (G* + spurious, cold-reoriented):
Graph Nodes:
X1;X2;X3;X4;X5

Graph Edges:
1. X1 --> X2
2. X1 o-> X5
3. X3 --> X2
4. X4 --> X3
5. X4 o-> X5
6. X5 --> X2
7. X5 --> X3



==== NOSTALL DEADLOCK: gated genuine-legal H0, NO legal single-edge deletion ====
  dag mask        : 4984
  latent set      : [0]  (latent nodes: [X1])
  spurious edges  : [X3 o-o X5, X3 o-o X6]  (k=2)
  outcome of deleting each spurious edge from H0:
    X3 o-o X5 : illegal -- genuine/maximality -- Not maximal: Inducing path exists between non-adjacent X2 and X5 in a MAG implied by this graph
    X3 o-o X6 : illegal -- genuine/maximality -- Not maximal: Inducing path exists between non-adjacent X4 and X6 in a MAG implied by this graph
  true DAG (all variables, latents included):
Graph Nodes:
(X1);X2;X3;X4;X5;X6

Graph Edges:
1. X1 --> X5
2. X1 --> X6
3. X2 --> X3
4. X2 --> X4
5. X2 --> X6
6. X3 --> X4
7. X4 --> X5


  true PAG G* (over observed):
Graph Nodes:
X2;X3;X4;X5;X6

Graph Edges:
1. X2 o-o X3
2. X2 o-o X4
3. X2 o-> X6
4. X3 o-o X4
5. X4 o-> X5
6. X6 <-> X5


  H0 (G* + spurious, cold-reoriented):
Graph Nodes:
X2;X3;X4;X5;X6

Graph Edges:
1. X2 o-o X3
2. X2 o-o X4
3. X2 o-> X6
4. X3 o-o X4
5. X3 o-> X5
6. X3 o-> X6
7. X4 o-> X5
8. X5 <-> X6



==== NOSTALL DEADLOCK: gated genuine-legal H0, NO legal single-edge deletion ====
  dag mask        : 4995
  latent set      : [5]  (latent nodes: [X6])
  spurious edges  : [X1 o-o X5, X3 o-o X5]  (k=2)
  outcome of deleting each spurious edge from H0:
    X1 o-o X5 : illegal -- genuine/acyclic -- Acyclicity violated: There is a directed cyclic path from X1 to itself in a MAG implied by this graph
    X3 o-o X5 : illegal -- genuine/acyclic -- Acyclicity violated: There is a directed cyclic path from X1 to itself in a MAG implied by this graph
  true DAG (all variables, latents included):
Graph Nodes:
X1;X2;X3;X4;X5;(X6)

Graph Edges:
1. X1 --> X2
2. X1 --> X3
3. X2 --> X5
4. X2 --> X6
5. X3 --> X4
6. X4 --> X5


  true PAG G* (over observed):
Graph Nodes:
X1;X2;X3;X4;X5

Graph Edges:
1. X1 o-o X2
2. X1 o-o X3
3. X2 --> X5
4. X3 o-o X4
5. X4 --> X5


  H0 (G* + spurious, cold-reoriented):
Graph Nodes:
X1;X2;X3;X4;X5

Graph Edges:
1. X2 --> X1
2. X2 o-> X5
3. X3 --> X1
4. X4 --> X3
5. X4 o-> X5
6. X5 --> X1
7. X5 --> X3



==== NOSTALL DEADLOCK: gated genuine-legal H0, NO legal single-edge deletion ====
  dag mask        : 5010
  latent set      : [1]  (latent nodes: [X2])
  spurious edges  : [X1 o-o X5, X3 o-o X5]  (k=2)
  outcome of deleting each spurious edge from H0:
    X1 o-o X5 : illegal -- genuine/maximality -- Not maximal: Inducing path exists between non-adjacent X4 and X6 in a MAG implied by this graph
    X3 o-o X5 : illegal -- genuine/acyclic -- Acyclicity violated: There is a directed cyclic path from X1 to itself in a MAG implied by this graph
  true DAG (all variables, latents included):
Graph Nodes:
X1;(X2);X3;X4;X5;X6

Graph Edges:
1. X1 --> X3
2. X1 --> X6
3. X2 --> X5
4. X2 --> X6
5. X3 --> X4
6. X4 --> X5


  true PAG G* (over observed):
Graph Nodes:
X1;X3;X4;X5;X6

Graph Edges:
1. X1 o-o X3
2. X1 o-> X6
3. X3 o-o X4
4. X4 o-> X5
5. X6 <-> X5


  H0 (G* + spurious, cold-reoriented):
Graph Nodes:
X1;X3;X4;X5;X6

Graph Edges:
1. X1 --> X3
2. X4 --> X3
3. X4 o-> X5
4. X5 --> X1
5. X5 --> X3
6. X5 <-> X6
7. X6 <-> X1



==== NOSTALL DEADLOCK: gated genuine-legal H0, NO legal single-edge deletion ====
  dag mask        : 5010
  latent set      : [1]  (latent nodes: [X2])
  spurious edges  : [X3 o-o X5, X3 o-o X6]  (k=2)
  outcome of deleting each spurious edge from H0:
    X3 o-o X5 : illegal -- genuine/maximality -- Not maximal: Inducing path exists between non-adjacent X1 and X5 in a MAG implied by this graph
    X3 o-o X6 : illegal -- genuine/maximality -- Not maximal: Inducing path exists between non-adjacent X4 and X6 in a MAG implied by this graph
  true DAG (all variables, latents included):
Graph Nodes:
X1;(X2);X3;X4;X5;X6

Graph Edges:
1. X1 --> X3
2. X1 --> X6
3. X2 --> X5
4. X2 --> X6
5. X3 --> X4
6. X4 --> X5


  true PAG G* (over observed):
Graph Nodes:
X1;X3;X4;X5;X6

Graph Edges:
1. X1 o-o X3
2. X1 o-> X6
3. X3 o-o X4
4. X4 o-> X5
5. X6 <-> X5


  H0 (G* + spurious, cold-reoriented):
Graph Nodes:
X1;X3;X4;X5;X6

Graph Edges:
1. X1 o-o X3
2. X1 o-> X6
3. X3 o-o X4
4. X3 o-> X5
5. X3 o-> X6
6. X4 o-> X5
7. X5 <-> X6



==== NOSTALL DEADLOCK: gated genuine-legal H0, NO legal single-edge deletion ====
  dag mask        : 5010
  latent set      : [1]  (latent nodes: [X2])
  spurious edges  : [X3 o-o X6, X4 o-o X6]  (k=2)
  outcome of deleting each spurious edge from H0:
    X3 o-o X6 : illegal -- genuine/acyclic -- Acyclicity violated: There is a directed cyclic path from X1 to itself in a MAG implied by this graph
    X4 o-o X6 : illegal -- genuine/maximality -- Not maximal: Inducing path exists between non-adjacent X1 and X5 in a MAG implied by this graph
  true DAG (all variables, latents included):
Graph Nodes:
X1;(X2);X3;X4;X5;X6

Graph Edges:
1. X1 --> X3
2. X1 --> X6
3. X2 --> X5
4. X2 --> X6
5. X3 --> X4
6. X4 --> X5


  true PAG G* (over observed):
Graph Nodes:
X1;X3;X4;X5;X6

Graph Edges:
1. X1 o-o X3
2. X1 o-> X6
3. X3 o-o X4
4. X4 o-> X5
5. X6 <-> X5


  H0 (G* + spurious, cold-reoriented):
Graph Nodes:
X1;X3;X4;X5;X6

Graph Edges:
1. X1 --> X3
2. X1 o-> X6
3. X4 --> X3
4. X5 <-> X4
5. X5 <-> X6
6. X6 --> X3
7. X6 --> X4



==== NOSTALL DEADLOCK: gated genuine-legal H0, NO legal single-edge deletion ====
  dag mask        : 5011
  latent set      : [5]  (latent nodes: [X6])
  spurious edges  : [X1 o-o X5, X3 o-o X5]  (k=2)
  outcome of deleting each spurious edge from H0:
    X1 o-o X5 : illegal -- genuine/acyclic -- Acyclicity violated: There is a directed cyclic path from X1 to itself in a MAG implied by this graph
    X3 o-o X5 : illegal -- genuine/acyclic -- Acyclicity violated: There is a directed cyclic path from X1 to itself in a MAG implied by this graph
  true DAG (all variables, latents included):
Graph Nodes:
X1;X2;X3;X4;X5;(X6)

Graph Edges:
1. X1 --> X2
2. X1 --> X3
3. X1 --> X6
4. X2 --> X5
5. X2 --> X6
6. X3 --> X4
7. X4 --> X5


  true PAG G* (over observed):
Graph Nodes:
X1;X2;X3;X4;X5

Graph Edges:
1. X1 o-o X2
2. X1 o-o X3
3. X2 --> X5
4. X3 o-o X4
5. X4 --> X5


  H0 (G* + spurious, cold-reoriented):
Graph Nodes:
X1;X2;X3;X4;X5

Graph Edges:
1. X2 --> X1
2. X2 o-> X5
3. X3 --> X1
4. X4 --> X3
5. X4 o-> X5
6. X5 --> X1
7. X5 --> X3



==== NOSTALL DEADLOCK: gated genuine-legal H0, NO legal single-edge deletion ====
  dag mask        : 5014
  latent set      : [1]  (latent nodes: [X2])
  spurious edges  : [X3 o-o X5, X3 o-o X6]  (k=2)
  outcome of deleting each spurious edge from H0:
    X3 o-o X5 : illegal -- genuine/maximality -- Not maximal: Inducing path exists between non-adjacent X1 and X5 in a MAG implied by this graph
    X3 o-o X6 : illegal -- genuine/maximality -- Not maximal: Inducing path exists between non-adjacent X4 and X6 in a MAG implied by this graph
  true DAG (all variables, latents included):
Graph Nodes:
X1;(X2);X3;X4;X5;X6

Graph Edges:
1. X1 --> X3
2. X1 --> X4
3. X1 --> X6
4. X2 --> X5
5. X2 --> X6
6. X3 --> X4
7. X4 --> X5


  true PAG G* (over observed):
Graph Nodes:
X1;X3;X4;X5;X6

Graph Edges:
1. X1 o-o X3
2. X1 o-o X4
3. X1 o-> X6
4. X3 o-o X4
5. X4 o-> X5
6. X6 <-> X5


  H0 (G* + spurious, cold-reoriented):
Graph Nodes:
X1;X3;X4;X5;X6

Graph Edges:
1. X1 o-o X3
2. X1 o-o X4
3. X1 o-> X6
4. X3 o-o X4
5. X3 o-> X5
6. X3 o-> X6
7. X4 o-> X5
8. X5 <-> X6



==== NOSTALL DEADLOCK: gated genuine-legal H0, NO legal single-edge deletion ====
  dag mask        : 5157
  latent set      : [5]  (latent nodes: [X6])
  spurious edges  : [X1 o-o X5, X2 o-o X5]  (k=2)
  outcome of deleting each spurious edge from H0:
    X1 o-o X5 : illegal -- genuine/acyclic -- Acyclicity violated: There is a directed cyclic path from X1 to itself in a MAG implied by this graph
    X2 o-o X5 : illegal -- genuine/acyclic -- Acyclicity violated: There is a directed cyclic path from X1 to itself in a MAG implied by this graph
  true DAG (all variables, latents included):
Graph Nodes:
X1;X2;X3;X4;X5;(X6)

Graph Edges:
1. X1 --> X2
2. X1 --> X4
3. X2 --> X3
4. X3 --> X5
5. X4 --> X5


  true PAG G* (over observed):
Graph Nodes:
X1;X2;X3;X4;X5

Graph Edges:
1. X1 o-o X2
2. X1 o-o X4
3. X2 o-o X3
4. X3 --> X5
5. X4 --> X5


  H0 (G* + spurious, cold-reoriented):
Graph Nodes:
X1;X2;X3;X4;X5

Graph Edges:
1. X1 --> X2
2. X3 --> X2
3. X3 o-> X5
4. X4 --> X1
5. X4 o-> X5
6. X5 --> X1
7. X5 --> X2



==== NOSTALL DEADLOCK: gated genuine-legal H0, NO legal single-edge deletion ====
  dag mask        : 5173
  latent set      : [5]  (latent nodes: [X6])
  spurious edges  : [X1 o-o X5, X2 o-o X5]  (k=2)
  outcome of deleting each spurious edge from H0:
    X1 o-o X5 : illegal -- genuine/acyclic -- Acyclicity violated: There is a directed cyclic path from X1 to itself in a MAG implied by this graph
    X2 o-o X5 : illegal -- genuine/acyclic -- Acyclicity violated: There is a directed cyclic path from X1 to itself in a MAG implied by this graph
  true DAG (all variables, latents included):
Graph Nodes:
X1;X2;X3;X4;X5;(X6)

Graph Edges:
1. X1 --> X2
2. X1 --> X4
3. X1 --> X6
4. X2 --> X3
5. X3 --> X5
6. X4 --> X5


  true PAG G* (over observed):
Graph Nodes:
X1;X2;X3;X4;X5

Graph Edges:
1. X1 o-o X2
2. X1 o-o X4
3. X2 o-o X3
4. X3 --> X5
5. X4 --> X5


  H0 (G* + spurious, cold-reoriented):
Graph Nodes:
X1;X2;X3;X4;X5

Graph Edges:
1. X1 --> X2
2. X3 --> X2
3. X3 o-> X5
4. X4 --> X1
5. X4 o-> X5
6. X5 --> X1
7. X5 --> X2



==== NOSTALL DEADLOCK: gated genuine-legal H0, NO legal single-edge deletion ====
  dag mask        : 5187
  latent set      : [5]  (latent nodes: [X6])
  spurious edges  : [X1 o-o X5, X2 o-o X5]  (k=2)
  outcome of deleting each spurious edge from H0:
    X1 o-o X5 : illegal -- genuine/acyclic -- Acyclicity violated: There is a directed cyclic path from X1 to itself in a MAG implied by this graph
    X2 o-o X5 : illegal -- genuine/acyclic -- Acyclicity violated: There is a directed cyclic path from X1 to itself in a MAG implied by this graph
  true DAG (all variables, latents included):
Graph Nodes:
X1;X2;X3;X4;X5;(X6)

Graph Edges:
1. X1 --> X2
2. X1 --> X3
3. X2 --> X4
4. X3 --> X5
5. X4 --> X5


  true PAG G* (over observed):
Graph Nodes:
X1;X2;X3;X4;X5

Graph Edges:
1. X1 o-o X2
2. X1 o-o X3
3. X2 o-o X4
4. X3 --> X5
5. X4 --> X5


  H0 (G* + spurious, cold-reoriented):
Graph Nodes:
X1;X2;X3;X4;X5

Graph Edges:
1. X2 --> X1
2. X3 --> X1
3. X3 o-> X5
4. X4 --> X2
5. X4 o-> X5
6. X5 --> X1
7. X5 --> X2



==== NOSTALL DEADLOCK: gated genuine-legal H0, NO legal single-edge deletion ====
  dag mask        : 5203
  latent set      : [5]  (latent nodes: [X6])
  spurious edges  : [X1 o-o X5, X2 o-o X5]  (k=2)
  outcome of deleting each spurious edge from H0:
    X1 o-o X5 : illegal -- genuine/acyclic -- Acyclicity violated: There is a directed cyclic path from X1 to itself in a MAG implied by this graph
    X2 o-o X5 : illegal -- genuine/acyclic -- Acyclicity violated: There is a directed cyclic path from X1 to itself in a MAG implied by this graph
  true DAG (all variables, latents included):
Graph Nodes:
X1;X2;X3;X4;X5;(X6)

Graph Edges:
1. X1 --> X2
2. X1 --> X3
3. X1 --> X6
4. X2 --> X4
5. X3 --> X5
6. X4 --> X5


  true PAG G* (over observed):
Graph Nodes:
X1;X2;X3;X4;X5

Graph Edges:
1. X1 o-o X2
2. X1 o-o X3
3. X2 o-o X4
4. X3 --> X5
5. X4 --> X5


  H0 (G* + spurious, cold-reoriented):
Graph Nodes:
X1;X2;X3;X4;X5

Graph Edges:
1. X2 --> X1
2. X3 --> X1
3. X3 o-> X5
4. X4 --> X2
5. X4 o-> X5
6. X5 --> X1
7. X5 --> X2



==== NOSTALL DEADLOCK: gated genuine-legal H0, NO legal single-edge deletion ====
  dag mask        : 5413
  latent set      : [5]  (latent nodes: [X6])
  spurious edges  : [X1 o-o X5, X2 o-o X5]  (k=2)
  outcome of deleting each spurious edge from H0:
    X1 o-o X5 : illegal -- genuine/acyclic -- Acyclicity violated: There is a directed cyclic path from X1 to itself in a MAG implied by this graph
    X2 o-o X5 : illegal -- genuine/acyclic -- Acyclicity violated: There is a directed cyclic path from X1 to itself in a MAG implied by this graph
  true DAG (all variables, latents included):
Graph Nodes:
X1;X2;X3;X4;X5;(X6)

Graph Edges:
1. X1 --> X2
2. X1 --> X4
3. X2 --> X3
4. X2 --> X6
5. X3 --> X5
6. X4 --> X5


  true PAG G* (over observed):
Graph Nodes:
X1;X2;X3;X4;X5

Graph Edges:
1. X1 o-o X2
2. X1 o-o X4
3. X2 o-o X3
4. X3 --> X5
5. X4 --> X5


  H0 (G* + spurious, cold-reoriented):
Graph Nodes:
X1;X2;X3;X4;X5

Graph Edges:
1. X1 --> X2
2. X3 --> X2
3. X3 o-> X5
4. X4 --> X1
5. X4 o-> X5
6. X5 --> X1
7. X5 --> X2



==== NOSTALL DEADLOCK: gated genuine-legal H0, NO legal single-edge deletion ====
  dag mask        : 5429
  latent set      : [5]  (latent nodes: [X6])
  spurious edges  : [X1 o-o X5, X2 o-o X5]  (k=2)
  outcome of deleting each spurious edge from H0:
    X1 o-o X5 : illegal -- genuine/acyclic -- Acyclicity violated: There is a directed cyclic path from X1 to itself in a MAG implied by this graph
    X2 o-o X5 : illegal -- genuine/acyclic -- Acyclicity violated: There is a directed cyclic path from X1 to itself in a MAG implied by this graph
  true DAG (all variables, latents included):
Graph Nodes:
X1;X2;X3;X4;X5;(X6)

Graph Edges:
1. X1 --> X2
2. X1 --> X4
3. X1 --> X6
4. X2 --> X3
5. X2 --> X6
6. X3 --> X5
7. X4 --> X5


  true PAG G* (over observed):
Graph Nodes:
X1;X2;X3;X4;X5

Graph Edges:
1. X1 o-o X2
2. X1 o-o X4
3. X2 o-o X3
4. X3 --> X5
5. X4 --> X5


  H0 (G* + spurious, cold-reoriented):
Graph Nodes:
X1;X2;X3;X4;X5

Graph Edges:
1. X1 --> X2
2. X3 --> X2
3. X3 o-> X5
4. X4 --> X1
5. X4 o-> X5
6. X5 --> X1
7. X5 --> X2



==== NOSTALL DEADLOCK: gated genuine-legal H0, NO legal single-edge deletion ====
  dag mask        : 5443
  latent set      : [5]  (latent nodes: [X6])
  spurious edges  : [X1 o-o X5, X2 o-o X5]  (k=2)
  outcome of deleting each spurious edge from H0:
    X1 o-o X5 : illegal -- genuine/acyclic -- Acyclicity violated: There is a directed cyclic path from X1 to itself in a MAG implied by this graph
    X2 o-o X5 : illegal -- genuine/acyclic -- Acyclicity violated: There is a directed cyclic path from X1 to itself in a MAG implied by this graph
  true DAG (all variables, latents included):
Graph Nodes:
X1;X2;X3;X4;X5;(X6)

Graph Edges:
1. X1 --> X2
2. X1 --> X3
3. X2 --> X4
4. X2 --> X6
5. X3 --> X5
6. X4 --> X5


  true PAG G* (over observed):
Graph Nodes:
X1;X2;X3;X4;X5

Graph Edges:
1. X1 o-o X2
2. X1 o-o X3
3. X2 o-o X4
4. X3 --> X5
5. X4 --> X5


  H0 (G* + spurious, cold-reoriented):
Graph Nodes:
X1;X2;X3;X4;X5

Graph Edges:
1. X2 --> X1
2. X3 --> X1
3. X3 o-> X5
4. X4 --> X2
5. X4 o-> X5
6. X5 --> X1
7. X5 --> X2



==== NOSTALL DEADLOCK: gated genuine-legal H0, NO legal single-edge deletion ====
  dag mask        : 5459
  latent set      : [5]  (latent nodes: [X6])
  spurious edges  : [X1 o-o X5, X2 o-o X5]  (k=2)
  outcome of deleting each spurious edge from H0:
    X1 o-o X5 : illegal -- genuine/acyclic -- Acyclicity violated: There is a directed cyclic path from X1 to itself in a MAG implied by this graph
    X2 o-o X5 : illegal -- genuine/acyclic -- Acyclicity violated: There is a directed cyclic path from X1 to itself in a MAG implied by this graph
  true DAG (all variables, latents included):
Graph Nodes:
X1;X2;X3;X4;X5;(X6)

Graph Edges:
1. X1 --> X2
2. X1 --> X3
3. X1 --> X6
4. X2 --> X4
5. X2 --> X6
6. X3 --> X5
7. X4 --> X5


  true PAG G* (over observed):
Graph Nodes:
X1;X2;X3;X4;X5

Graph Edges:
1. X1 o-o X2
2. X1 o-o X3
3. X2 o-o X4
4. X3 --> X5
5. X4 --> X5


  H0 (G* + spurious, cold-reoriented):
Graph Nodes:
X1;X2;X3;X4;X5

Graph Edges:
1. X2 --> X1
2. X3 --> X1
3. X3 o-> X5
4. X4 --> X2
5. X4 o-> X5
6. X5 --> X1
7. X5 --> X2



==== NOSTALL DEADLOCK: gated genuine-legal H0, NO legal single-edge deletion ====
  dag mask        : 6264
  latent set      : [0]  (latent nodes: [X1])
  spurious edges  : [X2 o-o X5, X2 o-o X6]  (k=2)
  outcome of deleting each spurious edge from H0:
    X2 o-o X5 : illegal -- genuine/maximality -- Not maximal: Inducing path exists between non-adjacent X3 and X5 in a MAG implied by this graph
    X2 o-o X6 : illegal -- genuine/maximality -- Not maximal: Inducing path exists between non-adjacent X4 and X6 in a MAG implied by this graph
  true DAG (all variables, latents included):
Graph Nodes:
(X1);X2;X3;X4;X5;X6

Graph Edges:
1. X1 --> X5
2. X1 --> X6
3. X2 --> X3
4. X2 --> X4
5. X3 --> X6
6. X4 --> X5


  true PAG G* (over observed):
Graph Nodes:
X2;X3;X4;X5;X6

Graph Edges:
1. X2 o-o X3
2. X2 o-o X4
3. X3 o-> X6
4. X4 o-> X5
5. X6 <-> X5


  H0 (G* + spurious, cold-reoriented):
Graph Nodes:
X2;X3;X4;X5;X6

Graph Edges:
1. X2 o-o X3
2. X2 o-o X4
3. X2 o-> X5
4. X2 o-> X6
5. X3 o-> X6
6. X4 o-> X5
7. X6 <-> X5



==== NOSTALL DEADLOCK: gated genuine-legal H0, NO legal single-edge deletion ====
  dag mask        : 6264
  latent set      : [0]  (latent nodes: [X1])
  spurious edges  : [X2 o-o X5, X3 o-o X5]  (k=2)
  outcome of deleting each spurious edge from H0:
    X2 o-o X5 : illegal -- genuine/acyclic -- Acyclicity violated: There is a directed cyclic path from X2 to itself in a MAG implied by this graph
    X3 o-o X5 : illegal -- genuine/maximality -- Not maximal: Inducing path exists between non-adjacent X4 and X6 in a MAG implied by this graph
  true DAG (all variables, latents included):
Graph Nodes:
(X1);X2;X3;X4;X5;X6

Graph Edges:
1. X1 --> X5
2. X1 --> X6
3. X2 --> X3
4. X2 --> X4
5. X3 --> X6
6. X4 --> X5


  true PAG G* (over observed):
Graph Nodes:
X2;X3;X4;X5;X6

Graph Edges:
1. X2 o-o X3
2. X2 o-o X4
3. X3 o-> X6
4. X4 o-> X5
5. X6 <-> X5


  H0 (G* + spurious, cold-reoriented):
Graph Nodes:
X2;X3;X4;X5;X6

Graph Edges:
1. X3 --> X2
2. X4 --> X2
3. X4 o-> X5
4. X5 --> X2
5. X5 --> X3
6. X6 <-> X3
7. X6 <-> X5



==== NOSTALL DEADLOCK: gated genuine-legal H0, NO legal single-edge deletion ====
  dag mask        : 6264
  latent set      : [0]  (latent nodes: [X1])
  spurious edges  : [X2 o-o X6, X4 o-o X6]  (k=2)
  outcome of deleting each spurious edge from H0:
    X2 o-o X6 : illegal -- genuine/acyclic -- Acyclicity violated: There is a directed cyclic path from X2 to itself in a MAG implied by this graph
    X4 o-o X6 : illegal -- genuine/maximality -- Not maximal: Inducing path exists between non-adjacent X3 and X5 in a MAG implied by this graph
  true DAG (all variables, latents included):
Graph Nodes:
(X1);X2;X3;X4;X5;X6

Graph Edges:
1. X1 --> X5
2. X1 --> X6
3. X2 --> X3
4. X2 --> X4
5. X3 --> X6
6. X4 --> X5


  true PAG G* (over observed):
Graph Nodes:
X2;X3;X4;X5;X6

Graph Edges:
1. X2 o-o X3
2. X2 o-o X4
3. X3 o-> X6
4. X4 o-> X5
5. X6 <-> X5


  H0 (G* + spurious, cold-reoriented):
Graph Nodes:
X2;X3;X4;X5;X6

Graph Edges:
1. X3 --> X2
2. X3 o-> X6
3. X4 --> X2
4. X5 <-> X4
5. X6 --> X2
6. X6 --> X4
7. X6 <-> X5



==== NOSTALL DEADLOCK: gated genuine-legal H0, NO legal single-edge deletion ====
  dag mask        : 6534
  latent set      : [1]  (latent nodes: [X2])
  spurious edges  : [X1 o-o X5, X1 o-o X6]  (k=2)
  outcome of deleting each spurious edge from H0:
    X1 o-o X5 : illegal -- genuine/maximality -- Not maximal: Inducing path exists between non-adjacent X3 and X5 in a MAG implied by this graph
    X1 o-o X6 : illegal -- genuine/maximality -- Not maximal: Inducing path exists between non-adjacent X4 and X6 in a MAG implied by this graph
  true DAG (all variables, latents included):
Graph Nodes:
X1;(X2);X3;X4;X5;X6

Graph Edges:
1. X1 --> X3
2. X1 --> X4
3. X2 --> X5
4. X2 --> X6
5. X3 --> X6
6. X4 --> X5


  true PAG G* (over observed):
Graph Nodes:
X1;X3;X4;X5;X6

Graph Edges:
1. X1 o-o X3
2. X1 o-o X4
3. X3 o-> X6
4. X4 o-> X5
5. X6 <-> X5


  H0 (G* + spurious, cold-reoriented):
Graph Nodes:
X1;X3;X4;X5;X6

Graph Edges:
1. X1 o-o X3
2. X1 o-o X4
3. X1 o-> X5
4. X1 o-> X6
5. X3 o-> X6
6. X4 o-> X5
7. X6 <-> X5



==== NOSTALL DEADLOCK: gated genuine-legal H0, NO legal single-edge deletion ====
  dag mask        : 6534
  latent set      : [1]  (latent nodes: [X2])
  spurious edges  : [X1 o-o X5, X3 o-o X5]  (k=2)
  outcome of deleting each spurious edge from H0:
    X1 o-o X5 : illegal -- genuine/acyclic -- Acyclicity violated: There is a directed cyclic path from X1 to itself in a MAG implied by this graph
    X3 o-o X5 : illegal -- genuine/maximality -- Not maximal: Inducing path exists between non-adjacent X4 and X6 in a MAG implied by this graph
  true DAG (all variables, latents included):
Graph Nodes:
X1;(X2);X3;X4;X5;X6

Graph Edges:
1. X1 --> X3
2. X1 --> X4
3. X2 --> X5
4. X2 --> X6
5. X3 --> X6
6. X4 --> X5


  true PAG G* (over observed):
Graph Nodes:
X1;X3;X4;X5;X6

Graph Edges:
1. X1 o-o X3
2. X1 o-o X4
3. X3 o-> X6
4. X4 o-> X5
5. X6 <-> X5


  H0 (G* + spurious, cold-reoriented):
Graph Nodes:
X1;X3;X4;X5;X6

Graph Edges:
1. X3 --> X1
2. X4 --> X1
3. X4 o-> X5
4. X5 --> X1
5. X5 --> X3
6. X6 <-> X3
7. X6 <-> X5



==== NOSTALL DEADLOCK: gated genuine-legal H0, NO legal single-edge deletion ====
  dag mask        : 6534
  latent set      : [1]  (latent nodes: [X2])
  spurious edges  : [X1 o-o X6, X4 o-o X6]  (k=2)
  outcome of deleting each spurious edge from H0:
    X1 o-o X6 : illegal -- genuine/acyclic -- Acyclicity violated: There is a directed cyclic path from X1 to itself in a MAG implied by this graph
    X4 o-o X6 : illegal -- genuine/maximality -- Not maximal: Inducing path exists between non-adjacent X3 and X5 in a MAG implied by this graph
  true DAG (all variables, latents included):
Graph Nodes:
X1;(X2);X3;X4;X5;X6

Graph Edges:
1. X1 --> X3
2. X1 --> X4
3. X2 --> X5
4. X2 --> X6
5. X3 --> X6
6. X4 --> X5


  true PAG G* (over observed):
Graph Nodes:
X1;X3;X4;X5;X6

Graph Edges:
1. X1 o-o X3
2. X1 o-o X4
3. X3 o-> X6
4. X4 o-> X5
5. X6 <-> X5


  H0 (G* + spurious, cold-reoriented):
Graph Nodes:
X1;X3;X4;X5;X6

Graph Edges:
1. X3 --> X1
2. X3 o-> X6
3. X4 --> X1
4. X5 <-> X4
5. X6 --> X1
6. X6 --> X4
7. X6 <-> X5



==== NOSTALL DEADLOCK: gated genuine-legal H0, NO legal single-edge deletion ====
  dag mask        : 6690
  latent set      : [5]  (latent nodes: [X6])
  spurious edges  : [X1 o-o X5, X2 o-o X5]  (k=2)
  outcome of deleting each spurious edge from H0:
    X1 o-o X5 : illegal -- genuine/acyclic -- Acyclicity violated: There is a directed cyclic path from X2 to itself in a MAG implied by this graph
    X2 o-o X5 : illegal -- genuine/acyclic -- Acyclicity violated: There is a directed cyclic path from X1 to itself in a MAG implied by this graph
  true DAG (all variables, latents included):
Graph Nodes:
X1;X2;X3;X4;X5;(X6)

Graph Edges:
1. X1 --> X3
2. X2 --> X3
3. X3 --> X4
4. X3 --> X6
5. X4 --> X5


  true PAG G* (over observed):
Graph Nodes:
X1;X2;X3;X4;X5

Graph Edges:
1. X1 o-> X3
2. X2 o-> X3
3. X3 --> X4
4. X4 --> X5


  H0 (G* + spurious, cold-reoriented):
Graph Nodes:
X1;X2;X3;X4;X5

Graph Edges:
1. X1 o-> X3
2. X1 --> X5
3. X2 o-> X3
4. X2 --> X5
5. X3 --> X4
6. X4 --> X5



==== NOSTALL DEADLOCK: gated genuine-legal H0, NO legal single-edge deletion ====
  dag mask        : 6697
  latent set      : [5]  (latent nodes: [X6])
  spurious edges  : [X2 o-o X5, X3 o-o X5]  (k=2)
  outcome of deleting each spurious edge from H0:
    X2 o-o X5 : illegal -- genuine/acyclic -- Acyclicity violated: There is a directed cyclic path from X1 to itself in a MAG implied by this graph
    X3 o-o X5 : illegal -- genuine/acyclic -- Acyclicity violated: There is a directed cyclic path from X2 to itself in a MAG implied by this graph
  true DAG (all variables, latents included):
Graph Nodes:
X1;X2;X3;X4;X5;(X6)

Graph Edges:
1. X1 --> X2
2. X1 --> X5
3. X2 --> X3
4. X3 --> X4
5. X3 --> X6
6. X4 --> X5


  true PAG G* (over observed):
Graph Nodes:
X1;X2;X3;X4;X5

Graph Edges:
1. X1 o-o X2
2. X1 --> X5
3. X2 o-o X3
4. X3 o-o X4
5. X4 --> X5


  H0 (G* + spurious, cold-reoriented):
Graph Nodes:
X1;X2;X3;X4;X5

Graph Edges:
1. X1 --> X2
2. X1 o-> X5
3. X3 --> X2
4. X4 --> X3
5. X4 o-> X5
6. X5 --> X2
7. X5 --> X3



==== NOSTALL DEADLOCK: gated genuine-legal H0, NO legal single-edge deletion ====
  dag mask        : 6706
  latent set      : [5]  (latent nodes: [X6])
  spurious edges  : [X1 o-o X5, X2 o-o X5]  (k=2)
  outcome of deleting each spurious edge from H0:
    X1 o-o X5 : illegal -- genuine/acyclic -- Acyclicity violated: There is a directed cyclic path from X2 to itself in a MAG implied by this graph
    X2 o-o X5 : illegal -- genuine/acyclic -- Acyclicity violated: There is a directed cyclic path from X1 to itself in a MAG implied by this graph
  true DAG (all variables, latents included):
Graph Nodes:
X1;X2;X3;X4;X5;(X6)

Graph Edges:
1. X1 --> X3
2. X1 --> X6
3. X2 --> X3
4. X3 --> X4
5. X3 --> X6
6. X4 --> X5


  true PAG G* (over observed):
Graph Nodes:
X1;X2;X3;X4;X5

Graph Edges:
1. X1 o-> X3
2. X2 o-> X3
3. X3 --> X4
4. X4 --> X5


  H0 (G* + spurious, cold-reoriented):
Graph Nodes:
X1;X2;X3;X4;X5

Graph Edges:
1. X1 o-> X3
2. X1 --> X5
3. X2 o-> X3
4. X2 --> X5
5. X3 --> X4
6. X4 --> X5



==== NOSTALL DEADLOCK: gated genuine-legal H0, NO legal single-edge deletion ====
  dag mask        : 6713
  latent set      : [5]  (latent nodes: [X6])
  spurious edges  : [X2 o-o X5, X3 o-o X5]  (k=2)
  outcome of deleting each spurious edge from H0:
    X2 o-o X5 : illegal -- genuine/acyclic -- Acyclicity violated: There is a directed cyclic path from X1 to itself in a MAG implied by this graph
    X3 o-o X5 : illegal -- genuine/acyclic -- Acyclicity violated: There is a directed cyclic path from X2 to itself in a MAG implied by this graph
  true DAG (all variables, latents included):
Graph Nodes:
X1;X2;X3;X4;X5;(X6)

Graph Edges:
1. X1 --> X2
2. X1 --> X5
3. X1 --> X6
4. X2 --> X3
5. X3 --> X4
6. X3 --> X6
7. X4 --> X5


  true PAG G* (over observed):
Graph Nodes:
X1;X2;X3;X4;X5

Graph Edges:
1. X1 o-o X2
2. X1 --> X5
3. X2 o-o X3
4. X3 o-o X4
5. X4 --> X5


  H0 (G* + spurious, cold-reoriented):
Graph Nodes:
X1;X2;X3;X4;X5

Graph Edges:
1. X1 --> X2
2. X1 o-> X5
3. X3 --> X2
4. X4 --> X3
5. X4 o-> X5
6. X5 --> X2
7. X5 --> X3



==== NOSTALL DEADLOCK: gated genuine-legal H0, NO legal single-edge deletion ====
  dag mask        : 6776
  latent set      : [0]  (latent nodes: [X1])
  spurious edges  : [X2 o-o X5, X2 o-o X6]  (k=2)
  outcome of deleting each spurious edge from H0:
    X2 o-o X5 : illegal -- genuine/maximality -- Not maximal: Inducing path exists between non-adjacent X3 and X5 in a MAG implied by this graph
    X2 o-o X6 : illegal -- genuine/maximality -- Not maximal: Inducing path exists between non-adjacent X4 and X6 in a MAG implied by this graph
  true DAG (all variables, latents included):
Graph Nodes:
(X1);X2;X3;X4;X5;X6

Graph Edges:
1. X1 --> X5
2. X1 --> X6
3. X2 --> X3
4. X2 --> X4
5. X3 --> X4
6. X3 --> X6
7. X4 --> X5


  true PAG G* (over observed):
Graph Nodes:
X2;X3;X4;X5;X6

Graph Edges:
1. X2 o-o X3
2. X2 o-o X4
3. X3 o-o X4
4. X3 o-> X6
5. X4 o-> X5
6. X6 <-> X5


  H0 (G* + spurious, cold-reoriented):
Graph Nodes:
X2;X3;X4;X5;X6

Graph Edges:
1. X2 o-o X3
2. X2 o-o X4
3. X2 o-> X5
4. X2 o-> X6
5. X3 o-o X4
6. X3 o-> X6
7. X4 o-> X5
8. X6 <-> X5



==== NOSTALL DEADLOCK: gated genuine-legal H0, NO legal single-edge deletion ====
  dag mask        : 6787
  latent set      : [5]  (latent nodes: [X6])
  spurious edges  : [X1 o-o X5, X3 o-o X5]  (k=2)
  outcome of deleting each spurious edge from H0:
    X1 o-o X5 : illegal -- genuine/acyclic -- Acyclicity violated: There is a directed cyclic path from X1 to itself in a MAG implied by this graph
    X3 o-o X5 : illegal -- genuine/acyclic -- Acyclicity violated: There is a directed cyclic path from X1 to itself in a MAG implied by this graph
  true DAG (all variables, latents included):
Graph Nodes:
X1;X2;X3;X4;X5;(X6)

Graph Edges:
1. X1 --> X2
2. X1 --> X3
3. X2 --> X5
4. X3 --> X4
5. X3 --> X6
6. X4 --> X5


  true PAG G* (over observed):
Graph Nodes:
X1;X2;X3;X4;X5

Graph Edges:
1. X1 o-o X2
2. X1 o-o X3
3. X2 --> X5
4. X3 o-o X4
5. X4 --> X5


  H0 (G* + spurious, cold-reoriented):
Graph Nodes:
X1;X2;X3;X4;X5

Graph Edges:
1. X2 --> X1
2. X2 o-> X5
3. X3 --> X1
4. X4 --> X3
5. X4 o-> X5
6. X5 --> X1
7. X5 --> X3



==== NOSTALL DEADLOCK: gated genuine-legal H0, NO legal single-edge deletion ====
  dag mask        : 6803
  latent set      : [5]  (latent nodes: [X6])
  spurious edges  : [X1 o-o X5, X3 o-o X5]  (k=2)
  outcome of deleting each spurious edge from H0:
    X1 o-o X5 : illegal -- genuine/acyclic -- Acyclicity violated: There is a directed cyclic path from X1 to itself in a MAG implied by this graph
    X3 o-o X5 : illegal -- genuine/acyclic -- Acyclicity violated: There is a directed cyclic path from X1 to itself in a MAG implied by this graph
  true DAG (all variables, latents included):
Graph Nodes:
X1;X2;X3;X4;X5;(X6)

Graph Edges:
1. X1 --> X2
2. X1 --> X3
3. X1 --> X6
4. X2 --> X5
5. X3 --> X4
6. X3 --> X6
7. X4 --> X5


  true PAG G* (over observed):
Graph Nodes:
X1;X2;X3;X4;X5

Graph Edges:
1. X1 o-o X2
2. X1 o-o X3
3. X2 --> X5
4. X3 o-o X4
5. X4 --> X5


  H0 (G* + spurious, cold-reoriented):
Graph Nodes:
X1;X2;X3;X4;X5

Graph Edges:
1. X2 --> X1
2. X2 o-> X5
3. X3 --> X1
4. X4 --> X3
5. X4 o-> X5
6. X5 --> X1
7. X5 --> X3



==== NOSTALL DEADLOCK: gated genuine-legal H0, NO legal single-edge deletion ====
  dag mask        : 6946
  latent set      : [5]  (latent nodes: [X6])
  spurious edges  : [X1 o-o X5, X2 o-o X5]  (k=2)
  outcome of deleting each spurious edge from H0:
    X1 o-o X5 : illegal -- genuine/acyclic -- Acyclicity violated: There is a directed cyclic path from X2 to itself in a MAG implied by this graph
    X2 o-o X5 : illegal -- genuine/acyclic -- Acyclicity violated: There is a directed cyclic path from X1 to itself in a MAG implied by this graph
  true DAG (all variables, latents included):
Graph Nodes:
X1;X2;X3;X4;X5;(X6)

Graph Edges:
1. X1 --> X3
2. X2 --> X3
3. X2 --> X6
4. X3 --> X4
5. X3 --> X6
6. X4 --> X5


  true PAG G* (over observed):
Graph Nodes:
X1;X2;X3;X4;X5

Graph Edges:
1. X1 o-> X3
2. X2 o-> X3
3. X3 --> X4
4. X4 --> X5


  H0 (G* + spurious, cold-reoriented):
Graph Nodes:
X1;X2;X3;X4;X5

Graph Edges:
1. X1 o-> X3
2. X1 --> X5
3. X2 o-> X3
4. X2 --> X5
5. X3 --> X4
6. X4 --> X5



==== NOSTALL DEADLOCK: gated genuine-legal H0, NO legal single-edge deletion ====
  dag mask        : 6953
  latent set      : [5]  (latent nodes: [X6])
  spurious edges  : [X2 o-o X5, X3 o-o X5]  (k=2)
  outcome of deleting each spurious edge from H0:
    X2 o-o X5 : illegal -- genuine/acyclic -- Acyclicity violated: There is a directed cyclic path from X1 to itself in a MAG implied by this graph
    X3 o-o X5 : illegal -- genuine/acyclic -- Acyclicity violated: There is a directed cyclic path from X2 to itself in a MAG implied by this graph
  true DAG (all variables, latents included):
Graph Nodes:
X1;X2;X3;X4;X5;(X6)

Graph Edges:
1. X1 --> X2
2. X1 --> X5
3. X2 --> X3
4. X2 --> X6
5. X3 --> X4
6. X3 --> X6
7. X4 --> X5


  true PAG G* (over observed):
Graph Nodes:
X1;X2;X3;X4;X5

Graph Edges:
1. X1 o-o X2
2. X1 --> X5
3. X2 o-o X3
4. X3 o-o X4
5. X4 --> X5


  H0 (G* + spurious, cold-reoriented):
Graph Nodes:
X1;X2;X3;X4;X5

Graph Edges:
1. X1 --> X2
2. X1 o-> X5
3. X3 --> X2
4. X4 --> X3
5. X4 o-> X5
6. X5 --> X2
7. X5 --> X3



==== NOSTALL DEADLOCK: gated genuine-legal H0, NO legal single-edge deletion ====
  dag mask        : 6962
  latent set      : [5]  (latent nodes: [X6])
  spurious edges  : [X1 o-o X5, X2 o-o X5]  (k=2)
  outcome of deleting each spurious edge from H0:
    X1 o-o X5 : illegal -- genuine/acyclic -- Acyclicity violated: There is a directed cyclic path from X2 to itself in a MAG implied by this graph
    X2 o-o X5 : illegal -- genuine/acyclic -- Acyclicity violated: There is a directed cyclic path from X1 to itself in a MAG implied by this graph
  true DAG (all variables, latents included):
Graph Nodes:
X1;X2;X3;X4;X5;(X6)

Graph Edges:
1. X1 --> X3
2. X1 --> X6
3. X2 --> X3
4. X2 --> X6
5. X3 --> X4
6. X3 --> X6
7. X4 --> X5


  true PAG G* (over observed):
Graph Nodes:
X1;X2;X3;X4;X5

Graph Edges:
1. X1 o-> X3
2. X2 o-> X3
3. X3 --> X4
4. X4 --> X5


  H0 (G* + spurious, cold-reoriented):
Graph Nodes:
X1;X2;X3;X4;X5

Graph Edges:
1. X1 o-> X3
2. X1 --> X5
3. X2 o-> X3
4. X2 --> X5
5. X3 --> X4
6. X4 --> X5



==== NOSTALL DEADLOCK: gated genuine-legal H0, NO legal single-edge deletion ====
  dag mask        : 6969
  latent set      : [5]  (latent nodes: [X6])
  spurious edges  : [X2 o-o X5, X3 o-o X5]  (k=2)
  outcome of deleting each spurious edge from H0:
    X2 o-o X5 : illegal -- genuine/acyclic -- Acyclicity violated: There is a directed cyclic path from X1 to itself in a MAG implied by this graph
    X3 o-o X5 : illegal -- genuine/acyclic -- Acyclicity violated: There is a directed cyclic path from X2 to itself in a MAG implied by this graph
  true DAG (all variables, latents included):
Graph Nodes:
X1;X2;X3;X4;X5;(X6)

Graph Edges:
1. X1 --> X2
2. X1 --> X5
3. X1 --> X6
4. X2 --> X3
5. X2 --> X6
6. X3 --> X4
7. X3 --> X6
8. X4 --> X5


  true PAG G* (over observed):
Graph Nodes:
X1;X2;X3;X4;X5

Graph Edges:
1. X1 o-o X2
2. X1 --> X5
3. X2 o-o X3
4. X3 o-o X4
5. X4 --> X5


  H0 (G* + spurious, cold-reoriented):
Graph Nodes:
X1;X2;X3;X4;X5

Graph Edges:
1. X1 --> X2
2. X1 o-> X5
3. X3 --> X2
4. X4 --> X3
5. X4 o-> X5
6. X5 --> X2
7. X5 --> X3



==== NOSTALL DEADLOCK: gated genuine-legal H0, NO legal single-edge deletion ====
  dag mask        : 7043
  latent set      : [5]  (latent nodes: [X6])
  spurious edges  : [X1 o-o X5, X3 o-o X5]  (k=2)
  outcome of deleting each spurious edge from H0:
    X1 o-o X5 : illegal -- genuine/acyclic -- Acyclicity violated: There is a directed cyclic path from X1 to itself in a MAG implied by this graph
    X3 o-o X5 : illegal -- genuine/acyclic -- Acyclicity violated: There is a directed cyclic path from X1 to itself in a MAG implied by this graph
  true DAG (all variables, latents included):
Graph Nodes:
X1;X2;X3;X4;X5;(X6)

Graph Edges:
1. X1 --> X2
2. X1 --> X3
3. X2 --> X5
4. X2 --> X6
5. X3 --> X4
6. X3 --> X6
7. X4 --> X5


  true PAG G* (over observed):
Graph Nodes:
X1;X2;X3;X4;X5

Graph Edges:
1. X1 o-o X2
2. X1 o-o X3
3. X2 --> X5
4. X3 o-o X4
5. X4 --> X5


  H0 (G* + spurious, cold-reoriented):
Graph Nodes:
X1;X2;X3;X4;X5

Graph Edges:
1. X2 --> X1
2. X2 o-> X5
3. X3 --> X1
4. X4 --> X3
5. X4 o-> X5
6. X5 --> X1
7. X5 --> X3



==== NOSTALL DEADLOCK: gated genuine-legal H0, NO legal single-edge deletion ====
  dag mask        : 7046
  latent set      : [1]  (latent nodes: [X2])
  spurious edges  : [X1 o-o X5, X1 o-o X6]  (k=2)
  outcome of deleting each spurious edge from H0:
    X1 o-o X5 : illegal -- genuine/maximality -- Not maximal: Inducing path exists between non-adjacent X3 and X5 in a MAG implied by this graph
    X1 o-o X6 : illegal -- genuine/maximality -- Not maximal: Inducing path exists between non-adjacent X4 and X6 in a MAG implied by this graph
  true DAG (all variables, latents included):
Graph Nodes:
X1;(X2);X3;X4;X5;X6

Graph Edges:
1. X1 --> X3
2. X1 --> X4
3. X2 --> X5
4. X2 --> X6
5. X3 --> X4
6. X3 --> X6
7. X4 --> X5


  true PAG G* (over observed):
Graph Nodes:
X1;X3;X4;X5;X6

Graph Edges:
1. X1 o-o X3
2. X1 o-o X4
3. X3 o-o X4
4. X3 o-> X6
5. X4 o-> X5
6. X6 <-> X5


  H0 (G* + spurious, cold-reoriented):
Graph Nodes:
X1;X3;X4;X5;X6

Graph Edges:
1. X1 o-o X3
2. X1 o-o X4
3. X1 o-> X5
4. X1 o-> X6
5. X3 o-o X4
6. X3 o-> X6
7. X4 o-> X5
8. X6 <-> X5



==== NOSTALL DEADLOCK: gated genuine-legal H0, NO legal single-edge deletion ====
  dag mask        : 7059
  latent set      : [5]  (latent nodes: [X6])
  spurious edges  : [X1 o-o X5, X3 o-o X5]  (k=2)
  outcome of deleting each spurious edge from H0:
    X1 o-o X5 : illegal -- genuine/acyclic -- Acyclicity violated: There is a directed cyclic path from X1 to itself in a MAG implied by this graph
    X3 o-o X5 : illegal -- genuine/acyclic -- Acyclicity violated: There is a directed cyclic path from X1 to itself in a MAG implied by this graph
  true DAG (all variables, latents included):
Graph Nodes:
X1;X2;X3;X4;X5;(X6)

Graph Edges:
1. X1 --> X2
2. X1 --> X3
3. X1 --> X6
4. X2 --> X5
5. X2 --> X6
6. X3 --> X4
7. X3 --> X6
8. X4 --> X5


  true PAG G* (over observed):
Graph Nodes:
X1;X2;X3;X4;X5

Graph Edges:
1. X1 o-o X2
2. X1 o-o X3
3. X2 --> X5
4. X3 o-o X4
5. X4 --> X5


  H0 (G* + spurious, cold-reoriented):
Graph Nodes:
X1;X2;X3;X4;X5

Graph Edges:
1. X2 --> X1
2. X2 o-> X5
3. X3 --> X1
4. X4 --> X3
5. X4 o-> X5
6. X5 --> X1
7. X5 --> X3



==== NOSTALL DEADLOCK: gated genuine-legal H0, NO legal single-edge deletion ====
  dag mask        : 7205
  latent set      : [5]  (latent nodes: [X6])
  spurious edges  : [X1 o-o X5, X2 o-o X5]  (k=2)
  outcome of deleting each spurious edge from H0:
    X1 o-o X5 : illegal -- genuine/acyclic -- Acyclicity violated: There is a directed cyclic path from X1 to itself in a MAG implied by this graph
    X2 o-o X5 : illegal -- genuine/acyclic -- Acyclicity violated: There is a directed cyclic path from X1 to itself in a MAG implied by this graph
  true DAG (all variables, latents included):
Graph Nodes:
X1;X2;X3;X4;X5;(X6)

Graph Edges:
1. X1 --> X2
2. X1 --> X4
3. X2 --> X3
4. X3 --> X5
5. X3 --> X6
6. X4 --> X5


  true PAG G* (over observed):
Graph Nodes:
X1;X2;X3;X4;X5

Graph Edges:
1. X1 o-o X2
2. X1 o-o X4
3. X2 o-o X3
4. X3 --> X5
5. X4 --> X5


  H0 (G* + spurious, cold-reoriented):
Graph Nodes:
X1;X2;X3;X4;X5

Graph Edges:
1. X1 --> X2
2. X3 --> X2
3. X3 o-> X5
4. X4 --> X1
5. X4 o-> X5
6. X5 --> X1
7. X5 --> X2



==== NOSTALL DEADLOCK: gated genuine-legal H0, NO legal single-edge deletion ====
  dag mask        : 7221
  latent set      : [5]  (latent nodes: [X6])
  spurious edges  : [X1 o-o X5, X2 o-o X5]  (k=2)
  outcome of deleting each spurious edge from H0:
    X1 o-o X5 : illegal -- genuine/acyclic -- Acyclicity violated: There is a directed cyclic path from X1 to itself in a MAG implied by this graph
    X2 o-o X5 : illegal -- genuine/acyclic -- Acyclicity violated: There is a directed cyclic path from X1 to itself in a MAG implied by this graph
  true DAG (all variables, latents included):
Graph Nodes:
X1;X2;X3;X4;X5;(X6)

Graph Edges:
1. X1 --> X2
2. X1 --> X4
3. X1 --> X6
4. X2 --> X3
5. X3 --> X5
6. X3 --> X6
7. X4 --> X5


  true PAG G* (over observed):
Graph Nodes:
X1;X2;X3;X4;X5

Graph Edges:
1. X1 o-o X2
2. X1 o-o X4
3. X2 o-o X3
4. X3 --> X5
5. X4 --> X5


  H0 (G* + spurious, cold-reoriented):
Graph Nodes:
X1;X2;X3;X4;X5

Graph Edges:
1. X1 --> X2
2. X3 --> X2
3. X3 o-> X5
4. X4 --> X1
5. X4 o-> X5
6. X5 --> X1
7. X5 --> X2



==== NOSTALL DEADLOCK: gated genuine-legal H0, NO legal single-edge deletion ====
  dag mask        : 7235
  latent set      : [5]  (latent nodes: [X6])
  spurious edges  : [X1 o-o X5, X2 o-o X5]  (k=2)
  outcome of deleting each spurious edge from H0:
    X1 o-o X5 : illegal -- genuine/acyclic -- Acyclicity violated: There is a directed cyclic path from X1 to itself in a MAG implied by this graph
    X2 o-o X5 : illegal -- genuine/acyclic -- Acyclicity violated: There is a directed cyclic path from X1 to itself in a MAG implied by this graph
  true DAG (all variables, latents included):
Graph Nodes:
X1;X2;X3;X4;X5;(X6)

Graph Edges:
1. X1 --> X2
2. X1 --> X3
3. X2 --> X4
4. X3 --> X5
5. X3 --> X6
6. X4 --> X5


  true PAG G* (over observed):
Graph Nodes:
X1;X2;X3;X4;X5

Graph Edges:
1. X1 o-o X2
2. X1 o-o X3
3. X2 o-o X4
4. X3 --> X5
5. X4 --> X5


  H0 (G* + spurious, cold-reoriented):
Graph Nodes:
X1;X2;X3;X4;X5

Graph Edges:
1. X2 --> X1
2. X3 --> X1
3. X3 o-> X5
4. X4 --> X2
5. X4 o-> X5
6. X5 --> X1
7. X5 --> X2



==== NOSTALL DEADLOCK: gated genuine-legal H0, NO legal single-edge deletion ====
  dag mask        : 7249
  latent set      : [2]  (latent nodes: [X3])
  spurious edges  : [X1 o-o X5, X2 o-o X5]  (k=2)
  outcome of deleting each spurious edge from H0:
    X1 o-o X5 : illegal -- genuine/maximality -- Not maximal: Inducing path exists between non-adjacent X4 and X6 in a MAG implied by this graph
    X2 o-o X5 : illegal -- genuine/acyclic -- Acyclicity violated: There is a directed cyclic path from X1 to itself in a MAG implied by this graph
  true DAG (all variables, latents included):
Graph Nodes:
X1;X2;(X3);X4;X5;X6

Graph Edges:
1. X1 --> X2
2. X1 --> X6
3. X2 --> X4
4. X3 --> X5
5. X3 --> X6
6. X4 --> X5


  true PAG G* (over observed):
Graph Nodes:
X1;X2;X4;X5;X6

Graph Edges:
1. X1 o-o X2
2. X1 o-> X6
3. X2 o-o X4
4. X4 o-> X5
5. X6 <-> X5


  H0 (G* + spurious, cold-reoriented):
Graph Nodes:
X1;X2;X4;X5;X6

Graph Edges:
1. X1 --> X2
2. X4 --> X2
3. X4 o-> X5
4. X5 --> X1
5. X5 --> X2
6. X5 <-> X6
7. X6 <-> X1



==== NOSTALL DEADLOCK: gated genuine-legal H0, NO legal single-edge deletion ====
  dag mask        : 7249
  latent set      : [2]  (latent nodes: [X3])
  spurious edges  : [X2 o-o X5, X2 o-o X6]  (k=2)
  outcome of deleting each spurious edge from H0:
    X2 o-o X5 : illegal -- genuine/maximality -- Not maximal: Inducing path exists between non-adjacent X1 and X5 in a MAG implied by this graph
    X2 o-o X6 : illegal -- genuine/maximality -- Not maximal: Inducing path exists between non-adjacent X4 and X6 in a MAG implied by this graph
  true DAG (all variables, latents included):
Graph Nodes:
X1;X2;(X3);X4;X5;X6

Graph Edges:
1. X1 --> X2
2. X1 --> X6
3. X2 --> X4
4. X3 --> X5
5. X3 --> X6
6. X4 --> X5


  true PAG G* (over observed):
Graph Nodes:
X1;X2;X4;X5;X6

Graph Edges:
1. X1 o-o X2
2. X1 o-> X6
3. X2 o-o X4
4. X4 o-> X5
5. X6 <-> X5


  H0 (G* + spurious, cold-reoriented):
Graph Nodes:
X1;X2;X4;X5;X6

Graph Edges:
1. X1 o-o X2
2. X1 o-> X6
3. X2 o-o X4
4. X2 o-> X5
5. X2 o-> X6
6. X4 o-> X5
7. X5 <-> X6



==== NOSTALL DEADLOCK: gated genuine-legal H0, NO legal single-edge deletion ====
  dag mask        : 7249
  latent set      : [2]  (latent nodes: [X3])
  spurious edges  : [X2 o-o X6, X4 o-o X6]  (k=2)
  outcome of deleting each spurious edge from H0:
    X2 o-o X6 : illegal -- genuine/acyclic -- Acyclicity violated: There is a directed cyclic path from X1 to itself in a MAG implied by this graph
    X4 o-o X6 : illegal -- genuine/maximality -- Not maximal: Inducing path exists between non-adjacent X1 and X5 in a MAG implied by this graph
  true DAG (all variables, latents included):
Graph Nodes:
X1;X2;(X3);X4;X5;X6

Graph Edges:
1. X1 --> X2
2. X1 --> X6
3. X2 --> X4
4. X3 --> X5
5. X3 --> X6
6. X4 --> X5


  true PAG G* (over observed):
Graph Nodes:
X1;X2;X4;X5;X6

Graph Edges:
1. X1 o-o X2
2. X1 o-> X6
3. X2 o-o X4
4. X4 o-> X5
5. X6 <-> X5


  H0 (G* + spurious, cold-reoriented):
Graph Nodes:
X1;X2;X4;X5;X6

Graph Edges:
1. X1 --> X2
2. X1 o-> X6
3. X4 --> X2
4. X5 <-> X4
5. X5 <-> X6
6. X6 --> X2
7. X6 --> X4



==== NOSTALL DEADLOCK: gated genuine-legal H0, NO legal single-edge deletion ====
  dag mask        : 7251
  latent set      : [5]  (latent nodes: [X6])
  spurious edges  : [X1 o-o X5, X2 o-o X5]  (k=2)
  outcome of deleting each spurious edge from H0:
    X1 o-o X5 : illegal -- genuine/acyclic -- Acyclicity violated: There is a directed cyclic path from X1 to itself in a MAG implied by this graph
    X2 o-o X5 : illegal -- genuine/acyclic -- Acyclicity violated: There is a directed cyclic path from X1 to itself in a MAG implied by this graph
  true DAG (all variables, latents included):
Graph Nodes:
X1;X2;X3;X4;X5;(X6)

Graph Edges:
1. X1 --> X2
2. X1 --> X3
3. X1 --> X6
4. X2 --> X4
5. X3 --> X5
6. X3 --> X6
7. X4 --> X5


  true PAG G* (over observed):
Graph Nodes:
X1;X2;X3;X4;X5

Graph Edges:
1. X1 o-o X2
2. X1 o-o X3
3. X2 o-o X4
4. X3 --> X5
5. X4 --> X5


  H0 (G* + spurious, cold-reoriented):
Graph Nodes:
X1;X2;X3;X4;X5

Graph Edges:
1. X2 --> X1
2. X3 --> X1
3. X3 o-> X5
4. X4 --> X2
5. X4 o-> X5
6. X5 --> X1
7. X5 --> X2



==== NOSTALL DEADLOCK: gated genuine-legal H0, NO legal single-edge deletion ====
  dag mask        : 7253
  latent set      : [2]  (latent nodes: [X3])
  spurious edges  : [X2 o-o X5, X2 o-o X6]  (k=2)
  outcome of deleting each spurious edge from H0:
    X2 o-o X5 : illegal -- genuine/maximality -- Not maximal: Inducing path exists between non-adjacent X1 and X5 in a MAG implied by this graph
    X2 o-o X6 : illegal -- genuine/maximality -- Not maximal: Inducing path exists between non-adjacent X4 and X6 in a MAG implied by this graph
  true DAG (all variables, latents included):
Graph Nodes:
X1;X2;(X3);X4;X5;X6

Graph Edges:
1. X1 --> X2
2. X1 --> X4
3. X1 --> X6
4. X2 --> X4
5. X3 --> X5
6. X3 --> X6
7. X4 --> X5


  true PAG G* (over observed):
Graph Nodes:
X1;X2;X4;X5;X6

Graph Edges:
1. X1 o-o X2
2. X1 o-o X4
3. X1 o-> X6
4. X2 o-o X4
5. X4 o-> X5
6. X6 <-> X5


  H0 (G* + spurious, cold-reoriented):
Graph Nodes:
X1;X2;X4;X5;X6

Graph Edges:
1. X1 o-o X2
2. X1 o-o X4
3. X1 o-> X6
4. X2 o-o X4
5. X2 o-> X5
6. X2 o-> X6
7. X4 o-> X5
8. X5 <-> X6



==== NOSTALL DEADLOCK: gated genuine-legal H0, NO legal single-edge deletion ====
  dag mask        : 7429
  latent set      : [2]  (latent nodes: [X3])
  spurious edges  : [X1 o-o X5, X1 o-o X6]  (k=2)
  outcome of deleting each spurious edge from H0:
    X1 o-o X5 : illegal -- genuine/maximality -- Not maximal: Inducing path exists between non-adjacent X2 and X5 in a MAG implied by this graph
    X1 o-o X6 : illegal -- genuine/maximality -- Not maximal: Inducing path exists between non-adjacent X4 and X6 in a MAG implied by this graph
  true DAG (all variables, latents included):
Graph Nodes:
X1;X2;(X3);X4;X5;X6

Graph Edges:
1. X1 --> X2
2. X1 --> X4
3. X2 --> X6
4. X3 --> X5
5. X3 --> X6
6. X4 --> X5


  true PAG G* (over observed):
Graph Nodes:
X1;X2;X4;X5;X6

Graph Edges:
1. X1 o-o X2
2. X1 o-o X4
3. X2 o-> X6
4. X4 o-> X5
5. X6 <-> X5


  H0 (G* + spurious, cold-reoriented):
Graph Nodes:
X1;X2;X4;X5;X6

Graph Edges:
1. X1 o-o X2
2. X1 o-o X4
3. X1 o-> X5
4. X1 o-> X6
5. X2 o-> X6
6. X4 o-> X5
7. X5 <-> X6



==== NOSTALL DEADLOCK: gated genuine-legal H0, NO legal single-edge deletion ====
  dag mask        : 7429
  latent set      : [2]  (latent nodes: [X3])
  spurious edges  : [X1 o-o X5, X2 o-o X5]  (k=2)
  outcome of deleting each spurious edge from H0:
    X1 o-o X5 : illegal -- genuine/acyclic -- Acyclicity violated: There is a directed cyclic path from X1 to itself in a MAG implied by this graph
    X2 o-o X5 : illegal -- genuine/maximality -- Not maximal: Inducing path exists between non-adjacent X4 and X6 in a MAG implied by this graph
  true DAG (all variables, latents included):
Graph Nodes:
X1;X2;(X3);X4;X5;X6

Graph Edges:
1. X1 --> X2
2. X1 --> X4
3. X2 --> X6
4. X3 --> X5
5. X3 --> X6
6. X4 --> X5


  true PAG G* (over observed):
Graph Nodes:
X1;X2;X4;X5;X6

Graph Edges:
1. X1 o-o X2
2. X1 o-o X4
3. X2 o-> X6
4. X4 o-> X5
5. X6 <-> X5


  H0 (G* + spurious, cold-reoriented):
Graph Nodes:
X1;X2;X4;X5;X6

Graph Edges:
1. X2 --> X1
2. X4 --> X1
3. X4 o-> X5
4. X5 --> X1
5. X5 --> X2
6. X5 <-> X6
7. X6 <-> X2



==== NOSTALL DEADLOCK: gated genuine-legal H0, NO legal single-edge deletion ====
  dag mask        : 7429
  latent set      : [2]  (latent nodes: [X3])
  spurious edges  : [X1 o-o X6, X4 o-o X6]  (k=2)
  outcome of deleting each spurious edge from H0:
    X1 o-o X6 : illegal -- genuine/acyclic -- Acyclicity violated: There is a directed cyclic path from X1 to itself in a MAG implied by this graph
    X4 o-o X6 : illegal -- genuine/maximality -- Not maximal: Inducing path exists between non-adjacent X2 and X5 in a MAG implied by this graph
  true DAG (all variables, latents included):
Graph Nodes:
X1;X2;(X3);X4;X5;X6

Graph Edges:
1. X1 --> X2
2. X1 --> X4
3. X2 --> X6
4. X3 --> X5
5. X3 --> X6
6. X4 --> X5


  true PAG G* (over observed):
Graph Nodes:
X1;X2;X4;X5;X6

Graph Edges:
1. X1 o-o X2
2. X1 o-o X4
3. X2 o-> X6
4. X4 o-> X5
5. X6 <-> X5


  H0 (G* + spurious, cold-reoriented):
Graph Nodes:
X1;X2;X4;X5;X6

Graph Edges:
1. X2 --> X1
2. X2 o-> X6
3. X4 --> X1
4. X5 <-> X4
5. X5 <-> X6
6. X6 --> X1
7. X6 --> X4



==== NOSTALL DEADLOCK: gated genuine-legal H0, NO legal single-edge deletion ====
  dag mask        : 7461
  latent set      : [5]  (latent nodes: [X6])
  spurious edges  : [X1 o-o X5, X2 o-o X5]  (k=2)
  outcome of deleting each spurious edge from H0:
    X1 o-o X5 : illegal -- genuine/acyclic -- Acyclicity violated: There is a directed cyclic path from X1 to itself in a MAG implied by this graph
    X2 o-o X5 : illegal -- genuine/acyclic -- Acyclicity violated: There is a directed cyclic path from X1 to itself in a MAG implied by this graph
  true DAG (all variables, latents included):
Graph Nodes:
X1;X2;X3;X4;X5;(X6)

Graph Edges:
1. X1 --> X2
2. X1 --> X4
3. X2 --> X3
4. X2 --> X6
5. X3 --> X5
6. X3 --> X6
7. X4 --> X5


  true PAG G* (over observed):
Graph Nodes:
X1;X2;X3;X4;X5

Graph Edges:
1. X1 o-o X2
2. X1 o-o X4
3. X2 o-o X3
4. X3 --> X5
5. X4 --> X5


  H0 (G* + spurious, cold-reoriented):
Graph Nodes:
X1;X2;X3;X4;X5

Graph Edges:
1. X1 --> X2
2. X3 --> X2
3. X3 o-> X5
4. X4 --> X1
5. X4 o-> X5
6. X5 --> X1
7. X5 --> X2



==== NOSTALL DEADLOCK: gated genuine-legal H0, NO legal single-edge deletion ====
  dag mask        : 7477
  latent set      : [5]  (latent nodes: [X6])
  spurious edges  : [X1 o-o X5, X2 o-o X5]  (k=2)
  outcome of deleting each spurious edge from H0:
    X1 o-o X5 : illegal -- genuine/acyclic -- Acyclicity violated: There is a directed cyclic path from X1 to itself in a MAG implied by this graph
    X2 o-o X5 : illegal -- genuine/acyclic -- Acyclicity violated: There is a directed cyclic path from X1 to itself in a MAG implied by this graph
  true DAG (all variables, latents included):
Graph Nodes:
X1;X2;X3;X4;X5;(X6)

Graph Edges:
1. X1 --> X2
2. X1 --> X4
3. X1 --> X6
4. X2 --> X3
5. X2 --> X6
6. X3 --> X5
7. X3 --> X6
8. X4 --> X5


  true PAG G* (over observed):
Graph Nodes:
X1;X2;X3;X4;X5

Graph Edges:
1. X1 o-o X2
2. X1 o-o X4
3. X2 o-o X3
4. X3 --> X5
5. X4 --> X5


  H0 (G* + spurious, cold-reoriented):
Graph Nodes:
X1;X2;X3;X4;X5

Graph Edges:
1. X1 --> X2
2. X3 --> X2
3. X3 o-> X5
4. X4 --> X1
5. X4 o-> X5
6. X5 --> X1
7. X5 --> X2



==== NOSTALL DEADLOCK: gated genuine-legal H0, NO legal single-edge deletion ====
  dag mask        : 7491
  latent set      : [5]  (latent nodes: [X6])
  spurious edges  : [X1 o-o X5, X2 o-o X5]  (k=2)
  outcome of deleting each spurious edge from H0:
    X1 o-o X5 : illegal -- genuine/acyclic -- Acyclicity violated: There is a directed cyclic path from X1 to itself in a MAG implied by this graph
    X2 o-o X5 : illegal -- genuine/acyclic -- Acyclicity violated: There is a directed cyclic path from X1 to itself in a MAG implied by this graph
  true DAG (all variables, latents included):
Graph Nodes:
X1;X2;X3;X4;X5;(X6)

Graph Edges:
1. X1 --> X2
2. X1 --> X3
3. X2 --> X4
4. X2 --> X6
5. X3 --> X5
6. X3 --> X6
7. X4 --> X5


  true PAG G* (over observed):
Graph Nodes:
X1;X2;X3;X4;X5

Graph Edges:
1. X1 o-o X2
2. X1 o-o X3
3. X2 o-o X4
4. X3 --> X5
5. X4 --> X5


  H0 (G* + spurious, cold-reoriented):
Graph Nodes:
X1;X2;X3;X4;X5

Graph Edges:
1. X2 --> X1
2. X3 --> X1
3. X3 o-> X5
4. X4 --> X2
5. X4 o-> X5
6. X5 --> X1
7. X5 --> X2



==== NOSTALL DEADLOCK: gated genuine-legal H0, NO legal single-edge deletion ====
  dag mask        : 7493
  latent set      : [2]  (latent nodes: [X3])
  spurious edges  : [X1 o-o X5, X1 o-o X6]  (k=2)
  outcome of deleting each spurious edge from H0:
    X1 o-o X5 : illegal -- genuine/maximality -- Not maximal: Inducing path exists between non-adjacent X2 and X5 in a MAG implied by this graph
    X1 o-o X6 : illegal -- genuine/maximality -- Not maximal: Inducing path exists between non-adjacent X4 and X6 in a MAG implied by this graph
  true DAG (all variables, latents included):
Graph Nodes:
X1;X2;(X3);X4;X5;X6

Graph Edges:
1. X1 --> X2
2. X1 --> X4
3. X2 --> X4
4. X2 --> X6
5. X3 --> X5
6. X3 --> X6
7. X4 --> X5


  true PAG G* (over observed):
Graph Nodes:
X1;X2;X4;X5;X6

Graph Edges:
1. X1 o-o X2
2. X1 o-o X4
3. X2 o-o X4
4. X2 o-> X6
5. X4 o-> X5
6. X6 <-> X5


  H0 (G* + spurious, cold-reoriented):
Graph Nodes:
X1;X2;X4;X5;X6

Graph Edges:
1. X1 o-o X2
2. X1 o-o X4
3. X1 o-> X5
4. X1 o-> X6
5. X2 o-o X4
6. X2 o-> X6
7. X4 o-> X5
8. X5 <-> X6



==== NOSTALL DEADLOCK: gated genuine-legal H0, NO legal single-edge deletion ====
  dag mask        : 7507
  latent set      : [5]  (latent nodes: [X6])
  spurious edges  : [X1 o-o X5, X2 o-o X5]  (k=2)
  outcome of deleting each spurious edge from H0:
    X1 o-o X5 : illegal -- genuine/acyclic -- Acyclicity violated: There is a directed cyclic path from X1 to itself in a MAG implied by this graph
    X2 o-o X5 : illegal -- genuine/acyclic -- Acyclicity violated: There is a directed cyclic path from X1 to itself in a MAG implied by this graph
  true DAG (all variables, latents included):
Graph Nodes:
X1;X2;X3;X4;X5;(X6)

Graph Edges:
1. X1 --> X2
2. X1 --> X3
3. X1 --> X6
4. X2 --> X4
5. X2 --> X6
6. X3 --> X5
7. X3 --> X6
8. X4 --> X5


  true PAG G* (over observed):
Graph Nodes:
X1;X2;X3;X4;X5

Graph Edges:
1. X1 o-o X2
2. X1 o-o X3
3. X2 o-o X4
4. X3 --> X5
5. X4 --> X5


  H0 (G* + spurious, cold-reoriented):
Graph Nodes:
X1;X2;X3;X4;X5

Graph Edges:
1. X2 --> X1
2. X3 --> X1
3. X3 o-> X5
4. X4 --> X2
5. X4 o-> X5
6. X5 --> X1
7. X5 --> X2



==== NOSTALL DEADLOCK: gated genuine-legal H0, NO legal single-edge deletion ====
  dag mask        : 8738
  latent set      : [4]  (latent nodes: [X5])
  spurious edges  : [X1 o-o X6, X2 o-o X6]  (k=2)
  outcome of deleting each spurious edge from H0:
    X1 o-o X6 : illegal -- genuine/acyclic -- Acyclicity violated: There is a directed cyclic path from X2 to itself in a MAG implied by this graph
    X2 o-o X6 : illegal -- genuine/acyclic -- Acyclicity violated: There is a directed cyclic path from X1 to itself in a MAG implied by this graph
  true DAG (all variables, latents included):
Graph Nodes:
X1;X2;X3;X4;(X5);X6

Graph Edges:
1. X1 --> X3
2. X2 --> X3
3. X3 --> X4
4. X4 --> X6


  true PAG G* (over observed):
Graph Nodes:
X1;X2;X3;X4;X6

Graph Edges:
1. X1 o-> X3
2. X2 o-> X3
3. X3 --> X4
4. X4 --> X6


  H0 (G* + spurious, cold-reoriented):
Graph Nodes:
X1;X2;X3;X4;X6

Graph Edges:
1. X1 o-> X3
2. X1 --> X6
3. X2 o-> X3
4. X2 --> X6
5. X3 --> X4
6. X4 --> X6



==== NOSTALL DEADLOCK: gated genuine-legal H0, NO legal single-edge deletion ====
  dag mask        : 8746
  latent set      : [0]  (latent nodes: [X1])
  spurious edges  : [X2 o-o X6, X5 o-o X6]  (k=2)
  outcome of deleting each spurious edge from H0:
    X2 o-o X6 : illegal -- genuine/acyclic -- Acyclicity violated: There is a directed cyclic path from X3 to itself in a MAG implied by this graph
    X5 o-o X6 : illegal -- genuine/acyclic -- Acyclicity violated: There is a directed cyclic path from X2 to itself in a MAG implied by this graph
  true DAG (all variables, latents included):
Graph Nodes:
(X1);X2;X3;X4;X5;X6

Graph Edges:
1. X1 --> X3
2. X1 --> X5
3. X2 --> X3
4. X3 --> X4
5. X4 --> X6


  true PAG G* (over observed):
Graph Nodes:
X2;X3;X4;X5;X6

Graph Edges:
1. X2 o-> X3
2. X3 --> X4
3. X4 --> X6
4. X5 o-> X3


  H0 (G* + spurious, cold-reoriented):
Graph Nodes:
X2;X3;X4;X5;X6

Graph Edges:
1. X2 o-> X3
2. X2 --> X6
3. X3 --> X4
4. X4 --> X6
5. X5 o-> X3
6. X5 --> X6



==== NOSTALL DEADLOCK: gated genuine-legal H0, NO legal single-edge deletion ====
  dag mask        : 8746
  latent set      : [4]  (latent nodes: [X5])
  spurious edges  : [X1 o-o X6, X2 o-o X6]  (k=2)
  outcome of deleting each spurious edge from H0:
    X1 o-o X6 : illegal -- genuine/acyclic -- Acyclicity violated: There is a directed cyclic path from X2 to itself in a MAG implied by this graph
    X2 o-o X6 : illegal -- genuine/acyclic -- Acyclicity violated: There is a directed cyclic path from X1 to itself in a MAG implied by this graph
  true DAG (all variables, latents included):
Graph Nodes:
X1;X2;X3;X4;(X5);X6

Graph Edges:
1. X1 --> X3
2. X1 --> X5
3. X2 --> X3
4. X3 --> X4
5. X4 --> X6


  true PAG G* (over observed):
Graph Nodes:
X1;X2;X3;X4;X6

Graph Edges:
1. X1 o-> X3
2. X2 o-> X3
3. X3 --> X4
4. X4 --> X6


  H0 (G* + spurious, cold-reoriented):
Graph Nodes:
X1;X2;X3;X4;X6

Graph Edges:
1. X1 o-> X3
2. X1 --> X6
3. X2 o-> X3
4. X2 --> X6
5. X3 --> X4
6. X4 --> X6



==== NOSTALL DEADLOCK: gated genuine-legal H0, NO legal single-edge deletion ====
  dag mask        : 8753
  latent set      : [4]  (latent nodes: [X5])
  spurious edges  : [X2 o-o X6, X3 o-o X6]  (k=2)
  outcome of deleting each spurious edge from H0:
    X2 o-o X6 : illegal -- genuine/acyclic -- Acyclicity violated: There is a directed cyclic path from X1 to itself in a MAG implied by this graph
    X3 o-o X6 : illegal -- genuine/acyclic -- Acyclicity violated: There is a directed cyclic path from X2 to itself in a MAG implied by this graph
  true DAG (all variables, latents included):
Graph Nodes:
X1;X2;X3;X4;(X5);X6

Graph Edges:
1. X1 --> X2
2. X1 --> X6
3. X2 --> X3
4. X3 --> X4
5. X4 --> X6


  true PAG G* (over observed):
Graph Nodes:
X1;X2;X3;X4;X6

Graph Edges:
1. X1 o-o X2
2. X1 --> X6
3. X2 o-o X3
4. X3 o-o X4
5. X4 --> X6


  H0 (G* + spurious, cold-reoriented):
Graph Nodes:
X1;X2;X3;X4;X6

Graph Edges:
1. X1 --> X2
2. X1 o-> X6
3. X3 --> X2
4. X4 --> X3
5. X4 o-> X6
6. X6 --> X2
7. X6 --> X3



==== NOSTALL DEADLOCK: gated genuine-legal H0, NO legal single-edge deletion ====
  dag mask        : 8761
  latent set      : [4]  (latent nodes: [X5])
  spurious edges  : [X2 o-o X6, X3 o-o X6]  (k=2)
  outcome of deleting each spurious edge from H0:
    X2 o-o X6 : illegal -- genuine/acyclic -- Acyclicity violated: There is a directed cyclic path from X1 to itself in a MAG implied by this graph
    X3 o-o X6 : illegal -- genuine/acyclic -- Acyclicity violated: There is a directed cyclic path from X2 to itself in a MAG implied by this graph
  true DAG (all variables, latents included):
Graph Nodes:
X1;X2;X3;X4;(X5);X6

Graph Edges:
1. X1 --> X2
2. X1 --> X5
3. X1 --> X6
4. X2 --> X3
5. X3 --> X4
6. X4 --> X6


  true PAG G* (over observed):
Graph Nodes:
X1;X2;X3;X4;X6

Graph Edges:
1. X1 o-o X2
2. X1 --> X6
3. X2 o-o X3
4. X3 o-o X4
5. X4 --> X6


  H0 (G* + spurious, cold-reoriented):
Graph Nodes:
X1;X2;X3;X4;X6

Graph Edges:
1. X1 --> X2
2. X1 o-> X6
3. X3 --> X2
4. X4 --> X3
5. X4 o-> X6
6. X6 --> X2
7. X6 --> X3



==== NOSTALL DEADLOCK: gated genuine-legal H0, NO legal single-edge deletion ====
  dag mask        : 8866
  latent set      : [1]  (latent nodes: [X2])
  spurious edges  : [X1 o-o X6, X5 o-o X6]  (k=2)
  outcome of deleting each spurious edge from H0:
    X1 o-o X6 : illegal -- genuine/acyclic -- Acyclicity violated: There is a directed cyclic path from X3 to itself in a MAG implied by this graph
    X5 o-o X6 : illegal -- genuine/acyclic -- Acyclicity violated: There is a directed cyclic path from X1 to itself in a MAG implied by this graph
  true DAG (all variables, latents included):
Graph Nodes:
X1;(X2);X3;X4;X5;X6

Graph Edges:
1. X1 --> X3
2. X2 --> X3
3. X2 --> X5
4. X3 --> X4
5. X4 --> X6


  true PAG G* (over observed):
Graph Nodes:
X1;X3;X4;X5;X6

Graph Edges:
1. X1 o-> X3
2. X3 --> X4
3. X4 --> X6
4. X5 o-> X3


  H0 (G* + spurious, cold-reoriented):
Graph Nodes:
X1;X3;X4;X5;X6

Graph Edges:
1. X1 o-> X3
2. X1 --> X6
3. X3 --> X4
4. X4 --> X6
5. X5 o-> X3
6. X5 --> X6



==== NOSTALL DEADLOCK: gated genuine-legal H0, NO legal single-edge deletion ====
  dag mask        : 8866
  latent set      : [4]  (latent nodes: [X5])
  spurious edges  : [X1 o-o X6, X2 o-o X6]  (k=2)
  outcome of deleting each spurious edge from H0:
    X1 o-o X6 : illegal -- genuine/acyclic -- Acyclicity violated: There is a directed cyclic path from X2 to itself in a MAG implied by this graph
    X2 o-o X6 : illegal -- genuine/acyclic -- Acyclicity violated: There is a directed cyclic path from X1 to itself in a MAG implied by this graph
  true DAG (all variables, latents included):
Graph Nodes:
X1;X2;X3;X4;(X5);X6

Graph Edges:
1. X1 --> X3
2. X2 --> X3
3. X2 --> X5
4. X3 --> X4
5. X4 --> X6


  true PAG G* (over observed):
Graph Nodes:
X1;X2;X3;X4;X6

Graph Edges:
1. X1 o-> X3
2. X2 o-> X3
3. X3 --> X4
4. X4 --> X6


  H0 (G* + spurious, cold-reoriented):
Graph Nodes:
X1;X2;X3;X4;X6

Graph Edges:
1. X1 o-> X3
2. X1 --> X6
3. X2 o-> X3
4. X2 --> X6
5. X3 --> X4
6. X4 --> X6



==== NOSTALL DEADLOCK: gated genuine-legal H0, NO legal single-edge deletion ====
  dag mask        : 8874
  latent set      : [4]  (latent nodes: [X5])
  spurious edges  : [X1 o-o X6, X2 o-o X6]  (k=2)
  outcome of deleting each spurious edge from H0:
    X1 o-o X6 : illegal -- genuine/acyclic -- Acyclicity violated: There is a directed cyclic path from X2 to itself in a MAG implied by this graph
    X2 o-o X6 : illegal -- genuine/acyclic -- Acyclicity violated: There is a directed cyclic path from X1 to itself in a MAG implied by this graph
  true DAG (all variables, latents included):
Graph Nodes:
X1;X2;X3;X4;(X5);X6

Graph Edges:
1. X1 --> X3
2. X1 --> X5
3. X2 --> X3
4. X2 --> X5
5. X3 --> X4
6. X4 --> X6


  true PAG G* (over observed):
Graph Nodes:
X1;X2;X3;X4;X6

Graph Edges:
1. X1 o-> X3
2. X2 o-> X3
3. X3 --> X4
4. X4 --> X6


  H0 (G* + spurious, cold-reoriented):
Graph Nodes:
X1;X2;X3;X4;X6

Graph Edges:
1. X1 o-> X3
2. X1 --> X6
3. X2 o-> X3
4. X2 --> X6
5. X3 --> X4
6. X4 --> X6



==== NOSTALL DEADLOCK: gated genuine-legal H0, NO legal single-edge deletion ====
  dag mask        : 8881
  latent set      : [4]  (latent nodes: [X5])
  spurious edges  : [X2 o-o X6, X3 o-o X6]  (k=2)
  outcome of deleting each spurious edge from H0:
    X2 o-o X6 : illegal -- genuine/acyclic -- Acyclicity violated: There is a directed cyclic path from X1 to itself in a MAG implied by this graph
    X3 o-o X6 : illegal -- genuine/acyclic -- Acyclicity violated: There is a directed cyclic path from X2 to itself in a MAG implied by this graph
  true DAG (all variables, latents included):
Graph Nodes:
X1;X2;X3;X4;(X5);X6

Graph Edges:
1. X1 --> X2
2. X1 --> X6
3. X2 --> X3
4. X2 --> X5
5. X3 --> X4
6. X4 --> X6


  true PAG G* (over observed):
Graph Nodes:
X1;X2;X3;X4;X6

Graph Edges:
1. X1 o-o X2
2. X1 --> X6
3. X2 o-o X3
4. X3 o-o X4
5. X4 --> X6


  H0 (G* + spurious, cold-reoriented):
Graph Nodes:
X1;X2;X3;X4;X6

Graph Edges:
1. X1 --> X2
2. X1 o-> X6
3. X3 --> X2
4. X4 --> X3
5. X4 o-> X6
6. X6 --> X2
7. X6 --> X3



==== NOSTALL DEADLOCK: gated genuine-legal H0, NO legal single-edge deletion ====
  dag mask        : 8888
  latent set      : [0]  (latent nodes: [X1])
  spurious edges  : [X2 o-o X6, X3 o-o X6]  (k=2)
  outcome of deleting each spurious edge from H0:
    X2 o-o X6 : illegal -- genuine/maximality -- Not maximal: Inducing path exists between non-adjacent X4 and X5 in a MAG implied by this graph
    X3 o-o X6 : illegal -- genuine/acyclic -- Acyclicity violated: There is a directed cyclic path from X2 to itself in a MAG implied by this graph
  true DAG (all variables, latents included):
Graph Nodes:
(X1);X2;X3;X4;X5;X6

Graph Edges:
1. X1 --> X5
2. X1 --> X6
3. X2 --> X3
4. X2 --> X5
5. X3 --> X4
6. X4 --> X6


  true PAG G* (over observed):
Graph Nodes:
X2;X3;X4;X5;X6

Graph Edges:
1. X2 o-o X3
2. X2 o-> X5
3. X3 o-o X4
4. X4 o-> X6
5. X6 <-> X5


  H0 (G* + spurious, cold-reoriented):
Graph Nodes:
X2;X3;X4;X5;X6

Graph Edges:
1. X2 --> X3
2. X4 --> X3
3. X4 o-> X6
4. X5 <-> X2
5. X5 <-> X6
6. X6 --> X2
7. X6 --> X3



==== NOSTALL DEADLOCK: gated genuine-legal H0, NO legal single-edge deletion ====
  dag mask        : 8888
  latent set      : [0]  (latent nodes: [X1])
  spurious edges  : [X3 o-o X5, X3 o-o X6]  (k=2)
  outcome of deleting each spurious edge from H0:
    X3 o-o X5 : illegal -- genuine/maximality -- Not maximal: Inducing path exists between non-adjacent X4 and X5 in a MAG implied by this graph
    X3 o-o X6 : illegal -- genuine/maximality -- Not maximal: Inducing path exists between non-adjacent X2 and X6 in a MAG implied by this graph
  true DAG (all variables, latents included):
Graph Nodes:
(X1);X2;X3;X4;X5;X6

Graph Edges:
1. X1 --> X5
2. X1 --> X6
3. X2 --> X3
4. X2 --> X5
5. X3 --> X4
6. X4 --> X6


  true PAG G* (over observed):
Graph Nodes:
X2;X3;X4;X5;X6

Graph Edges:
1. X2 o-o X3
2. X2 o-> X5
3. X3 o-o X4
4. X4 o-> X6
5. X6 <-> X5


  H0 (G* + spurious, cold-reoriented):
Graph Nodes:
X2;X3;X4;X5;X6

Graph Edges:
1. X2 o-o X3
2. X2 o-> X5
3. X3 o-o X4
4. X3 o-> X5
5. X3 o-> X6
6. X4 o-> X6
7. X5 <-> X6



==== NOSTALL DEADLOCK: gated genuine-legal H0, NO legal single-edge deletion ====
  dag mask        : 8888
  latent set      : [0]  (latent nodes: [X1])
  spurious edges  : [X3 o-o X5, X4 o-o X5]  (k=2)
  outcome of deleting each spurious edge from H0:
    X3 o-o X5 : illegal -- genuine/acyclic -- Acyclicity violated: There is a directed cyclic path from X2 to itself in a MAG implied by this graph
    X4 o-o X5 : illegal -- genuine/maximality -- Not maximal: Inducing path exists between non-adjacent X2 and X6 in a MAG implied by this graph
  true DAG (all variables, latents included):
Graph Nodes:
(X1);X2;X3;X4;X5;X6

Graph Edges:
1. X1 --> X5
2. X1 --> X6
3. X2 --> X3
4. X2 --> X5
5. X3 --> X4
6. X4 --> X6


  true PAG G* (over observed):
Graph Nodes:
X2;X3;X4;X5;X6

Graph Edges:
1. X2 o-o X3
2. X2 o-> X5
3. X3 o-o X4
4. X4 o-> X6
5. X6 <-> X5


  H0 (G* + spurious, cold-reoriented):
Graph Nodes:
X2;X3;X4;X5;X6

Graph Edges:
1. X2 --> X3
2. X2 o-> X5
3. X4 --> X3
4. X5 --> X3
5. X5 --> X4
6. X5 <-> X6
7. X6 <-> X4



==== NOSTALL DEADLOCK: gated genuine-legal H0, NO legal single-edge deletion ====
  dag mask        : 8889
  latent set      : [4]  (latent nodes: [X5])
  spurious edges  : [X2 o-o X6, X3 o-o X6]  (k=2)
  outcome of deleting each spurious edge from H0:
    X2 o-o X6 : illegal -- genuine/acyclic -- Acyclicity violated: There is a directed cyclic path from X1 to itself in a MAG implied by this graph
    X3 o-o X6 : illegal -- genuine/acyclic -- Acyclicity violated: There is a directed cyclic path from X2 to itself in a MAG implied by this graph
  true DAG (all variables, latents included):
Graph Nodes:
X1;X2;X3;X4;(X5);X6

Graph Edges:
1. X1 --> X2
2. X1 --> X5
3. X1 --> X6
4. X2 --> X3
5. X2 --> X5
6. X3 --> X4
7. X4 --> X6


  true PAG G* (over observed):
Graph Nodes:
X1;X2;X3;X4;X6

Graph Edges:
1. X1 o-o X2
2. X1 --> X6
3. X2 o-o X3
4. X3 o-o X4
5. X4 --> X6


  H0 (G* + spurious, cold-reoriented):
Graph Nodes:
X1;X2;X3;X4;X6

Graph Edges:
1. X1 --> X2
2. X1 o-> X6
3. X3 --> X2
4. X4 --> X3
5. X4 o-> X6
6. X6 --> X2
7. X6 --> X3



==== NOSTALL DEADLOCK: gated genuine-legal H0, NO legal single-edge deletion ====
  dag mask        : 8952
  latent set      : [0]  (latent nodes: [X1])
  spurious edges  : [X3 o-o X5, X3 o-o X6]  (k=2)
  outcome of deleting each spurious edge from H0:
    X3 o-o X5 : illegal -- genuine/maximality -- Not maximal: Inducing path exists between non-adjacent X4 and X5 in a MAG implied by this graph
    X3 o-o X6 : illegal -- genuine/maximality -- Not maximal: Inducing path exists between non-adjacent X2 and X6 in a MAG implied by this graph
  true DAG (all variables, latents included):
Graph Nodes:
(X1);X2;X3;X4;X5;X6

Graph Edges:
1. X1 --> X5
2. X1 --> X6
3. X2 --> X3
4. X2 --> X4
5. X2 --> X5
6. X3 --> X4
7. X4 --> X6


  true PAG G* (over observed):
Graph Nodes:
X2;X3;X4;X5;X6

Graph Edges:
1. X2 o-o X3
2. X2 o-o X4
3. X2 o-> X5
4. X3 o-o X4
5. X4 o-> X6
6. X6 <-> X5


  H0 (G* + spurious, cold-reoriented):
Graph Nodes:
X2;X3;X4;X5;X6

Graph Edges:
1. X2 o-o X3
2. X2 o-o X4
3. X2 o-> X5
4. X3 o-o X4
5. X3 o-> X5
6. X3 o-> X6
7. X4 o-> X6
8. X5 <-> X6



==== NOSTALL DEADLOCK: gated genuine-legal H0, NO legal single-edge deletion ====
  dag mask        : 8963
  latent set      : [4]  (latent nodes: [X5])
  spurious edges  : [X1 o-o X6, X3 o-o X6]  (k=2)
  outcome of deleting each spurious edge from H0:
    X1 o-o X6 : illegal -- genuine/acyclic -- Acyclicity violated: There is a directed cyclic path from X1 to itself in a MAG implied by this graph
    X3 o-o X6 : illegal -- genuine/acyclic -- Acyclicity violated: There is a directed cyclic path from X1 to itself in a MAG implied by this graph
  true DAG (all variables, latents included):
Graph Nodes:
X1;X2;X3;X4;(X5);X6

Graph Edges:
1. X1 --> X2
2. X1 --> X3
3. X2 --> X6
4. X3 --> X4
5. X4 --> X6


  true PAG G* (over observed):
Graph Nodes:
X1;X2;X3;X4;X6

Graph Edges:
1. X1 o-o X2
2. X1 o-o X3
3. X2 --> X6
4. X3 o-o X4
5. X4 --> X6


  H0 (G* + spurious, cold-reoriented):
Graph Nodes:
X1;X2;X3;X4;X6

Graph Edges:
1. X2 --> X1
2. X2 o-> X6
3. X3 --> X1
4. X4 --> X3
5. X4 o-> X6
6. X6 --> X1
7. X6 --> X3



==== NOSTALL DEADLOCK: gated genuine-legal H0, NO legal single-edge deletion ====
  dag mask        : 8971
  latent set      : [4]  (latent nodes: [X5])
  spurious edges  : [X1 o-o X6, X3 o-o X6]  (k=2)
  outcome of deleting each spurious edge from H0:
    X1 o-o X6 : illegal -- genuine/acyclic -- Acyclicity violated: There is a directed cyclic path from X1 to itself in a MAG implied by this graph
    X3 o-o X6 : illegal -- genuine/acyclic -- Acyclicity violated: There is a directed cyclic path from X1 to itself in a MAG implied by this graph
  true DAG (all variables, latents included):
Graph Nodes:
X1;X2;X3;X4;(X5);X6

Graph Edges:
1. X1 --> X2
2. X1 --> X3
3. X1 --> X5
4. X2 --> X6
5. X3 --> X4
6. X4 --> X6


  true PAG G* (over observed):
Graph Nodes:
X1;X2;X3;X4;X6

Graph Edges:
1. X1 o-o X2
2. X1 o-o X3
3. X2 --> X6
4. X3 o-o X4
5. X4 --> X6


  H0 (G* + spurious, cold-reoriented):
Graph Nodes:
X1;X2;X3;X4;X6

Graph Edges:
1. X2 --> X1
2. X2 o-> X6
3. X3 --> X1
4. X4 --> X3
5. X4 o-> X6
6. X6 --> X1
7. X6 --> X3



==== NOSTALL DEADLOCK: gated genuine-legal H0, NO legal single-edge deletion ====
  dag mask        : 9091
  latent set      : [4]  (latent nodes: [X5])
  spurious edges  : [X1 o-o X6, X3 o-o X6]  (k=2)
  outcome of deleting each spurious edge from H0:
    X1 o-o X6 : illegal -- genuine/acyclic -- Acyclicity violated: There is a directed cyclic path from X1 to itself in a MAG implied by this graph
    X3 o-o X6 : illegal -- genuine/acyclic -- Acyclicity violated: There is a directed cyclic path from X1 to itself in a MAG implied by this graph
  true DAG (all variables, latents included):
Graph Nodes:
X1;X2;X3;X4;(X5);X6

Graph Edges:
1. X1 --> X2
2. X1 --> X3
3. X2 --> X5
4. X2 --> X6
5. X3 --> X4
6. X4 --> X6


  true PAG G* (over observed):
Graph Nodes:
X1;X2;X3;X4;X6

Graph Edges:
1. X1 o-o X2
2. X1 o-o X3
3. X2 --> X6
4. X3 o-o X4
5. X4 --> X6


  H0 (G* + spurious, cold-reoriented):
Graph Nodes:
X1;X2;X3;X4;X6

Graph Edges:
1. X2 --> X1
2. X2 o-> X6
3. X3 --> X1
4. X4 --> X3
5. X4 o-> X6
6. X6 --> X1
7. X6 --> X3



==== NOSTALL DEADLOCK: gated genuine-legal H0, NO legal single-edge deletion ====
  dag mask        : 9098
  latent set      : [1]  (latent nodes: [X2])
  spurious edges  : [X1 o-o X6, X3 o-o X6]  (k=2)
  outcome of deleting each spurious edge from H0:
    X1 o-o X6 : illegal -- genuine/maximality -- Not maximal: Inducing path exists between non-adjacent X4 and X5 in a MAG implied by this graph
    X3 o-o X6 : illegal -- genuine/acyclic -- Acyclicity violated: There is a directed cyclic path from X1 to itself in a MAG implied by this graph
  true DAG (all variables, latents included):
Graph Nodes:
X1;(X2);X3;X4;X5;X6

Graph Edges:
1. X1 --> X3
2. X1 --> X5
3. X2 --> X5
4. X2 --> X6
5. X3 --> X4
6. X4 --> X6


  true PAG G* (over observed):
Graph Nodes:
X1;X3;X4;X5;X6

Graph Edges:
1. X1 o-o X3
2. X1 o-> X5
3. X3 o-o X4
4. X4 o-> X6
5. X5 <-> X6


  H0 (G* + spurious, cold-reoriented):
Graph Nodes:
X1;X3;X4;X5;X6

Graph Edges:
1. X1 --> X3
2. X4 --> X3
3. X4 o-> X6
4. X5 <-> X1
5. X6 --> X1
6. X6 --> X3
7. X6 <-> X5



==== NOSTALL DEADLOCK: gated genuine-legal H0, NO legal single-edge deletion ====
  dag mask        : 9098
  latent set      : [1]  (latent nodes: [X2])
  spurious edges  : [X3 o-o X5, X3 o-o X6]  (k=2)
  outcome of deleting each spurious edge from H0:
    X3 o-o X5 : illegal -- genuine/maximality -- Not maximal: Inducing path exists between non-adjacent X4 and X5 in a MAG implied by this graph
    X3 o-o X6 : illegal -- genuine/maximality -- Not maximal: Inducing path exists between non-adjacent X1 and X6 in a MAG implied by this graph
  true DAG (all variables, latents included):
Graph Nodes:
X1;(X2);X3;X4;X5;X6

Graph Edges:
1. X1 --> X3
2. X1 --> X5
3. X2 --> X5
4. X2 --> X6
5. X3 --> X4
6. X4 --> X6


  true PAG G* (over observed):
Graph Nodes:
X1;X3;X4;X5;X6

Graph Edges:
1. X1 o-o X3
2. X1 o-> X5
3. X3 o-o X4
4. X4 o-> X6
5. X5 <-> X6


  H0 (G* + spurious, cold-reoriented):
Graph Nodes:
X1;X3;X4;X5;X6

Graph Edges:
1. X1 o-o X3
2. X1 o-> X5
3. X3 o-o X4
4. X3 o-> X5
5. X3 o-> X6
6. X4 o-> X6
7. X6 <-> X5



==== NOSTALL DEADLOCK: gated genuine-legal H0, NO legal single-edge deletion ====
  dag mask        : 9098
  latent set      : [1]  (latent nodes: [X2])
  spurious edges  : [X3 o-o X5, X4 o-o X5]  (k=2)
  outcome of deleting each spurious edge from H0:
    X3 o-o X5 : illegal -- genuine/acyclic -- Acyclicity violated: There is a directed cyclic path from X1 to itself in a MAG implied by this graph
    X4 o-o X5 : illegal -- genuine/maximality -- Not maximal: Inducing path exists between non-adjacent X1 and X6 in a MAG implied by this graph
  true DAG (all variables, latents included):
Graph Nodes:
X1;(X2);X3;X4;X5;X6

Graph Edges:
1. X1 --> X3
2. X1 --> X5
3. X2 --> X5
4. X2 --> X6
5. X3 --> X4
6. X4 --> X6


  true PAG G* (over observed):
Graph Nodes:
X1;X3;X4;X5;X6

Graph Edges:
1. X1 o-o X3
2. X1 o-> X5
3. X3 o-o X4
4. X4 o-> X6
5. X5 <-> X6


  H0 (G* + spurious, cold-reoriented):
Graph Nodes:
X1;X3;X4;X5;X6

Graph Edges:
1. X1 --> X3
2. X1 o-> X5
3. X4 --> X3
4. X5 --> X3
5. X5 --> X4
6. X6 <-> X4
7. X6 <-> X5



==== NOSTALL DEADLOCK: gated genuine-legal H0, NO legal single-edge deletion ====
  dag mask        : 9099
  latent set      : [4]  (latent nodes: [X5])
  spurious edges  : [X1 o-o X6, X3 o-o X6]  (k=2)
  outcome of deleting each spurious edge from H0:
    X1 o-o X6 : illegal -- genuine/acyclic -- Acyclicity violated: There is a directed cyclic path from X1 to itself in a MAG implied by this graph
    X3 o-o X6 : illegal -- genuine/acyclic -- Acyclicity violated: There is a directed cyclic path from X1 to itself in a MAG implied by this graph
  true DAG (all variables, latents included):
Graph Nodes:
X1;X2;X3;X4;(X5);X6

Graph Edges:
1. X1 --> X2
2. X1 --> X3
3. X1 --> X5
4. X2 --> X5
5. X2 --> X6
6. X3 --> X4
7. X4 --> X6


  true PAG G* (over observed):
Graph Nodes:
X1;X2;X3;X4;X6

Graph Edges:
1. X1 o-o X2
2. X1 o-o X3
3. X2 --> X6
4. X3 o-o X4
5. X4 --> X6


  H0 (G* + spurious, cold-reoriented):
Graph Nodes:
X1;X2;X3;X4;X6

Graph Edges:
1. X2 --> X1
2. X2 o-> X6
3. X3 --> X1
4. X4 --> X3
5. X4 o-> X6
6. X6 --> X1
7. X6 --> X3



==== NOSTALL DEADLOCK: gated genuine-legal H0, NO legal single-edge deletion ====
  dag mask        : 9102
  latent set      : [1]  (latent nodes: [X2])
  spurious edges  : [X3 o-o X5, X3 o-o X6]  (k=2)
  outcome of deleting each spurious edge from H0:
    X3 o-o X5 : illegal -- genuine/maximality -- Not maximal: Inducing path exists between non-adjacent X4 and X5 in a MAG implied by this graph
    X3 o-o X6 : illegal -- genuine/maximality -- Not maximal: Inducing path exists between non-adjacent X1 and X6 in a MAG implied by this graph
  true DAG (all variables, latents included):
Graph Nodes:
X1;(X2);X3;X4;X5;X6

Graph Edges:
1. X1 --> X3
2. X1 --> X4
3. X1 --> X5
4. X2 --> X5
5. X2 --> X6
6. X3 --> X4
7. X4 --> X6


  true PAG G* (over observed):
Graph Nodes:
X1;X3;X4;X5;X6

Graph Edges:
1. X1 o-o X3
2. X1 o-o X4
3. X1 o-> X5
4. X3 o-o X4
5. X4 o-> X6
6. X5 <-> X6


  H0 (G* + spurious, cold-reoriented):
Graph Nodes:
X1;X3;X4;X5;X6

Graph Edges:
1. X1 o-o X3
2. X1 o-o X4
3. X1 o-> X5
4. X3 o-o X4
5. X3 o-> X5
6. X3 o-> X6
7. X4 o-> X6
8. X6 <-> X5



==== NOSTALL DEADLOCK: gated genuine-legal H0, NO legal single-edge deletion ====
  dag mask        : 9336
  latent set      : [0]  (latent nodes: [X1])
  spurious edges  : [X2 o-o X5, X2 o-o X6]  (k=2)
  outcome of deleting each spurious edge from H0:
    X2 o-o X5 : illegal -- genuine/maximality -- Not maximal: Inducing path exists between non-adjacent X4 and X5 in a MAG implied by this graph
    X2 o-o X6 : illegal -- genuine/maximality -- Not maximal: Inducing path exists between non-adjacent X3 and X6 in a MAG implied by this graph
  true DAG (all variables, latents included):
Graph Nodes:
(X1);X2;X3;X4;X5;X6

Graph Edges:
1. X1 --> X5
2. X1 --> X6
3. X2 --> X3
4. X2 --> X4
5. X3 --> X5
6. X4 --> X6


  true PAG G* (over observed):
Graph Nodes:
X2;X3;X4;X5;X6

Graph Edges:
1. X2 o-o X3
2. X2 o-o X4
3. X3 o-> X5
4. X4 o-> X6
5. X6 <-> X5


  H0 (G* + spurious, cold-reoriented):
Graph Nodes:
X2;X3;X4;X5;X6

Graph Edges:
1. X2 o-o X3
2. X2 o-o X4
3. X2 o-> X5
4. X2 o-> X6
5. X3 o-> X5
6. X4 o-> X6
7. X6 <-> X5



==== NOSTALL DEADLOCK: gated genuine-legal H0, NO legal single-edge deletion ====
  dag mask        : 9336
  latent set      : [0]  (latent nodes: [X1])
  spurious edges  : [X2 o-o X5, X4 o-o X5]  (k=2)
  outcome of deleting each spurious edge from H0:
    X2 o-o X5 : illegal -- genuine/acyclic -- Acyclicity violated: There is a directed cyclic path from X2 to itself in a MAG implied by this graph
    X4 o-o X5 : illegal -- genuine/maximality -- Not maximal: Inducing path exists between non-adjacent X3 and X6 in a MAG implied by this graph
  true DAG (all variables, latents included):
Graph Nodes:
(X1);X2;X3;X4;X5;X6

Graph Edges:
1. X1 --> X5
2. X1 --> X6
3. X2 --> X3
4. X2 --> X4
5. X3 --> X5
6. X4 --> X6


  true PAG G* (over observed):
Graph Nodes:
X2;X3;X4;X5;X6

Graph Edges:
1. X2 o-o X3
2. X2 o-o X4
3. X3 o-> X5
4. X4 o-> X6
5. X6 <-> X5


  H0 (G* + spurious, cold-reoriented):
Graph Nodes:
X2;X3;X4;X5;X6

Graph Edges:
1. X3 --> X2
2. X3 o-> X5
3. X4 --> X2
4. X5 --> X2
5. X5 --> X4
6. X6 <-> X4
7. X6 <-> X5



==== NOSTALL DEADLOCK: gated genuine-legal H0, NO legal single-edge deletion ====
  dag mask        : 9336
  latent set      : [0]  (latent nodes: [X1])
  spurious edges  : [X2 o-o X6, X3 o-o X6]  (k=2)
  outcome of deleting each spurious edge from H0:
    X2 o-o X6 : illegal -- genuine/acyclic -- Acyclicity violated: There is a directed cyclic path from X2 to itself in a MAG implied by this graph
    X3 o-o X6 : illegal -- genuine/maximality -- Not maximal: Inducing path exists between non-adjacent X4 and X5 in a MAG implied by this graph
  true DAG (all variables, latents included):
Graph Nodes:
(X1);X2;X3;X4;X5;X6

Graph Edges:
1. X1 --> X5
2. X1 --> X6
3. X2 --> X3
4. X2 --> X4
5. X3 --> X5
6. X4 --> X6


  true PAG G* (over observed):
Graph Nodes:
X2;X3;X4;X5;X6

Graph Edges:
1. X2 o-o X3
2. X2 o-o X4
3. X3 o-> X5
4. X4 o-> X6
5. X6 <-> X5


  H0 (G* + spurious, cold-reoriented):
Graph Nodes:
X2;X3;X4;X5;X6

Graph Edges:
1. X3 --> X2
2. X4 --> X2
3. X4 o-> X6
4. X5 <-> X3
5. X6 --> X2
6. X6 --> X3
7. X6 <-> X5



==== NOSTALL DEADLOCK: gated genuine-legal H0, NO legal single-edge deletion ====
  dag mask        : 9606
  latent set      : [1]  (latent nodes: [X2])
  spurious edges  : [X1 o-o X5, X1 o-o X6]  (k=2)
  outcome of deleting each spurious edge from H0:
    X1 o-o X5 : illegal -- genuine/maximality -- Not maximal: Inducing path exists between non-adjacent X4 and X5 in a MAG implied by this graph
    X1 o-o X6 : illegal -- genuine/maximality -- Not maximal: Inducing path exists between non-adjacent X3 and X6 in a MAG implied by this graph
  true DAG (all variables, latents included):
Graph Nodes:
X1;(X2);X3;X4;X5;X6

Graph Edges:
1. X1 --> X3
2. X1 --> X4
3. X2 --> X5
4. X2 --> X6
5. X3 --> X5
6. X4 --> X6


  true PAG G* (over observed):
Graph Nodes:
X1;X3;X4;X5;X6

Graph Edges:
1. X1 o-o X3
2. X1 o-o X4
3. X3 o-> X5
4. X4 o-> X6
5. X6 <-> X5


  H0 (G* + spurious, cold-reoriented):
Graph Nodes:
X1;X3;X4;X5;X6

Graph Edges:
1. X1 o-o X3
2. X1 o-o X4
3. X1 o-> X5
4. X1 o-> X6
5. X3 o-> X5
6. X4 o-> X6
7. X6 <-> X5



==== NOSTALL DEADLOCK: gated genuine-legal H0, NO legal single-edge deletion ====
  dag mask        : 9606
  latent set      : [1]  (latent nodes: [X2])
  spurious edges  : [X1 o-o X5, X4 o-o X5]  (k=2)
  outcome of deleting each spurious edge from H0:
    X1 o-o X5 : illegal -- genuine/acyclic -- Acyclicity violated: There is a directed cyclic path from X1 to itself in a MAG implied by this graph
    X4 o-o X5 : illegal -- genuine/maximality -- Not maximal: Inducing path exists between non-adjacent X3 and X6 in a MAG implied by this graph
  true DAG (all variables, latents included):
Graph Nodes:
X1;(X2);X3;X4;X5;X6

Graph Edges:
1. X1 --> X3
2. X1 --> X4
3. X2 --> X5
4. X2 --> X6
5. X3 --> X5
6. X4 --> X6


  true PAG G* (over observed):
Graph Nodes:
X1;X3;X4;X5;X6

Graph Edges:
1. X1 o-o X3
2. X1 o-o X4
3. X3 o-> X5
4. X4 o-> X6
5. X6 <-> X5


  H0 (G* + spurious, cold-reoriented):
Graph Nodes:
X1;X3;X4;X5;X6

Graph Edges:
1. X3 --> X1
2. X3 o-> X5
3. X4 --> X1
4. X5 --> X1
5. X5 --> X4
6. X6 <-> X4
7. X6 <-> X5



==== NOSTALL DEADLOCK: gated genuine-legal H0, NO legal single-edge deletion ====
  dag mask        : 9606
  latent set      : [1]  (latent nodes: [X2])
  spurious edges  : [X1 o-o X6, X3 o-o X6]  (k=2)
  outcome of deleting each spurious edge from H0:
    X1 o-o X6 : illegal -- genuine/acyclic -- Acyclicity violated: There is a directed cyclic path from X1 to itself in a MAG implied by this graph
    X3 o-o X6 : illegal -- genuine/maximality -- Not maximal: Inducing path exists between non-adjacent X4 and X5 in a MAG implied by this graph
  true DAG (all variables, latents included):
Graph Nodes:
X1;(X2);X3;X4;X5;X6

Graph Edges:
1. X1 --> X3
2. X1 --> X4
3. X2 --> X5
4. X2 --> X6
5. X3 --> X5
6. X4 --> X6


  true PAG G* (over observed):
Graph Nodes:
X1;X3;X4;X5;X6

Graph Edges:
1. X1 o-o X3
2. X1 o-o X4
3. X3 o-> X5
4. X4 o-> X6
5. X6 <-> X5


  H0 (G* + spurious, cold-reoriented):
Graph Nodes:
X1;X3;X4;X5;X6

Graph Edges:
1. X3 --> X1
2. X4 --> X1
3. X4 o-> X6
4. X5 <-> X3
5. X6 --> X1
6. X6 --> X3
7. X6 <-> X5



==== NOSTALL DEADLOCK: gated genuine-legal H0, NO legal single-edge deletion ====
  dag mask        : 9762
  latent set      : [4]  (latent nodes: [X5])
  spurious edges  : [X1 o-o X6, X2 o-o X6]  (k=2)
  outcome of deleting each spurious edge from H0:
    X1 o-o X6 : illegal -- genuine/acyclic -- Acyclicity violated: There is a directed cyclic path from X2 to itself in a MAG implied by this graph
    X2 o-o X6 : illegal -- genuine/acyclic -- Acyclicity violated: There is a directed cyclic path from X1 to itself in a MAG implied by this graph
  true DAG (all variables, latents included):
Graph Nodes:
X1;X2;X3;X4;(X5);X6

Graph Edges:
1. X1 --> X3
2. X2 --> X3
3. X3 --> X4
4. X3 --> X5
5. X4 --> X6


  true PAG G* (over observed):
Graph Nodes:
X1;X2;X3;X4;X6

Graph Edges:
1. X1 o-> X3
2. X2 o-> X3
3. X3 --> X4
4. X4 --> X6


  H0 (G* + spurious, cold-reoriented):
Graph Nodes:
X1;X2;X3;X4;X6

Graph Edges:
1. X1 o-> X3
2. X1 --> X6
3. X2 o-> X3
4. X2 --> X6
5. X3 --> X4
6. X4 --> X6



==== NOSTALL DEADLOCK: gated genuine-legal H0, NO legal single-edge deletion ====
  dag mask        : 9770
  latent set      : [4]  (latent nodes: [X5])
  spurious edges  : [X1 o-o X6, X2 o-o X6]  (k=2)
  outcome of deleting each spurious edge from H0:
    X1 o-o X6 : illegal -- genuine/acyclic -- Acyclicity violated: There is a directed cyclic path from X2 to itself in a MAG implied by this graph
    X2 o-o X6 : illegal -- genuine/acyclic -- Acyclicity violated: There is a directed cyclic path from X1 to itself in a MAG implied by this graph
  true DAG (all variables, latents included):
Graph Nodes:
X1;X2;X3;X4;(X5);X6

Graph Edges:
1. X1 --> X3
2. X1 --> X5
3. X2 --> X3
4. X3 --> X4
5. X3 --> X5
6. X4 --> X6


  true PAG G* (over observed):
Graph Nodes:
X1;X2;X3;X4;X6

Graph Edges:
1. X1 o-> X3
2. X2 o-> X3
3. X3 --> X4
4. X4 --> X6


  H0 (G* + spurious, cold-reoriented):
Graph Nodes:
X1;X2;X3;X4;X6

Graph Edges:
1. X1 o-> X3
2. X1 --> X6
3. X2 o-> X3
4. X2 --> X6
5. X3 --> X4
6. X4 --> X6



==== NOSTALL DEADLOCK: gated genuine-legal H0, NO legal single-edge deletion ====
  dag mask        : 9777
  latent set      : [4]  (latent nodes: [X5])
  spurious edges  : [X2 o-o X6, X3 o-o X6]  (k=2)
  outcome of deleting each spurious edge from H0:
    X2 o-o X6 : illegal -- genuine/acyclic -- Acyclicity violated: There is a directed cyclic path from X1 to itself in a MAG implied by this graph
    X3 o-o X6 : illegal -- genuine/acyclic -- Acyclicity violated: There is a directed cyclic path from X2 to itself in a MAG implied by this graph
  true DAG (all variables, latents included):
Graph Nodes:
X1;X2;X3;X4;(X5);X6

Graph Edges:
1. X1 --> X2
2. X1 --> X6
3. X2 --> X3
4. X3 --> X4
5. X3 --> X5
6. X4 --> X6


  true PAG G* (over observed):
Graph Nodes:
X1;X2;X3;X4;X6

Graph Edges:
1. X1 o-o X2
2. X1 --> X6
3. X2 o-o X3
4. X3 o-o X4
5. X4 --> X6


  H0 (G* + spurious, cold-reoriented):
Graph Nodes:
X1;X2;X3;X4;X6

Graph Edges:
1. X1 --> X2
2. X1 o-> X6
3. X3 --> X2
4. X4 --> X3
5. X4 o-> X6
6. X6 --> X2
7. X6 --> X3



==== NOSTALL DEADLOCK: gated genuine-legal H0, NO legal single-edge deletion ====
  dag mask        : 9785
  latent set      : [4]  (latent nodes: [X5])
  spurious edges  : [X2 o-o X6, X3 o-o X6]  (k=2)
  outcome of deleting each spurious edge from H0:
    X2 o-o X6 : illegal -- genuine/acyclic -- Acyclicity violated: There is a directed cyclic path from X1 to itself in a MAG implied by this graph
    X3 o-o X6 : illegal -- genuine/acyclic -- Acyclicity violated: There is a directed cyclic path from X2 to itself in a MAG implied by this graph
  true DAG (all variables, latents included):
Graph Nodes:
X1;X2;X3;X4;(X5);X6

Graph Edges:
1. X1 --> X2
2. X1 --> X5
3. X1 --> X6
4. X2 --> X3
5. X3 --> X4
6. X3 --> X5
7. X4 --> X6


  true PAG G* (over observed):
Graph Nodes:
X1;X2;X3;X4;X6

Graph Edges:
1. X1 o-o X2
2. X1 --> X6
3. X2 o-o X3
4. X3 o-o X4
5. X4 --> X6


  H0 (G* + spurious, cold-reoriented):
Graph Nodes:
X1;X2;X3;X4;X6

Graph Edges:
1. X1 --> X2
2. X1 o-> X6
3. X3 --> X2
4. X4 --> X3
5. X4 o-> X6
6. X6 --> X2
7. X6 --> X3



==== NOSTALL DEADLOCK: gated genuine-legal H0, NO legal single-edge deletion ====
  dag mask        : 9816
  latent set      : [0]  (latent nodes: [X1])
  spurious edges  : [X2 o-o X5, X2 o-o X6]  (k=2)
  outcome of deleting each spurious edge from H0:
    X2 o-o X5 : illegal -- genuine/maximality -- Not maximal: Inducing path exists between non-adjacent X2 and X3 in a MAG implied by this graph
    X2 o-o X6 : illegal -- genuine/maximality -- Not maximal: Inducing path exists between non-adjacent X3 and X6 in a MAG implied by this graph
  true DAG (all variables, latents included):
Graph Nodes:
(X1);X2;X3;X4;X5;X6

Graph Edges:
1. X1 --> X5
2. X1 --> X6
3. X2 --> X4
4. X3 --> X4
5. X3 --> X5
6. X4 --> X6


  true PAG G* (over observed):
Graph Nodes:
X2;X3;X4;X5;X6

Graph Edges:
1. X2 o-> X4
2. X3 o-> X4
3. X3 o-> X5
4. X4 --> X6
5. X6 <-> X5


  H0 (G* + spurious, cold-reoriented):
Graph Nodes:
X2;X3;X4;X5;X6

Graph Edges:
1. X2 <-> X6
2. X3 o-> X4
3. X3 o-> X5
4. X4 <-> X2
5. X4 --> X6
6. X5 --> X2
7. X5 <-> X6



==== NOSTALL DEADLOCK: gated genuine-legal H0, NO legal single-edge deletion ====
  dag mask        : 9848
  latent set      : [0]  (latent nodes: [X1])
  spurious edges  : [X2 o-o X5, X2 o-o X6]  (k=2)
  outcome of deleting each spurious edge from H0:
    X2 o-o X5 : illegal -- genuine/maximality -- Not maximal: Inducing path exists between non-adjacent X4 and X5 in a MAG implied by this graph
    X2 o-o X6 : illegal -- genuine/maximality -- Not maximal: Inducing path exists between non-adjacent X3 and X6 in a MAG implied by this graph
  true DAG (all variables, latents included):
Graph Nodes:
(X1);X2;X3;X4;X5;X6

Graph Edges:
1. X1 --> X5
2. X1 --> X6
3. X2 --> X3
4. X2 --> X4
5. X3 --> X4
6. X3 --> X5
7. X4 --> X6


  true PAG G* (over observed):
Graph Nodes:
X2;X3;X4;X5;X6

Graph Edges:
1. X2 o-o X3
2. X2 o-o X4
3. X3 o-o X4
4. X3 o-> X5
5. X4 o-> X6
6. X6 <-> X5


  H0 (G* + spurious, cold-reoriented):
Graph Nodes:
X2;X3;X4;X5;X6

Graph Edges:
1. X2 o-o X3
2. X2 o-o X4
3. X2 o-> X5
4. X2 o-> X6
5. X3 o-o X4
6. X3 o-> X5
7. X4 o-> X6
8. X6 <-> X5



==== NOSTALL DEADLOCK: gated genuine-legal H0, NO legal single-edge deletion ====
  dag mask        : 9890
  latent set      : [4]  (latent nodes: [X5])
  spurious edges  : [X1 o-o X6, X2 o-o X6]  (k=2)
  outcome of deleting each spurious edge from H0:
    X1 o-o X6 : illegal -- genuine/acyclic -- Acyclicity violated: There is a directed cyclic path from X2 to itself in a MAG implied by this graph
    X2 o-o X6 : illegal -- genuine/acyclic -- Acyclicity violated: There is a directed cyclic path from X1 to itself in a MAG implied by this graph
  true DAG (all variables, latents included):
Graph Nodes:
X1;X2;X3;X4;(X5);X6

Graph Edges:
1. X1 --> X3
2. X2 --> X3
3. X2 --> X5
4. X3 --> X4
5. X3 --> X5
6. X4 --> X6


  true PAG G* (over observed):
Graph Nodes:
X1;X2;X3;X4;X6

Graph Edges:
1. X1 o-> X3
2. X2 o-> X3
3. X3 --> X4
4. X4 --> X6


  H0 (G* + spurious, cold-reoriented):
Graph Nodes:
X1;X2;X3;X4;X6

Graph Edges:
1. X1 o-> X3
2. X1 --> X6
3. X2 o-> X3
4. X2 --> X6
5. X3 --> X4
6. X4 --> X6



==== NOSTALL DEADLOCK: gated genuine-legal H0, NO legal single-edge deletion ====
  dag mask        : 9898
  latent set      : [4]  (latent nodes: [X5])
  spurious edges  : [X1 o-o X6, X2 o-o X6]  (k=2)
  outcome of deleting each spurious edge from H0:
    X1 o-o X6 : illegal -- genuine/acyclic -- Acyclicity violated: There is a directed cyclic path from X2 to itself in a MAG implied by this graph
    X2 o-o X6 : illegal -- genuine/acyclic -- Acyclicity violated: There is a directed cyclic path from X1 to itself in a MAG implied by this graph
  true DAG (all variables, latents included):
Graph Nodes:
X1;X2;X3;X4;(X5);X6

Graph Edges:
1. X1 --> X3
2. X1 --> X5
3. X2 --> X3
4. X2 --> X5
5. X3 --> X4
6. X3 --> X5
7. X4 --> X6


  true PAG G* (over observed):
Graph Nodes:
X1;X2;X3;X4;X6

Graph Edges:
1. X1 o-> X3
2. X2 o-> X3
3. X3 --> X4
4. X4 --> X6


  H0 (G* + spurious, cold-reoriented):
Graph Nodes:
X1;X2;X3;X4;X6

Graph Edges:
1. X1 o-> X3
2. X1 --> X6
3. X2 o-> X3
4. X2 --> X6
5. X3 --> X4
6. X4 --> X6



==== NOSTALL DEADLOCK: gated genuine-legal H0, NO legal single-edge deletion ====
  dag mask        : 9905
  latent set      : [4]  (latent nodes: [X5])
  spurious edges  : [X2 o-o X6, X3 o-o X6]  (k=2)
  outcome of deleting each spurious edge from H0:
    X2 o-o X6 : illegal -- genuine/acyclic -- Acyclicity violated: There is a directed cyclic path from X1 to itself in a MAG implied by this graph
    X3 o-o X6 : illegal -- genuine/acyclic -- Acyclicity violated: There is a directed cyclic path from X2 to itself in a MAG implied by this graph
  true DAG (all variables, latents included):
Graph Nodes:
X1;X2;X3;X4;(X5);X6

Graph Edges:
1. X1 --> X2
2. X1 --> X6
3. X2 --> X3
4. X2 --> X5
5. X3 --> X4
6. X3 --> X5
7. X4 --> X6


  true PAG G* (over observed):
Graph Nodes:
X1;X2;X3;X4;X6

Graph Edges:
1. X1 o-o X2
2. X1 --> X6
3. X2 o-o X3
4. X3 o-o X4
5. X4 --> X6


  H0 (G* + spurious, cold-reoriented):
Graph Nodes:
X1;X2;X3;X4;X6

Graph Edges:
1. X1 --> X2
2. X1 o-> X6
3. X3 --> X2
4. X4 --> X3
5. X4 o-> X6
6. X6 --> X2
7. X6 --> X3



==== NOSTALL DEADLOCK: gated genuine-legal H0, NO legal single-edge deletion ====
  dag mask        : 9913
  latent set      : [4]  (latent nodes: [X5])
  spurious edges  : [X2 o-o X6, X3 o-o X6]  (k=2)
  outcome of deleting each spurious edge from H0:
    X2 o-o X6 : illegal -- genuine/acyclic -- Acyclicity violated: There is a directed cyclic path from X1 to itself in a MAG implied by this graph
    X3 o-o X6 : illegal -- genuine/acyclic -- Acyclicity violated: There is a directed cyclic path from X2 to itself in a MAG implied by this graph
  true DAG (all variables, latents included):
Graph Nodes:
X1;X2;X3;X4;(X5);X6

Graph Edges:
1. X1 --> X2
2. X1 --> X5
3. X1 --> X6
4. X2 --> X3
5. X2 --> X5
6. X3 --> X4
7. X3 --> X5
8. X4 --> X6


  true PAG G* (over observed):
Graph Nodes:
X1;X2;X3;X4;X6

Graph Edges:
1. X1 o-o X2
2. X1 --> X6
3. X2 o-o X3
4. X3 o-o X4
5. X4 --> X6


  H0 (G* + spurious, cold-reoriented):
Graph Nodes:
X1;X2;X3;X4;X6

Graph Edges:
1. X1 --> X2
2. X1 o-> X6
3. X3 --> X2
4. X4 --> X3
5. X4 o-> X6
6. X6 --> X2
7. X6 --> X3



==== NOSTALL DEADLOCK: gated genuine-legal H0, NO legal single-edge deletion ====
  dag mask        : 9987
  latent set      : [4]  (latent nodes: [X5])
  spurious edges  : [X1 o-o X6, X3 o-o X6]  (k=2)
  outcome of deleting each spurious edge from H0:
    X1 o-o X6 : illegal -- genuine/acyclic -- Acyclicity violated: There is a directed cyclic path from X1 to itself in a MAG implied by this graph
    X3 o-o X6 : illegal -- genuine/acyclic -- Acyclicity violated: There is a directed cyclic path from X1 to itself in a MAG implied by this graph
  true DAG (all variables, latents included):
Graph Nodes:
X1;X2;X3;X4;(X5);X6

Graph Edges:
1. X1 --> X2
2. X1 --> X3
3. X2 --> X6
4. X3 --> X4
5. X3 --> X5
6. X4 --> X6


  true PAG G* (over observed):
Graph Nodes:
X1;X2;X3;X4;X6

Graph Edges:
1. X1 o-o X2
2. X1 o-o X3
3. X2 --> X6
4. X3 o-o X4
5. X4 --> X6


  H0 (G* + spurious, cold-reoriented):
Graph Nodes:
X1;X2;X3;X4;X6

Graph Edges:
1. X2 --> X1
2. X2 o-> X6
3. X3 --> X1
4. X4 --> X3
5. X4 o-> X6
6. X6 --> X1
7. X6 --> X3



==== NOSTALL DEADLOCK: gated genuine-legal H0, NO legal single-edge deletion ====
  dag mask        : 9995
  latent set      : [4]  (latent nodes: [X5])
  spurious edges  : [X1 o-o X6, X3 o-o X6]  (k=2)
  outcome of deleting each spurious edge from H0:
    X1 o-o X6 : illegal -- genuine/acyclic -- Acyclicity violated: There is a directed cyclic path from X1 to itself in a MAG implied by this graph
    X3 o-o X6 : illegal -- genuine/acyclic -- Acyclicity violated: There is a directed cyclic path from X1 to itself in a MAG implied by this graph
  true DAG (all variables, latents included):
Graph Nodes:
X1;X2;X3;X4;(X5);X6

Graph Edges:
1. X1 --> X2
2. X1 --> X3
3. X1 --> X5
4. X2 --> X6
5. X3 --> X4
6. X3 --> X5
7. X4 --> X6


  true PAG G* (over observed):
Graph Nodes:
X1;X2;X3;X4;X6

Graph Edges:
1. X1 o-o X2
2. X1 o-o X3
3. X2 --> X6
4. X3 o-o X4
5. X4 --> X6


  H0 (G* + spurious, cold-reoriented):
Graph Nodes:
X1;X2;X3;X4;X6

Graph Edges:
1. X2 --> X1
2. X2 o-> X6
3. X3 --> X1
4. X4 --> X3
5. X4 o-> X6
6. X6 --> X1
7. X6 --> X3



==== NOSTALL DEADLOCK: gated genuine-legal H0, NO legal single-edge deletion ====
  dag mask        : 10115
  latent set      : [4]  (latent nodes: [X5])
  spurious edges  : [X1 o-o X6, X3 o-o X6]  (k=2)
  outcome of deleting each spurious edge from H0:
    X1 o-o X6 : illegal -- genuine/acyclic -- Acyclicity violated: There is a directed cyclic path from X1 to itself in a MAG implied by this graph
    X3 o-o X6 : illegal -- genuine/acyclic -- Acyclicity violated: There is a directed cyclic path from X1 to itself in a MAG implied by this graph
  true DAG (all variables, latents included):
Graph Nodes:
X1;X2;X3;X4;(X5);X6

Graph Edges:
1. X1 --> X2
2. X1 --> X3
3. X2 --> X5
4. X2 --> X6
5. X3 --> X4
6. X3 --> X5
7. X4 --> X6


  true PAG G* (over observed):
Graph Nodes:
X1;X2;X3;X4;X6

Graph Edges:
1. X1 o-o X2
2. X1 o-o X3
3. X2 --> X6
4. X3 o-o X4
5. X4 --> X6


  H0 (G* + spurious, cold-reoriented):
Graph Nodes:
X1;X2;X3;X4;X6

Graph Edges:
1. X2 --> X1
2. X2 o-> X6
3. X3 --> X1
4. X4 --> X3
5. X4 o-> X6
6. X6 --> X1
7. X6 --> X3



==== NOSTALL DEADLOCK: gated genuine-legal H0, NO legal single-edge deletion ====
  dag mask        : 10116
  latent set      : [1]  (latent nodes: [X2])
  spurious edges  : [X1 o-o X5, X1 o-o X6]  (k=2)
  outcome of deleting each spurious edge from H0:
    X1 o-o X5 : illegal -- genuine/maximality -- Not maximal: Inducing path exists between non-adjacent X1 and X3 in a MAG implied by this graph
    X1 o-o X6 : illegal -- genuine/maximality -- Not maximal: Inducing path exists between non-adjacent X3 and X6 in a MAG implied by this graph
  true DAG (all variables, latents included):
Graph Nodes:
X1;(X2);X3;X4;X5;X6

Graph Edges:
1. X1 --> X4
2. X2 --> X5
3. X2 --> X6
4. X3 --> X4
5. X3 --> X5
6. X4 --> X6


  true PAG G* (over observed):
Graph Nodes:
X1;X3;X4;X5;X6

Graph Edges:
1. X1 o-> X4
2. X3 o-> X4
3. X3 o-> X5
4. X4 --> X6
5. X6 <-> X5


  H0 (G* + spurious, cold-reoriented):
Graph Nodes:
X1;X3;X4;X5;X6

Graph Edges:
1. X1 <-> X6
2. X3 o-> X4
3. X3 o-> X5
4. X4 <-> X1
5. X4 --> X6
6. X5 --> X1
7. X5 <-> X6



==== NOSTALL DEADLOCK: gated genuine-legal H0, NO legal single-edge deletion ====
  dag mask        : 10118
  latent set      : [1]  (latent nodes: [X2])
  spurious edges  : [X1 o-o X5, X1 o-o X6]  (k=2)
  outcome of deleting each spurious edge from H0:
    X1 o-o X5 : illegal -- genuine/maximality -- Not maximal: Inducing path exists between non-adjacent X4 and X5 in a MAG implied by this graph
    X1 o-o X6 : illegal -- genuine/maximality -- Not maximal: Inducing path exists between non-adjacent X3 and X6 in a MAG implied by this graph
  true DAG (all variables, latents included):
Graph Nodes:
X1;(X2);X3;X4;X5;X6

Graph Edges:
1. X1 --> X3
2. X1 --> X4
3. X2 --> X5
4. X2 --> X6
5. X3 --> X4
6. X3 --> X5
7. X4 --> X6


  true PAG G* (over observed):
Graph Nodes:
X1;X3;X4;X5;X6

Graph Edges:
1. X1 o-o X3
2. X1 o-o X4
3. X3 o-o X4
4. X3 o-> X5
5. X4 o-> X6
6. X6 <-> X5


  H0 (G* + spurious, cold-reoriented):
Graph Nodes:
X1;X3;X4;X5;X6

Graph Edges:
1. X1 o-o X3
2. X1 o-o X4
3. X1 o-> X5
4. X1 o-> X6
5. X3 o-o X4
6. X3 o-> X5
7. X4 o-> X6
8. X6 <-> X5



==== NOSTALL DEADLOCK: gated genuine-legal H0, NO legal single-edge deletion ====
  dag mask        : 10123
  latent set      : [4]  (latent nodes: [X5])
  spurious edges  : [X1 o-o X6, X3 o-o X6]  (k=2)
  outcome of deleting each spurious edge from H0:
    X1 o-o X6 : illegal -- genuine/acyclic -- Acyclicity violated: There is a directed cyclic path from X1 to itself in a MAG implied by this graph
    X3 o-o X6 : illegal -- genuine/acyclic -- Acyclicity violated: There is a directed cyclic path from X1 to itself in a MAG implied by this graph
  true DAG (all variables, latents included):
Graph Nodes:
X1;X2;X3;X4;(X5);X6

Graph Edges:
1. X1 --> X2
2. X1 --> X3
3. X1 --> X5
4. X2 --> X5
5. X2 --> X6
6. X3 --> X4
7. X3 --> X5
8. X4 --> X6


  true PAG G* (over observed):
Graph Nodes:
X1;X2;X3;X4;X6

Graph Edges:
1. X1 o-o X2
2. X1 o-o X3
3. X2 --> X6
4. X3 o-o X4
5. X4 --> X6


  H0 (G* + spurious, cold-reoriented):
Graph Nodes:
X1;X2;X3;X4;X6

Graph Edges:
1. X2 --> X1
2. X2 o-> X6
3. X3 --> X1
4. X4 --> X3
5. X4 o-> X6
6. X6 --> X1
7. X6 --> X3



==== NOSTALL DEADLOCK: gated genuine-legal H0, NO legal single-edge deletion ====
  dag mask        : 10277
  latent set      : [4]  (latent nodes: [X5])
  spurious edges  : [X1 o-o X6, X2 o-o X6]  (k=2)
  outcome of deleting each spurious edge from H0:
    X1 o-o X6 : illegal -- genuine/acyclic -- Acyclicity violated: There is a directed cyclic path from X1 to itself in a MAG implied by this graph
    X2 o-o X6 : illegal -- genuine/acyclic -- Acyclicity violated: There is a directed cyclic path from X1 to itself in a MAG implied by this graph
  true DAG (all variables, latents included):
Graph Nodes:
X1;X2;X3;X4;(X5);X6

Graph Edges:
1. X1 --> X2
2. X1 --> X4
3. X2 --> X3
4. X3 --> X6
5. X4 --> X6


  true PAG G* (over observed):
Graph Nodes:
X1;X2;X3;X4;X6

Graph Edges:
1. X1 o-o X2
2. X1 o-o X4
3. X2 o-o X3
4. X3 --> X6
5. X4 --> X6


  H0 (G* + spurious, cold-reoriented):
Graph Nodes:
X1;X2;X3;X4;X6

Graph Edges:
1. X1 --> X2
2. X3 --> X2
3. X3 o-> X6
4. X4 --> X1
5. X4 o-> X6
6. X6 --> X1
7. X6 --> X2



==== NOSTALL DEADLOCK: gated genuine-legal H0, NO legal single-edge deletion ====
  dag mask        : 10285
  latent set      : [4]  (latent nodes: [X5])
  spurious edges  : [X1 o-o X6, X2 o-o X6]  (k=2)
  outcome of deleting each spurious edge from H0:
    X1 o-o X6 : illegal -- genuine/acyclic -- Acyclicity violated: There is a directed cyclic path from X1 to itself in a MAG implied by this graph
    X2 o-o X6 : illegal -- genuine/acyclic -- Acyclicity violated: There is a directed cyclic path from X1 to itself in a MAG implied by this graph
  true DAG (all variables, latents included):
Graph Nodes:
X1;X2;X3;X4;(X5);X6

Graph Edges:
1. X1 --> X2
2. X1 --> X4
3. X1 --> X5
4. X2 --> X3
5. X3 --> X6
6. X4 --> X6


  true PAG G* (over observed):
Graph Nodes:
X1;X2;X3;X4;X6

Graph Edges:
1. X1 o-o X2
2. X1 o-o X4
3. X2 o-o X3
4. X3 --> X6
5. X4 --> X6


  H0 (G* + spurious, cold-reoriented):
Graph Nodes:
X1;X2;X3;X4;X6

Graph Edges:
1. X1 --> X2
2. X3 --> X2
3. X3 o-> X6
4. X4 --> X1
5. X4 o-> X6
6. X6 --> X1
7. X6 --> X2



==== NOSTALL DEADLOCK: gated genuine-legal H0, NO legal single-edge deletion ====
  dag mask        : 10307
  latent set      : [4]  (latent nodes: [X5])
  spurious edges  : [X1 o-o X6, X2 o-o X6]  (k=2)
  outcome of deleting each spurious edge from H0:
    X1 o-o X6 : illegal -- genuine/acyclic -- Acyclicity violated: There is a directed cyclic path from X1 to itself in a MAG implied by this graph
    X2 o-o X6 : illegal -- genuine/acyclic -- Acyclicity violated: There is a directed cyclic path from X1 to itself in a MAG implied by this graph
  true DAG (all variables, latents included):
Graph Nodes:
X1;X2;X3;X4;(X5);X6

Graph Edges:
1. X1 --> X2
2. X1 --> X3
3. X2 --> X4
4. X3 --> X6
5. X4 --> X6


  true PAG G* (over observed):
Graph Nodes:
X1;X2;X3;X4;X6

Graph Edges:
1. X1 o-o X2
2. X1 o-o X3
3. X2 o-o X4
4. X3 --> X6
5. X4 --> X6


  H0 (G* + spurious, cold-reoriented):
Graph Nodes:
X1;X2;X3;X4;X6

Graph Edges:
1. X2 --> X1
2. X3 --> X1
3. X3 o-> X6
4. X4 --> X2
5. X4 o-> X6
6. X6 --> X1
7. X6 --> X2



==== NOSTALL DEADLOCK: gated genuine-legal H0, NO legal single-edge deletion ====
  dag mask        : 10315
  latent set      : [4]  (latent nodes: [X5])
  spurious edges  : [X1 o-o X6, X2 o-o X6]  (k=2)
  outcome of deleting each spurious edge from H0:
    X1 o-o X6 : illegal -- genuine/acyclic -- Acyclicity violated: There is a directed cyclic path from X1 to itself in a MAG implied by this graph
    X2 o-o X6 : illegal -- genuine/acyclic -- Acyclicity violated: There is a directed cyclic path from X1 to itself in a MAG implied by this graph
  true DAG (all variables, latents included):
Graph Nodes:
X1;X2;X3;X4;(X5);X6

Graph Edges:
1. X1 --> X2
2. X1 --> X3
3. X1 --> X5
4. X2 --> X4
5. X3 --> X6
6. X4 --> X6


  true PAG G* (over observed):
Graph Nodes:
X1;X2;X3;X4;X6

Graph Edges:
1. X1 o-o X2
2. X1 o-o X3
3. X2 o-o X4
4. X3 --> X6
5. X4 --> X6


  H0 (G* + spurious, cold-reoriented):
Graph Nodes:
X1;X2;X3;X4;X6

Graph Edges:
1. X2 --> X1
2. X3 --> X1
3. X3 o-> X6
4. X4 --> X2
5. X4 o-> X6
6. X6 --> X1
7. X6 --> X2



==== NOSTALL DEADLOCK: gated genuine-legal H0, NO legal single-edge deletion ====
  dag mask        : 10405
  latent set      : [4]  (latent nodes: [X5])
  spurious edges  : [X1 o-o X6, X2 o-o X6]  (k=2)
  outcome of deleting each spurious edge from H0:
    X1 o-o X6 : illegal -- genuine/acyclic -- Acyclicity violated: There is a directed cyclic path from X1 to itself in a MAG implied by this graph
    X2 o-o X6 : illegal -- genuine/acyclic -- Acyclicity violated: There is a directed cyclic path from X1 to itself in a MAG implied by this graph
  true DAG (all variables, latents included):
Graph Nodes:
X1;X2;X3;X4;(X5);X6

Graph Edges:
1. X1 --> X2
2. X1 --> X4
3. X2 --> X3
4. X2 --> X5
5. X3 --> X6
6. X4 --> X6


  true PAG G* (over observed):
Graph Nodes:
X1;X2;X3;X4;X6

Graph Edges:
1. X1 o-o X2
2. X1 o-o X4
3. X2 o-o X3
4. X3 --> X6
5. X4 --> X6


  H0 (G* + spurious, cold-reoriented):
Graph Nodes:
X1;X2;X3;X4;X6

Graph Edges:
1. X1 --> X2
2. X3 --> X2
3. X3 o-> X6
4. X4 --> X1
5. X4 o-> X6
6. X6 --> X1
7. X6 --> X2



==== NOSTALL DEADLOCK: gated genuine-legal H0, NO legal single-edge deletion ====
  dag mask        : 10413
  latent set      : [4]  (latent nodes: [X5])
  spurious edges  : [X1 o-o X6, X2 o-o X6]  (k=2)
  outcome of deleting each spurious edge from H0:
    X1 o-o X6 : illegal -- genuine/acyclic -- Acyclicity violated: There is a directed cyclic path from X1 to itself in a MAG implied by this graph
    X2 o-o X6 : illegal -- genuine/acyclic -- Acyclicity violated: There is a directed cyclic path from X1 to itself in a MAG implied by this graph
  true DAG (all variables, latents included):
Graph Nodes:
X1;X2;X3;X4;(X5);X6

Graph Edges:
1. X1 --> X2
2. X1 --> X4
3. X1 --> X5
4. X2 --> X3
5. X2 --> X5
6. X3 --> X6
7. X4 --> X6


  true PAG G* (over observed):
Graph Nodes:
X1;X2;X3;X4;X6

Graph Edges:
1. X1 o-o X2
2. X1 o-o X4
3. X2 o-o X3
4. X3 --> X6
5. X4 --> X6


  H0 (G* + spurious, cold-reoriented):
Graph Nodes:
X1;X2;X3;X4;X6

Graph Edges:
1. X1 --> X2
2. X3 --> X2
3. X3 o-> X6
4. X4 --> X1
5. X4 o-> X6
6. X6 --> X1
7. X6 --> X2



==== NOSTALL DEADLOCK: gated genuine-legal H0, NO legal single-edge deletion ====
  dag mask        : 10435
  latent set      : [4]  (latent nodes: [X5])
  spurious edges  : [X1 o-o X6, X2 o-o X6]  (k=2)
  outcome of deleting each spurious edge from H0:
    X1 o-o X6 : illegal -- genuine/acyclic -- Acyclicity violated: There is a directed cyclic path from X1 to itself in a MAG implied by this graph
    X2 o-o X6 : illegal -- genuine/acyclic -- Acyclicity violated: There is a directed cyclic path from X1 to itself in a MAG implied by this graph
  true DAG (all variables, latents included):
Graph Nodes:
X1;X2;X3;X4;(X5);X6

Graph Edges:
1. X1 --> X2
2. X1 --> X3
3. X2 --> X4
4. X2 --> X5
5. X3 --> X6
6. X4 --> X6


  true PAG G* (over observed):
Graph Nodes:
X1;X2;X3;X4;X6

Graph Edges:
1. X1 o-o X2
2. X1 o-o X3
3. X2 o-o X4
4. X3 --> X6
5. X4 --> X6


  H0 (G* + spurious, cold-reoriented):
Graph Nodes:
X1;X2;X3;X4;X6

Graph Edges:
1. X2 --> X1
2. X3 --> X1
3. X3 o-> X6
4. X4 --> X2
5. X4 o-> X6
6. X6 --> X1
7. X6 --> X2



==== NOSTALL DEADLOCK: gated genuine-legal H0, NO legal single-edge deletion ====
  dag mask        : 10443
  latent set      : [4]  (latent nodes: [X5])
  spurious edges  : [X1 o-o X6, X2 o-o X6]  (k=2)
  outcome of deleting each spurious edge from H0:
    X1 o-o X6 : illegal -- genuine/acyclic -- Acyclicity violated: There is a directed cyclic path from X1 to itself in a MAG implied by this graph
    X2 o-o X6 : illegal -- genuine/acyclic -- Acyclicity violated: There is a directed cyclic path from X1 to itself in a MAG implied by this graph
  true DAG (all variables, latents included):
Graph Nodes:
X1;X2;X3;X4;(X5);X6

Graph Edges:
1. X1 --> X2
2. X1 --> X3
3. X1 --> X5
4. X2 --> X4
5. X2 --> X5
6. X3 --> X6
7. X4 --> X6


  true PAG G* (over observed):
Graph Nodes:
X1;X2;X3;X4;X6

Graph Edges:
1. X1 o-o X2
2. X1 o-o X3
3. X2 o-o X4
4. X3 --> X6
5. X4 --> X6


  H0 (G* + spurious, cold-reoriented):
Graph Nodes:
X1;X2;X3;X4;X6

Graph Edges:
1. X2 --> X1
2. X3 --> X1
3. X3 o-> X6
4. X4 --> X2
5. X4 o-> X6
6. X6 --> X1
7. X6 --> X2



==== NOSTALL DEADLOCK: gated genuine-legal H0, NO legal single-edge deletion ====
  dag mask        : 11301
  latent set      : [4]  (latent nodes: [X5])
  spurious edges  : [X1 o-o X6, X2 o-o X6]  (k=2)
  outcome of deleting each spurious edge from H0:
    X1 o-o X6 : illegal -- genuine/acyclic -- Acyclicity violated: There is a directed cyclic path from X1 to itself in a MAG implied by this graph
    X2 o-o X6 : illegal -- genuine/acyclic -- Acyclicity violated: There is a directed cyclic path from X1 to itself in a MAG implied by this graph
  true DAG (all variables, latents included):
Graph Nodes:
X1;X2;X3;X4;(X5);X6

Graph Edges:
1. X1 --> X2
2. X1 --> X4
3. X2 --> X3
4. X3 --> X5
5. X3 --> X6
6. X4 --> X6


  true PAG G* (over observed):
Graph Nodes:
X1;X2;X3;X4;X6

Graph Edges:
1. X1 o-o X2
2. X1 o-o X4
3. X2 o-o X3
4. X3 --> X6
5. X4 --> X6


  H0 (G* + spurious, cold-reoriented):
Graph Nodes:
X1;X2;X3;X4;X6

Graph Edges:
1. X1 --> X2
2. X3 --> X2
3. X3 o-> X6
4. X4 --> X1
5. X4 o-> X6
6. X6 --> X1
7. X6 --> X2



==== NOSTALL DEADLOCK: gated genuine-legal H0, NO legal single-edge deletion ====
  dag mask        : 11309
  latent set      : [4]  (latent nodes: [X5])
  spurious edges  : [X1 o-o X6, X2 o-o X6]  (k=2)
  outcome of deleting each spurious edge from H0:
    X1 o-o X6 : illegal -- genuine/acyclic -- Acyclicity violated: There is a directed cyclic path from X1 to itself in a MAG implied by this graph
    X2 o-o X6 : illegal -- genuine/acyclic -- Acyclicity violated: There is a directed cyclic path from X1 to itself in a MAG implied by this graph
  true DAG (all variables, latents included):
Graph Nodes:
X1;X2;X3;X4;(X5);X6

Graph Edges:
1. X1 --> X2
2. X1 --> X4
3. X1 --> X5
4. X2 --> X3
5. X3 --> X5
6. X3 --> X6
7. X4 --> X6


  true PAG G* (over observed):
Graph Nodes:
X1;X2;X3;X4;X6

Graph Edges:
1. X1 o-o X2
2. X1 o-o X4
3. X2 o-o X3
4. X3 --> X6
5. X4 --> X6


  H0 (G* + spurious, cold-reoriented):
Graph Nodes:
X1;X2;X3;X4;X6

Graph Edges:
1. X1 --> X2
2. X3 --> X2
3. X3 o-> X6
4. X4 --> X1
5. X4 o-> X6
6. X6 --> X1
7. X6 --> X2



==== NOSTALL DEADLOCK: gated genuine-legal H0, NO legal single-edge deletion ====
  dag mask        : 11331
  latent set      : [4]  (latent nodes: [X5])
  spurious edges  : [X1 o-o X6, X2 o-o X6]  (k=2)
  outcome of deleting each spurious edge from H0:
    X1 o-o X6 : illegal -- genuine/acyclic -- Acyclicity violated: There is a directed cyclic path from X1 to itself in a MAG implied by this graph
    X2 o-o X6 : illegal -- genuine/acyclic -- Acyclicity violated: There is a directed cyclic path from X1 to itself in a MAG implied by this graph
  true DAG (all variables, latents included):
Graph Nodes:
X1;X2;X3;X4;(X5);X6

Graph Edges:
1. X1 --> X2
2. X1 --> X3
3. X2 --> X4
4. X3 --> X5
5. X3 --> X6
6. X4 --> X6


  true PAG G* (over observed):
Graph Nodes:
X1;X2;X3;X4;X6

Graph Edges:
1. X1 o-o X2
2. X1 o-o X3
3. X2 o-o X4
4. X3 --> X6
5. X4 --> X6


  H0 (G* + spurious, cold-reoriented):
Graph Nodes:
X1;X2;X3;X4;X6

Graph Edges:
1. X2 --> X1
2. X3 --> X1
3. X3 o-> X6
4. X4 --> X2
5. X4 o-> X6
6. X6 --> X1
7. X6 --> X2



==== NOSTALL DEADLOCK: gated genuine-legal H0, NO legal single-edge deletion ====
  dag mask        : 11337
  latent set      : [2]  (latent nodes: [X3])
  spurious edges  : [X1 o-o X6, X2 o-o X6]  (k=2)
  outcome of deleting each spurious edge from H0:
    X1 o-o X6 : illegal -- genuine/maximality -- Not maximal: Inducing path exists between non-adjacent X4 and X5 in a MAG implied by this graph
    X2 o-o X6 : illegal -- genuine/acyclic -- Acyclicity violated: There is a directed cyclic path from X1 to itself in a MAG implied by this graph
  true DAG (all variables, latents included):
Graph Nodes:
X1;X2;(X3);X4;X5;X6

Graph Edges:
1. X1 --> X2
2. X1 --> X5
3. X2 --> X4
4. X3 --> X5
5. X3 --> X6
6. X4 --> X6


  true PAG G* (over observed):
Graph Nodes:
X1;X2;X4;X5;X6

Graph Edges:
1. X1 o-o X2
2. X1 o-> X5
3. X2 o-o X4
4. X4 o-> X6
5. X5 <-> X6


  H0 (G* + spurious, cold-reoriented):
Graph Nodes:
X1;X2;X4;X5;X6

Graph Edges:
1. X1 --> X2
2. X4 --> X2
3. X4 o-> X6
4. X5 <-> X1
5. X6 --> X1
6. X6 --> X2
7. X6 <-> X5



==== NOSTALL DEADLOCK: gated genuine-legal H0, NO legal single-edge deletion ====
  dag mask        : 11337
  latent set      : [2]  (latent nodes: [X3])
  spurious edges  : [X2 o-o X5, X2 o-o X6]  (k=2)
  outcome of deleting each spurious edge from H0:
    X2 o-o X5 : illegal -- genuine/maximality -- Not maximal: Inducing path exists between non-adjacent X4 and X5 in a MAG implied by this graph
    X2 o-o X6 : illegal -- genuine/maximality -- Not maximal: Inducing path exists between non-adjacent X1 and X6 in a MAG implied by this graph
  true DAG (all variables, latents included):
Graph Nodes:
X1;X2;(X3);X4;X5;X6

Graph Edges:
1. X1 --> X2
2. X1 --> X5
3. X2 --> X4
4. X3 --> X5
5. X3 --> X6
6. X4 --> X6


  true PAG G* (over observed):
Graph Nodes:
X1;X2;X4;X5;X6

Graph Edges:
1. X1 o-o X2
2. X1 o-> X5
3. X2 o-o X4
4. X4 o-> X6
5. X5 <-> X6


  H0 (G* + spurious, cold-reoriented):
Graph Nodes:
X1;X2;X4;X5;X6

Graph Edges:
1. X1 o-o X2
2. X1 o-> X5
3. X2 o-o X4
4. X2 o-> X5
5. X2 o-> X6
6. X4 o-> X6
7. X6 <-> X5



==== NOSTALL DEADLOCK: gated genuine-legal H0, NO legal single-edge deletion ====
  dag mask        : 11337
  latent set      : [2]  (latent nodes: [X3])
  spurious edges  : [X2 o-o X5, X4 o-o X5]  (k=2)
  outcome of deleting each spurious edge from H0:
    X2 o-o X5 : illegal -- genuine/acyclic -- Acyclicity violated: There is a directed cyclic path from X1 to itself in a MAG implied by this graph
    X4 o-o X5 : illegal -- genuine/maximality -- Not maximal: Inducing path exists between non-adjacent X1 and X6 in a MAG implied by this graph
  true DAG (all variables, latents included):
Graph Nodes:
X1;X2;(X3);X4;X5;X6

Graph Edges:
1. X1 --> X2
2. X1 --> X5
3. X2 --> X4
4. X3 --> X5
5. X3 --> X6
6. X4 --> X6


  true PAG G* (over observed):
Graph Nodes:
X1;X2;X4;X5;X6

Graph Edges:
1. X1 o-o X2
2. X1 o-> X5
3. X2 o-o X4
4. X4 o-> X6
5. X5 <-> X6


  H0 (G* + spurious, cold-reoriented):
Graph Nodes:
X1;X2;X4;X5;X6

Graph Edges:
1. X1 --> X2
2. X1 o-> X5
3. X4 --> X2
4. X5 --> X2
5. X5 --> X4
6. X6 <-> X4
7. X6 <-> X5



==== NOSTALL DEADLOCK: gated genuine-legal H0, NO legal single-edge deletion ====
  dag mask        : 11339
  latent set      : [4]  (latent nodes: [X5])
  spurious edges  : [X1 o-o X6, X2 o-o X6]  (k=2)
  outcome of deleting each spurious edge from H0:
    X1 o-o X6 : illegal -- genuine/acyclic -- Acyclicity violated: There is a directed cyclic path from X1 to itself in a MAG implied by this graph
    X2 o-o X6 : illegal -- genuine/acyclic -- Acyclicity violated: There is a directed cyclic path from X1 to itself in a MAG implied by this graph
  true DAG (all variables, latents included):
Graph Nodes:
X1;X2;X3;X4;(X5);X6

Graph Edges:
1. X1 --> X2
2. X1 --> X3
3. X1 --> X5
4. X2 --> X4
5. X3 --> X5
6. X3 --> X6
7. X4 --> X6


  true PAG G* (over observed):
Graph Nodes:
X1;X2;X3;X4;X6

Graph Edges:
1. X1 o-o X2
2. X1 o-o X3
3. X2 o-o X4
4. X3 --> X6
5. X4 --> X6


  H0 (G* + spurious, cold-reoriented):
Graph Nodes:
X1;X2;X3;X4;X6

Graph Edges:
1. X2 --> X1
2. X3 --> X1
3. X3 o-> X6
4. X4 --> X2
5. X4 o-> X6
6. X6 --> X1
7. X6 --> X2



==== NOSTALL DEADLOCK: gated genuine-legal H0, NO legal single-edge deletion ====
  dag mask        : 11341
  latent set      : [2]  (latent nodes: [X3])
  spurious edges  : [X2 o-o X5, X2 o-o X6]  (k=2)
  outcome of deleting each spurious edge from H0:
    X2 o-o X5 : illegal -- genuine/maximality -- Not maximal: Inducing path exists between non-adjacent X4 and X5 in a MAG implied by this graph
    X2 o-o X6 : illegal -- genuine/maximality -- Not maximal: Inducing path exists between non-adjacent X1 and X6 in a MAG implied by this graph
  true DAG (all variables, latents included):
Graph Nodes:
X1;X2;(X3);X4;X5;X6

Graph Edges:
1. X1 --> X2
2. X1 --> X4
3. X1 --> X5
4. X2 --> X4
5. X3 --> X5
6. X3 --> X6
7. X4 --> X6


  true PAG G* (over observed):
Graph Nodes:
X1;X2;X4;X5;X6

Graph Edges:
1. X1 o-o X2
2. X1 o-o X4
3. X1 o-> X5
4. X2 o-o X4
5. X4 o-> X6
6. X5 <-> X6


  H0 (G* + spurious, cold-reoriented):
Graph Nodes:
X1;X2;X4;X5;X6

Graph Edges:
1. X1 o-o X2
2. X1 o-o X4
3. X1 o-> X5
4. X2 o-o X4
5. X2 o-> X5
6. X2 o-> X6
7. X4 o-> X6
8. X6 <-> X5



==== NOSTALL DEADLOCK: gated genuine-legal H0, NO legal single-edge deletion ====
  dag mask        : 11397
  latent set      : [2]  (latent nodes: [X3])
  spurious edges  : [X1 o-o X5, X1 o-o X6]  (k=2)
  outcome of deleting each spurious edge from H0:
    X1 o-o X5 : illegal -- genuine/maximality -- Not maximal: Inducing path exists between non-adjacent X4 and X5 in a MAG implied by this graph
    X1 o-o X6 : illegal -- genuine/maximality -- Not maximal: Inducing path exists between non-adjacent X2 and X6 in a MAG implied by this graph
  true DAG (all variables, latents included):
Graph Nodes:
X1;X2;(X3);X4;X5;X6

Graph Edges:
1. X1 --> X2
2. X1 --> X4
3. X2 --> X5
4. X3 --> X5
5. X3 --> X6
6. X4 --> X6


  true PAG G* (over observed):
Graph Nodes:
X1;X2;X4;X5;X6

Graph Edges:
1. X1 o-o X2
2. X1 o-o X4
3. X2 o-> X5
4. X4 o-> X6
5. X6 <-> X5


  H0 (G* + spurious, cold-reoriented):
Graph Nodes:
X1;X2;X4;X5;X6

Graph Edges:
1. X1 o-o X2
2. X1 o-o X4
3. X1 o-> X5
4. X1 o-> X6
5. X2 o-> X5
6. X4 o-> X6
7. X5 <-> X6



==== NOSTALL DEADLOCK: gated genuine-legal H0, NO legal single-edge deletion ====
  dag mask        : 11397
  latent set      : [2]  (latent nodes: [X3])
  spurious edges  : [X1 o-o X5, X4 o-o X5]  (k=2)
  outcome of deleting each spurious edge from H0:
    X1 o-o X5 : illegal -- genuine/acyclic -- Acyclicity violated: There is a directed cyclic path from X1 to itself in a MAG implied by this graph
    X4 o-o X5 : illegal -- genuine/maximality -- Not maximal: Inducing path exists between non-adjacent X2 and X6 in a MAG implied by this graph
  true DAG (all variables, latents included):
Graph Nodes:
X1;X2;(X3);X4;X5;X6

Graph Edges:
1. X1 --> X2
2. X1 --> X4
3. X2 --> X5
4. X3 --> X5
5. X3 --> X6
6. X4 --> X6


  true PAG G* (over observed):
Graph Nodes:
X1;X2;X4;X5;X6

Graph Edges:
1. X1 o-o X2
2. X1 o-o X4
3. X2 o-> X5
4. X4 o-> X6
5. X6 <-> X5


  H0 (G* + spurious, cold-reoriented):
Graph Nodes:
X1;X2;X4;X5;X6

Graph Edges:
1. X2 --> X1
2. X2 o-> X5
3. X4 --> X1
4. X5 --> X1
5. X5 --> X4
6. X5 <-> X6
7. X6 <-> X4



==== NOSTALL DEADLOCK: gated genuine-legal H0, NO legal single-edge deletion ====
  dag mask        : 11397
  latent set      : [2]  (latent nodes: [X3])
  spurious edges  : [X1 o-o X6, X2 o-o X6]  (k=2)
  outcome of deleting each spurious edge from H0:
    X1 o-o X6 : illegal -- genuine/acyclic -- Acyclicity violated: There is a directed cyclic path from X1 to itself in a MAG implied by this graph
    X2 o-o X6 : illegal -- genuine/maximality -- Not maximal: Inducing path exists between non-adjacent X4 and X5 in a MAG implied by this graph
  true DAG (all variables, latents included):
Graph Nodes:
X1;X2;(X3);X4;X5;X6

Graph Edges:
1. X1 --> X2
2. X1 --> X4
3. X2 --> X5
4. X3 --> X5
5. X3 --> X6
6. X4 --> X6


  true PAG G* (over observed):
Graph Nodes:
X1;X2;X4;X5;X6

Graph Edges:
1. X1 o-o X2
2. X1 o-o X4
3. X2 o-> X5
4. X4 o-> X6
5. X6 <-> X5


  H0 (G* + spurious, cold-reoriented):
Graph Nodes:
X1;X2;X4;X5;X6

Graph Edges:
1. X2 --> X1
2. X4 --> X1
3. X4 o-> X6
4. X5 <-> X2
5. X5 <-> X6
6. X6 --> X1
7. X6 --> X2



==== NOSTALL DEADLOCK: gated genuine-legal H0, NO legal single-edge deletion ====
  dag mask        : 11429
  latent set      : [4]  (latent nodes: [X5])
  spurious edges  : [X1 o-o X6, X2 o-o X6]  (k=2)
  outcome of deleting each spurious edge from H0:
    X1 o-o X6 : illegal -- genuine/acyclic -- Acyclicity violated: There is a directed cyclic path from X1 to itself in a MAG implied by this graph
    X2 o-o X6 : illegal -- genuine/acyclic -- Acyclicity violated: There is a directed cyclic path from X1 to itself in a MAG implied by this graph
  true DAG (all variables, latents included):
Graph Nodes:
X1;X2;X3;X4;(X5);X6

Graph Edges:
1. X1 --> X2
2. X1 --> X4
3. X2 --> X3
4. X2 --> X5
5. X3 --> X5
6. X3 --> X6
7. X4 --> X6


  true PAG G* (over observed):
Graph Nodes:
X1;X2;X3;X4;X6

Graph Edges:
1. X1 o-o X2
2. X1 o-o X4
3. X2 o-o X3
4. X3 --> X6
5. X4 --> X6


  H0 (G* + spurious, cold-reoriented):
Graph Nodes:
X1;X2;X3;X4;X6

Graph Edges:
1. X1 --> X2
2. X3 --> X2
3. X3 o-> X6
4. X4 --> X1
5. X4 o-> X6
6. X6 --> X1
7. X6 --> X2



==== NOSTALL DEADLOCK: gated genuine-legal H0, NO legal single-edge deletion ====
  dag mask        : 11437
  latent set      : [4]  (latent nodes: [X5])
  spurious edges  : [X1 o-o X6, X2 o-o X6]  (k=2)
  outcome of deleting each spurious edge from H0:
    X1 o-o X6 : illegal -- genuine/acyclic -- Acyclicity violated: There is a directed cyclic path from X1 to itself in a MAG implied by this graph
    X2 o-o X6 : illegal -- genuine/acyclic -- Acyclicity violated: There is a directed cyclic path from X1 to itself in a MAG implied by this graph
  true DAG (all variables, latents included):
Graph Nodes:
X1;X2;X3;X4;(X5);X6

Graph Edges:
1. X1 --> X2
2. X1 --> X4
3. X1 --> X5
4. X2 --> X3
5. X2 --> X5
6. X3 --> X5
7. X3 --> X6
8. X4 --> X6


  true PAG G* (over observed):
Graph Nodes:
X1;X2;X3;X4;X6

Graph Edges:
1. X1 o-o X2
2. X1 o-o X4
3. X2 o-o X3
4. X3 --> X6
5. X4 --> X6


  H0 (G* + spurious, cold-reoriented):
Graph Nodes:
X1;X2;X3;X4;X6

Graph Edges:
1. X1 --> X2
2. X3 --> X2
3. X3 o-> X6
4. X4 --> X1
5. X4 o-> X6
6. X6 --> X1
7. X6 --> X2



==== NOSTALL DEADLOCK: gated genuine-legal H0, NO legal single-edge deletion ====
  dag mask        : 11459
  latent set      : [4]  (latent nodes: [X5])
  spurious edges  : [X1 o-o X6, X2 o-o X6]  (k=2)
  outcome of deleting each spurious edge from H0:
    X1 o-o X6 : illegal -- genuine/acyclic -- Acyclicity violated: There is a directed cyclic path from X1 to itself in a MAG implied by this graph
    X2 o-o X6 : illegal -- genuine/acyclic -- Acyclicity violated: There is a directed cyclic path from X1 to itself in a MAG implied by this graph
  true DAG (all variables, latents included):
Graph Nodes:
X1;X2;X3;X4;(X5);X6

Graph Edges:
1. X1 --> X2
2. X1 --> X3
3. X2 --> X4
4. X2 --> X5
5. X3 --> X5
6. X3 --> X6
7. X4 --> X6


  true PAG G* (over observed):
Graph Nodes:
X1;X2;X3;X4;X6

Graph Edges:
1. X1 o-o X2
2. X1 o-o X3
3. X2 o-o X4
4. X3 --> X6
5. X4 --> X6


  H0 (G* + spurious, cold-reoriented):
Graph Nodes:
X1;X2;X3;X4;X6

Graph Edges:
1. X2 --> X1
2. X3 --> X1
3. X3 o-> X6
4. X4 --> X2
5. X4 o-> X6
6. X6 --> X1
7. X6 --> X2



==== NOSTALL DEADLOCK: gated genuine-legal H0, NO legal single-edge deletion ====
  dag mask        : 11460
  latent set      : [2]  (latent nodes: [X3])
  spurious edges  : [X1 o-o X5, X1 o-o X6]  (k=2)
  outcome of deleting each spurious edge from H0:
    X1 o-o X5 : illegal -- genuine/maximality -- Not maximal: Inducing path exists between non-adjacent X1 and X2 in a MAG implied by this graph
    X1 o-o X6 : illegal -- genuine/maximality -- Not maximal: Inducing path exists between non-adjacent X2 and X6 in a MAG implied by this graph
  true DAG (all variables, latents included):
Graph Nodes:
X1;X2;(X3);X4;X5;X6

Graph Edges:
1. X1 --> X4
2. X2 --> X4
3. X2 --> X5
4. X3 --> X5
5. X3 --> X6
6. X4 --> X6


  true PAG G* (over observed):
Graph Nodes:
X1;X2;X4;X5;X6

Graph Edges:
1. X1 o-> X4
2. X2 o-> X4
3. X2 o-> X5
4. X4 --> X6
5. X6 <-> X5


  H0 (G* + spurious, cold-reoriented):
Graph Nodes:
X1;X2;X4;X5;X6

Graph Edges:
1. X1 <-> X6
2. X2 o-> X4
3. X2 o-> X5
4. X4 <-> X1
5. X4 --> X6
6. X5 --> X1
7. X5 <-> X6



==== NOSTALL DEADLOCK: gated genuine-legal H0, NO legal single-edge deletion ====
  dag mask        : 11461
  latent set      : [2]  (latent nodes: [X3])
  spurious edges  : [X1 o-o X5, X1 o-o X6]  (k=2)
  outcome of deleting each spurious edge from H0:
    X1 o-o X5 : illegal -- genuine/maximality -- Not maximal: Inducing path exists between non-adjacent X4 and X5 in a MAG implied by this graph
    X1 o-o X6 : illegal -- genuine/maximality -- Not maximal: Inducing path exists between non-adjacent X2 and X6 in a MAG implied by this graph
  true DAG (all variables, latents included):
Graph Nodes:
X1;X2;(X3);X4;X5;X6

Graph Edges:
1. X1 --> X2
2. X1 --> X4
3. X2 --> X4
4. X2 --> X5
5. X3 --> X5
6. X3 --> X6
7. X4 --> X6


  true PAG G* (over observed):
Graph Nodes:
X1;X2;X4;X5;X6

Graph Edges:
1. X1 o-o X2
2. X1 o-o X4
3. X2 o-o X4
4. X2 o-> X5
5. X4 o-> X6
6. X6 <-> X5


  H0 (G* + spurious, cold-reoriented):
Graph Nodes:
X1;X2;X4;X5;X6

Graph Edges:
1. X1 o-o X2
2. X1 o-o X4
3. X1 o-> X5
4. X1 o-> X6
5. X2 o-o X4
6. X2 o-> X5
7. X4 o-> X6
8. X5 <-> X6



==== NOSTALL DEADLOCK: gated genuine-legal H0, NO legal single-edge deletion ====
  dag mask        : 11467
  latent set      : [4]  (latent nodes: [X5])
  spurious edges  : [X1 o-o X6, X2 o-o X6]  (k=2)
  outcome of deleting each spurious edge from H0:
    X1 o-o X6 : illegal -- genuine/acyclic -- Acyclicity violated: There is a directed cyclic path from X1 to itself in a MAG implied by this graph
    X2 o-o X6 : illegal -- genuine/acyclic -- Acyclicity violated: There is a directed cyclic path from X1 to itself in a MAG implied by this graph
  true DAG (all variables, latents included):
Graph Nodes:
X1;X2;X3;X4;(X5);X6

Graph Edges:
1. X1 --> X2
2. X1 --> X3
3. X1 --> X5
4. X2 --> X4
5. X2 --> X5
6. X3 --> X5
7. X3 --> X6
8. X4 --> X6


  true PAG G* (over observed):
Graph Nodes:
X1;X2;X3;X4;X6

Graph Edges:
1. X1 o-o X2
2. X1 o-o X3
3. X2 o-o X4
4. X3 --> X6
5. X4 --> X6


  H0 (G* + spurious, cold-reoriented):
Graph Nodes:
X1;X2;X3;X4;X6

Graph Edges:
1. X2 --> X1
2. X3 --> X1
3. X3 o-> X6
4. X4 --> X2
5. X4 o-> X6
6. X6 --> X1
7. X6 --> X2



==== NOSTALL DEADLOCK: gated genuine-legal H0, NO legal single-edge deletion ====
  dag mask        : 12467
  latent set      : [3]  (latent nodes: [X4])
  spurious edges  : [X3 o-o X5, X3 o-o X6]  (k=2)
  outcome of deleting each spurious edge from H0:
    X3 o-o X5 : illegal -- genuine/maximality -- Not maximal: Inducing path exists between non-adjacent X1 and X5 in a MAG implied by this graph
    X3 o-o X6 : illegal -- genuine/maximality -- Not maximal: Inducing path exists between non-adjacent X2 and X6 in a MAG implied by this graph
  true DAG (all variables, latents included):
Graph Nodes:
X1;X2;X3;(X4);X5;X6

Graph Edges:
1. X1 --> X2
2. X1 --> X3
3. X1 --> X6
4. X2 --> X3
5. X2 --> X5
6. X4 --> X5
7. X4 --> X6


  true PAG G* (over observed):
Graph Nodes:
X1;X2;X3;X5;X6

Graph Edges:
1. X1 o-o X2
2. X1 o-o X3
3. X1 o-> X6
4. X2 o-o X3
5. X2 o-> X5
6. X5 <-> X6


  H0 (G* + spurious, cold-reoriented):
Graph Nodes:
X1;X2;X3;X5;X6

Graph Edges:
1. X1 o-o X2
2. X1 o-o X3
3. X1 o-> X6
4. X2 o-o X3
5. X2 o-> X5
6. X3 o-> X5
7. X3 o-> X6
8. X5 <-> X6



==== NOSTALL DEADLOCK: gated genuine-legal H0, NO legal single-edge deletion ====
  dag mask        : 12470
  latent set      : [1]  (latent nodes: [X2])
  spurious edges  : [X3 o-o X6, X5 o-o X6]  (k=2)
  outcome of deleting each spurious edge from H0:
    X3 o-o X6 : illegal -- genuine/maximality -- Not maximal: Inducing path exists between non-adjacent X3 and X4 in a MAG implied by this graph
    X5 o-o X6 : illegal -- genuine/maximality -- Not maximal: Inducing path exists between non-adjacent X1 and X5 in a MAG implied by this graph
  true DAG (all variables, latents included):
Graph Nodes:
X1;(X2);X3;X4;X5;X6

Graph Edges:
1. X1 --> X3
2. X1 --> X4
3. X1 --> X6
4. X2 --> X3
5. X2 --> X5
6. X4 --> X5
7. X4 --> X6


  true PAG G* (over observed):
Graph Nodes:
X1;X3;X4;X5;X6

Graph Edges:
1. X1 o-> X3
2. X1 o-o X4
3. X1 o-o X6
4. X4 o-> X5
5. X4 o-o X6
6. X5 <-> X3


  H0 (G* + spurious, cold-reoriented):
Graph Nodes:
X1;X3;X4;X5;X6

Graph Edges:
1. X1 o-> X3
2. X1 o-o X4
3. X1 o-o X6
4. X3 <-> X5
5. X4 o-> X5
6. X4 o-o X6
7. X6 o-> X3
8. X6 o-> X5



==== NOSTALL DEADLOCK: gated genuine-legal H0, NO legal single-edge deletion ====
  dag mask        : 12530
  latent set      : [0]  (latent nodes: [X1])
  spurious edges  : [X3 o-o X5, X5 o-o X6]  (k=2)
  outcome of deleting each spurious edge from H0:
    X3 o-o X5 : illegal -- genuine/maximality -- Not maximal: Inducing path exists between non-adjacent X3 and X4 in a MAG implied by this graph
    X5 o-o X6 : illegal -- genuine/maximality -- Not maximal: Inducing path exists between non-adjacent X2 and X6 in a MAG implied by this graph
  true DAG (all variables, latents included):
Graph Nodes:
(X1);X2;X3;X4;X5;X6

Graph Edges:
1. X1 --> X3
2. X1 --> X6
3. X2 --> X3
4. X2 --> X4
5. X2 --> X5
6. X4 --> X5
7. X4 --> X6


  true PAG G* (over observed):
Graph Nodes:
X2;X3;X4;X5;X6

Graph Edges:
1. X2 o-> X3
2. X2 o-o X4
3. X2 o-o X5
4. X4 o-o X5
5. X4 o-> X6
6. X6 <-> X3


  H0 (G* + spurious, cold-reoriented):
Graph Nodes:
X2;X3;X4;X5;X6

Graph Edges:
1. X2 o-> X3
2. X2 o-o X4
3. X2 o-o X5
4. X3 <-> X6
5. X4 o-o X5
6. X4 o-> X6
7. X5 o-> X3
8. X5 o-> X6



==== NOSTALL DEADLOCK: gated genuine-legal H0, NO legal single-edge deletion ====
  dag mask        : 12587
  latent set      : [3]  (latent nodes: [X4])
  spurious edges  : [X3 o-o X5, X3 o-o X6]  (k=2)
  outcome of deleting each spurious edge from H0:
    X3 o-o X5 : illegal -- genuine/maximality -- Not maximal: Inducing path exists between non-adjacent X2 and X5 in a MAG implied by this graph
    X3 o-o X6 : illegal -- genuine/maximality -- Not maximal: Inducing path exists between non-adjacent X1 and X6 in a MAG implied by this graph
  true DAG (all variables, latents included):
Graph Nodes:
X1;X2;X3;(X4);X5;X6

Graph Edges:
1. X1 --> X2
2. X1 --> X3
3. X1 --> X5
4. X2 --> X3
5. X2 --> X6
6. X4 --> X5
7. X4 --> X6


  true PAG G* (over observed):
Graph Nodes:
X1;X2;X3;X5;X6

Graph Edges:
1. X1 o-o X2
2. X1 o-o X3
3. X1 o-> X5
4. X2 o-o X3
5. X2 o-> X6
6. X5 <-> X6


  H0 (G* + spurious, cold-reoriented):
Graph Nodes:
X1;X2;X3;X5;X6

Graph Edges:
1. X1 o-o X2
2. X1 o-o X3
3. X1 o-> X5
4. X2 o-o X3
5. X2 o-> X6
6. X3 o-> X5
7. X3 o-> X6
8. X5 <-> X6



==== NOSTALL DEADLOCK: gated genuine-legal H0, NO legal single-edge deletion ====
  dag mask        : 12590
  latent set      : [1]  (latent nodes: [X2])
  spurious edges  : [X3 o-o X5, X5 o-o X6]  (k=2)
  outcome of deleting each spurious edge from H0:
    X3 o-o X5 : illegal -- genuine/maximality -- Not maximal: Inducing path exists between non-adjacent X3 and X4 in a MAG implied by this graph
    X5 o-o X6 : illegal -- genuine/maximality -- Not maximal: Inducing path exists between non-adjacent X1 and X6 in a MAG implied by this graph
  true DAG (all variables, latents included):
Graph Nodes:
X1;(X2);X3;X4;X5;X6

Graph Edges:
1. X1 --> X3
2. X1 --> X4
3. X1 --> X5
4. X2 --> X3
5. X2 --> X6
6. X4 --> X5
7. X4 --> X6


  true PAG G* (over observed):
Graph Nodes:
X1;X3;X4;X5;X6

Graph Edges:
1. X1 o-> X3
2. X1 o-o X4
3. X1 o-o X5
4. X4 o-o X5
5. X4 o-> X6
6. X6 <-> X3


  H0 (G* + spurious, cold-reoriented):
Graph Nodes:
X1;X3;X4;X5;X6

Graph Edges:
1. X1 o-> X3
2. X1 o-o X4
3. X1 o-o X5
4. X3 <-> X6
5. X4 o-o X5
6. X4 o-> X6
7. X5 o-> X3
8. X5 o-> X6



==== NOSTALL DEADLOCK: gated genuine-legal H0, NO legal single-edge deletion ====
  dag mask        : 12650
  latent set      : [0]  (latent nodes: [X1])
  spurious edges  : [X3 o-o X6, X5 o-o X6]  (k=2)
  outcome of deleting each spurious edge from H0:
    X3 o-o X6 : illegal -- genuine/maximality -- Not maximal: Inducing path exists between non-adjacent X3 and X4 in a MAG implied by this graph
    X5 o-o X6 : illegal -- genuine/maximality -- Not maximal: Inducing path exists between non-adjacent X2 and X5 in a MAG implied by this graph
  true DAG (all variables, latents included):
Graph Nodes:
(X1);X2;X3;X4;X5;X6

Graph Edges:
1. X1 --> X3
2. X1 --> X5
3. X2 --> X3
4. X2 --> X4
5. X2 --> X6
6. X4 --> X5
7. X4 --> X6


  true PAG G* (over observed):
Graph Nodes:
X2;X3;X4;X5;X6

Graph Edges:
1. X2 o-> X3
2. X2 o-o X4
3. X2 o-o X6
4. X4 o-> X5
5. X4 o-o X6
6. X5 <-> X3


  H0 (G* + spurious, cold-reoriented):
Graph Nodes:
X2;X3;X4;X5;X6

Graph Edges:
1. X2 o-> X3
2. X2 o-o X4
3. X2 o-o X6
4. X3 <-> X5
5. X4 o-> X5
6. X4 o-o X6
7. X6 o-> X3
8. X6 o-> X5



==== NOSTALL DEADLOCK: gated genuine-legal H0, NO legal single-edge deletion ====
  dag mask        : 12834
  latent set      : [4]  (latent nodes: [X5])
  spurious edges  : [X1 o-o X6, X2 o-o X6]  (k=2)
  outcome of deleting each spurious edge from H0:
    X1 o-o X6 : illegal -- genuine/acyclic -- Acyclicity violated: There is a directed cyclic path from X2 to itself in a MAG implied by this graph
    X2 o-o X6 : illegal -- genuine/acyclic -- Acyclicity violated: There is a directed cyclic path from X1 to itself in a MAG implied by this graph
  true DAG (all variables, latents included):
Graph Nodes:
X1;X2;X3;X4;(X5);X6

Graph Edges:
1. X1 --> X3
2. X2 --> X3
3. X3 --> X4
4. X4 --> X5
5. X4 --> X6


  true PAG G* (over observed):
Graph Nodes:
X1;X2;X3;X4;X6

Graph Edges:
1. X1 o-> X3
2. X2 o-> X3
3. X3 --> X4
4. X4 --> X6


  H0 (G* + spurious, cold-reoriented):
Graph Nodes:
X1;X2;X3;X4;X6

Graph Edges:
1. X1 o-> X3
2. X1 --> X6
3. X2 o-> X3
4. X2 --> X6
5. X3 --> X4
6. X4 --> X6



==== NOSTALL DEADLOCK: gated genuine-legal H0, NO legal single-edge deletion ====
  dag mask        : 12834
  latent set      : [5]  (latent nodes: [X6])
  spurious edges  : [X1 o-o X5, X2 o-o X5]  (k=2)
  outcome of deleting each spurious edge from H0:
    X1 o-o X5 : illegal -- genuine/acyclic -- Acyclicity violated: There is a directed cyclic path from X2 to itself in a MAG implied by this graph
    X2 o-o X5 : illegal -- genuine/acyclic -- Acyclicity violated: There is a directed cyclic path from X1 to itself in a MAG implied by this graph
  true DAG (all variables, latents included):
Graph Nodes:
X1;X2;X3;X4;X5;(X6)

Graph Edges:
1. X1 --> X3
2. X2 --> X3
3. X3 --> X4
4. X4 --> X5
5. X4 --> X6


  true PAG G* (over observed):
Graph Nodes:
X1;X2;X3;X4;X5

Graph Edges:
1. X1 o-> X3
2. X2 o-> X3
3. X3 --> X4
4. X4 --> X5


  H0 (G* + spurious, cold-reoriented):
Graph Nodes:
X1;X2;X3;X4;X5

Graph Edges:
1. X1 o-> X3
2. X1 --> X5
3. X2 o-> X3
4. X2 --> X5
5. X3 --> X4
6. X4 --> X5



==== NOSTALL DEADLOCK: gated genuine-legal H0, NO legal single-edge deletion ====
  dag mask        : 12841
  latent set      : [5]  (latent nodes: [X6])
  spurious edges  : [X2 o-o X5, X3 o-o X5]  (k=2)
  outcome of deleting each spurious edge from H0:
    X2 o-o X5 : illegal -- genuine/acyclic -- Acyclicity violated: There is a directed cyclic path from X1 to itself in a MAG implied by this graph
    X3 o-o X5 : illegal -- genuine/acyclic -- Acyclicity violated: There is a directed cyclic path from X2 to itself in a MAG implied by this graph
  true DAG (all variables, latents included):
Graph Nodes:
X1;X2;X3;X4;X5;(X6)

Graph Edges:
1. X1 --> X2
2. X1 --> X5
3. X2 --> X3
4. X3 --> X4
5. X4 --> X5
6. X4 --> X6


  true PAG G* (over observed):
Graph Nodes:
X1;X2;X3;X4;X5

Graph Edges:
1. X1 o-o X2
2. X1 --> X5
3. X2 o-o X3
4. X3 o-o X4
5. X4 --> X5


  H0 (G* + spurious, cold-reoriented):
Graph Nodes:
X1;X2;X3;X4;X5

Graph Edges:
1. X1 --> X2
2. X1 o-> X5
3. X3 --> X2
4. X4 --> X3
5. X4 o-> X5
6. X5 --> X2
7. X5 --> X3



==== NOSTALL DEADLOCK: gated genuine-legal H0, NO legal single-edge deletion ====
  dag mask        : 12842
  latent set      : [4]  (latent nodes: [X5])
  spurious edges  : [X1 o-o X6, X2 o-o X6]  (k=2)
  outcome of deleting each spurious edge from H0:
    X1 o-o X6 : illegal -- genuine/acyclic -- Acyclicity violated: There is a directed cyclic path from X2 to itself in a MAG implied by this graph
    X2 o-o X6 : illegal -- genuine/acyclic -- Acyclicity violated: There is a directed cyclic path from X1 to itself in a MAG implied by this graph
  true DAG (all variables, latents included):
Graph Nodes:
X1;X2;X3;X4;(X5);X6

Graph Edges:
1. X1 --> X3
2. X1 --> X5
3. X2 --> X3
4. X3 --> X4
5. X4 --> X5
6. X4 --> X6


  true PAG G* (over observed):
Graph Nodes:
X1;X2;X3;X4;X6

Graph Edges:
1. X1 o-> X3
2. X2 o-> X3
3. X3 --> X4
4. X4 --> X6


  H0 (G* + spurious, cold-reoriented):
Graph Nodes:
X1;X2;X3;X4;X6

Graph Edges:
1. X1 o-> X3
2. X1 --> X6
3. X2 o-> X3
4. X2 --> X6
5. X3 --> X4
6. X4 --> X6



==== NOSTALL DEADLOCK: gated genuine-legal H0, NO legal single-edge deletion ====
  dag mask        : 12849
  latent set      : [4]  (latent nodes: [X5])
  spurious edges  : [X2 o-o X6, X3 o-o X6]  (k=2)
  outcome of deleting each spurious edge from H0:
    X2 o-o X6 : illegal -- genuine/acyclic -- Acyclicity violated: There is a directed cyclic path from X1 to itself in a MAG implied by this graph
    X3 o-o X6 : illegal -- genuine/acyclic -- Acyclicity violated: There is a directed cyclic path from X2 to itself in a MAG implied by this graph
  true DAG (all variables, latents included):
Graph Nodes:
X1;X2;X3;X4;(X5);X6

Graph Edges:
1. X1 --> X2
2. X1 --> X6
3. X2 --> X3
4. X3 --> X4
5. X4 --> X5
6. X4 --> X6


  true PAG G* (over observed):
Graph Nodes:
X1;X2;X3;X4;X6

Graph Edges:
1. X1 o-o X2
2. X1 --> X6
3. X2 o-o X3
4. X3 o-o X4
5. X4 --> X6


  H0 (G* + spurious, cold-reoriented):
Graph Nodes:
X1;X2;X3;X4;X6

Graph Edges:
1. X1 --> X2
2. X1 o-> X6
3. X3 --> X2
4. X4 --> X3
5. X4 o-> X6
6. X6 --> X2
7. X6 --> X3



==== NOSTALL DEADLOCK: gated genuine-legal H0, NO legal single-edge deletion ====
  dag mask        : 12850
  latent set      : [5]  (latent nodes: [X6])
  spurious edges  : [X1 o-o X5, X2 o-o X5]  (k=2)
  outcome of deleting each spurious edge from H0:
    X1 o-o X5 : illegal -- genuine/acyclic -- Acyclicity violated: There is a directed cyclic path from X2 to itself in a MAG implied by this graph
    X2 o-o X5 : illegal -- genuine/acyclic -- Acyclicity violated: There is a directed cyclic path from X1 to itself in a MAG implied by this graph
  true DAG (all variables, latents included):
Graph Nodes:
X1;X2;X3;X4;X5;(X6)

Graph Edges:
1. X1 --> X3
2. X1 --> X6
3. X2 --> X3
4. X3 --> X4
5. X4 --> X5
6. X4 --> X6


  true PAG G* (over observed):
Graph Nodes:
X1;X2;X3;X4;X5

Graph Edges:
1. X1 o-> X3
2. X2 o-> X3
3. X3 --> X4
4. X4 --> X5


  H0 (G* + spurious, cold-reoriented):
Graph Nodes:
X1;X2;X3;X4;X5

Graph Edges:
1. X1 o-> X3
2. X1 --> X5
3. X2 o-> X3
4. X2 --> X5
5. X3 --> X4
6. X4 --> X5



==== NOSTALL DEADLOCK: gated genuine-legal H0, NO legal single-edge deletion ====
  dag mask        : 12857
  latent set      : [4]  (latent nodes: [X5])
  spurious edges  : [X2 o-o X6, X3 o-o X6]  (k=2)
  outcome of deleting each spurious edge from H0:
    X2 o-o X6 : illegal -- genuine/acyclic -- Acyclicity violated: There is a directed cyclic path from X1 to itself in a MAG implied by this graph
    X3 o-o X6 : illegal -- genuine/acyclic -- Acyclicity violated: There is a directed cyclic path from X2 to itself in a MAG implied by this graph
  true DAG (all variables, latents included):
Graph Nodes:
X1;X2;X3;X4;(X5);X6

Graph Edges:
1. X1 --> X2
2. X1 --> X5
3. X1 --> X6
4. X2 --> X3
5. X3 --> X4
6. X4 --> X5
7. X4 --> X6


  true PAG G* (over observed):
Graph Nodes:
X1;X2;X3;X4;X6

Graph Edges:
1. X1 o-o X2
2. X1 --> X6
3. X2 o-o X3
4. X3 o-o X4
5. X4 --> X6


  H0 (G* + spurious, cold-reoriented):
Graph Nodes:
X1;X2;X3;X4;X6

Graph Edges:
1. X1 --> X2
2. X1 o-> X6
3. X3 --> X2
4. X4 --> X3
5. X4 o-> X6
6. X6 --> X2
7. X6 --> X3



==== NOSTALL DEADLOCK: gated genuine-legal H0, NO legal single-edge deletion ====
  dag mask        : 12857
  latent set      : [5]  (latent nodes: [X6])
  spurious edges  : [X2 o-o X5, X3 o-o X5]  (k=2)
  outcome of deleting each spurious edge from H0:
    X2 o-o X5 : illegal -- genuine/acyclic -- Acyclicity violated: There is a directed cyclic path from X1 to itself in a MAG implied by this graph
    X3 o-o X5 : illegal -- genuine/acyclic -- Acyclicity violated: There is a directed cyclic path from X2 to itself in a MAG implied by this graph
  true DAG (all variables, latents included):
Graph Nodes:
X1;X2;X3;X4;X5;(X6)

Graph Edges:
1. X1 --> X2
2. X1 --> X5
3. X1 --> X6
4. X2 --> X3
5. X3 --> X4
6. X4 --> X5
7. X4 --> X6


  true PAG G* (over observed):
Graph Nodes:
X1;X2;X3;X4;X5

Graph Edges:
1. X1 o-o X2
2. X1 --> X5
3. X2 o-o X3
4. X3 o-o X4
5. X4 --> X5


  H0 (G* + spurious, cold-reoriented):
Graph Nodes:
X1;X2;X3;X4;X5

Graph Edges:
1. X1 --> X2
2. X1 o-> X5
3. X3 --> X2
4. X4 --> X3
5. X4 o-> X5
6. X5 --> X2
7. X5 --> X3



==== NOSTALL DEADLOCK: gated genuine-legal H0, NO legal single-edge deletion ====
  dag mask        : 12931
  latent set      : [5]  (latent nodes: [X6])
  spurious edges  : [X1 o-o X5, X3 o-o X5]  (k=2)
  outcome of deleting each spurious edge from H0:
    X1 o-o X5 : illegal -- genuine/acyclic -- Acyclicity violated: There is a directed cyclic path from X1 to itself in a MAG implied by this graph
    X3 o-o X5 : illegal -- genuine/acyclic -- Acyclicity violated: There is a directed cyclic path from X1 to itself in a MAG implied by this graph
  true DAG (all variables, latents included):
Graph Nodes:
X1;X2;X3;X4;X5;(X6)

Graph Edges:
1. X1 --> X2
2. X1 --> X3
3. X2 --> X5
4. X3 --> X4
5. X4 --> X5
6. X4 --> X6


  true PAG G* (over observed):
Graph Nodes:
X1;X2;X3;X4;X5

Graph Edges:
1. X1 o-o X2
2. X1 o-o X3
3. X2 --> X5
4. X3 o-o X4
5. X4 --> X5


  H0 (G* + spurious, cold-reoriented):
Graph Nodes:
X1;X2;X3;X4;X5

Graph Edges:
1. X2 --> X1
2. X2 o-> X5
3. X3 --> X1
4. X4 --> X3
5. X4 o-> X5
6. X5 --> X1
7. X5 --> X3



==== NOSTALL DEADLOCK: gated genuine-legal H0, NO legal single-edge deletion ====
  dag mask        : 12947
  latent set      : [5]  (latent nodes: [X6])
  spurious edges  : [X1 o-o X5, X3 o-o X5]  (k=2)
  outcome of deleting each spurious edge from H0:
    X1 o-o X5 : illegal -- genuine/acyclic -- Acyclicity violated: There is a directed cyclic path from X1 to itself in a MAG implied by this graph
    X3 o-o X5 : illegal -- genuine/acyclic -- Acyclicity violated: There is a directed cyclic path from X1 to itself in a MAG implied by this graph
  true DAG (all variables, latents included):
Graph Nodes:
X1;X2;X3;X4;X5;(X6)

Graph Edges:
1. X1 --> X2
2. X1 --> X3
3. X1 --> X6
4. X2 --> X5
5. X3 --> X4
6. X4 --> X5
7. X4 --> X6


  true PAG G* (over observed):
Graph Nodes:
X1;X2;X3;X4;X5

Graph Edges:
1. X1 o-o X2
2. X1 o-o X3
3. X2 --> X5
4. X3 o-o X4
5. X4 --> X5


  H0 (G* + spurious, cold-reoriented):
Graph Nodes:
X1;X2;X3;X4;X5

Graph Edges:
1. X2 --> X1
2. X2 o-> X5
3. X3 --> X1
4. X4 --> X3
5. X4 o-> X5
6. X5 --> X1
7. X5 --> X3



==== NOSTALL DEADLOCK: gated genuine-legal H0, NO legal single-edge deletion ====
  dag mask        : 12962
  latent set      : [4]  (latent nodes: [X5])
  spurious edges  : [X1 o-o X6, X2 o-o X6]  (k=2)
  outcome of deleting each spurious edge from H0:
    X1 o-o X6 : illegal -- genuine/acyclic -- Acyclicity violated: There is a directed cyclic path from X2 to itself in a MAG implied by this graph
    X2 o-o X6 : illegal -- genuine/acyclic -- Acyclicity violated: There is a directed cyclic path from X1 to itself in a MAG implied by this graph
  true DAG (all variables, latents included):
Graph Nodes:
X1;X2;X3;X4;(X5);X6

Graph Edges:
1. X1 --> X3
2. X2 --> X3
3. X2 --> X5
4. X3 --> X4
5. X4 --> X5
6. X4 --> X6


  true PAG G* (over observed):
Graph Nodes:
X1;X2;X3;X4;X6

Graph Edges:
1. X1 o-> X3
2. X2 o-> X3
3. X3 --> X4
4. X4 --> X6


  H0 (G* + spurious, cold-reoriented):
Graph Nodes:
X1;X2;X3;X4;X6

Graph Edges:
1. X1 o-> X3
2. X1 --> X6
3. X2 o-> X3
4. X2 --> X6
5. X3 --> X4
6. X4 --> X6



==== NOSTALL DEADLOCK: gated genuine-legal H0, NO legal single-edge deletion ====
  dag mask        : 12970
  latent set      : [4]  (latent nodes: [X5])
  spurious edges  : [X1 o-o X6, X2 o-o X6]  (k=2)
  outcome of deleting each spurious edge from H0:
    X1 o-o X6 : illegal -- genuine/acyclic -- Acyclicity violated: There is a directed cyclic path from X2 to itself in a MAG implied by this graph
    X2 o-o X6 : illegal -- genuine/acyclic -- Acyclicity violated: There is a directed cyclic path from X1 to itself in a MAG implied by this graph
  true DAG (all variables, latents included):
Graph Nodes:
X1;X2;X3;X4;(X5);X6

Graph Edges:
1. X1 --> X3
2. X1 --> X5
3. X2 --> X3
4. X2 --> X5
5. X3 --> X4
6. X4 --> X5
7. X4 --> X6


  true PAG G* (over observed):
Graph Nodes:
X1;X2;X3;X4;X6

Graph Edges:
1. X1 o-> X3
2. X2 o-> X3
3. X3 --> X4
4. X4 --> X6


  H0 (G* + spurious, cold-reoriented):
Graph Nodes:
X1;X2;X3;X4;X6

Graph Edges:
1. X1 o-> X3
2. X1 --> X6
3. X2 o-> X3
4. X2 --> X6
5. X3 --> X4
6. X4 --> X6



==== NOSTALL DEADLOCK: gated genuine-legal H0, NO legal single-edge deletion ====
  dag mask        : 12977
  latent set      : [4]  (latent nodes: [X5])
  spurious edges  : [X2 o-o X6, X3 o-o X6]  (k=2)
  outcome of deleting each spurious edge from H0:
    X2 o-o X6 : illegal -- genuine/acyclic -- Acyclicity violated: There is a directed cyclic path from X1 to itself in a MAG implied by this graph
    X3 o-o X6 : illegal -- genuine/acyclic -- Acyclicity violated: There is a directed cyclic path from X2 to itself in a MAG implied by this graph
  true DAG (all variables, latents included):
Graph Nodes:
X1;X2;X3;X4;(X5);X6

Graph Edges:
1. X1 --> X2
2. X1 --> X6
3. X2 --> X3
4. X2 --> X5
5. X3 --> X4
6. X4 --> X5
7. X4 --> X6


  true PAG G* (over observed):
Graph Nodes:
X1;X2;X3;X4;X6

Graph Edges:
1. X1 o-o X2
2. X1 --> X6
3. X2 o-o X3
4. X3 o-o X4
5. X4 --> X6


  H0 (G* + spurious, cold-reoriented):
Graph Nodes:
X1;X2;X3;X4;X6

Graph Edges:
1. X1 --> X2
2. X1 o-> X6
3. X3 --> X2
4. X4 --> X3
5. X4 o-> X6
6. X6 --> X2
7. X6 --> X3



==== NOSTALL DEADLOCK: gated genuine-legal H0, NO legal single-edge deletion ====
  dag mask        : 12985
  latent set      : [4]  (latent nodes: [X5])
  spurious edges  : [X2 o-o X6, X3 o-o X6]  (k=2)
  outcome of deleting each spurious edge from H0:
    X2 o-o X6 : illegal -- genuine/acyclic -- Acyclicity violated: There is a directed cyclic path from X1 to itself in a MAG implied by this graph
    X3 o-o X6 : illegal -- genuine/acyclic -- Acyclicity violated: There is a directed cyclic path from X2 to itself in a MAG implied by this graph
  true DAG (all variables, latents included):
Graph Nodes:
X1;X2;X3;X4;(X5);X6

Graph Edges:
1. X1 --> X2
2. X1 --> X5
3. X1 --> X6
4. X2 --> X3
5. X2 --> X5
6. X3 --> X4
7. X4 --> X5
8. X4 --> X6


  true PAG G* (over observed):
Graph Nodes:
X1;X2;X3;X4;X6

Graph Edges:
1. X1 o-o X2
2. X1 --> X6
3. X2 o-o X3
4. X3 o-o X4
5. X4 --> X6


  H0 (G* + spurious, cold-reoriented):
Graph Nodes:
X1;X2;X3;X4;X6

Graph Edges:
1. X1 --> X2
2. X1 o-> X6
3. X3 --> X2
4. X4 --> X3
5. X4 o-> X6
6. X6 --> X2
7. X6 --> X3



==== NOSTALL DEADLOCK: gated genuine-legal H0, NO legal single-edge deletion ====
  dag mask        : 13059
  latent set      : [4]  (latent nodes: [X5])
  spurious edges  : [X1 o-o X6, X3 o-o X6]  (k=2)
  outcome of deleting each spurious edge from H0:
    X1 o-o X6 : illegal -- genuine/acyclic -- Acyclicity violated: There is a directed cyclic path from X1 to itself in a MAG implied by this graph
    X3 o-o X6 : illegal -- genuine/acyclic -- Acyclicity violated: There is a directed cyclic path from X1 to itself in a MAG implied by this graph
  true DAG (all variables, latents included):
Graph Nodes:
X1;X2;X3;X4;(X5);X6

Graph Edges:
1. X1 --> X2
2. X1 --> X3
3. X2 --> X6
4. X3 --> X4
5. X4 --> X5
6. X4 --> X6


  true PAG G* (over observed):
Graph Nodes:
X1;X2;X3;X4;X6

Graph Edges:
1. X1 o-o X2
2. X1 o-o X3
3. X2 --> X6
4. X3 o-o X4
5. X4 --> X6


  H0 (G* + spurious, cold-reoriented):
Graph Nodes:
X1;X2;X3;X4;X6

Graph Edges:
1. X2 --> X1
2. X2 o-> X6
3. X3 --> X1
4. X4 --> X3
5. X4 o-> X6
6. X6 --> X1
7. X6 --> X3



==== NOSTALL DEADLOCK: gated genuine-legal H0, NO legal single-edge deletion ====
  dag mask        : 13067
  latent set      : [4]  (latent nodes: [X5])
  spurious edges  : [X1 o-o X6, X3 o-o X6]  (k=2)
  outcome of deleting each spurious edge from H0:
    X1 o-o X6 : illegal -- genuine/acyclic -- Acyclicity violated: There is a directed cyclic path from X1 to itself in a MAG implied by this graph
    X3 o-o X6 : illegal -- genuine/acyclic -- Acyclicity violated: There is a directed cyclic path from X1 to itself in a MAG implied by this graph
  true DAG (all variables, latents included):
Graph Nodes:
X1;X2;X3;X4;(X5);X6

Graph Edges:
1. X1 --> X2
2. X1 --> X3
3. X1 --> X5
4. X2 --> X6
5. X3 --> X4
6. X4 --> X5
7. X4 --> X6


  true PAG G* (over observed):
Graph Nodes:
X1;X2;X3;X4;X6

Graph Edges:
1. X1 o-o X2
2. X1 o-o X3
3. X2 --> X6
4. X3 o-o X4
5. X4 --> X6


  H0 (G* + spurious, cold-reoriented):
Graph Nodes:
X1;X2;X3;X4;X6

Graph Edges:
1. X2 --> X1
2. X2 o-> X6
3. X3 --> X1
4. X4 --> X3
5. X4 o-> X6
6. X6 --> X1
7. X6 --> X3



==== NOSTALL DEADLOCK: gated genuine-legal H0, NO legal single-edge deletion ====
  dag mask        : 13090
  latent set      : [5]  (latent nodes: [X6])
  spurious edges  : [X1 o-o X5, X2 o-o X5]  (k=2)
  outcome of deleting each spurious edge from H0:
    X1 o-o X5 : illegal -- genuine/acyclic -- Acyclicity violated: There is a directed cyclic path from X2 to itself in a MAG implied by this graph
    X2 o-o X5 : illegal -- genuine/acyclic -- Acyclicity violated: There is a directed cyclic path from X1 to itself in a MAG implied by this graph
  true DAG (all variables, latents included):
Graph Nodes:
X1;X2;X3;X4;X5;(X6)

Graph Edges:
1. X1 --> X3
2. X2 --> X3
3. X2 --> X6
4. X3 --> X4
5. X4 --> X5
6. X4 --> X6


  true PAG G* (over observed):
Graph Nodes:
X1;X2;X3;X4;X5

Graph Edges:
1. X1 o-> X3
2. X2 o-> X3
3. X3 --> X4
4. X4 --> X5


  H0 (G* + spurious, cold-reoriented):
Graph Nodes:
X1;X2;X3;X4;X5

Graph Edges:
1. X1 o-> X3
2. X1 --> X5
3. X2 o-> X3
4. X2 --> X5
5. X3 --> X4
6. X4 --> X5



==== NOSTALL DEADLOCK: gated genuine-legal H0, NO legal single-edge deletion ====
  dag mask        : 13097
  latent set      : [5]  (latent nodes: [X6])
  spurious edges  : [X2 o-o X5, X3 o-o X5]  (k=2)
  outcome of deleting each spurious edge from H0:
    X2 o-o X5 : illegal -- genuine/acyclic -- Acyclicity violated: There is a directed cyclic path from X1 to itself in a MAG implied by this graph
    X3 o-o X5 : illegal -- genuine/acyclic -- Acyclicity violated: There is a directed cyclic path from X2 to itself in a MAG implied by this graph
  true DAG (all variables, latents included):
Graph Nodes:
X1;X2;X3;X4;X5;(X6)

Graph Edges:
1. X1 --> X2
2. X1 --> X5
3. X2 --> X3
4. X2 --> X6
5. X3 --> X4
6. X4 --> X5
7. X4 --> X6


  true PAG G* (over observed):
Graph Nodes:
X1;X2;X3;X4;X5

Graph Edges:
1. X1 o-o X2
2. X1 --> X5
3. X2 o-o X3
4. X3 o-o X4
5. X4 --> X5


  H0 (G* + spurious, cold-reoriented):
Graph Nodes:
X1;X2;X3;X4;X5

Graph Edges:
1. X1 --> X2
2. X1 o-> X5
3. X3 --> X2
4. X4 --> X3
5. X4 o-> X5
6. X5 --> X2
7. X5 --> X3



==== NOSTALL DEADLOCK: gated genuine-legal H0, NO legal single-edge deletion ====
  dag mask        : 13106
  latent set      : [5]  (latent nodes: [X6])
  spurious edges  : [X1 o-o X5, X2 o-o X5]  (k=2)
  outcome of deleting each spurious edge from H0:
    X1 o-o X5 : illegal -- genuine/acyclic -- Acyclicity violated: There is a directed cyclic path from X2 to itself in a MAG implied by this graph
    X2 o-o X5 : illegal -- genuine/acyclic -- Acyclicity violated: There is a directed cyclic path from X1 to itself in a MAG implied by this graph
  true DAG (all variables, latents included):
Graph Nodes:
X1;X2;X3;X4;X5;(X6)

Graph Edges:
1. X1 --> X3
2. X1 --> X6
3. X2 --> X3
4. X2 --> X6
5. X3 --> X4
6. X4 --> X5
7. X4 --> X6


  true PAG G* (over observed):
Graph Nodes:
X1;X2;X3;X4;X5

Graph Edges:
1. X1 o-> X3
2. X2 o-> X3
3. X3 --> X4
4. X4 --> X5


  H0 (G* + spurious, cold-reoriented):
Graph Nodes:
X1;X2;X3;X4;X5

Graph Edges:
1. X1 o-> X3
2. X1 --> X5
3. X2 o-> X3
4. X2 --> X5
5. X3 --> X4
6. X4 --> X5



==== NOSTALL DEADLOCK: gated genuine-legal H0, NO legal single-edge deletion ====
  dag mask        : 13113
  latent set      : [5]  (latent nodes: [X6])
  spurious edges  : [X2 o-o X5, X3 o-o X5]  (k=2)
  outcome of deleting each spurious edge from H0:
    X2 o-o X5 : illegal -- genuine/acyclic -- Acyclicity violated: There is a directed cyclic path from X1 to itself in a MAG implied by this graph
    X3 o-o X5 : illegal -- genuine/acyclic -- Acyclicity violated: There is a directed cyclic path from X2 to itself in a MAG implied by this graph
  true DAG (all variables, latents included):
Graph Nodes:
X1;X2;X3;X4;X5;(X6)

Graph Edges:
1. X1 --> X2
2. X1 --> X5
3. X1 --> X6
4. X2 --> X3
5. X2 --> X6
6. X3 --> X4
7. X4 --> X5
8. X4 --> X6


  true PAG G* (over observed):
Graph Nodes:
X1;X2;X3;X4;X5

Graph Edges:
1. X1 o-o X2
2. X1 --> X5
3. X2 o-o X3
4. X3 o-o X4
5. X4 --> X5


  H0 (G* + spurious, cold-reoriented):
Graph Nodes:
X1;X2;X3;X4;X5

Graph Edges:
1. X1 --> X2
2. X1 o-> X5
3. X3 --> X2
4. X4 --> X3
5. X4 o-> X5
6. X5 --> X2
7. X5 --> X3



==== NOSTALL DEADLOCK: gated genuine-legal H0, NO legal single-edge deletion ====
  dag mask        : 13187
  latent set      : [4]  (latent nodes: [X5])
  spurious edges  : [X1 o-o X6, X3 o-o X6]  (k=2)
  outcome of deleting each spurious edge from H0:
    X1 o-o X6 : illegal -- genuine/acyclic -- Acyclicity violated: There is a directed cyclic path from X1 to itself in a MAG implied by this graph
    X3 o-o X6 : illegal -- genuine/acyclic -- Acyclicity violated: There is a directed cyclic path from X1 to itself in a MAG implied by this graph
  true DAG (all variables, latents included):
Graph Nodes:
X1;X2;X3;X4;(X5);X6

Graph Edges:
1. X1 --> X2
2. X1 --> X3
3. X2 --> X5
4. X2 --> X6
5. X3 --> X4
6. X4 --> X5
7. X4 --> X6


  true PAG G* (over observed):
Graph Nodes:
X1;X2;X3;X4;X6

Graph Edges:
1. X1 o-o X2
2. X1 o-o X3
3. X2 --> X6
4. X3 o-o X4
5. X4 --> X6


  H0 (G* + spurious, cold-reoriented):
Graph Nodes:
X1;X2;X3;X4;X6

Graph Edges:
1. X2 --> X1
2. X2 o-> X6
3. X3 --> X1
4. X4 --> X3
5. X4 o-> X6
6. X6 --> X1
7. X6 --> X3



==== NOSTALL DEADLOCK: gated genuine-legal H0, NO legal single-edge deletion ====
  dag mask        : 13187
  latent set      : [5]  (latent nodes: [X6])
  spurious edges  : [X1 o-o X5, X3 o-o X5]  (k=2)
  outcome of deleting each spurious edge from H0:
    X1 o-o X5 : illegal -- genuine/acyclic -- Acyclicity violated: There is a directed cyclic path from X1 to itself in a MAG implied by this graph
    X3 o-o X5 : illegal -- genuine/acyclic -- Acyclicity violated: There is a directed cyclic path from X1 to itself in a MAG implied by this graph
  true DAG (all variables, latents included):
Graph Nodes:
X1;X2;X3;X4;X5;(X6)

Graph Edges:
1. X1 --> X2
2. X1 --> X3
3. X2 --> X5
4. X2 --> X6
5. X3 --> X4
6. X4 --> X5
7. X4 --> X6


  true PAG G* (over observed):
Graph Nodes:
X1;X2;X3;X4;X5

Graph Edges:
1. X1 o-o X2
2. X1 o-o X3
3. X2 --> X5
4. X3 o-o X4
5. X4 --> X5


  H0 (G* + spurious, cold-reoriented):
Graph Nodes:
X1;X2;X3;X4;X5

Graph Edges:
1. X2 --> X1
2. X2 o-> X5
3. X3 --> X1
4. X4 --> X3
5. X4 o-> X5
6. X5 --> X1
7. X5 --> X3



==== NOSTALL DEADLOCK: gated genuine-legal H0, NO legal single-edge deletion ====
  dag mask        : 13195
  latent set      : [4]  (latent nodes: [X5])
  spurious edges  : [X1 o-o X6, X3 o-o X6]  (k=2)
  outcome of deleting each spurious edge from H0:
    X1 o-o X6 : illegal -- genuine/acyclic -- Acyclicity violated: There is a directed cyclic path from X1 to itself in a MAG implied by this graph
    X3 o-o X6 : illegal -- genuine/acyclic -- Acyclicity violated: There is a directed cyclic path from X1 to itself in a MAG implied by this graph
  true DAG (all variables, latents included):
Graph Nodes:
X1;X2;X3;X4;(X5);X6

Graph Edges:
1. X1 --> X2
2. X1 --> X3
3. X1 --> X5
4. X2 --> X5
5. X2 --> X6
6. X3 --> X4
7. X4 --> X5
8. X4 --> X6


  true PAG G* (over observed):
Graph Nodes:
X1;X2;X3;X4;X6

Graph Edges:
1. X1 o-o X2
2. X1 o-o X3
3. X2 --> X6
4. X3 o-o X4
5. X4 --> X6


  H0 (G* + spurious, cold-reoriented):
Graph Nodes:
X1;X2;X3;X4;X6

Graph Edges:
1. X2 --> X1
2. X2 o-> X6
3. X3 --> X1
4. X4 --> X3
5. X4 o-> X6
6. X6 --> X1
7. X6 --> X3



==== NOSTALL DEADLOCK: gated genuine-legal H0, NO legal single-edge deletion ====
  dag mask        : 13203
  latent set      : [5]  (latent nodes: [X6])
  spurious edges  : [X1 o-o X5, X3 o-o X5]  (k=2)
  outcome of deleting each spurious edge from H0:
    X1 o-o X5 : illegal -- genuine/acyclic -- Acyclicity violated: There is a directed cyclic path from X1 to itself in a MAG implied by this graph
    X3 o-o X5 : illegal -- genuine/acyclic -- Acyclicity violated: There is a directed cyclic path from X1 to itself in a MAG implied by this graph
  true DAG (all variables, latents included):
Graph Nodes:
X1;X2;X3;X4;X5;(X6)

Graph Edges:
1. X1 --> X2
2. X1 --> X3
3. X1 --> X6
4. X2 --> X5
5. X2 --> X6
6. X3 --> X4
7. X4 --> X5
8. X4 --> X6


  true PAG G* (over observed):
Graph Nodes:
X1;X2;X3;X4;X5

Graph Edges:
1. X1 o-o X2
2. X1 o-o X3
3. X2 --> X5
4. X3 o-o X4
5. X4 --> X5


  H0 (G* + spurious, cold-reoriented):
Graph Nodes:
X1;X2;X3;X4;X5

Graph Edges:
1. X2 --> X1
2. X2 o-> X5
3. X3 --> X1
4. X4 --> X3
5. X4 o-> X5
6. X5 --> X1
7. X5 --> X3



==== NOSTALL DEADLOCK: gated genuine-legal H0, NO legal single-edge deletion ====
  dag mask        : 13349
  latent set      : [5]  (latent nodes: [X6])
  spurious edges  : [X1 o-o X5, X2 o-o X5]  (k=2)
  outcome of deleting each spurious edge from H0:
    X1 o-o X5 : illegal -- genuine/acyclic -- Acyclicity violated: There is a directed cyclic path from X1 to itself in a MAG implied by this graph
    X2 o-o X5 : illegal -- genuine/acyclic -- Acyclicity violated: There is a directed cyclic path from X1 to itself in a MAG implied by this graph
  true DAG (all variables, latents included):
Graph Nodes:
X1;X2;X3;X4;X5;(X6)

Graph Edges:
1. X1 --> X2
2. X1 --> X4
3. X2 --> X3
4. X3 --> X5
5. X4 --> X5
6. X4 --> X6


  true PAG G* (over observed):
Graph Nodes:
X1;X2;X3;X4;X5

Graph Edges:
1. X1 o-o X2
2. X1 o-o X4
3. X2 o-o X3
4. X3 --> X5
5. X4 --> X5


  H0 (G* + spurious, cold-reoriented):
Graph Nodes:
X1;X2;X3;X4;X5

Graph Edges:
1. X1 --> X2
2. X3 --> X2
3. X3 o-> X5
4. X4 --> X1
5. X4 o-> X5
6. X5 --> X1
7. X5 --> X2



==== NOSTALL DEADLOCK: gated genuine-legal H0, NO legal single-edge deletion ====
  dag mask        : 13361
  latent set      : [3]  (latent nodes: [X4])
  spurious edges  : [X1 o-o X5, X2 o-o X5]  (k=2)
  outcome of deleting each spurious edge from H0:
    X1 o-o X5 : illegal -- genuine/maximality -- Not maximal: Inducing path exists between non-adjacent X3 and X6 in a MAG implied by this graph
    X2 o-o X5 : illegal -- genuine/acyclic -- Acyclicity violated: There is a directed cyclic path from X1 to itself in a MAG implied by this graph
  true DAG (all variables, latents included):
Graph Nodes:
X1;X2;X3;(X4);X5;X6

Graph Edges:
1. X1 --> X2
2. X1 --> X6
3. X2 --> X3
4. X3 --> X5
5. X4 --> X5
6. X4 --> X6


  true PAG G* (over observed):
Graph Nodes:
X1;X2;X3;X5;X6

Graph Edges:
1. X1 o-o X2
2. X1 o-> X6
3. X2 o-o X3
4. X3 o-> X5
5. X6 <-> X5


  H0 (G* + spurious, cold-reoriented):
Graph Nodes:
X1;X2;X3;X5;X6

Graph Edges:
1. X1 --> X2
2. X3 --> X2
3. X3 o-> X5
4. X5 --> X1
5. X5 --> X2
6. X5 <-> X6
7. X6 <-> X1



==== NOSTALL DEADLOCK: gated genuine-legal H0, NO legal single-edge deletion ====
  dag mask        : 13361
  latent set      : [3]  (latent nodes: [X4])
  spurious edges  : [X2 o-o X5, X2 o-o X6]  (k=2)
  outcome of deleting each spurious edge from H0:
    X2 o-o X5 : illegal -- genuine/maximality -- Not maximal: Inducing path exists between non-adjacent X1 and X5 in a MAG implied by this graph
    X2 o-o X6 : illegal -- genuine/maximality -- Not maximal: Inducing path exists between non-adjacent X3 and X6 in a MAG implied by this graph
  true DAG (all variables, latents included):
Graph Nodes:
X1;X2;X3;(X4);X5;X6

Graph Edges:
1. X1 --> X2
2. X1 --> X6
3. X2 --> X3
4. X3 --> X5
5. X4 --> X5
6. X4 --> X6


  true PAG G* (over observed):
Graph Nodes:
X1;X2;X3;X5;X6

Graph Edges:
1. X1 o-o X2
2. X1 o-> X6
3. X2 o-o X3
4. X3 o-> X5
5. X6 <-> X5


  H0 (G* + spurious, cold-reoriented):
Graph Nodes:
X1;X2;X3;X5;X6

Graph Edges:
1. X1 o-o X2
2. X1 o-> X6
3. X2 o-o X3
4. X2 o-> X5
5. X2 o-> X6
6. X3 o-> X5
7. X5 <-> X6



==== NOSTALL DEADLOCK: gated genuine-legal H0, NO legal single-edge deletion ====
  dag mask        : 13361
  latent set      : [3]  (latent nodes: [X4])
  spurious edges  : [X2 o-o X6, X3 o-o X6]  (k=2)
  outcome of deleting each spurious edge from H0:
    X2 o-o X6 : illegal -- genuine/acyclic -- Acyclicity violated: There is a directed cyclic path from X1 to itself in a MAG implied by this graph
    X3 o-o X6 : illegal -- genuine/maximality -- Not maximal: Inducing path exists between non-adjacent X1 and X5 in a MAG implied by this graph
  true DAG (all variables, latents included):
Graph Nodes:
X1;X2;X3;(X4);X5;X6

Graph Edges:
1. X1 --> X2
2. X1 --> X6
3. X2 --> X3
4. X3 --> X5
5. X4 --> X5
6. X4 --> X6


  true PAG G* (over observed):
Graph Nodes:
X1;X2;X3;X5;X6

Graph Edges:
1. X1 o-o X2
2. X1 o-> X6
3. X2 o-o X3
4. X3 o-> X5
5. X6 <-> X5


  H0 (G* + spurious, cold-reoriented):
Graph Nodes:
X1;X2;X3;X5;X6

Graph Edges:
1. X1 --> X2
2. X1 o-> X6
3. X3 --> X2
4. X5 <-> X3
5. X5 <-> X6
6. X6 --> X2
7. X6 --> X3



==== NOSTALL DEADLOCK: gated genuine-legal H0, NO legal single-edge deletion ====
  dag mask        : 13363
  latent set      : [3]  (latent nodes: [X4])
  spurious edges  : [X2 o-o X5, X2 o-o X6]  (k=2)
  outcome of deleting each spurious edge from H0:
    X2 o-o X5 : illegal -- genuine/maximality -- Not maximal: Inducing path exists between non-adjacent X1 and X5 in a MAG implied by this graph
    X2 o-o X6 : illegal -- genuine/maximality -- Not maximal: Inducing path exists between non-adjacent X3 and X6 in a MAG implied by this graph
  true DAG (all variables, latents included):
Graph Nodes:
X1;X2;X3;(X4);X5;X6

Graph Edges:
1. X1 --> X2
2. X1 --> X3
3. X1 --> X6
4. X2 --> X3
5. X3 --> X5
6. X4 --> X5
7. X4 --> X6


  true PAG G* (over observed):
Graph Nodes:
X1;X2;X3;X5;X6

Graph Edges:
1. X1 o-o X2
2. X1 o-o X3
3. X1 o-> X6
4. X2 o-o X3
5. X3 o-> X5
6. X6 <-> X5


  H0 (G* + spurious, cold-reoriented):
Graph Nodes:
X1;X2;X3;X5;X6

Graph Edges:
1. X1 o-o X2
2. X1 o-o X3
3. X1 o-> X6
4. X2 o-o X3
5. X2 o-> X5
6. X2 o-> X6
7. X3 o-> X5
8. X5 <-> X6



==== NOSTALL DEADLOCK: gated genuine-legal H0, NO legal single-edge deletion ====
  dag mask        : 13365
  latent set      : [5]  (latent nodes: [X6])
  spurious edges  : [X1 o-o X5, X2 o-o X5]  (k=2)
  outcome of deleting each spurious edge from H0:
    X1 o-o X5 : illegal -- genuine/acyclic -- Acyclicity violated: There is a directed cyclic path from X1 to itself in a MAG implied by this graph
    X2 o-o X5 : illegal -- genuine/acyclic -- Acyclicity violated: There is a directed cyclic path from X1 to itself in a MAG implied by this graph
  true DAG (all variables, latents included):
Graph Nodes:
X1;X2;X3;X4;X5;(X6)

Graph Edges:
1. X1 --> X2
2. X1 --> X4
3. X1 --> X6
4. X2 --> X3
5. X3 --> X5
6. X4 --> X5
7. X4 --> X6


  true PAG G* (over observed):
Graph Nodes:
X1;X2;X3;X4;X5

Graph Edges:
1. X1 o-o X2
2. X1 o-o X4
3. X2 o-o X3
4. X3 --> X5
5. X4 --> X5


  H0 (G* + spurious, cold-reoriented):
Graph Nodes:
X1;X2;X3;X4;X5

Graph Edges:
1. X1 --> X2
2. X3 --> X2
3. X3 o-> X5
4. X4 --> X1
5. X4 o-> X5
6. X5 --> X1
7. X5 --> X2



==== NOSTALL DEADLOCK: gated genuine-legal H0, NO legal single-edge deletion ====
  dag mask        : 13379
  latent set      : [5]  (latent nodes: [X6])
  spurious edges  : [X1 o-o X5, X2 o-o X5]  (k=2)
  outcome of deleting each spurious edge from H0:
    X1 o-o X5 : illegal -- genuine/acyclic -- Acyclicity violated: There is a directed cyclic path from X1 to itself in a MAG implied by this graph
    X2 o-o X5 : illegal -- genuine/acyclic -- Acyclicity violated: There is a directed cyclic path from X1 to itself in a MAG implied by this graph
  true DAG (all variables, latents included):
Graph Nodes:
X1;X2;X3;X4;X5;(X6)

Graph Edges:
1. X1 --> X2
2. X1 --> X3
3. X2 --> X4
4. X3 --> X5
5. X4 --> X5
6. X4 --> X6


  true PAG G* (over observed):
Graph Nodes:
X1;X2;X3;X4;X5

Graph Edges:
1. X1 o-o X2
2. X1 o-o X3
3. X2 o-o X4
4. X3 --> X5
5. X4 --> X5


  H0 (G* + spurious, cold-reoriented):
Graph Nodes:
X1;X2;X3;X4;X5

Graph Edges:
1. X2 --> X1
2. X3 --> X1
3. X3 o-> X5
4. X4 --> X2
5. X4 o-> X5
6. X5 --> X1
7. X5 --> X2



==== NOSTALL DEADLOCK: gated genuine-legal H0, NO legal single-edge deletion ====
  dag mask        : 13395
  latent set      : [5]  (latent nodes: [X6])
  spurious edges  : [X1 o-o X5, X2 o-o X5]  (k=2)
  outcome of deleting each spurious edge from H0:
    X1 o-o X5 : illegal -- genuine/acyclic -- Acyclicity violated: There is a directed cyclic path from X1 to itself in a MAG implied by this graph
    X2 o-o X5 : illegal -- genuine/acyclic -- Acyclicity violated: There is a directed cyclic path from X1 to itself in a MAG implied by this graph
  true DAG (all variables, latents included):
Graph Nodes:
X1;X2;X3;X4;X5;(X6)

Graph Edges:
1. X1 --> X2
2. X1 --> X3
3. X1 --> X6
4. X2 --> X4
5. X3 --> X5
6. X4 --> X5
7. X4 --> X6


  true PAG G* (over observed):
Graph Nodes:
X1;X2;X3;X4;X5

Graph Edges:
1. X1 o-o X2
2. X1 o-o X3
3. X2 o-o X4
4. X3 --> X5
5. X4 --> X5


  H0 (G* + spurious, cold-reoriented):
Graph Nodes:
X1;X2;X3;X4;X5

Graph Edges:
1. X2 --> X1
2. X3 --> X1
3. X3 o-> X5
4. X4 --> X2
5. X4 o-> X5
6. X5 --> X1
7. X5 --> X2



==== NOSTALL DEADLOCK: gated genuine-legal H0, NO legal single-edge deletion ====
  dag mask        : 13571
  latent set      : [3]  (latent nodes: [X4])
  spurious edges  : [X1 o-o X5, X1 o-o X6]  (k=2)
  outcome of deleting each spurious edge from H0:
    X1 o-o X5 : illegal -- genuine/maximality -- Not maximal: Inducing path exists between non-adjacent X2 and X5 in a MAG implied by this graph
    X1 o-o X6 : illegal -- genuine/maximality -- Not maximal: Inducing path exists between non-adjacent X3 and X6 in a MAG implied by this graph
  true DAG (all variables, latents included):
Graph Nodes:
X1;X2;X3;(X4);X5;X6

Graph Edges:
1. X1 --> X2
2. X1 --> X3
3. X2 --> X6
4. X3 --> X5
5. X4 --> X5
6. X4 --> X6


  true PAG G* (over observed):
Graph Nodes:
X1;X2;X3;X5;X6

Graph Edges:
1. X1 o-o X2
2. X1 o-o X3
3. X2 o-> X6
4. X3 o-> X5
5. X6 <-> X5


  H0 (G* + spurious, cold-reoriented):
Graph Nodes:
X1;X2;X3;X5;X6

Graph Edges:
1. X1 o-o X2
2. X1 o-o X3
3. X1 o-> X5
4. X1 o-> X6
5. X2 o-> X6
6. X3 o-> X5
7. X5 <-> X6



==== NOSTALL DEADLOCK: gated genuine-legal H0, NO legal single-edge deletion ====
  dag mask        : 13571
  latent set      : [3]  (latent nodes: [X4])
  spurious edges  : [X1 o-o X5, X2 o-o X5]  (k=2)
  outcome of deleting each spurious edge from H0:
    X1 o-o X5 : illegal -- genuine/acyclic -- Acyclicity violated: There is a directed cyclic path from X1 to itself in a MAG implied by this graph
    X2 o-o X5 : illegal -- genuine/maximality -- Not maximal: Inducing path exists between non-adjacent X3 and X6 in a MAG implied by this graph
  true DAG (all variables, latents included):
Graph Nodes:
X1;X2;X3;(X4);X5;X6

Graph Edges:
1. X1 --> X2
2. X1 --> X3
3. X2 --> X6
4. X3 --> X5
5. X4 --> X5
6. X4 --> X6


  true PAG G* (over observed):
Graph Nodes:
X1;X2;X3;X5;X6

Graph Edges:
1. X1 o-o X2
2. X1 o-o X3
3. X2 o-> X6
4. X3 o-> X5
5. X6 <-> X5


  H0 (G* + spurious, cold-reoriented):
Graph Nodes:
X1;X2;X3;X5;X6

Graph Edges:
1. X2 --> X1
2. X3 --> X1
3. X3 o-> X5
4. X5 --> X1
5. X5 --> X2
6. X5 <-> X6
7. X6 <-> X2



==== NOSTALL DEADLOCK: gated genuine-legal H0, NO legal single-edge deletion ====
  dag mask        : 13571
  latent set      : [3]  (latent nodes: [X4])
  spurious edges  : [X1 o-o X6, X3 o-o X6]  (k=2)
  outcome of deleting each spurious edge from H0:
    X1 o-o X6 : illegal -- genuine/acyclic -- Acyclicity violated: There is a directed cyclic path from X1 to itself in a MAG implied by this graph
    X3 o-o X6 : illegal -- genuine/maximality -- Not maximal: Inducing path exists between non-adjacent X2 and X5 in a MAG implied by this graph
  true DAG (all variables, latents included):
Graph Nodes:
X1;X2;X3;(X4);X5;X6

Graph Edges:
1. X1 --> X2
2. X1 --> X3
3. X2 --> X6
4. X3 --> X5
5. X4 --> X5
6. X4 --> X6


  true PAG G* (over observed):
Graph Nodes:
X1;X2;X3;X5;X6

Graph Edges:
1. X1 o-o X2
2. X1 o-o X3
3. X2 o-> X6
4. X3 o-> X5
5. X6 <-> X5


  H0 (G* + spurious, cold-reoriented):
Graph Nodes:
X1;X2;X3;X5;X6

Graph Edges:
1. X2 --> X1
2. X2 o-> X6
3. X3 --> X1
4. X5 <-> X3
5. X5 <-> X6
6. X6 --> X1
7. X6 --> X3



==== NOSTALL DEADLOCK: gated genuine-legal H0, NO legal single-edge deletion ====
  dag mask        : 13603
  latent set      : [3]  (latent nodes: [X4])
  spurious edges  : [X1 o-o X5, X1 o-o X6]  (k=2)
  outcome of deleting each spurious edge from H0:
    X1 o-o X5 : illegal -- genuine/maximality -- Not maximal: Inducing path exists between non-adjacent X2 and X5 in a MAG implied by this graph
    X1 o-o X6 : illegal -- genuine/maximality -- Not maximal: Inducing path exists between non-adjacent X3 and X6 in a MAG implied by this graph
  true DAG (all variables, latents included):
Graph Nodes:
X1;X2;X3;(X4);X5;X6

Graph Edges:
1. X1 --> X2
2. X1 --> X3
3. X2 --> X3
4. X2 --> X6
5. X3 --> X5
6. X4 --> X5
7. X4 --> X6


  true PAG G* (over observed):
Graph Nodes:
X1;X2;X3;X5;X6

Graph Edges:
1. X1 o-o X2
2. X1 o-o X3
3. X2 o-o X3
4. X2 o-> X6
5. X3 o-> X5
6. X6 <-> X5


  H0 (G* + spurious, cold-reoriented):
Graph Nodes:
X1;X2;X3;X5;X6

Graph Edges:
1. X1 o-o X2
2. X1 o-o X3
3. X1 o-> X5
4. X1 o-> X6
5. X2 o-o X3
6. X2 o-> X6
7. X3 o-> X5
8. X5 <-> X6



==== NOSTALL DEADLOCK: gated genuine-legal H0, NO legal single-edge deletion ====
  dag mask        : 13605
  latent set      : [5]  (latent nodes: [X6])
  spurious edges  : [X1 o-o X5, X2 o-o X5]  (k=2)
  outcome of deleting each spurious edge from H0:
    X1 o-o X5 : illegal -- genuine/acyclic -- Acyclicity violated: There is a directed cyclic path from X1 to itself in a MAG implied by this graph
    X2 o-o X5 : illegal -- genuine/acyclic -- Acyclicity violated: There is a directed cyclic path from X1 to itself in a MAG implied by this graph
  true DAG (all variables, latents included):
Graph Nodes:
X1;X2;X3;X4;X5;(X6)

Graph Edges:
1. X1 --> X2
2. X1 --> X4
3. X2 --> X3
4. X2 --> X6
5. X3 --> X5
6. X4 --> X5
7. X4 --> X6


  true PAG G* (over observed):
Graph Nodes:
X1;X2;X3;X4;X5

Graph Edges:
1. X1 o-o X2
2. X1 o-o X4
3. X2 o-o X3
4. X3 --> X5
5. X4 --> X5


  H0 (G* + spurious, cold-reoriented):
Graph Nodes:
X1;X2;X3;X4;X5

Graph Edges:
1. X1 --> X2
2. X3 --> X2
3. X3 o-> X5
4. X4 --> X1
5. X4 o-> X5
6. X5 --> X1
7. X5 --> X2



==== NOSTALL DEADLOCK: gated genuine-legal H0, NO legal single-edge deletion ====
  dag mask        : 13621
  latent set      : [5]  (latent nodes: [X6])
  spurious edges  : [X1 o-o X5, X2 o-o X5]  (k=2)
  outcome of deleting each spurious edge from H0:
    X1 o-o X5 : illegal -- genuine/acyclic -- Acyclicity violated: There is a directed cyclic path from X1 to itself in a MAG implied by this graph
    X2 o-o X5 : illegal -- genuine/acyclic -- Acyclicity violated: There is a directed cyclic path from X1 to itself in a MAG implied by this graph
  true DAG (all variables, latents included):
Graph Nodes:
X1;X2;X3;X4;X5;(X6)

Graph Edges:
1. X1 --> X2
2. X1 --> X4
3. X1 --> X6
4. X2 --> X3
5. X2 --> X6
6. X3 --> X5
7. X4 --> X5
8. X4 --> X6


  true PAG G* (over observed):
Graph Nodes:
X1;X2;X3;X4;X5

Graph Edges:
1. X1 o-o X2
2. X1 o-o X4
3. X2 o-o X3
4. X3 --> X5
5. X4 --> X5


  H0 (G* + spurious, cold-reoriented):
Graph Nodes:
X1;X2;X3;X4;X5

Graph Edges:
1. X1 --> X2
2. X3 --> X2
3. X3 o-> X5
4. X4 --> X1
5. X4 o-> X5
6. X5 --> X1
7. X5 --> X2



==== NOSTALL DEADLOCK: gated genuine-legal H0, NO legal single-edge deletion ====
  dag mask        : 13635
  latent set      : [5]  (latent nodes: [X6])
  spurious edges  : [X1 o-o X5, X2 o-o X5]  (k=2)
  outcome of deleting each spurious edge from H0:
    X1 o-o X5 : illegal -- genuine/acyclic -- Acyclicity violated: There is a directed cyclic path from X1 to itself in a MAG implied by this graph
    X2 o-o X5 : illegal -- genuine/acyclic -- Acyclicity violated: There is a directed cyclic path from X1 to itself in a MAG implied by this graph
  true DAG (all variables, latents included):
Graph Nodes:
X1;X2;X3;X4;X5;(X6)

Graph Edges:
1. X1 --> X2
2. X1 --> X3
3. X2 --> X4
4. X2 --> X6
5. X3 --> X5
6. X4 --> X5
7. X4 --> X6


  true PAG G* (over observed):
Graph Nodes:
X1;X2;X3;X4;X5

Graph Edges:
1. X1 o-o X2
2. X1 o-o X3
3. X2 o-o X4
4. X3 --> X5
5. X4 --> X5


  H0 (G* + spurious, cold-reoriented):
Graph Nodes:
X1;X2;X3;X4;X5

Graph Edges:
1. X2 --> X1
2. X3 --> X1
3. X3 o-> X5
4. X4 --> X2
5. X4 o-> X5
6. X5 --> X1
7. X5 --> X2



==== NOSTALL DEADLOCK: gated genuine-legal H0, NO legal single-edge deletion ====
  dag mask        : 13651
  latent set      : [5]  (latent nodes: [X6])
  spurious edges  : [X1 o-o X5, X2 o-o X5]  (k=2)
  outcome of deleting each spurious edge from H0:
    X1 o-o X5 : illegal -- genuine/acyclic -- Acyclicity violated: There is a directed cyclic path from X1 to itself in a MAG implied by this graph
    X2 o-o X5 : illegal -- genuine/acyclic -- Acyclicity violated: There is a directed cyclic path from X1 to itself in a MAG implied by this graph
  true DAG (all variables, latents included):
Graph Nodes:
X1;X2;X3;X4;X5;(X6)

Graph Edges:
1. X1 --> X2
2. X1 --> X3
3. X1 --> X6
4. X2 --> X4
5. X2 --> X6
6. X3 --> X5
7. X4 --> X5
8. X4 --> X6


  true PAG G* (over observed):
Graph Nodes:
X1;X2;X3;X4;X5

Graph Edges:
1. X1 o-o X2
2. X1 o-o X3
3. X2 o-o X4
4. X3 --> X5
5. X4 --> X5


  H0 (G* + spurious, cold-reoriented):
Graph Nodes:
X1;X2;X3;X4;X5

Graph Edges:
1. X2 --> X1
2. X3 --> X1
3. X3 o-> X5
4. X4 --> X2
5. X4 o-> X5
6. X5 --> X1
7. X5 --> X2



==== NOSTALL DEADLOCK: gated genuine-legal H0, NO legal single-edge deletion ====
  dag mask        : 13858
  latent set      : [4]  (latent nodes: [X5])
  spurious edges  : [X1 o-o X6, X2 o-o X6]  (k=2)
  outcome of deleting each spurious edge from H0:
    X1 o-o X6 : illegal -- genuine/acyclic -- Acyclicity violated: There is a directed cyclic path from X2 to itself in a MAG implied by this graph
    X2 o-o X6 : illegal -- genuine/acyclic -- Acyclicity violated: There is a directed cyclic path from X1 to itself in a MAG implied by this graph
  true DAG (all variables, latents included):
Graph Nodes:
X1;X2;X3;X4;(X5);X6

Graph Edges:
1. X1 --> X3
2. X2 --> X3
3. X3 --> X4
4. X3 --> X5
5. X4 --> X5
6. X4 --> X6


  true PAG G* (over observed):
Graph Nodes:
X1;X2;X3;X4;X6

Graph Edges:
1. X1 o-> X3
2. X2 o-> X3
3. X3 --> X4
4. X4 --> X6


  H0 (G* + spurious, cold-reoriented):
Graph Nodes:
X1;X2;X3;X4;X6

Graph Edges:
1. X1 o-> X3
2. X1 --> X6
3. X2 o-> X3
4. X2 --> X6
5. X3 --> X4
6. X4 --> X6



==== NOSTALL DEADLOCK: gated genuine-legal H0, NO legal single-edge deletion ====
  dag mask        : 13866
  latent set      : [4]  (latent nodes: [X5])
  spurious edges  : [X1 o-o X6, X2 o-o X6]  (k=2)
  outcome of deleting each spurious edge from H0:
    X1 o-o X6 : illegal -- genuine/acyclic -- Acyclicity violated: There is a directed cyclic path from X2 to itself in a MAG implied by this graph
    X2 o-o X6 : illegal -- genuine/acyclic -- Acyclicity violated: There is a directed cyclic path from X1 to itself in a MAG implied by this graph
  true DAG (all variables, latents included):
Graph Nodes:
X1;X2;X3;X4;(X5);X6

Graph Edges:
1. X1 --> X3
2. X1 --> X5
3. X2 --> X3
4. X3 --> X4
5. X3 --> X5
6. X4 --> X5
7. X4 --> X6


  true PAG G* (over observed):
Graph Nodes:
X1;X2;X3;X4;X6

Graph Edges:
1. X1 o-> X3
2. X2 o-> X3
3. X3 --> X4
4. X4 --> X6


  H0 (G* + spurious, cold-reoriented):
Graph Nodes:
X1;X2;X3;X4;X6

Graph Edges:
1. X1 o-> X3
2. X1 --> X6
3. X2 o-> X3
4. X2 --> X6
5. X3 --> X4
6. X4 --> X6



==== NOSTALL DEADLOCK: gated genuine-legal H0, NO legal single-edge deletion ====
  dag mask        : 13873
  latent set      : [4]  (latent nodes: [X5])
  spurious edges  : [X2 o-o X6, X3 o-o X6]  (k=2)
  outcome of deleting each spurious edge from H0:
    X2 o-o X6 : illegal -- genuine/acyclic -- Acyclicity violated: There is a directed cyclic path from X1 to itself in a MAG implied by this graph
    X3 o-o X6 : illegal -- genuine/acyclic -- Acyclicity violated: There is a directed cyclic path from X2 to itself in a MAG implied by this graph
  true DAG (all variables, latents included):
Graph Nodes:
X1;X2;X3;X4;(X5);X6

Graph Edges:
1. X1 --> X2
2. X1 --> X6
3. X2 --> X3
4. X3 --> X4
5. X3 --> X5
6. X4 --> X5
7. X4 --> X6


  true PAG G* (over observed):
Graph Nodes:
X1;X2;X3;X4;X6

Graph Edges:
1. X1 o-o X2
2. X1 --> X6
3. X2 o-o X3
4. X3 o-o X4
5. X4 --> X6


  H0 (G* + spurious, cold-reoriented):
Graph Nodes:
X1;X2;X3;X4;X6

Graph Edges:
1. X1 --> X2
2. X1 o-> X6
3. X3 --> X2
4. X4 --> X3
5. X4 o-> X6
6. X6 --> X2
7. X6 --> X3



==== NOSTALL DEADLOCK: gated genuine-legal H0, NO legal single-edge deletion ====
  dag mask        : 13881
  latent set      : [4]  (latent nodes: [X5])
  spurious edges  : [X2 o-o X6, X3 o-o X6]  (k=2)
  outcome of deleting each spurious edge from H0:
    X2 o-o X6 : illegal -- genuine/acyclic -- Acyclicity violated: There is a directed cyclic path from X1 to itself in a MAG implied by this graph
    X3 o-o X6 : illegal -- genuine/acyclic -- Acyclicity violated: There is a directed cyclic path from X2 to itself in a MAG implied by this graph
  true DAG (all variables, latents included):
Graph Nodes:
X1;X2;X3;X4;(X5);X6

Graph Edges:
1. X1 --> X2
2. X1 --> X5
3. X1 --> X6
4. X2 --> X3
5. X3 --> X4
6. X3 --> X5
7. X4 --> X5
8. X4 --> X6


  true PAG G* (over observed):
Graph Nodes:
X1;X2;X3;X4;X6

Graph Edges:
1. X1 o-o X2
2. X1 --> X6
3. X2 o-o X3
4. X3 o-o X4
5. X4 --> X6


  H0 (G* + spurious, cold-reoriented):
Graph Nodes:
X1;X2;X3;X4;X6

Graph Edges:
1. X1 --> X2
2. X1 o-> X6
3. X3 --> X2
4. X4 --> X3
5. X4 o-> X6
6. X6 --> X2
7. X6 --> X3



==== NOSTALL DEADLOCK: gated genuine-legal H0, NO legal single-edge deletion ====
  dag mask        : 13986
  latent set      : [4]  (latent nodes: [X5])
  spurious edges  : [X1 o-o X6, X2 o-o X6]  (k=2)
  outcome of deleting each spurious edge from H0:
    X1 o-o X6 : illegal -- genuine/acyclic -- Acyclicity violated: There is a directed cyclic path from X2 to itself in a MAG implied by this graph
    X2 o-o X6 : illegal -- genuine/acyclic -- Acyclicity violated: There is a directed cyclic path from X1 to itself in a MAG implied by this graph
  true DAG (all variables, latents included):
Graph Nodes:
X1;X2;X3;X4;(X5);X6

Graph Edges:
1. X1 --> X3
2. X2 --> X3
3. X2 --> X5
4. X3 --> X4
5. X3 --> X5
6. X4 --> X5
7. X4 --> X6


  true PAG G* (over observed):
Graph Nodes:
X1;X2;X3;X4;X6

Graph Edges:
1. X1 o-> X3
2. X2 o-> X3
3. X3 --> X4
4. X4 --> X6


  H0 (G* + spurious, cold-reoriented):
Graph Nodes:
X1;X2;X3;X4;X6

Graph Edges:
1. X1 o-> X3
2. X1 --> X6
3. X2 o-> X3
4. X2 --> X6
5. X3 --> X4
6. X4 --> X6



==== NOSTALL DEADLOCK: gated genuine-legal H0, NO legal single-edge deletion ====
  dag mask        : 13994
  latent set      : [4]  (latent nodes: [X5])
  spurious edges  : [X1 o-o X6, X2 o-o X6]  (k=2)
  outcome of deleting each spurious edge from H0:
    X1 o-o X6 : illegal -- genuine/acyclic -- Acyclicity violated: There is a directed cyclic path from X2 to itself in a MAG implied by this graph
    X2 o-o X6 : illegal -- genuine/acyclic -- Acyclicity violated: There is a directed cyclic path from X1 to itself in a MAG implied by this graph
  true DAG (all variables, latents included):
Graph Nodes:
X1;X2;X3;X4;(X5);X6

Graph Edges:
1. X1 --> X3
2. X1 --> X5
3. X2 --> X3
4. X2 --> X5
5. X3 --> X4
6. X3 --> X5
7. X4 --> X5
8. X4 --> X6


  true PAG G* (over observed):
Graph Nodes:
X1;X2;X3;X4;X6

Graph Edges:
1. X1 o-> X3
2. X2 o-> X3
3. X3 --> X4
4. X4 --> X6


  H0 (G* + spurious, cold-reoriented):
Graph Nodes:
X1;X2;X3;X4;X6

Graph Edges:
1. X1 o-> X3
2. X1 --> X6
3. X2 o-> X3
4. X2 --> X6
5. X3 --> X4
6. X4 --> X6



==== NOSTALL DEADLOCK: gated genuine-legal H0, NO legal single-edge deletion ====
  dag mask        : 14001
  latent set      : [4]  (latent nodes: [X5])
  spurious edges  : [X2 o-o X6, X3 o-o X6]  (k=2)
  outcome of deleting each spurious edge from H0:
    X2 o-o X6 : illegal -- genuine/acyclic -- Acyclicity violated: There is a directed cyclic path from X1 to itself in a MAG implied by this graph
    X3 o-o X6 : illegal -- genuine/acyclic -- Acyclicity violated: There is a directed cyclic path from X2 to itself in a MAG implied by this graph
  true DAG (all variables, latents included):
Graph Nodes:
X1;X2;X3;X4;(X5);X6

Graph Edges:
1. X1 --> X2
2. X1 --> X6
3. X2 --> X3
4. X2 --> X5
5. X3 --> X4
6. X3 --> X5
7. X4 --> X5
8. X4 --> X6


  true PAG G* (over observed):
Graph Nodes:
X1;X2;X3;X4;X6

Graph Edges:
1. X1 o-o X2
2. X1 --> X6
3. X2 o-o X3
4. X3 o-o X4
5. X4 --> X6


  H0 (G* + spurious, cold-reoriented):
Graph Nodes:
X1;X2;X3;X4;X6

Graph Edges:
1. X1 --> X2
2. X1 o-> X6
3. X3 --> X2
4. X4 --> X3
5. X4 o-> X6
6. X6 --> X2
7. X6 --> X3



==== NOSTALL DEADLOCK: gated genuine-legal H0, NO legal single-edge deletion ====
  dag mask        : 14009
  latent set      : [4]  (latent nodes: [X5])
  spurious edges  : [X2 o-o X6, X3 o-o X6]  (k=2)
  outcome of deleting each spurious edge from H0:
    X2 o-o X6 : illegal -- genuine/acyclic -- Acyclicity violated: There is a directed cyclic path from X1 to itself in a MAG implied by this graph
    X3 o-o X6 : illegal -- genuine/acyclic -- Acyclicity violated: There is a directed cyclic path from X2 to itself in a MAG implied by this graph
  true DAG (all variables, latents included):
Graph Nodes:
X1;X2;X3;X4;(X5);X6

Graph Edges:
1. X1 --> X2
2. X1 --> X5
3. X1 --> X6
4. X2 --> X3
5. X2 --> X5
6. X3 --> X4
7. X3 --> X5
8. X4 --> X5
9. X4 --> X6


  true PAG G* (over observed):
Graph Nodes:
X1;X2;X3;X4;X6

Graph Edges:
1. X1 o-o X2
2. X1 --> X6
3. X2 o-o X3
4. X3 o-o X4
5. X4 --> X6


  H0 (G* + spurious, cold-reoriented):
Graph Nodes:
X1;X2;X3;X4;X6

Graph Edges:
1. X1 --> X2
2. X1 o-> X6
3. X3 --> X2
4. X4 --> X3
5. X4 o-> X6
6. X6 --> X2
7. X6 --> X3



==== NOSTALL DEADLOCK: gated genuine-legal H0, NO legal single-edge deletion ====
  dag mask        : 14083
  latent set      : [4]  (latent nodes: [X5])
  spurious edges  : [X1 o-o X6, X3 o-o X6]  (k=2)
  outcome of deleting each spurious edge from H0:
    X1 o-o X6 : illegal -- genuine/acyclic -- Acyclicity violated: There is a directed cyclic path from X1 to itself in a MAG implied by this graph
    X3 o-o X6 : illegal -- genuine/acyclic -- Acyclicity violated: There is a directed cyclic path from X1 to itself in a MAG implied by this graph
  true DAG (all variables, latents included):
Graph Nodes:
X1;X2;X3;X4;(X5);X6

Graph Edges:
1. X1 --> X2
2. X1 --> X3
3. X2 --> X6
4. X3 --> X4
5. X3 --> X5
6. X4 --> X5
7. X4 --> X6


  true PAG G* (over observed):
Graph Nodes:
X1;X2;X3;X4;X6

Graph Edges:
1. X1 o-o X2
2. X1 o-o X3
3. X2 --> X6
4. X3 o-o X4
5. X4 --> X6


  H0 (G* + spurious, cold-reoriented):
Graph Nodes:
X1;X2;X3;X4;X6

Graph Edges:
1. X2 --> X1
2. X2 o-> X6
3. X3 --> X1
4. X4 --> X3
5. X4 o-> X6
6. X6 --> X1
7. X6 --> X3



==== NOSTALL DEADLOCK: gated genuine-legal H0, NO legal single-edge deletion ====
  dag mask        : 14091
  latent set      : [4]  (latent nodes: [X5])
  spurious edges  : [X1 o-o X6, X3 o-o X6]  (k=2)
  outcome of deleting each spurious edge from H0:
    X1 o-o X6 : illegal -- genuine/acyclic -- Acyclicity violated: There is a directed cyclic path from X1 to itself in a MAG implied by this graph
    X3 o-o X6 : illegal -- genuine/acyclic -- Acyclicity violated: There is a directed cyclic path from X1 to itself in a MAG implied by this graph
  true DAG (all variables, latents included):
Graph Nodes:
X1;X2;X3;X4;(X5);X6

Graph Edges:
1. X1 --> X2
2. X1 --> X3
3. X1 --> X5
4. X2 --> X6
5. X3 --> X4
6. X3 --> X5
7. X4 --> X5
8. X4 --> X6


  true PAG G* (over observed):
Graph Nodes:
X1;X2;X3;X4;X6

Graph Edges:
1. X1 o-o X2
2. X1 o-o X3
3. X2 --> X6
4. X3 o-o X4
5. X4 --> X6


  H0 (G* + spurious, cold-reoriented):
Graph Nodes:
X1;X2;X3;X4;X6

Graph Edges:
1. X2 --> X1
2. X2 o-> X6
3. X3 --> X1
4. X4 --> X3
5. X4 o-> X6
6. X6 --> X1
7. X6 --> X3



==== NOSTALL DEADLOCK: gated genuine-legal H0, NO legal single-edge deletion ====
  dag mask        : 14211
  latent set      : [4]  (latent nodes: [X5])
  spurious edges  : [X1 o-o X6, X3 o-o X6]  (k=2)
  outcome of deleting each spurious edge from H0:
    X1 o-o X6 : illegal -- genuine/acyclic -- Acyclicity violated: There is a directed cyclic path from X1 to itself in a MAG implied by this graph
    X3 o-o X6 : illegal -- genuine/acyclic -- Acyclicity violated: There is a directed cyclic path from X1 to itself in a MAG implied by this graph
  true DAG (all variables, latents included):
Graph Nodes:
X1;X2;X3;X4;(X5);X6

Graph Edges:
1. X1 --> X2
2. X1 --> X3
3. X2 --> X5
4. X2 --> X6
5. X3 --> X4
6. X3 --> X5
7. X4 --> X5
8. X4 --> X6


  true PAG G* (over observed):
Graph Nodes:
X1;X2;X3;X4;X6

Graph Edges:
1. X1 o-o X2
2. X1 o-o X3
3. X2 --> X6
4. X3 o-o X4
5. X4 --> X6


  H0 (G* + spurious, cold-reoriented):
Graph Nodes:
X1;X2;X3;X4;X6

Graph Edges:
1. X2 --> X1
2. X2 o-> X6
3. X3 --> X1
4. X4 --> X3
5. X4 o-> X6
6. X6 --> X1
7. X6 --> X3



==== NOSTALL DEADLOCK: gated genuine-legal H0, NO legal single-edge deletion ====
  dag mask        : 14219
  latent set      : [4]  (latent nodes: [X5])
  spurious edges  : [X1 o-o X6, X3 o-o X6]  (k=2)
  outcome of deleting each spurious edge from H0:
    X1 o-o X6 : illegal -- genuine/acyclic -- Acyclicity violated: There is a directed cyclic path from X1 to itself in a MAG implied by this graph
    X3 o-o X6 : illegal -- genuine/acyclic -- Acyclicity violated: There is a directed cyclic path from X1 to itself in a MAG implied by this graph
  true DAG (all variables, latents included):
Graph Nodes:
X1;X2;X3;X4;(X5);X6

Graph Edges:
1. X1 --> X2
2. X1 --> X3
3. X1 --> X5
4. X2 --> X5
5. X2 --> X6
6. X3 --> X4
7. X3 --> X5
8. X4 --> X5
9. X4 --> X6


  true PAG G* (over observed):
Graph Nodes:
X1;X2;X3;X4;X6

Graph Edges:
1. X1 o-o X2
2. X1 o-o X3
3. X2 --> X6
4. X3 o-o X4
5. X4 --> X6


  H0 (G* + spurious, cold-reoriented):
Graph Nodes:
X1;X2;X3;X4;X6

Graph Edges:
1. X2 --> X1
2. X2 o-> X6
3. X3 --> X1
4. X4 --> X3
5. X4 o-> X6
6. X6 --> X1
7. X6 --> X3



==== NOSTALL DEADLOCK: gated genuine-legal H0, NO legal single-edge deletion ====
  dag mask        : 14373
  latent set      : [4]  (latent nodes: [X5])
  spurious edges  : [X1 o-o X6, X2 o-o X6]  (k=2)
  outcome of deleting each spurious edge from H0:
    X1 o-o X6 : illegal -- genuine/acyclic -- Acyclicity violated: There is a directed cyclic path from X1 to itself in a MAG implied by this graph
    X2 o-o X6 : illegal -- genuine/acyclic -- Acyclicity violated: There is a directed cyclic path from X1 to itself in a MAG implied by this graph
  true DAG (all variables, latents included):
Graph Nodes:
X1;X2;X3;X4;(X5);X6

Graph Edges:
1. X1 --> X2
2. X1 --> X4
3. X2 --> X3
4. X3 --> X6
5. X4 --> X5
6. X4 --> X6


  true PAG G* (over observed):
Graph Nodes:
X1;X2;X3;X4;X6

Graph Edges:
1. X1 o-o X2
2. X1 o-o X4
3. X2 o-o X3
4. X3 --> X6
5. X4 --> X6


  H0 (G* + spurious, cold-reoriented):
Graph Nodes:
X1;X2;X3;X4;X6

Graph Edges:
1. X1 --> X2
2. X3 --> X2
3. X3 o-> X6
4. X4 --> X1
5. X4 o-> X6
6. X6 --> X1
7. X6 --> X2



==== NOSTALL DEADLOCK: gated genuine-legal H0, NO legal single-edge deletion ====
  dag mask        : 14377
  latent set      : [3]  (latent nodes: [X4])
  spurious edges  : [X1 o-o X6, X2 o-o X6]  (k=2)
  outcome of deleting each spurious edge from H0:
    X1 o-o X6 : illegal -- genuine/maximality -- Not maximal: Inducing path exists between non-adjacent X3 and X5 in a MAG implied by this graph
    X2 o-o X6 : illegal -- genuine/acyclic -- Acyclicity violated: There is a directed cyclic path from X1 to itself in a MAG implied by this graph
  true DAG (all variables, latents included):
Graph Nodes:
X1;X2;X3;(X4);X5;X6

Graph Edges:
1. X1 --> X2
2. X1 --> X5
3. X2 --> X3
4. X3 --> X6
5. X4 --> X5
6. X4 --> X6


  true PAG G* (over observed):
Graph Nodes:
X1;X2;X3;X5;X6

Graph Edges:
1. X1 o-o X2
2. X1 o-> X5
3. X2 o-o X3
4. X3 o-> X6
5. X6 <-> X5


  H0 (G* + spurious, cold-reoriented):
Graph Nodes:
X1;X2;X3;X5;X6

Graph Edges:
1. X1 --> X2
2. X3 --> X2
3. X3 o-> X6
4. X5 <-> X1
5. X6 --> X1
6. X6 --> X2
7. X6 <-> X5



==== NOSTALL DEADLOCK: gated genuine-legal H0, NO legal single-edge deletion ====
  dag mask        : 14377
  latent set      : [3]  (latent nodes: [X4])
  spurious edges  : [X2 o-o X5, X2 o-o X6]  (k=2)
  outcome of deleting each spurious edge from H0:
    X2 o-o X5 : illegal -- genuine/maximality -- Not maximal: Inducing path exists between non-adjacent X3 and X5 in a MAG implied by this graph
    X2 o-o X6 : illegal -- genuine/maximality -- Not maximal: Inducing path exists between non-adjacent X1 and X6 in a MAG implied by this graph
  true DAG (all variables, latents included):
Graph Nodes:
X1;X2;X3;(X4);X5;X6

Graph Edges:
1. X1 --> X2
2. X1 --> X5
3. X2 --> X3
4. X3 --> X6
5. X4 --> X5
6. X4 --> X6


  true PAG G* (over observed):
Graph Nodes:
X1;X2;X3;X5;X6

Graph Edges:
1. X1 o-o X2
2. X1 o-> X5
3. X2 o-o X3
4. X3 o-> X6
5. X6 <-> X5


  H0 (G* + spurious, cold-reoriented):
Graph Nodes:
X1;X2;X3;X5;X6

Graph Edges:
1. X1 o-o X2
2. X1 o-> X5
3. X2 o-o X3
4. X2 o-> X5
5. X2 o-> X6
6. X3 o-> X6
7. X6 <-> X5



==== NOSTALL DEADLOCK: gated genuine-legal H0, NO legal single-edge deletion ====
  dag mask        : 14377
  latent set      : [3]  (latent nodes: [X4])
  spurious edges  : [X2 o-o X5, X3 o-o X5]  (k=2)
  outcome of deleting each spurious edge from H0:
    X2 o-o X5 : illegal -- genuine/acyclic -- Acyclicity violated: There is a directed cyclic path from X1 to itself in a MAG implied by this graph
    X3 o-o X5 : illegal -- genuine/maximality -- Not maximal: Inducing path exists between non-adjacent X1 and X6 in a MAG implied by this graph
  true DAG (all variables, latents included):
Graph Nodes:
X1;X2;X3;(X4);X5;X6

Graph Edges:
1. X1 --> X2
2. X1 --> X5
3. X2 --> X3
4. X3 --> X6
5. X4 --> X5
6. X4 --> X6


  true PAG G* (over observed):
Graph Nodes:
X1;X2;X3;X5;X6

Graph Edges:
1. X1 o-o X2
2. X1 o-> X5
3. X2 o-o X3
4. X3 o-> X6
5. X6 <-> X5


  H0 (G* + spurious, cold-reoriented):
Graph Nodes:
X1;X2;X3;X5;X6

Graph Edges:
1. X1 --> X2
2. X1 o-> X5
3. X3 --> X2
4. X5 --> X2
5. X5 --> X3
6. X6 <-> X3
7. X6 <-> X5



==== NOSTALL DEADLOCK: gated genuine-legal H0, NO legal single-edge deletion ====
  dag mask        : 14379
  latent set      : [3]  (latent nodes: [X4])
  spurious edges  : [X2 o-o X5, X2 o-o X6]  (k=2)
  outcome of deleting each spurious edge from H0:
    X2 o-o X5 : illegal -- genuine/maximality -- Not maximal: Inducing path exists between non-adjacent X3 and X5 in a MAG implied by this graph
    X2 o-o X6 : illegal -- genuine/maximality -- Not maximal: Inducing path exists between non-adjacent X1 and X6 in a MAG implied by this graph
  true DAG (all variables, latents included):
Graph Nodes:
X1;X2;X3;(X4);X5;X6

Graph Edges:
1. X1 --> X2
2. X1 --> X3
3. X1 --> X5
4. X2 --> X3
5. X3 --> X6
6. X4 --> X5
7. X4 --> X6


  true PAG G* (over observed):
Graph Nodes:
X1;X2;X3;X5;X6

Graph Edges:
1. X1 o-o X2
2. X1 o-o X3
3. X1 o-> X5
4. X2 o-o X3
5. X3 o-> X6
6. X6 <-> X5


  H0 (G* + spurious, cold-reoriented):
Graph Nodes:
X1;X2;X3;X5;X6

Graph Edges:
1. X1 o-o X2
2. X1 o-o X3
3. X1 o-> X5
4. X2 o-o X3
5. X2 o-> X5
6. X2 o-> X6
7. X3 o-> X6
8. X6 <-> X5



==== NOSTALL DEADLOCK: gated genuine-legal H0, NO legal single-edge deletion ====
  dag mask        : 14381
  latent set      : [4]  (latent nodes: [X5])
  spurious edges  : [X1 o-o X6, X2 o-o X6]  (k=2)
  outcome of deleting each spurious edge from H0:
    X1 o-o X6 : illegal -- genuine/acyclic -- Acyclicity violated: There is a directed cyclic path from X1 to itself in a MAG implied by this graph
    X2 o-o X6 : illegal -- genuine/acyclic -- Acyclicity violated: There is a directed cyclic path from X1 to itself in a MAG implied by this graph
  true DAG (all variables, latents included):
Graph Nodes:
X1;X2;X3;X4;(X5);X6

Graph Edges:
1. X1 --> X2
2. X1 --> X4
3. X1 --> X5
4. X2 --> X3
5. X3 --> X6
6. X4 --> X5
7. X4 --> X6


  true PAG G* (over observed):
Graph Nodes:
X1;X2;X3;X4;X6

Graph Edges:
1. X1 o-o X2
2. X1 o-o X4
3. X2 o-o X3
4. X3 --> X6
5. X4 --> X6


  H0 (G* + spurious, cold-reoriented):
Graph Nodes:
X1;X2;X3;X4;X6

Graph Edges:
1. X1 --> X2
2. X3 --> X2
3. X3 o-> X6
4. X4 --> X1
5. X4 o-> X6
6. X6 --> X1
7. X6 --> X2



==== NOSTALL DEADLOCK: gated genuine-legal H0, NO legal single-edge deletion ====
  dag mask        : 14403
  latent set      : [4]  (latent nodes: [X5])
  spurious edges  : [X1 o-o X6, X2 o-o X6]  (k=2)
  outcome of deleting each spurious edge from H0:
    X1 o-o X6 : illegal -- genuine/acyclic -- Acyclicity violated: There is a directed cyclic path from X1 to itself in a MAG implied by this graph
    X2 o-o X6 : illegal -- genuine/acyclic -- Acyclicity violated: There is a directed cyclic path from X1 to itself in a MAG implied by this graph
  true DAG (all variables, latents included):
Graph Nodes:
X1;X2;X3;X4;(X5);X6

Graph Edges:
1. X1 --> X2
2. X1 --> X3
3. X2 --> X4
4. X3 --> X6
5. X4 --> X5
6. X4 --> X6


  true PAG G* (over observed):
Graph Nodes:
X1;X2;X3;X4;X6

Graph Edges:
1. X1 o-o X2
2. X1 o-o X3
3. X2 o-o X4
4. X3 --> X6
5. X4 --> X6


  H0 (G* + spurious, cold-reoriented):
Graph Nodes:
X1;X2;X3;X4;X6

Graph Edges:
1. X2 --> X1
2. X3 --> X1
3. X3 o-> X6
4. X4 --> X2
5. X4 o-> X6
6. X6 --> X1
7. X6 --> X2



==== NOSTALL DEADLOCK: gated genuine-legal H0, NO legal single-edge deletion ====
  dag mask        : 14411
  latent set      : [4]  (latent nodes: [X5])
  spurious edges  : [X1 o-o X6, X2 o-o X6]  (k=2)
  outcome of deleting each spurious edge from H0:
    X1 o-o X6 : illegal -- genuine/acyclic -- Acyclicity violated: There is a directed cyclic path from X1 to itself in a MAG implied by this graph
    X2 o-o X6 : illegal -- genuine/acyclic -- Acyclicity violated: There is a directed cyclic path from X1 to itself in a MAG implied by this graph
  true DAG (all variables, latents included):
Graph Nodes:
X1;X2;X3;X4;(X5);X6

Graph Edges:
1. X1 --> X2
2. X1 --> X3
3. X1 --> X5
4. X2 --> X4
5. X3 --> X6
6. X4 --> X5
7. X4 --> X6


  true PAG G* (over observed):
Graph Nodes:
X1;X2;X3;X4;X6

Graph Edges:
1. X1 o-o X2
2. X1 o-o X3
3. X2 o-o X4
4. X3 --> X6
5. X4 --> X6


  H0 (G* + spurious, cold-reoriented):
Graph Nodes:
X1;X2;X3;X4;X6

Graph Edges:
1. X2 --> X1
2. X3 --> X1
3. X3 o-> X6
4. X4 --> X2
5. X4 o-> X6
6. X6 --> X1
7. X6 --> X2



==== NOSTALL DEADLOCK: gated genuine-legal H0, NO legal single-edge deletion ====
  dag mask        : 14467
  latent set      : [3]  (latent nodes: [X4])
  spurious edges  : [X1 o-o X5, X1 o-o X6]  (k=2)
  outcome of deleting each spurious edge from H0:
    X1 o-o X5 : illegal -- genuine/maximality -- Not maximal: Inducing path exists between non-adjacent X3 and X5 in a MAG implied by this graph
    X1 o-o X6 : illegal -- genuine/maximality -- Not maximal: Inducing path exists between non-adjacent X2 and X6 in a MAG implied by this graph
  true DAG (all variables, latents included):
Graph Nodes:
X1;X2;X3;(X4);X5;X6

Graph Edges:
1. X1 --> X2
2. X1 --> X3
3. X2 --> X5
4. X3 --> X6
5. X4 --> X5
6. X4 --> X6


  true PAG G* (over observed):
Graph Nodes:
X1;X2;X3;X5;X6

Graph Edges:
1. X1 o-o X2
2. X1 o-o X3
3. X2 o-> X5
4. X3 o-> X6
5. X6 <-> X5


  H0 (G* + spurious, cold-reoriented):
Graph Nodes:
X1;X2;X3;X5;X6

Graph Edges:
1. X1 o-o X2
2. X1 o-o X3
3. X1 o-> X5
4. X1 o-> X6
5. X2 o-> X5
6. X3 o-> X6
7. X5 <-> X6



==== NOSTALL DEADLOCK: gated genuine-legal H0, NO legal single-edge deletion ====
  dag mask        : 14467
  latent set      : [3]  (latent nodes: [X4])
  spurious edges  : [X1 o-o X5, X3 o-o X5]  (k=2)
  outcome of deleting each spurious edge from H0:
    X1 o-o X5 : illegal -- genuine/acyclic -- Acyclicity violated: There is a directed cyclic path from X1 to itself in a MAG implied by this graph
    X3 o-o X5 : illegal -- genuine/maximality -- Not maximal: Inducing path exists between non-adjacent X2 and X6 in a MAG implied by this graph
  true DAG (all variables, latents included):
Graph Nodes:
X1;X2;X3;(X4);X5;X6

Graph Edges:
1. X1 --> X2
2. X1 --> X3
3. X2 --> X5
4. X3 --> X6
5. X4 --> X5
6. X4 --> X6


  true PAG G* (over observed):
Graph Nodes:
X1;X2;X3;X5;X6

Graph Edges:
1. X1 o-o X2
2. X1 o-o X3
3. X2 o-> X5
4. X3 o-> X6
5. X6 <-> X5


  H0 (G* + spurious, cold-reoriented):
Graph Nodes:
X1;X2;X3;X5;X6

Graph Edges:
1. X2 --> X1
2. X2 o-> X5
3. X3 --> X1
4. X5 --> X1
5. X5 --> X3
6. X5 <-> X6
7. X6 <-> X3



==== NOSTALL DEADLOCK: gated genuine-legal H0, NO legal single-edge deletion ====
  dag mask        : 14467
  latent set      : [3]  (latent nodes: [X4])
  spurious edges  : [X1 o-o X6, X2 o-o X6]  (k=2)
  outcome of deleting each spurious edge from H0:
    X1 o-o X6 : illegal -- genuine/acyclic -- Acyclicity violated: There is a directed cyclic path from X1 to itself in a MAG implied by this graph
    X2 o-o X6 : illegal -- genuine/maximality -- Not maximal: Inducing path exists between non-adjacent X3 and X5 in a MAG implied by this graph
  true DAG (all variables, latents included):
Graph Nodes:
X1;X2;X3;(X4);X5;X6

Graph Edges:
1. X1 --> X2
2. X1 --> X3
3. X2 --> X5
4. X3 --> X6
5. X4 --> X5
6. X4 --> X6


  true PAG G* (over observed):
Graph Nodes:
X1;X2;X3;X5;X6

Graph Edges:
1. X1 o-o X2
2. X1 o-o X3
3. X2 o-> X5
4. X3 o-> X6
5. X6 <-> X5


  H0 (G* + spurious, cold-reoriented):
Graph Nodes:
X1;X2;X3;X5;X6

Graph Edges:
1. X2 --> X1
2. X3 --> X1
3. X3 o-> X6
4. X5 <-> X2
5. X5 <-> X6
6. X6 --> X1
7. X6 --> X2



==== NOSTALL DEADLOCK: gated genuine-legal H0, NO legal single-edge deletion ====
  dag mask        : 14498
  latent set      : [3]  (latent nodes: [X4])
  spurious edges  : [X1 o-o X5, X1 o-o X6]  (k=2)
  outcome of deleting each spurious edge from H0:
    X1 o-o X5 : illegal -- genuine/maximality -- Not maximal: Inducing path exists between non-adjacent X1 and X2 in a MAG implied by this graph
    X1 o-o X6 : illegal -- genuine/maximality -- Not maximal: Inducing path exists between non-adjacent X2 and X6 in a MAG implied by this graph
  true DAG (all variables, latents included):
Graph Nodes:
X1;X2;X3;(X4);X5;X6

Graph Edges:
1. X1 --> X3
2. X2 --> X3
3. X2 --> X5
4. X3 --> X6
5. X4 --> X5
6. X4 --> X6


  true PAG G* (over observed):
Graph Nodes:
X1;X2;X3;X5;X6

Graph Edges:
1. X1 o-> X3
2. X2 o-> X3
3. X2 o-> X5
4. X3 --> X6
5. X6 <-> X5


  H0 (G* + spurious, cold-reoriented):
Graph Nodes:
X1;X2;X3;X5;X6

Graph Edges:
1. X1 <-> X6
2. X2 o-> X3
3. X2 o-> X5
4. X3 <-> X1
5. X3 --> X6
6. X5 --> X1
7. X5 <-> X6



==== NOSTALL DEADLOCK: gated genuine-legal H0, NO legal single-edge deletion ====
  dag mask        : 14499
  latent set      : [3]  (latent nodes: [X4])
  spurious edges  : [X1 o-o X5, X1 o-o X6]  (k=2)
  outcome of deleting each spurious edge from H0:
    X1 o-o X5 : illegal -- genuine/maximality -- Not maximal: Inducing path exists between non-adjacent X3 and X5 in a MAG implied by this graph
    X1 o-o X6 : illegal -- genuine/maximality -- Not maximal: Inducing path exists between non-adjacent X2 and X6 in a MAG implied by this graph
  true DAG (all variables, latents included):
Graph Nodes:
X1;X2;X3;(X4);X5;X6

Graph Edges:
1. X1 --> X2
2. X1 --> X3
3. X2 --> X3
4. X2 --> X5
5. X3 --> X6
6. X4 --> X5
7. X4 --> X6


  true PAG G* (over observed):
Graph Nodes:
X1;X2;X3;X5;X6

Graph Edges:
1. X1 o-o X2
2. X1 o-o X3
3. X2 o-o X3
4. X2 o-> X5
5. X3 o-> X6
6. X6 <-> X5


  H0 (G* + spurious, cold-reoriented):
Graph Nodes:
X1;X2;X3;X5;X6

Graph Edges:
1. X1 o-o X2
2. X1 o-o X3
3. X1 o-> X5
4. X1 o-> X6
5. X2 o-o X3
6. X2 o-> X5
7. X3 o-> X6
8. X5 <-> X6



==== NOSTALL DEADLOCK: gated genuine-legal H0, NO legal single-edge deletion ====
  dag mask        : 14501
  latent set      : [4]  (latent nodes: [X5])
  spurious edges  : [X1 o-o X6, X2 o-o X6]  (k=2)
  outcome of deleting each spurious edge from H0:
    X1 o-o X6 : illegal -- genuine/acyclic -- Acyclicity violated: There is a directed cyclic path from X1 to itself in a MAG implied by this graph
    X2 o-o X6 : illegal -- genuine/acyclic -- Acyclicity violated: There is a directed cyclic path from X1 to itself in a MAG implied by this graph
  true DAG (all variables, latents included):
Graph Nodes:
X1;X2;X3;X4;(X5);X6

Graph Edges:
1. X1 --> X2
2. X1 --> X4
3. X2 --> X3
4. X2 --> X5
5. X3 --> X6
6. X4 --> X5
7. X4 --> X6


  true PAG G* (over observed):
Graph Nodes:
X1;X2;X3;X4;X6

Graph Edges:
1. X1 o-o X2
2. X1 o-o X4
3. X2 o-o X3
4. X3 --> X6
5. X4 --> X6


  H0 (G* + spurious, cold-reoriented):
Graph Nodes:
X1;X2;X3;X4;X6

Graph Edges:
1. X1 --> X2
2. X3 --> X2
3. X3 o-> X6
4. X4 --> X1
5. X4 o-> X6
6. X6 --> X1
7. X6 --> X2



==== NOSTALL DEADLOCK: gated genuine-legal H0, NO legal single-edge deletion ====
  dag mask        : 14509
  latent set      : [4]  (latent nodes: [X5])
  spurious edges  : [X1 o-o X6, X2 o-o X6]  (k=2)
  outcome of deleting each spurious edge from H0:
    X1 o-o X6 : illegal -- genuine/acyclic -- Acyclicity violated: There is a directed cyclic path from X1 to itself in a MAG implied by this graph
    X2 o-o X6 : illegal -- genuine/acyclic -- Acyclicity violated: There is a directed cyclic path from X1 to itself in a MAG implied by this graph
  true DAG (all variables, latents included):
Graph Nodes:
X1;X2;X3;X4;(X5);X6

Graph Edges:
1. X1 --> X2
2. X1 --> X4
3. X1 --> X5
4. X2 --> X3
5. X2 --> X5
6. X3 --> X6
7. X4 --> X5
8. X4 --> X6


  true PAG G* (over observed):
Graph Nodes:
X1;X2;X3;X4;X6

Graph Edges:
1. X1 o-o X2
2. X1 o-o X4
3. X2 o-o X3
4. X3 --> X6
5. X4 --> X6


  H0 (G* + spurious, cold-reoriented):
Graph Nodes:
X1;X2;X3;X4;X6

Graph Edges:
1. X1 --> X2
2. X3 --> X2
3. X3 o-> X6
4. X4 --> X1
5. X4 o-> X6
6. X6 --> X1
7. X6 --> X2



==== NOSTALL DEADLOCK: gated genuine-legal H0, NO legal single-edge deletion ====
  dag mask        : 14531
  latent set      : [4]  (latent nodes: [X5])
  spurious edges  : [X1 o-o X6, X2 o-o X6]  (k=2)
  outcome of deleting each spurious edge from H0:
    X1 o-o X6 : illegal -- genuine/acyclic -- Acyclicity violated: There is a directed cyclic path from X1 to itself in a MAG implied by this graph
    X2 o-o X6 : illegal -- genuine/acyclic -- Acyclicity violated: There is a directed cyclic path from X1 to itself in a MAG implied by this graph
  true DAG (all variables, latents included):
Graph Nodes:
X1;X2;X3;X4;(X5);X6

Graph Edges:
1. X1 --> X2
2. X1 --> X3
3. X2 --> X4
4. X2 --> X5
5. X3 --> X6
6. X4 --> X5
7. X4 --> X6


  true PAG G* (over observed):
Graph Nodes:
X1;X2;X3;X4;X6

Graph Edges:
1. X1 o-o X2
2. X1 o-o X3
3. X2 o-o X4
4. X3 --> X6
5. X4 --> X6


  H0 (G* + spurious, cold-reoriented):
Graph Nodes:
X1;X2;X3;X4;X6

Graph Edges:
1. X2 --> X1
2. X3 --> X1
3. X3 o-> X6
4. X4 --> X2
5. X4 o-> X6
6. X6 --> X1
7. X6 --> X2



==== NOSTALL DEADLOCK: gated genuine-legal H0, NO legal single-edge deletion ====
  dag mask        : 14539
  latent set      : [4]  (latent nodes: [X5])
  spurious edges  : [X1 o-o X6, X2 o-o X6]  (k=2)
  outcome of deleting each spurious edge from H0:
    X1 o-o X6 : illegal -- genuine/acyclic -- Acyclicity violated: There is a directed cyclic path from X1 to itself in a MAG implied by this graph
    X2 o-o X6 : illegal -- genuine/acyclic -- Acyclicity violated: There is a directed cyclic path from X1 to itself in a MAG implied by this graph
  true DAG (all variables, latents included):
Graph Nodes:
X1;X2;X3;X4;(X5);X6

Graph Edges:
1. X1 --> X2
2. X1 --> X3
3. X1 --> X5
4. X2 --> X4
5. X2 --> X5
6. X3 --> X6
7. X4 --> X5
8. X4 --> X6


  true PAG G* (over observed):
Graph Nodes:
X1;X2;X3;X4;X6

Graph Edges:
1. X1 o-o X2
2. X1 o-o X3
3. X2 o-o X4
4. X3 --> X6
5. X4 --> X6


  H0 (G* + spurious, cold-reoriented):
Graph Nodes:
X1;X2;X3;X4;X6

Graph Edges:
1. X2 --> X1
2. X3 --> X1
3. X3 o-> X6
4. X4 --> X2
5. X4 o-> X6
6. X6 --> X1
7. X6 --> X2



==== NOSTALL DEADLOCK: gated genuine-legal H0, NO legal single-edge deletion ====
  dag mask        : 14882
  latent set      : [5]  (latent nodes: [X6])
  spurious edges  : [X1 o-o X5, X2 o-o X5]  (k=2)
  outcome of deleting each spurious edge from H0:
    X1 o-o X5 : illegal -- genuine/acyclic -- Acyclicity violated: There is a directed cyclic path from X2 to itself in a MAG implied by this graph
    X2 o-o X5 : illegal -- genuine/acyclic -- Acyclicity violated: There is a directed cyclic path from X1 to itself in a MAG implied by this graph
  true DAG (all variables, latents included):
Graph Nodes:
X1;X2;X3;X4;X5;(X6)

Graph Edges:
1. X1 --> X3
2. X2 --> X3
3. X3 --> X4
4. X3 --> X6
5. X4 --> X5
6. X4 --> X6


  true PAG G* (over observed):
Graph Nodes:
X1;X2;X3;X4;X5

Graph Edges:
1. X1 o-> X3
2. X2 o-> X3
3. X3 --> X4
4. X4 --> X5


  H0 (G* + spurious, cold-reoriented):
Graph Nodes:
X1;X2;X3;X4;X5

Graph Edges:
1. X1 o-> X3
2. X1 --> X5
3. X2 o-> X3
4. X2 --> X5
5. X3 --> X4
6. X4 --> X5



==== NOSTALL DEADLOCK: gated genuine-legal H0, NO legal single-edge deletion ====
  dag mask        : 14889
  latent set      : [5]  (latent nodes: [X6])
  spurious edges  : [X2 o-o X5, X3 o-o X5]  (k=2)
  outcome of deleting each spurious edge from H0:
    X2 o-o X5 : illegal -- genuine/acyclic -- Acyclicity violated: There is a directed cyclic path from X1 to itself in a MAG implied by this graph
    X3 o-o X5 : illegal -- genuine/acyclic -- Acyclicity violated: There is a directed cyclic path from X2 to itself in a MAG implied by this graph
  true DAG (all variables, latents included):
Graph Nodes:
X1;X2;X3;X4;X5;(X6)

Graph Edges:
1. X1 --> X2
2. X1 --> X5
3. X2 --> X3
4. X3 --> X4
5. X3 --> X6
6. X4 --> X5
7. X4 --> X6


  true PAG G* (over observed):
Graph Nodes:
X1;X2;X3;X4;X5

Graph Edges:
1. X1 o-o X2
2. X1 --> X5
3. X2 o-o X3
4. X3 o-o X4
5. X4 --> X5


  H0 (G* + spurious, cold-reoriented):
Graph Nodes:
X1;X2;X3;X4;X5

Graph Edges:
1. X1 --> X2
2. X1 o-> X5
3. X3 --> X2
4. X4 --> X3
5. X4 o-> X5
6. X5 --> X2
7. X5 --> X3



==== NOSTALL DEADLOCK: gated genuine-legal H0, NO legal single-edge deletion ====
  dag mask        : 14898
  latent set      : [5]  (latent nodes: [X6])
  spurious edges  : [X1 o-o X5, X2 o-o X5]  (k=2)
  outcome of deleting each spurious edge from H0:
    X1 o-o X5 : illegal -- genuine/acyclic -- Acyclicity violated: There is a directed cyclic path from X2 to itself in a MAG implied by this graph
    X2 o-o X5 : illegal -- genuine/acyclic -- Acyclicity violated: There is a directed cyclic path from X1 to itself in a MAG implied by this graph
  true DAG (all variables, latents included):
Graph Nodes:
X1;X2;X3;X4;X5;(X6)

Graph Edges:
1. X1 --> X3
2. X1 --> X6
3. X2 --> X3
4. X3 --> X4
5. X3 --> X6
6. X4 --> X5
7. X4 --> X6


  true PAG G* (over observed):
Graph Nodes:
X1;X2;X3;X4;X5

Graph Edges:
1. X1 o-> X3
2. X2 o-> X3
3. X3 --> X4
4. X4 --> X5


  H0 (G* + spurious, cold-reoriented):
Graph Nodes:
X1;X2;X3;X4;X5

Graph Edges:
1. X1 o-> X3
2. X1 --> X5
3. X2 o-> X3
4. X2 --> X5
5. X3 --> X4
6. X4 --> X5



==== NOSTALL DEADLOCK: gated genuine-legal H0, NO legal single-edge deletion ====
  dag mask        : 14905
  latent set      : [5]  (latent nodes: [X6])
  spurious edges  : [X2 o-o X5, X3 o-o X5]  (k=2)
  outcome of deleting each spurious edge from H0:
    X2 o-o X5 : illegal -- genuine/acyclic -- Acyclicity violated: There is a directed cyclic path from X1 to itself in a MAG implied by this graph
    X3 o-o X5 : illegal -- genuine/acyclic -- Acyclicity violated: There is a directed cyclic path from X2 to itself in a MAG implied by this graph
  true DAG (all variables, latents included):
Graph Nodes:
X1;X2;X3;X4;X5;(X6)

Graph Edges:
1. X1 --> X2
2. X1 --> X5
3. X1 --> X6
4. X2 --> X3
5. X3 --> X4
6. X3 --> X6
7. X4 --> X5
8. X4 --> X6


  true PAG G* (over observed):
Graph Nodes:
X1;X2;X3;X4;X5

Graph Edges:
1. X1 o-o X2
2. X1 --> X5
3. X2 o-o X3
4. X3 o-o X4
5. X4 --> X5


  H0 (G* + spurious, cold-reoriented):
Graph Nodes:
X1;X2;X3;X4;X5

Graph Edges:
1. X1 --> X2
2. X1 o-> X5
3. X3 --> X2
4. X4 --> X3
5. X4 o-> X5
6. X5 --> X2
7. X5 --> X3



==== NOSTALL DEADLOCK: gated genuine-legal H0, NO legal single-edge deletion ====
  dag mask        : 14979
  latent set      : [5]  (latent nodes: [X6])
  spurious edges  : [X1 o-o X5, X3 o-o X5]  (k=2)
  outcome of deleting each spurious edge from H0:
    X1 o-o X5 : illegal -- genuine/acyclic -- Acyclicity violated: There is a directed cyclic path from X1 to itself in a MAG implied by this graph
    X3 o-o X5 : illegal -- genuine/acyclic -- Acyclicity violated: There is a directed cyclic path from X1 to itself in a MAG implied by this graph
  true DAG (all variables, latents included):
Graph Nodes:
X1;X2;X3;X4;X5;(X6)

Graph Edges:
1. X1 --> X2
2. X1 --> X3
3. X2 --> X5
4. X3 --> X4
5. X3 --> X6
6. X4 --> X5
7. X4 --> X6


  true PAG G* (over observed):
Graph Nodes:
X1;X2;X3;X4;X5

Graph Edges:
1. X1 o-o X2
2. X1 o-o X3
3. X2 --> X5
4. X3 o-o X4
5. X4 --> X5


  H0 (G* + spurious, cold-reoriented):
Graph Nodes:
X1;X2;X3;X4;X5

Graph Edges:
1. X2 --> X1
2. X2 o-> X5
3. X3 --> X1
4. X4 --> X3
5. X4 o-> X5
6. X5 --> X1
7. X5 --> X3



==== NOSTALL DEADLOCK: gated genuine-legal H0, NO legal single-edge deletion ====
  dag mask        : 14995
  latent set      : [5]  (latent nodes: [X6])
  spurious edges  : [X1 o-o X5, X3 o-o X5]  (k=2)
  outcome of deleting each spurious edge from H0:
    X1 o-o X5 : illegal -- genuine/acyclic -- Acyclicity violated: There is a directed cyclic path from X1 to itself in a MAG implied by this graph
    X3 o-o X5 : illegal -- genuine/acyclic -- Acyclicity violated: There is a directed cyclic path from X1 to itself in a MAG implied by this graph
  true DAG (all variables, latents included):
Graph Nodes:
X1;X2;X3;X4;X5;(X6)

Graph Edges:
1. X1 --> X2
2. X1 --> X3
3. X1 --> X6
4. X2 --> X5
5. X3 --> X4
6. X3 --> X6
7. X4 --> X5
8. X4 --> X6


  true PAG G* (over observed):
Graph Nodes:
X1;X2;X3;X4;X5

Graph Edges:
1. X1 o-o X2
2. X1 o-o X3
3. X2 --> X5
4. X3 o-o X4
5. X4 --> X5


  H0 (G* + spurious, cold-reoriented):
Graph Nodes:
X1;X2;X3;X4;X5

Graph Edges:
1. X2 --> X1
2. X2 o-> X5
3. X3 --> X1
4. X4 --> X3
5. X4 o-> X5
6. X5 --> X1
7. X5 --> X3



==== NOSTALL DEADLOCK: gated genuine-legal H0, NO legal single-edge deletion ====
  dag mask        : 15138
  latent set      : [5]  (latent nodes: [X6])
  spurious edges  : [X1 o-o X5, X2 o-o X5]  (k=2)
  outcome of deleting each spurious edge from H0:
    X1 o-o X5 : illegal -- genuine/acyclic -- Acyclicity violated: There is a directed cyclic path from X2 to itself in a MAG implied by this graph
    X2 o-o X5 : illegal -- genuine/acyclic -- Acyclicity violated: There is a directed cyclic path from X1 to itself in a MAG implied by this graph
  true DAG (all variables, latents included):
Graph Nodes:
X1;X2;X3;X4;X5;(X6)

Graph Edges:
1. X1 --> X3
2. X2 --> X3
3. X2 --> X6
4. X3 --> X4
5. X3 --> X6
6. X4 --> X5
7. X4 --> X6


  true PAG G* (over observed):
Graph Nodes:
X1;X2;X3;X4;X5

Graph Edges:
1. X1 o-> X3
2. X2 o-> X3
3. X3 --> X4
4. X4 --> X5


  H0 (G* + spurious, cold-reoriented):
Graph Nodes:
X1;X2;X3;X4;X5

Graph Edges:
1. X1 o-> X3
2. X1 --> X5
3. X2 o-> X3
4. X2 --> X5
5. X3 --> X4
6. X4 --> X5



==== NOSTALL DEADLOCK: gated genuine-legal H0, NO legal single-edge deletion ====
  dag mask        : 15145
  latent set      : [5]  (latent nodes: [X6])
  spurious edges  : [X2 o-o X5, X3 o-o X5]  (k=2)
  outcome of deleting each spurious edge from H0:
    X2 o-o X5 : illegal -- genuine/acyclic -- Acyclicity violated: There is a directed cyclic path from X1 to itself in a MAG implied by this graph
    X3 o-o X5 : illegal -- genuine/acyclic -- Acyclicity violated: There is a directed cyclic path from X2 to itself in a MAG implied by this graph
  true DAG (all variables, latents included):
Graph Nodes:
X1;X2;X3;X4;X5;(X6)

Graph Edges:
1. X1 --> X2
2. X1 --> X5
3. X2 --> X3
4. X2 --> X6
5. X3 --> X4
6. X3 --> X6
7. X4 --> X5
8. X4 --> X6


  true PAG G* (over observed):
Graph Nodes:
X1;X2;X3;X4;X5

Graph Edges:
1. X1 o-o X2
2. X1 --> X5
3. X2 o-o X3
4. X3 o-o X4
5. X4 --> X5


  H0 (G* + spurious, cold-reoriented):
Graph Nodes:
X1;X2;X3;X4;X5

Graph Edges:
1. X1 --> X2
2. X1 o-> X5
3. X3 --> X2
4. X4 --> X3
5. X4 o-> X5
6. X5 --> X2
7. X5 --> X3



==== NOSTALL DEADLOCK: gated genuine-legal H0, NO legal single-edge deletion ====
  dag mask        : 15154
  latent set      : [5]  (latent nodes: [X6])
  spurious edges  : [X1 o-o X5, X2 o-o X5]  (k=2)
  outcome of deleting each spurious edge from H0:
    X1 o-o X5 : illegal -- genuine/acyclic -- Acyclicity violated: There is a directed cyclic path from X2 to itself in a MAG implied by this graph
    X2 o-o X5 : illegal -- genuine/acyclic -- Acyclicity violated: There is a directed cyclic path from X1 to itself in a MAG implied by this graph
  true DAG (all variables, latents included):
Graph Nodes:
X1;X2;X3;X4;X5;(X6)

Graph Edges:
1. X1 --> X3
2. X1 --> X6
3. X2 --> X3
4. X2 --> X6
5. X3 --> X4
6. X3 --> X6
7. X4 --> X5
8. X4 --> X6


  true PAG G* (over observed):
Graph Nodes:
X1;X2;X3;X4;X5

Graph Edges:
1. X1 o-> X3
2. X2 o-> X3
3. X3 --> X4
4. X4 --> X5


  H0 (G* + spurious, cold-reoriented):
Graph Nodes:
X1;X2;X3;X4;X5

Graph Edges:
1. X1 o-> X3
2. X1 --> X5
3. X2 o-> X3
4. X2 --> X5
5. X3 --> X4
6. X4 --> X5



==== NOSTALL DEADLOCK: gated genuine-legal H0, NO legal single-edge deletion ====
  dag mask        : 15161
  latent set      : [5]  (latent nodes: [X6])
  spurious edges  : [X2 o-o X5, X3 o-o X5]  (k=2)
  outcome of deleting each spurious edge from H0:
    X2 o-o X5 : illegal -- genuine/acyclic -- Acyclicity violated: There is a directed cyclic path from X1 to itself in a MAG implied by this graph
    X3 o-o X5 : illegal -- genuine/acyclic -- Acyclicity violated: There is a directed cyclic path from X2 to itself in a MAG implied by this graph
  true DAG (all variables, latents included):
Graph Nodes:
X1;X2;X3;X4;X5;(X6)

Graph Edges:
1. X1 --> X2
2. X1 --> X5
3. X1 --> X6
4. X2 --> X3
5. X2 --> X6
6. X3 --> X4
7. X3 --> X6
8. X4 --> X5
9. X4 --> X6


  true PAG G* (over observed):
Graph Nodes:
X1;X2;X3;X4;X5

Graph Edges:
1. X1 o-o X2
2. X1 --> X5
3. X2 o-o X3
4. X3 o-o X4
5. X4 --> X5


  H0 (G* + spurious, cold-reoriented):
Graph Nodes:
X1;X2;X3;X4;X5

Graph Edges:
1. X1 --> X2
2. X1 o-> X5
3. X3 --> X2
4. X4 --> X3
5. X4 o-> X5
6. X5 --> X2
7. X5 --> X3



==== NOSTALL DEADLOCK: gated genuine-legal H0, NO legal single-edge deletion ====
  dag mask        : 15235
  latent set      : [5]  (latent nodes: [X6])
  spurious edges  : [X1 o-o X5, X3 o-o X5]  (k=2)
  outcome of deleting each spurious edge from H0:
    X1 o-o X5 : illegal -- genuine/acyclic -- Acyclicity violated: There is a directed cyclic path from X1 to itself in a MAG implied by this graph
    X3 o-o X5 : illegal -- genuine/acyclic -- Acyclicity violated: There is a directed cyclic path from X1 to itself in a MAG implied by this graph
  true DAG (all variables, latents included):
Graph Nodes:
X1;X2;X3;X4;X5;(X6)

Graph Edges:
1. X1 --> X2
2. X1 --> X3
3. X2 --> X5
4. X2 --> X6
5. X3 --> X4
6. X3 --> X6
7. X4 --> X5
8. X4 --> X6


  true PAG G* (over observed):
Graph Nodes:
X1;X2;X3;X4;X5

Graph Edges:
1. X1 o-o X2
2. X1 o-o X3
3. X2 --> X5
4. X3 o-o X4
5. X4 --> X5


  H0 (G* + spurious, cold-reoriented):
Graph Nodes:
X1;X2;X3;X4;X5

Graph Edges:
1. X2 --> X1
2. X2 o-> X5
3. X3 --> X1
4. X4 --> X3
5. X4 o-> X5
6. X5 --> X1
7. X5 --> X3



==== NOSTALL DEADLOCK: gated genuine-legal H0, NO legal single-edge deletion ====
  dag mask        : 15251
  latent set      : [5]  (latent nodes: [X6])
  spurious edges  : [X1 o-o X5, X3 o-o X5]  (k=2)
  outcome of deleting each spurious edge from H0:
    X1 o-o X5 : illegal -- genuine/acyclic -- Acyclicity violated: There is a directed cyclic path from X1 to itself in a MAG implied by this graph
    X3 o-o X5 : illegal -- genuine/acyclic -- Acyclicity violated: There is a directed cyclic path from X1 to itself in a MAG implied by this graph
  true DAG (all variables, latents included):
Graph Nodes:
X1;X2;X3;X4;X5;(X6)

Graph Edges:
1. X1 --> X2
2. X1 --> X3
3. X1 --> X6
4. X2 --> X5
5. X2 --> X6
6. X3 --> X4
7. X3 --> X6
8. X4 --> X5
9. X4 --> X6


  true PAG G* (over observed):
Graph Nodes:
X1;X2;X3;X4;X5

Graph Edges:
1. X1 o-o X2
2. X1 o-o X3
3. X2 --> X5
4. X3 o-o X4
5. X4 --> X5


  H0 (G* + spurious, cold-reoriented):
Graph Nodes:
X1;X2;X3;X4;X5

Graph Edges:
1. X2 --> X1
2. X2 o-> X5
3. X3 --> X1
4. X4 --> X3
5. X4 o-> X5
6. X5 --> X1
7. X5 --> X3



==== NOSTALL DEADLOCK: gated genuine-legal H0, NO legal single-edge deletion ====
  dag mask        : 15397
  latent set      : [4]  (latent nodes: [X5])
  spurious edges  : [X1 o-o X6, X2 o-o X6]  (k=2)
  outcome of deleting each spurious edge from H0:
    X1 o-o X6 : illegal -- genuine/acyclic -- Acyclicity violated: There is a directed cyclic path from X1 to itself in a MAG implied by this graph
    X2 o-o X6 : illegal -- genuine/acyclic -- Acyclicity violated: There is a directed cyclic path from X1 to itself in a MAG implied by this graph
  true DAG (all variables, latents included):
Graph Nodes:
X1;X2;X3;X4;(X5);X6

Graph Edges:
1. X1 --> X2
2. X1 --> X4
3. X2 --> X3
4. X3 --> X5
5. X3 --> X6
6. X4 --> X5
7. X4 --> X6


  true PAG G* (over observed):
Graph Nodes:
X1;X2;X3;X4;X6

Graph Edges:
1. X1 o-o X2
2. X1 o-o X4
3. X2 o-o X3
4. X3 --> X6
5. X4 --> X6


  H0 (G* + spurious, cold-reoriented):
Graph Nodes:
X1;X2;X3;X4;X6

Graph Edges:
1. X1 --> X2
2. X3 --> X2
3. X3 o-> X6
4. X4 --> X1
5. X4 o-> X6
6. X6 --> X1
7. X6 --> X2



==== NOSTALL DEADLOCK: gated genuine-legal H0, NO legal single-edge deletion ====
  dag mask        : 15397
  latent set      : [5]  (latent nodes: [X6])
  spurious edges  : [X1 o-o X5, X2 o-o X5]  (k=2)
  outcome of deleting each spurious edge from H0:
    X1 o-o X5 : illegal -- genuine/acyclic -- Acyclicity violated: There is a directed cyclic path from X1 to itself in a MAG implied by this graph
    X2 o-o X5 : illegal -- genuine/acyclic -- Acyclicity violated: There is a directed cyclic path from X1 to itself in a MAG implied by this graph
  true DAG (all variables, latents included):
Graph Nodes:
X1;X2;X3;X4;X5;(X6)

Graph Edges:
1. X1 --> X2
2. X1 --> X4
3. X2 --> X3
4. X3 --> X5
5. X3 --> X6
6. X4 --> X5
7. X4 --> X6


  true PAG G* (over observed):
Graph Nodes:
X1;X2;X3;X4;X5

Graph Edges:
1. X1 o-o X2
2. X1 o-o X4
3. X2 o-o X3
4. X3 --> X5
5. X4 --> X5


  H0 (G* + spurious, cold-reoriented):
Graph Nodes:
X1;X2;X3;X4;X5

Graph Edges:
1. X1 --> X2
2. X3 --> X2
3. X3 o-> X5
4. X4 --> X1
5. X4 o-> X5
6. X5 --> X1
7. X5 --> X2



==== NOSTALL DEADLOCK: gated genuine-legal H0, NO legal single-edge deletion ====
  dag mask        : 15405
  latent set      : [4]  (latent nodes: [X5])
  spurious edges  : [X1 o-o X6, X2 o-o X6]  (k=2)
  outcome of deleting each spurious edge from H0:
    X1 o-o X6 : illegal -- genuine/acyclic -- Acyclicity violated: There is a directed cyclic path from X1 to itself in a MAG implied by this graph
    X2 o-o X6 : illegal -- genuine/acyclic -- Acyclicity violated: There is a directed cyclic path from X1 to itself in a MAG implied by this graph
  true DAG (all variables, latents included):
Graph Nodes:
X1;X2;X3;X4;(X5);X6

Graph Edges:
1. X1 --> X2
2. X1 --> X4
3. X1 --> X5
4. X2 --> X3
5. X3 --> X5
6. X3 --> X6
7. X4 --> X5
8. X4 --> X6


  true PAG G* (over observed):
Graph Nodes:
X1;X2;X3;X4;X6

Graph Edges:
1. X1 o-o X2
2. X1 o-o X4
3. X2 o-o X3
4. X3 --> X6
5. X4 --> X6


  H0 (G* + spurious, cold-reoriented):
Graph Nodes:
X1;X2;X3;X4;X6

Graph Edges:
1. X1 --> X2
2. X3 --> X2
3. X3 o-> X6
4. X4 --> X1
5. X4 o-> X6
6. X6 --> X1
7. X6 --> X2



==== NOSTALL DEADLOCK: gated genuine-legal H0, NO legal single-edge deletion ====
  dag mask        : 15413
  latent set      : [5]  (latent nodes: [X6])
  spurious edges  : [X1 o-o X5, X2 o-o X5]  (k=2)
  outcome of deleting each spurious edge from H0:
    X1 o-o X5 : illegal -- genuine/acyclic -- Acyclicity violated: There is a directed cyclic path from X1 to itself in a MAG implied by this graph
    X2 o-o X5 : illegal -- genuine/acyclic -- Acyclicity violated: There is a directed cyclic path from X1 to itself in a MAG implied by this graph
  true DAG (all variables, latents included):
Graph Nodes:
X1;X2;X3;X4;X5;(X6)

Graph Edges:
1. X1 --> X2
2. X1 --> X4
3. X1 --> X6
4. X2 --> X3
5. X3 --> X5
6. X3 --> X6
7. X4 --> X5
8. X4 --> X6


  true PAG G* (over observed):
Graph Nodes:
X1;X2;X3;X4;X5

Graph Edges:
1. X1 o-o X2
2. X1 o-o X4
3. X2 o-o X3
4. X3 --> X5
5. X4 --> X5


  H0 (G* + spurious, cold-reoriented):
Graph Nodes:
X1;X2;X3;X4;X5

Graph Edges:
1. X1 --> X2
2. X3 --> X2
3. X3 o-> X5
4. X4 --> X1
5. X4 o-> X5
6. X5 --> X1
7. X5 --> X2



==== NOSTALL DEADLOCK: gated genuine-legal H0, NO legal single-edge deletion ====
  dag mask        : 15427
  latent set      : [4]  (latent nodes: [X5])
  spurious edges  : [X1 o-o X6, X2 o-o X6]  (k=2)
  outcome of deleting each spurious edge from H0:
    X1 o-o X6 : illegal -- genuine/acyclic -- Acyclicity violated: There is a directed cyclic path from X1 to itself in a MAG implied by this graph
    X2 o-o X6 : illegal -- genuine/acyclic -- Acyclicity violated: There is a directed cyclic path from X1 to itself in a MAG implied by this graph
  true DAG (all variables, latents included):
Graph Nodes:
X1;X2;X3;X4;(X5);X6

Graph Edges:
1. X1 --> X2
2. X1 --> X3
3. X2 --> X4
4. X3 --> X5
5. X3 --> X6
6. X4 --> X5
7. X4 --> X6


  true PAG G* (over observed):
Graph Nodes:
X1;X2;X3;X4;X6

Graph Edges:
1. X1 o-o X2
2. X1 o-o X3
3. X2 o-o X4
4. X3 --> X6
5. X4 --> X6


  H0 (G* + spurious, cold-reoriented):
Graph Nodes:
X1;X2;X3;X4;X6

Graph Edges:
1. X2 --> X1
2. X3 --> X1
3. X3 o-> X6
4. X4 --> X2
5. X4 o-> X6
6. X6 --> X1
7. X6 --> X2



==== NOSTALL DEADLOCK: gated genuine-legal H0, NO legal single-edge deletion ====
  dag mask        : 15427
  latent set      : [5]  (latent nodes: [X6])
  spurious edges  : [X1 o-o X5, X2 o-o X5]  (k=2)
  outcome of deleting each spurious edge from H0:
    X1 o-o X5 : illegal -- genuine/acyclic -- Acyclicity violated: There is a directed cyclic path from X1 to itself in a MAG implied by this graph
    X2 o-o X5 : illegal -- genuine/acyclic -- Acyclicity violated: There is a directed cyclic path from X1 to itself in a MAG implied by this graph
  true DAG (all variables, latents included):
Graph Nodes:
X1;X2;X3;X4;X5;(X6)

Graph Edges:
1. X1 --> X2
2. X1 --> X3
3. X2 --> X4
4. X3 --> X5
5. X3 --> X6
6. X4 --> X5
7. X4 --> X6


  true PAG G* (over observed):
Graph Nodes:
X1;X2;X3;X4;X5

Graph Edges:
1. X1 o-o X2
2. X1 o-o X3
3. X2 o-o X4
4. X3 --> X5
5. X4 --> X5


  H0 (G* + spurious, cold-reoriented):
Graph Nodes:
X1;X2;X3;X4;X5

Graph Edges:
1. X2 --> X1
2. X3 --> X1
3. X3 o-> X5
4. X4 --> X2
5. X4 o-> X5
6. X5 --> X1
7. X5 --> X2



==== NOSTALL DEADLOCK: gated genuine-legal H0, NO legal single-edge deletion ====
  dag mask        : 15435
  latent set      : [4]  (latent nodes: [X5])
  spurious edges  : [X1 o-o X6, X2 o-o X6]  (k=2)
  outcome of deleting each spurious edge from H0:
    X1 o-o X6 : illegal -- genuine/acyclic -- Acyclicity violated: There is a directed cyclic path from X1 to itself in a MAG implied by this graph
    X2 o-o X6 : illegal -- genuine/acyclic -- Acyclicity violated: There is a directed cyclic path from X1 to itself in a MAG implied by this graph
  true DAG (all variables, latents included):
Graph Nodes:
X1;X2;X3;X4;(X5);X6

Graph Edges:
1. X1 --> X2
2. X1 --> X3
3. X1 --> X5
4. X2 --> X4
5. X3 --> X5
6. X3 --> X6
7. X4 --> X5
8. X4 --> X6


  true PAG G* (over observed):
Graph Nodes:
X1;X2;X3;X4;X6

Graph Edges:
1. X1 o-o X2
2. X1 o-o X3
3. X2 o-o X4
4. X3 --> X6
5. X4 --> X6


  H0 (G* + spurious, cold-reoriented):
Graph Nodes:
X1;X2;X3;X4;X6

Graph Edges:
1. X2 --> X1
2. X3 --> X1
3. X3 o-> X6
4. X4 --> X2
5. X4 o-> X6
6. X6 --> X1
7. X6 --> X2



==== NOSTALL DEADLOCK: gated genuine-legal H0, NO legal single-edge deletion ====
  dag mask        : 15443
  latent set      : [5]  (latent nodes: [X6])
  spurious edges  : [X1 o-o X5, X2 o-o X5]  (k=2)
  outcome of deleting each spurious edge from H0:
    X1 o-o X5 : illegal -- genuine/acyclic -- Acyclicity violated: There is a directed cyclic path from X1 to itself in a MAG implied by this graph
    X2 o-o X5 : illegal -- genuine/acyclic -- Acyclicity violated: There is a directed cyclic path from X1 to itself in a MAG implied by this graph
  true DAG (all variables, latents included):
Graph Nodes:
X1;X2;X3;X4;X5;(X6)

Graph Edges:
1. X1 --> X2
2. X1 --> X3
3. X1 --> X6
4. X2 --> X4
5. X3 --> X5
6. X3 --> X6
7. X4 --> X5
8. X4 --> X6


  true PAG G* (over observed):
Graph Nodes:
X1;X2;X3;X4;X5

Graph Edges:
1. X1 o-o X2
2. X1 o-o X3
3. X2 o-o X4
4. X3 --> X5
5. X4 --> X5


  H0 (G* + spurious, cold-reoriented):
Graph Nodes:
X1;X2;X3;X4;X5

Graph Edges:
1. X2 --> X1
2. X3 --> X1
3. X3 o-> X5
4. X4 --> X2
5. X4 o-> X5
6. X5 --> X1
7. X5 --> X2



==== NOSTALL DEADLOCK: gated genuine-legal H0, NO legal single-edge deletion ====
  dag mask        : 15525
  latent set      : [4]  (latent nodes: [X5])
  spurious edges  : [X1 o-o X6, X2 o-o X6]  (k=2)
  outcome of deleting each spurious edge from H0:
    X1 o-o X6 : illegal -- genuine/acyclic -- Acyclicity violated: There is a directed cyclic path from X1 to itself in a MAG implied by this graph
    X2 o-o X6 : illegal -- genuine/acyclic -- Acyclicity violated: There is a directed cyclic path from X1 to itself in a MAG implied by this graph
  true DAG (all variables, latents included):
Graph Nodes:
X1;X2;X3;X4;(X5);X6

Graph Edges:
1. X1 --> X2
2. X1 --> X4
3. X2 --> X3
4. X2 --> X5
5. X3 --> X5
6. X3 --> X6
7. X4 --> X5
8. X4 --> X6


  true PAG G* (over observed):
Graph Nodes:
X1;X2;X3;X4;X6

Graph Edges:
1. X1 o-o X2
2. X1 o-o X4
3. X2 o-o X3
4. X3 --> X6
5. X4 --> X6


  H0 (G* + spurious, cold-reoriented):
Graph Nodes:
X1;X2;X3;X4;X6

Graph Edges:
1. X1 --> X2
2. X3 --> X2
3. X3 o-> X6
4. X4 --> X1
5. X4 o-> X6
6. X6 --> X1
7. X6 --> X2



==== NOSTALL DEADLOCK: gated genuine-legal H0, NO legal single-edge deletion ====
  dag mask        : 15533
  latent set      : [4]  (latent nodes: [X5])
  spurious edges  : [X1 o-o X6, X2 o-o X6]  (k=2)
  outcome of deleting each spurious edge from H0:
    X1 o-o X6 : illegal -- genuine/acyclic -- Acyclicity violated: There is a directed cyclic path from X1 to itself in a MAG implied by this graph
    X2 o-o X6 : illegal -- genuine/acyclic -- Acyclicity violated: There is a directed cyclic path from X1 to itself in a MAG implied by this graph
  true DAG (all variables, latents included):
Graph Nodes:
X1;X2;X3;X4;(X5);X6

Graph Edges:
1. X1 --> X2
2. X1 --> X4
3. X1 --> X5
4. X2 --> X3
5. X2 --> X5
6. X3 --> X5
7. X3 --> X6
8. X4 --> X5
9. X4 --> X6


  true PAG G* (over observed):
Graph Nodes:
X1;X2;X3;X4;X6

Graph Edges:
1. X1 o-o X2
2. X1 o-o X4
3. X2 o-o X3
4. X3 --> X6
5. X4 --> X6


  H0 (G* + spurious, cold-reoriented):
Graph Nodes:
X1;X2;X3;X4;X6

Graph Edges:
1. X1 --> X2
2. X3 --> X2
3. X3 o-> X6
4. X4 --> X1
5. X4 o-> X6
6. X6 --> X1
7. X6 --> X2



==== NOSTALL DEADLOCK: gated genuine-legal H0, NO legal single-edge deletion ====
  dag mask        : 15555
  latent set      : [4]  (latent nodes: [X5])
  spurious edges  : [X1 o-o X6, X2 o-o X6]  (k=2)
  outcome of deleting each spurious edge from H0:
    X1 o-o X6 : illegal -- genuine/acyclic -- Acyclicity violated: There is a directed cyclic path from X1 to itself in a MAG implied by this graph
    X2 o-o X6 : illegal -- genuine/acyclic -- Acyclicity violated: There is a directed cyclic path from X1 to itself in a MAG implied by this graph
  true DAG (all variables, latents included):
Graph Nodes:
X1;X2;X3;X4;(X5);X6

Graph Edges:
1. X1 --> X2
2. X1 --> X3
3. X2 --> X4
4. X2 --> X5
5. X3 --> X5
6. X3 --> X6
7. X4 --> X5
8. X4 --> X6


  true PAG G* (over observed):
Graph Nodes:
X1;X2;X3;X4;X6

Graph Edges:
1. X1 o-o X2
2. X1 o-o X3
3. X2 o-o X4
4. X3 --> X6
5. X4 --> X6


  H0 (G* + spurious, cold-reoriented):
Graph Nodes:
X1;X2;X3;X4;X6

Graph Edges:
1. X2 --> X1
2. X3 --> X1
3. X3 o-> X6
4. X4 --> X2
5. X4 o-> X6
6. X6 --> X1
7. X6 --> X2



==== NOSTALL DEADLOCK: gated genuine-legal H0, NO legal single-edge deletion ====
  dag mask        : 15563
  latent set      : [4]  (latent nodes: [X5])
  spurious edges  : [X1 o-o X6, X2 o-o X6]  (k=2)
  outcome of deleting each spurious edge from H0:
    X1 o-o X6 : illegal -- genuine/acyclic -- Acyclicity violated: There is a directed cyclic path from X1 to itself in a MAG implied by this graph
    X2 o-o X6 : illegal -- genuine/acyclic -- Acyclicity violated: There is a directed cyclic path from X1 to itself in a MAG implied by this graph
  true DAG (all variables, latents included):
Graph Nodes:
X1;X2;X3;X4;(X5);X6

Graph Edges:
1. X1 --> X2
2. X1 --> X3
3. X1 --> X5
4. X2 --> X4
5. X2 --> X5
6. X3 --> X5
7. X3 --> X6
8. X4 --> X5
9. X4 --> X6


  true PAG G* (over observed):
Graph Nodes:
X1;X2;X3;X4;X6

Graph Edges:
1. X1 o-o X2
2. X1 o-o X3
3. X2 o-o X4
4. X3 --> X6
5. X4 --> X6


  H0 (G* + spurious, cold-reoriented):
Graph Nodes:
X1;X2;X3;X4;X6

Graph Edges:
1. X2 --> X1
2. X3 --> X1
3. X3 o-> X6
4. X4 --> X2
5. X4 o-> X6
6. X6 --> X1
7. X6 --> X2



==== NOSTALL DEADLOCK: gated genuine-legal H0, NO legal single-edge deletion ====
  dag mask        : 15653
  latent set      : [5]  (latent nodes: [X6])
  spurious edges  : [X1 o-o X5, X2 o-o X5]  (k=2)
  outcome of deleting each spurious edge from H0:
    X1 o-o X5 : illegal -- genuine/acyclic -- Acyclicity violated: There is a directed cyclic path from X1 to itself in a MAG implied by this graph
    X2 o-o X5 : illegal -- genuine/acyclic -- Acyclicity violated: There is a directed cyclic path from X1 to itself in a MAG implied by this graph
  true DAG (all variables, latents included):
Graph Nodes:
X1;X2;X3;X4;X5;(X6)

Graph Edges:
1. X1 --> X2
2. X1 --> X4
3. X2 --> X3
4. X2 --> X6
5. X3 --> X5
6. X3 --> X6
7. X4 --> X5
8. X4 --> X6


  true PAG G* (over observed):
Graph Nodes:
X1;X2;X3;X4;X5

Graph Edges:
1. X1 o-o X2
2. X1 o-o X4
3. X2 o-o X3
4. X3 --> X5
5. X4 --> X5


  H0 (G* + spurious, cold-reoriented):
Graph Nodes:
X1;X2;X3;X4;X5

Graph Edges:
1. X1 --> X2
2. X3 --> X2
3. X3 o-> X5
4. X4 --> X1
5. X4 o-> X5
6. X5 --> X1
7. X5 --> X2



==== NOSTALL DEADLOCK: gated genuine-legal H0, NO legal single-edge deletion ====
  dag mask        : 15669
  latent set      : [5]  (latent nodes: [X6])
  spurious edges  : [X1 o-o X5, X2 o-o X5]  (k=2)
  outcome of deleting each spurious edge from H0:
    X1 o-o X5 : illegal -- genuine/acyclic -- Acyclicity violated: There is a directed cyclic path from X1 to itself in a MAG implied by this graph
    X2 o-o X5 : illegal -- genuine/acyclic -- Acyclicity violated: There is a directed cyclic path from X1 to itself in a MAG implied by this graph
  true DAG (all variables, latents included):
Graph Nodes:
X1;X2;X3;X4;X5;(X6)

Graph Edges:
1. X1 --> X2
2. X1 --> X4
3. X1 --> X6
4. X2 --> X3
5. X2 --> X6
6. X3 --> X5
7. X3 --> X6
8. X4 --> X5
9. X4 --> X6


  true PAG G* (over observed):
Graph Nodes:
X1;X2;X3;X4;X5

Graph Edges:
1. X1 o-o X2
2. X1 o-o X4
3. X2 o-o X3
4. X3 --> X5
5. X4 --> X5


  H0 (G* + spurious, cold-reoriented):
Graph Nodes:
X1;X2;X3;X4;X5

Graph Edges:
1. X1 --> X2
2. X3 --> X2
3. X3 o-> X5
4. X4 --> X1
5. X4 o-> X5
6. X5 --> X1
7. X5 --> X2



==== NOSTALL DEADLOCK: gated genuine-legal H0, NO legal single-edge deletion ====
  dag mask        : 15683
  latent set      : [5]  (latent nodes: [X6])
  spurious edges  : [X1 o-o X5, X2 o-o X5]  (k=2)
  outcome of deleting each spurious edge from H0:
    X1 o-o X5 : illegal -- genuine/acyclic -- Acyclicity violated: There is a directed cyclic path from X1 to itself in a MAG implied by this graph
    X2 o-o X5 : illegal -- genuine/acyclic -- Acyclicity violated: There is a directed cyclic path from X1 to itself in a MAG implied by this graph
  true DAG (all variables, latents included):
Graph Nodes:
X1;X2;X3;X4;X5;(X6)

Graph Edges:
1. X1 --> X2
2. X1 --> X3
3. X2 --> X4
4. X2 --> X6
5. X3 --> X5
6. X3 --> X6
7. X4 --> X5
8. X4 --> X6


  true PAG G* (over observed):
Graph Nodes:
X1;X2;X3;X4;X5

Graph Edges:
1. X1 o-o X2
2. X1 o-o X3
3. X2 o-o X4
4. X3 --> X5
5. X4 --> X5


  H0 (G* + spurious, cold-reoriented):
Graph Nodes:
X1;X2;X3;X4;X5

Graph Edges:
1. X2 --> X1
2. X3 --> X1
3. X3 o-> X5
4. X4 --> X2
5. X4 o-> X5
6. X5 --> X1
7. X5 --> X2



==== NOSTALL DEADLOCK: gated genuine-legal H0, NO legal single-edge deletion ====
  dag mask        : 15699
  latent set      : [5]  (latent nodes: [X6])
  spurious edges  : [X1 o-o X5, X2 o-o X5]  (k=2)
  outcome of deleting each spurious edge from H0:
    X1 o-o X5 : illegal -- genuine/acyclic -- Acyclicity violated: There is a directed cyclic path from X1 to itself in a MAG implied by this graph
    X2 o-o X5 : illegal -- genuine/acyclic -- Acyclicity violated: There is a directed cyclic path from X1 to itself in a MAG implied by this graph
  true DAG (all variables, latents included):
Graph Nodes:
X1;X2;X3;X4;X5;(X6)

Graph Edges:
1. X1 --> X2
2. X1 --> X3
3. X1 --> X6
4. X2 --> X4
5. X2 --> X6
6. X3 --> X5
7. X3 --> X6
8. X4 --> X5
9. X4 --> X6


  true PAG G* (over observed):
Graph Nodes:
X1;X2;X3;X4;X5

Graph Edges:
1. X1 o-o X2
2. X1 o-o X3
3. X2 o-o X4
4. X3 --> X5
5. X4 --> X5


  H0 (G* + spurious, cold-reoriented):
Graph Nodes:
X1;X2;X3;X4;X5

Graph Edges:
1. X2 --> X1
2. X3 --> X1
3. X3 o-> X5
4. X4 --> X2
5. X4 o-> X5
6. X5 --> X1
7. X5 --> X2



==== NOSTALL DEADLOCK: gated genuine-legal H0, NO legal single-edge deletion ====
  dag mask        : 17076
  latent set      : [0]  (latent nodes: [X1])
  spurious edges  : [X2 o-o X4, X2 o-o X6]  (k=2)
  outcome of deleting each spurious edge from H0:
    X2 o-o X4 : illegal -- genuine/maximality -- Not maximal: Inducing path exists between non-adjacent X4 and X5 in a MAG implied by this graph
    X2 o-o X6 : illegal -- genuine/maximality -- Not maximal: Inducing path exists between non-adjacent X3 and X6 in a MAG implied by this graph
  true DAG (all variables, latents included):
Graph Nodes:
(X1);X2;X3;X4;X5;X6

Graph Edges:
1. X1 --> X4
2. X1 --> X6
3. X2 --> X3
4. X2 --> X5
5. X3 --> X4
6. X5 --> X6


  true PAG G* (over observed):
Graph Nodes:
X2;X3;X4;X5;X6

Graph Edges:
1. X2 o-o X3
2. X2 o-o X5
3. X3 o-> X4
4. X5 o-> X6
5. X6 <-> X4


  H0 (G* + spurious, cold-reoriented):
Graph Nodes:
X2;X3;X4;X5;X6

Graph Edges:
1. X2 o-o X3
2. X2 o-> X4
3. X2 o-o X5
4. X2 o-> X6
5. X3 o-> X4
6. X4 <-> X6
7. X5 o-> X6



==== NOSTALL DEADLOCK: gated genuine-legal H0, NO legal single-edge deletion ====
  dag mask        : 17076
  latent set      : [0]  (latent nodes: [X1])
  spurious edges  : [X2 o-o X4, X4 o-o X5]  (k=2)
  outcome of deleting each spurious edge from H0:
    X2 o-o X4 : illegal -- genuine/acyclic -- Acyclicity violated: There is a directed cyclic path from X2 to itself in a MAG implied by this graph
    X4 o-o X5 : illegal -- genuine/maximality -- Not maximal: Inducing path exists between non-adjacent X3 and X6 in a MAG implied by this graph
  true DAG (all variables, latents included):
Graph Nodes:
(X1);X2;X3;X4;X5;X6

Graph Edges:
1. X1 --> X4
2. X1 --> X6
3. X2 --> X3
4. X2 --> X5
5. X3 --> X4
6. X5 --> X6


  true PAG G* (over observed):
Graph Nodes:
X2;X3;X4;X5;X6

Graph Edges:
1. X2 o-o X3
2. X2 o-o X5
3. X3 o-> X4
4. X5 o-> X6
5. X6 <-> X4


  H0 (G* + spurious, cold-reoriented):
Graph Nodes:
X2;X3;X4;X5;X6

Graph Edges:
1. X3 --> X2
2. X3 o-> X4
3. X4 --> X2
4. X4 --> X5
5. X4 <-> X6
6. X5 --> X2
7. X6 <-> X5



==== NOSTALL DEADLOCK: gated genuine-legal H0, NO legal single-edge deletion ====
  dag mask        : 17076
  latent set      : [0]  (latent nodes: [X1])
  spurious edges  : [X2 o-o X6, X3 o-o X6]  (k=2)
  outcome of deleting each spurious edge from H0:
    X2 o-o X6 : illegal -- genuine/acyclic -- Acyclicity violated: There is a directed cyclic path from X2 to itself in a MAG implied by this graph
    X3 o-o X6 : illegal -- genuine/maximality -- Not maximal: Inducing path exists between non-adjacent X4 and X5 in a MAG implied by this graph
  true DAG (all variables, latents included):
Graph Nodes:
(X1);X2;X3;X4;X5;X6

Graph Edges:
1. X1 --> X4
2. X1 --> X6
3. X2 --> X3
4. X2 --> X5
5. X3 --> X4
6. X5 --> X6


  true PAG G* (over observed):
Graph Nodes:
X2;X3;X4;X5;X6

Graph Edges:
1. X2 o-o X3
2. X2 o-o X5
3. X3 o-> X4
4. X5 o-> X6
5. X6 <-> X4


  H0 (G* + spurious, cold-reoriented):
Graph Nodes:
X2;X3;X4;X5;X6

Graph Edges:
1. X3 --> X2
2. X4 <-> X3
3. X4 <-> X6
4. X5 --> X2
5. X5 o-> X6
6. X6 --> X2
7. X6 --> X3



==== NOSTALL DEADLOCK: gated genuine-legal H0, NO legal single-edge deletion ====
  dag mask        : 17226
  latent set      : [1]  (latent nodes: [X2])
  spurious edges  : [X1 o-o X4, X1 o-o X6]  (k=2)
  outcome of deleting each spurious edge from H0:
    X1 o-o X4 : illegal -- genuine/maximality -- Not maximal: Inducing path exists between non-adjacent X4 and X5 in a MAG implied by this graph
    X1 o-o X6 : illegal -- genuine/maximality -- Not maximal: Inducing path exists between non-adjacent X3 and X6 in a MAG implied by this graph
  true DAG (all variables, latents included):
Graph Nodes:
X1;(X2);X3;X4;X5;X6

Graph Edges:
1. X1 --> X3
2. X1 --> X5
3. X2 --> X4
4. X2 --> X6
5. X3 --> X4
6. X5 --> X6


  true PAG G* (over observed):
Graph Nodes:
X1;X3;X4;X5;X6

Graph Edges:
1. X1 o-o X3
2. X1 o-o X5
3. X3 o-> X4
4. X5 o-> X6
5. X6 <-> X4


  H0 (G* + spurious, cold-reoriented):
Graph Nodes:
X1;X3;X4;X5;X6

Graph Edges:
1. X1 o-o X3
2. X1 o-> X4
3. X1 o-o X5
4. X1 o-> X6
5. X3 o-> X4
6. X4 <-> X6
7. X5 o-> X6



==== NOSTALL DEADLOCK: gated genuine-legal H0, NO legal single-edge deletion ====
  dag mask        : 17226
  latent set      : [1]  (latent nodes: [X2])
  spurious edges  : [X1 o-o X4, X4 o-o X5]  (k=2)
  outcome of deleting each spurious edge from H0:
    X1 o-o X4 : illegal -- genuine/acyclic -- Acyclicity violated: There is a directed cyclic path from X1 to itself in a MAG implied by this graph
    X4 o-o X5 : illegal -- genuine/maximality -- Not maximal: Inducing path exists between non-adjacent X3 and X6 in a MAG implied by this graph
  true DAG (all variables, latents included):
Graph Nodes:
X1;(X2);X3;X4;X5;X6

Graph Edges:
1. X1 --> X3
2. X1 --> X5
3. X2 --> X4
4. X2 --> X6
5. X3 --> X4
6. X5 --> X6


  true PAG G* (over observed):
Graph Nodes:
X1;X3;X4;X5;X6

Graph Edges:
1. X1 o-o X3
2. X1 o-o X5
3. X3 o-> X4
4. X5 o-> X6
5. X6 <-> X4


  H0 (G* + spurious, cold-reoriented):
Graph Nodes:
X1;X3;X4;X5;X6

Graph Edges:
1. X3 --> X1
2. X3 o-> X4
3. X4 --> X1
4. X4 --> X5
5. X4 <-> X6
6. X5 --> X1
7. X6 <-> X5



==== NOSTALL DEADLOCK: gated genuine-legal H0, NO legal single-edge deletion ====
  dag mask        : 17226
  latent set      : [1]  (latent nodes: [X2])
  spurious edges  : [X1 o-o X6, X3 o-o X6]  (k=2)
  outcome of deleting each spurious edge from H0:
    X1 o-o X6 : illegal -- genuine/acyclic -- Acyclicity violated: There is a directed cyclic path from X1 to itself in a MAG implied by this graph
    X3 o-o X6 : illegal -- genuine/maximality -- Not maximal: Inducing path exists between non-adjacent X4 and X5 in a MAG implied by this graph
  true DAG (all variables, latents included):
Graph Nodes:
X1;(X2);X3;X4;X5;X6

Graph Edges:
1. X1 --> X3
2. X1 --> X5
3. X2 --> X4
4. X2 --> X6
5. X3 --> X4
6. X5 --> X6


  true PAG G* (over observed):
Graph Nodes:
X1;X3;X4;X5;X6

Graph Edges:
1. X1 o-o X3
2. X1 o-o X5
3. X3 o-> X4
4. X5 o-> X6
5. X6 <-> X4


  H0 (G* + spurious, cold-reoriented):
Graph Nodes:
X1;X3;X4;X5;X6

Graph Edges:
1. X3 --> X1
2. X4 <-> X3
3. X4 <-> X6
4. X5 --> X1
5. X5 o-> X6
6. X6 --> X1
7. X6 --> X3



==== NOSTALL DEADLOCK: gated genuine-legal H0, NO legal single-edge deletion ====
  dag mask        : 17442
  latent set      : [3]  (latent nodes: [X4])
  spurious edges  : [X1 o-o X6, X2 o-o X6]  (k=2)
  outcome of deleting each spurious edge from H0:
    X1 o-o X6 : illegal -- genuine/acyclic -- Acyclicity violated: There is a directed cyclic path from X2 to itself in a MAG implied by this graph
    X2 o-o X6 : illegal -- genuine/acyclic -- Acyclicity violated: There is a directed cyclic path from X1 to itself in a MAG implied by this graph
  true DAG (all variables, latents included):
Graph Nodes:
X1;X2;X3;(X4);X5;X6

Graph Edges:
1. X1 --> X3
2. X2 --> X3
3. X3 --> X5
4. X5 --> X6


  true PAG G* (over observed):
Graph Nodes:
X1;X2;X3;X5;X6

Graph Edges:
1. X1 o-> X3
2. X2 o-> X3
3. X3 --> X5
4. X5 --> X6


  H0 (G* + spurious, cold-reoriented):
Graph Nodes:
X1;X2;X3;X5;X6

Graph Edges:
1. X1 o-> X3
2. X1 --> X6
3. X2 o-> X3
4. X2 --> X6
5. X3 --> X5
6. X5 --> X6



==== NOSTALL DEADLOCK: gated genuine-legal H0, NO legal single-edge deletion ====
  dag mask        : 17446
  latent set      : [0]  (latent nodes: [X1])
  spurious edges  : [X2 o-o X6, X4 o-o X6]  (k=2)
  outcome of deleting each spurious edge from H0:
    X2 o-o X6 : illegal -- genuine/acyclic -- Acyclicity violated: There is a directed cyclic path from X3 to itself in a MAG implied by this graph
    X4 o-o X6 : illegal -- genuine/acyclic -- Acyclicity violated: There is a directed cyclic path from X2 to itself in a MAG implied by this graph
  true DAG (all variables, latents included):
Graph Nodes:
(X1);X2;X3;X4;X5;X6

Graph Edges:
1. X1 --> X3
2. X1 --> X4
3. X2 --> X3
4. X3 --> X5
5. X5 --> X6


  true PAG G* (over observed):
Graph Nodes:
X2;X3;X4;X5;X6

Graph Edges:
1. X2 o-> X3
2. X3 --> X5
3. X4 o-> X3
4. X5 --> X6


  H0 (G* + spurious, cold-reoriented):
Graph Nodes:
X2;X3;X4;X5;X6

Graph Edges:
1. X2 o-> X3
2. X2 --> X6
3. X3 --> X5
4. X4 o-> X3
5. X4 --> X6
6. X5 --> X6



==== NOSTALL DEADLOCK: gated genuine-legal H0, NO legal single-edge deletion ====
  dag mask        : 17446
  latent set      : [3]  (latent nodes: [X4])
  spurious edges  : [X1 o-o X6, X2 o-o X6]  (k=2)
  outcome of deleting each spurious edge from H0:
    X1 o-o X6 : illegal -- genuine/acyclic -- Acyclicity violated: There is a directed cyclic path from X2 to itself in a MAG implied by this graph
    X2 o-o X6 : illegal -- genuine/acyclic -- Acyclicity violated: There is a directed cyclic path from X1 to itself in a MAG implied by this graph
  true DAG (all variables, latents included):
Graph Nodes:
X1;X2;X3;(X4);X5;X6

Graph Edges:
1. X1 --> X3
2. X1 --> X4
3. X2 --> X3
4. X3 --> X5
5. X5 --> X6


  true PAG G* (over observed):
Graph Nodes:
X1;X2;X3;X5;X6

Graph Edges:
1. X1 o-> X3
2. X2 o-> X3
3. X3 --> X5
4. X5 --> X6


  H0 (G* + spurious, cold-reoriented):
Graph Nodes:
X1;X2;X3;X5;X6

Graph Edges:
1. X1 o-> X3
2. X1 --> X6
3. X2 o-> X3
4. X2 --> X6
5. X3 --> X5
6. X5 --> X6



==== NOSTALL DEADLOCK: gated genuine-legal H0, NO legal single-edge deletion ====
  dag mask        : 17457
  latent set      : [3]  (latent nodes: [X4])
  spurious edges  : [X2 o-o X6, X3 o-o X6]  (k=2)
  outcome of deleting each spurious edge from H0:
    X2 o-o X6 : illegal -- genuine/acyclic -- Acyclicity violated: There is a directed cyclic path from X1 to itself in a MAG implied by this graph
    X3 o-o X6 : illegal -- genuine/acyclic -- Acyclicity violated: There is a directed cyclic path from X2 to itself in a MAG implied by this graph
  true DAG (all variables, latents included):
Graph Nodes:
X1;X2;X3;(X4);X5;X6

Graph Edges:
1. X1 --> X2
2. X1 --> X6
3. X2 --> X3
4. X3 --> X5
5. X5 --> X6


  true PAG G* (over observed):
Graph Nodes:
X1;X2;X3;X5;X6

Graph Edges:
1. X1 o-o X2
2. X1 --> X6
3. X2 o-o X3
4. X3 o-o X5
5. X5 --> X6


  H0 (G* + spurious, cold-reoriented):
Graph Nodes:
X1;X2;X3;X5;X6

Graph Edges:
1. X1 --> X2
2. X1 o-> X6
3. X3 --> X2
4. X5 --> X3
5. X5 o-> X6
6. X6 --> X2
7. X6 --> X3



==== NOSTALL DEADLOCK: gated genuine-legal H0, NO legal single-edge deletion ====
  dag mask        : 17461
  latent set      : [3]  (latent nodes: [X4])
  spurious edges  : [X2 o-o X6, X3 o-o X6]  (k=2)
  outcome of deleting each spurious edge from H0:
    X2 o-o X6 : illegal -- genuine/acyclic -- Acyclicity violated: There is a directed cyclic path from X1 to itself in a MAG implied by this graph
    X3 o-o X6 : illegal -- genuine/acyclic -- Acyclicity violated: There is a directed cyclic path from X2 to itself in a MAG implied by this graph
  true DAG (all variables, latents included):
Graph Nodes:
X1;X2;X3;(X4);X5;X6

Graph Edges:
1. X1 --> X2
2. X1 --> X4
3. X1 --> X6
4. X2 --> X3
5. X3 --> X5
6. X5 --> X6


  true PAG G* (over observed):
Graph Nodes:
X1;X2;X3;X5;X6

Graph Edges:
1. X1 o-o X2
2. X1 --> X6
3. X2 o-o X3
4. X3 o-o X5
5. X5 --> X6


  H0 (G* + spurious, cold-reoriented):
Graph Nodes:
X1;X2;X3;X5;X6

Graph Edges:
1. X1 --> X2
2. X1 o-> X6
3. X3 --> X2
4. X5 --> X3
5. X5 o-> X6
6. X6 --> X2
7. X6 --> X3



==== NOSTALL DEADLOCK: gated genuine-legal H0, NO legal single-edge deletion ====
  dag mask        : 17506
  latent set      : [1]  (latent nodes: [X2])
  spurious edges  : [X1 o-o X6, X4 o-o X6]  (k=2)
  outcome of deleting each spurious edge from H0:
    X1 o-o X6 : illegal -- genuine/acyclic -- Acyclicity violated: There is a directed cyclic path from X3 to itself in a MAG implied by this graph
    X4 o-o X6 : illegal -- genuine/acyclic -- Acyclicity violated: There is a directed cyclic path from X1 to itself in a MAG implied by this graph
  true DAG (all variables, latents included):
Graph Nodes:
X1;(X2);X3;X4;X5;X6

Graph Edges:
1. X1 --> X3
2. X2 --> X3
3. X2 --> X4
4. X3 --> X5
5. X5 --> X6


  true PAG G* (over observed):
Graph Nodes:
X1;X3;X4;X5;X6

Graph Edges:
1. X1 o-> X3
2. X3 --> X5
3. X4 o-> X3
4. X5 --> X6


  H0 (G* + spurious, cold-reoriented):
Graph Nodes:
X1;X3;X4;X5;X6

Graph Edges:
1. X1 o-> X3
2. X1 --> X6
3. X3 --> X5
4. X4 o-> X3
5. X4 --> X6
6. X5 --> X6



==== NOSTALL DEADLOCK: gated genuine-legal H0, NO legal single-edge deletion ====
  dag mask        : 17506
  latent set      : [3]  (latent nodes: [X4])
  spurious edges  : [X1 o-o X6, X2 o-o X6]  (k=2)
  outcome of deleting each spurious edge from H0:
    X1 o-o X6 : illegal -- genuine/acyclic -- Acyclicity violated: There is a directed cyclic path from X2 to itself in a MAG implied by this graph
    X2 o-o X6 : illegal -- genuine/acyclic -- Acyclicity violated: There is a directed cyclic path from X1 to itself in a MAG implied by this graph
  true DAG (all variables, latents included):
Graph Nodes:
X1;X2;X3;(X4);X5;X6

Graph Edges:
1. X1 --> X3
2. X2 --> X3
3. X2 --> X4
4. X3 --> X5
5. X5 --> X6


  true PAG G* (over observed):
Graph Nodes:
X1;X2;X3;X5;X6

Graph Edges:
1. X1 o-> X3
2. X2 o-> X3
3. X3 --> X5
4. X5 --> X6


  H0 (G* + spurious, cold-reoriented):
Graph Nodes:
X1;X2;X3;X5;X6

Graph Edges:
1. X1 o-> X3
2. X1 --> X6
3. X2 o-> X3
4. X2 --> X6
5. X3 --> X5
6. X5 --> X6



==== NOSTALL DEADLOCK: gated genuine-legal H0, NO legal single-edge deletion ====
  dag mask        : 17510
  latent set      : [3]  (latent nodes: [X4])
  spurious edges  : [X1 o-o X6, X2 o-o X6]  (k=2)
  outcome of deleting each spurious edge from H0:
    X1 o-o X6 : illegal -- genuine/acyclic -- Acyclicity violated: There is a directed cyclic path from X2 to itself in a MAG implied by this graph
    X2 o-o X6 : illegal -- genuine/acyclic -- Acyclicity violated: There is a directed cyclic path from X1 to itself in a MAG implied by this graph
  true DAG (all variables, latents included):
Graph Nodes:
X1;X2;X3;(X4);X5;X6

Graph Edges:
1. X1 --> X3
2. X1 --> X4
3. X2 --> X3
4. X2 --> X4
5. X3 --> X5
6. X5 --> X6


  true PAG G* (over observed):
Graph Nodes:
X1;X2;X3;X5;X6

Graph Edges:
1. X1 o-> X3
2. X2 o-> X3
3. X3 --> X5
4. X5 --> X6


  H0 (G* + spurious, cold-reoriented):
Graph Nodes:
X1;X2;X3;X5;X6

Graph Edges:
1. X1 o-> X3
2. X1 --> X6
3. X2 o-> X3
4. X2 --> X6
5. X3 --> X5
6. X5 --> X6



==== NOSTALL DEADLOCK: gated genuine-legal H0, NO legal single-edge deletion ====
  dag mask        : 17521
  latent set      : [3]  (latent nodes: [X4])
  spurious edges  : [X2 o-o X6, X3 o-o X6]  (k=2)
  outcome of deleting each spurious edge from H0:
    X2 o-o X6 : illegal -- genuine/acyclic -- Acyclicity violated: There is a directed cyclic path from X1 to itself in a MAG implied by this graph
    X3 o-o X6 : illegal -- genuine/acyclic -- Acyclicity violated: There is a directed cyclic path from X2 to itself in a MAG implied by this graph
  true DAG (all variables, latents included):
Graph Nodes:
X1;X2;X3;(X4);X5;X6

Graph Edges:
1. X1 --> X2
2. X1 --> X6
3. X2 --> X3
4. X2 --> X4
5. X3 --> X5
6. X5 --> X6


  true PAG G* (over observed):
Graph Nodes:
X1;X2;X3;X5;X6

Graph Edges:
1. X1 o-o X2
2. X1 --> X6
3. X2 o-o X3
4. X3 o-o X5
5. X5 --> X6


  H0 (G* + spurious, cold-reoriented):
Graph Nodes:
X1;X2;X3;X5;X6

Graph Edges:
1. X1 --> X2
2. X1 o-> X6
3. X3 --> X2
4. X5 --> X3
5. X5 o-> X6
6. X6 --> X2
7. X6 --> X3



==== NOSTALL DEADLOCK: gated genuine-legal H0, NO legal single-edge deletion ====
  dag mask        : 17524
  latent set      : [0]  (latent nodes: [X1])
  spurious edges  : [X2 o-o X6, X3 o-o X6]  (k=2)
  outcome of deleting each spurious edge from H0:
    X2 o-o X6 : illegal -- genuine/maximality -- Not maximal: Inducing path exists between non-adjacent X4 and X5 in a MAG implied by this graph
    X3 o-o X6 : illegal -- genuine/acyclic -- Acyclicity violated: There is a directed cyclic path from X2 to itself in a MAG implied by this graph
  true DAG (all variables, latents included):
Graph Nodes:
(X1);X2;X3;X4;X5;X6

Graph Edges:
1. X1 --> X4
2. X1 --> X6
3. X2 --> X3
4. X2 --> X4
5. X3 --> X5
6. X5 --> X6


  true PAG G* (over observed):
Graph Nodes:
X2;X3;X4;X5;X6

Graph Edges:
1. X2 o-o X3
2. X2 o-> X4
3. X3 o-o X5
4. X5 o-> X6
5. X6 <-> X4


  H0 (G* + spurious, cold-reoriented):
Graph Nodes:
X2;X3;X4;X5;X6

Graph Edges:
1. X2 --> X3
2. X4 <-> X2
3. X5 --> X3
4. X5 o-> X6
5. X6 --> X2
6. X6 --> X3
7. X6 <-> X4



==== NOSTALL DEADLOCK: gated genuine-legal H0, NO legal single-edge deletion ====
  dag mask        : 17524
  latent set      : [0]  (latent nodes: [X1])
  spurious edges  : [X3 o-o X4, X3 o-o X6]  (k=2)
  outcome of deleting each spurious edge from H0:
    X3 o-o X4 : illegal -- genuine/maximality -- Not maximal: Inducing path exists between non-adjacent X4 and X5 in a MAG implied by this graph
    X3 o-o X6 : illegal -- genuine/maximality -- Not maximal: Inducing path exists between non-adjacent X2 and X6 in a MAG implied by this graph
  true DAG (all variables, latents included):
Graph Nodes:
(X1);X2;X3;X4;X5;X6

Graph Edges:
1. X1 --> X4
2. X1 --> X6
3. X2 --> X3
4. X2 --> X4
5. X3 --> X5
6. X5 --> X6


  true PAG G* (over observed):
Graph Nodes:
X2;X3;X4;X5;X6

Graph Edges:
1. X2 o-o X3
2. X2 o-> X4
3. X3 o-o X5
4. X5 o-> X6
5. X6 <-> X4


  H0 (G* + spurious, cold-reoriented):
Graph Nodes:
X2;X3;X4;X5;X6

Graph Edges:
1. X2 o-o X3
2. X2 o-> X4
3. X3 o-> X4
4. X3 o-o X5
5. X3 o-> X6
6. X5 o-> X6
7. X6 <-> X4



==== NOSTALL DEADLOCK: gated genuine-legal H0, NO legal single-edge deletion ====
  dag mask        : 17524
  latent set      : [0]  (latent nodes: [X1])
  spurious edges  : [X3 o-o X4, X4 o-o X5]  (k=2)
  outcome of deleting each spurious edge from H0:
    X3 o-o X4 : illegal -- genuine/acyclic -- Acyclicity violated: There is a directed cyclic path from X2 to itself in a MAG implied by this graph
    X4 o-o X5 : illegal -- genuine/maximality -- Not maximal: Inducing path exists between non-adjacent X2 and X6 in a MAG implied by this graph
  true DAG (all variables, latents included):
Graph Nodes:
(X1);X2;X3;X4;X5;X6

Graph Edges:
1. X1 --> X4
2. X1 --> X6
3. X2 --> X3
4. X2 --> X4
5. X3 --> X5
6. X5 --> X6


  true PAG G* (over observed):
Graph Nodes:
X2;X3;X4;X5;X6

Graph Edges:
1. X2 o-o X3
2. X2 o-> X4
3. X3 o-o X5
4. X5 o-> X6
5. X6 <-> X4


  H0 (G* + spurious, cold-reoriented):
Graph Nodes:
X2;X3;X4;X5;X6

Graph Edges:
1. X2 --> X3
2. X2 o-> X4
3. X4 --> X3
4. X4 --> X5
5. X5 --> X3
6. X6 <-> X4
7. X6 <-> X5



==== NOSTALL DEADLOCK: gated genuine-legal H0, NO legal single-edge deletion ====
  dag mask        : 17525
  latent set      : [3]  (latent nodes: [X4])
  spurious edges  : [X2 o-o X6, X3 o-o X6]  (k=2)
  outcome of deleting each spurious edge from H0:
    X2 o-o X6 : illegal -- genuine/acyclic -- Acyclicity violated: There is a directed cyclic path from X1 to itself in a MAG implied by this graph
    X3 o-o X6 : illegal -- genuine/acyclic -- Acyclicity violated: There is a directed cyclic path from X2 to itself in a MAG implied by this graph
  true DAG (all variables, latents included):
Graph Nodes:
X1;X2;X3;(X4);X5;X6

Graph Edges:
1. X1 --> X2
2. X1 --> X4
3. X1 --> X6
4. X2 --> X3
5. X2 --> X4
6. X3 --> X5
7. X5 --> X6


  true PAG G* (over observed):
Graph Nodes:
X1;X2;X3;X5;X6

Graph Edges:
1. X1 o-o X2
2. X1 --> X6
3. X2 o-o X3
4. X3 o-o X5
5. X5 --> X6


  H0 (G* + spurious, cold-reoriented):
Graph Nodes:
X1;X2;X3;X5;X6

Graph Edges:
1. X1 --> X2
2. X1 o-> X6
3. X3 --> X2
4. X5 --> X3
5. X5 o-> X6
6. X6 --> X2
7. X6 --> X3



==== NOSTALL DEADLOCK: gated genuine-legal H0, NO legal single-edge deletion ====
  dag mask        : 17652
  latent set      : [0]  (latent nodes: [X1])
  spurious edges  : [X3 o-o X4, X3 o-o X6]  (k=2)
  outcome of deleting each spurious edge from H0:
    X3 o-o X4 : illegal -- genuine/maximality -- Not maximal: Inducing path exists between non-adjacent X4 and X5 in a MAG implied by this graph
    X3 o-o X6 : illegal -- genuine/maximality -- Not maximal: Inducing path exists between non-adjacent X2 and X6 in a MAG implied by this graph
  true DAG (all variables, latents included):
Graph Nodes:
(X1);X2;X3;X4;X5;X6

Graph Edges:
1. X1 --> X4
2. X1 --> X6
3. X2 --> X3
4. X2 --> X4
5. X2 --> X5
6. X3 --> X5
7. X5 --> X6


  true PAG G* (over observed):
Graph Nodes:
X2;X3;X4;X5;X6

Graph Edges:
1. X2 o-o X3
2. X2 o-> X4
3. X2 o-o X5
4. X3 o-o X5
5. X5 o-> X6
6. X6 <-> X4


  H0 (G* + spurious, cold-reoriented):
Graph Nodes:
X2;X3;X4;X5;X6

Graph Edges:
1. X2 o-o X3
2. X2 o-> X4
3. X2 o-o X5
4. X3 o-> X4
5. X3 o-o X5
6. X3 o-> X6
7. X5 o-> X6
8. X6 <-> X4



==== NOSTALL DEADLOCK: gated genuine-legal H0, NO legal single-edge deletion ====
  dag mask        : 17667
  latent set      : [3]  (latent nodes: [X4])
  spurious edges  : [X1 o-o X6, X3 o-o X6]  (k=2)
  outcome of deleting each spurious edge from H0:
    X1 o-o X6 : illegal -- genuine/acyclic -- Acyclicity violated: There is a directed cyclic path from X1 to itself in a MAG implied by this graph
    X3 o-o X6 : illegal -- genuine/acyclic -- Acyclicity violated: There is a directed cyclic path from X1 to itself in a MAG implied by this graph
  true DAG (all variables, latents included):
Graph Nodes:
X1;X2;X3;(X4);X5;X6

Graph Edges:
1. X1 --> X2
2. X1 --> X3
3. X2 --> X6
4. X3 --> X5
5. X5 --> X6


  true PAG G* (over observed):
Graph Nodes:
X1;X2;X3;X5;X6

Graph Edges:
1. X1 o-o X2
2. X1 o-o X3
3. X2 --> X6
4. X3 o-o X5
5. X5 --> X6


  H0 (G* + spurious, cold-reoriented):
Graph Nodes:
X1;X2;X3;X5;X6

Graph Edges:
1. X2 --> X1
2. X2 o-> X6
3. X3 --> X1
4. X5 --> X3
5. X5 o-> X6
6. X6 --> X1
7. X6 --> X3



==== NOSTALL DEADLOCK: gated genuine-legal H0, NO legal single-edge deletion ====
  dag mask        : 17671
  latent set      : [3]  (latent nodes: [X4])
  spurious edges  : [X1 o-o X6, X3 o-o X6]  (k=2)
  outcome of deleting each spurious edge from H0:
    X1 o-o X6 : illegal -- genuine/acyclic -- Acyclicity violated: There is a directed cyclic path from X1 to itself in a MAG implied by this graph
    X3 o-o X6 : illegal -- genuine/acyclic -- Acyclicity violated: There is a directed cyclic path from X1 to itself in a MAG implied by this graph
  true DAG (all variables, latents included):
Graph Nodes:
X1;X2;X3;(X4);X5;X6

Graph Edges:
1. X1 --> X2
2. X1 --> X3
3. X1 --> X4
4. X2 --> X6
5. X3 --> X5
6. X5 --> X6


  true PAG G* (over observed):
Graph Nodes:
X1;X2;X3;X5;X6

Graph Edges:
1. X1 o-o X2
2. X1 o-o X3
3. X2 --> X6
4. X3 o-o X5
5. X5 --> X6


  H0 (G* + spurious, cold-reoriented):
Graph Nodes:
X1;X2;X3;X5;X6

Graph Edges:
1. X2 --> X1
2. X2 o-> X6
3. X3 --> X1
4. X5 --> X3
5. X5 o-> X6
6. X6 --> X1
7. X6 --> X3



==== NOSTALL DEADLOCK: gated genuine-legal H0, NO legal single-edge deletion ====
  dag mask        : 17731
  latent set      : [3]  (latent nodes: [X4])
  spurious edges  : [X1 o-o X6, X3 o-o X6]  (k=2)
  outcome of deleting each spurious edge from H0:
    X1 o-o X6 : illegal -- genuine/acyclic -- Acyclicity violated: There is a directed cyclic path from X1 to itself in a MAG implied by this graph
    X3 o-o X6 : illegal -- genuine/acyclic -- Acyclicity violated: There is a directed cyclic path from X1 to itself in a MAG implied by this graph
  true DAG (all variables, latents included):
Graph Nodes:
X1;X2;X3;(X4);X5;X6

Graph Edges:
1. X1 --> X2
2. X1 --> X3
3. X2 --> X4
4. X2 --> X6
5. X3 --> X5
6. X5 --> X6


  true PAG G* (over observed):
Graph Nodes:
X1;X2;X3;X5;X6

Graph Edges:
1. X1 o-o X2
2. X1 o-o X3
3. X2 --> X6
4. X3 o-o X5
5. X5 --> X6


  H0 (G* + spurious, cold-reoriented):
Graph Nodes:
X1;X2;X3;X5;X6

Graph Edges:
1. X2 --> X1
2. X2 o-> X6
3. X3 --> X1
4. X5 --> X3
5. X5 o-> X6
6. X6 --> X1
7. X6 --> X3



==== NOSTALL DEADLOCK: gated genuine-legal H0, NO legal single-edge deletion ====
  dag mask        : 17734
  latent set      : [1]  (latent nodes: [X2])
  spurious edges  : [X1 o-o X6, X3 o-o X6]  (k=2)
  outcome of deleting each spurious edge from H0:
    X1 o-o X6 : illegal -- genuine/maximality -- Not maximal: Inducing path exists between non-adjacent X4 and X5 in a MAG implied by this graph
    X3 o-o X6 : illegal -- genuine/acyclic -- Acyclicity violated: There is a directed cyclic path from X1 to itself in a MAG implied by this graph
  true DAG (all variables, latents included):
Graph Nodes:
X1;(X2);X3;X4;X5;X6

Graph Edges:
1. X1 --> X3
2. X1 --> X4
3. X2 --> X4
4. X2 --> X6
5. X3 --> X5
6. X5 --> X6


  true PAG G* (over observed):
Graph Nodes:
X1;X3;X4;X5;X6

Graph Edges:
1. X1 o-o X3
2. X1 o-> X4
3. X3 o-o X5
4. X4 <-> X6
5. X5 o-> X6


  H0 (G* + spurious, cold-reoriented):
Graph Nodes:
X1;X3;X4;X5;X6

Graph Edges:
1. X1 --> X3
2. X4 <-> X1
3. X5 --> X3
4. X5 o-> X6
5. X6 --> X1
6. X6 --> X3
7. X6 <-> X4



==== NOSTALL DEADLOCK: gated genuine-legal H0, NO legal single-edge deletion ====
  dag mask        : 17734
  latent set      : [1]  (latent nodes: [X2])
  spurious edges  : [X3 o-o X4, X3 o-o X6]  (k=2)
  outcome of deleting each spurious edge from H0:
    X3 o-o X4 : illegal -- genuine/maximality -- Not maximal: Inducing path exists between non-adjacent X4 and X5 in a MAG implied by this graph
    X3 o-o X6 : illegal -- genuine/maximality -- Not maximal: Inducing path exists between non-adjacent X1 and X6 in a MAG implied by this graph
  true DAG (all variables, latents included):
Graph Nodes:
X1;(X2);X3;X4;X5;X6

Graph Edges:
1. X1 --> X3
2. X1 --> X4
3. X2 --> X4
4. X2 --> X6
5. X3 --> X5
6. X5 --> X6


  true PAG G* (over observed):
Graph Nodes:
X1;X3;X4;X5;X6

Graph Edges:
1. X1 o-o X3
2. X1 o-> X4
3. X3 o-o X5
4. X4 <-> X6
5. X5 o-> X6


  H0 (G* + spurious, cold-reoriented):
Graph Nodes:
X1;X3;X4;X5;X6

Graph Edges:
1. X1 o-o X3
2. X1 o-> X4
3. X3 o-> X4
4. X3 o-o X5
5. X3 o-> X6
6. X5 o-> X6
7. X6 <-> X4



==== NOSTALL DEADLOCK: gated genuine-legal H0, NO legal single-edge deletion ====
  dag mask        : 17734
  latent set      : [1]  (latent nodes: [X2])
  spurious edges  : [X3 o-o X4, X4 o-o X5]  (k=2)
  outcome of deleting each spurious edge from H0:
    X3 o-o X4 : illegal -- genuine/acyclic -- Acyclicity violated: There is a directed cyclic path from X1 to itself in a MAG implied by this graph
    X4 o-o X5 : illegal -- genuine/maximality -- Not maximal: Inducing path exists between non-adjacent X1 and X6 in a MAG implied by this graph
  true DAG (all variables, latents included):
Graph Nodes:
X1;(X2);X3;X4;X5;X6

Graph Edges:
1. X1 --> X3
2. X1 --> X4
3. X2 --> X4
4. X2 --> X6
5. X3 --> X5
6. X5 --> X6


  true PAG G* (over observed):
Graph Nodes:
X1;X3;X4;X5;X6

Graph Edges:
1. X1 o-o X3
2. X1 o-> X4
3. X3 o-o X5
4. X4 <-> X6
5. X5 o-> X6


  H0 (G* + spurious, cold-reoriented):
Graph Nodes:
X1;X3;X4;X5;X6

Graph Edges:
1. X1 --> X3
2. X1 o-> X4
3. X4 --> X3
4. X4 --> X5
5. X5 --> X3
6. X6 <-> X4
7. X6 <-> X5



==== NOSTALL DEADLOCK: gated genuine-legal H0, NO legal single-edge deletion ====
  dag mask        : 17735
  latent set      : [3]  (latent nodes: [X4])
  spurious edges  : [X1 o-o X6, X3 o-o X6]  (k=2)
  outcome of deleting each spurious edge from H0:
    X1 o-o X6 : illegal -- genuine/acyclic -- Acyclicity violated: There is a directed cyclic path from X1 to itself in a MAG implied by this graph
    X3 o-o X6 : illegal -- genuine/acyclic -- Acyclicity violated: There is a directed cyclic path from X1 to itself in a MAG implied by this graph
  true DAG (all variables, latents included):
Graph Nodes:
X1;X2;X3;(X4);X5;X6

Graph Edges:
1. X1 --> X2
2. X1 --> X3
3. X1 --> X4
4. X2 --> X4
5. X2 --> X6
6. X3 --> X5
7. X5 --> X6


  true PAG G* (over observed):
Graph Nodes:
X1;X2;X3;X5;X6

Graph Edges:
1. X1 o-o X2
2. X1 o-o X3
3. X2 --> X6
4. X3 o-o X5
5. X5 --> X6


  H0 (G* + spurious, cold-reoriented):
Graph Nodes:
X1;X2;X3;X5;X6

Graph Edges:
1. X2 --> X1
2. X2 o-> X6
3. X3 --> X1
4. X5 --> X3
5. X5 o-> X6
6. X6 --> X1
7. X6 --> X3



==== NOSTALL DEADLOCK: gated genuine-legal H0, NO legal single-edge deletion ====
  dag mask        : 17742
  latent set      : [1]  (latent nodes: [X2])
  spurious edges  : [X3 o-o X4, X3 o-o X6]  (k=2)
  outcome of deleting each spurious edge from H0:
    X3 o-o X4 : illegal -- genuine/maximality -- Not maximal: Inducing path exists between non-adjacent X4 and X5 in a MAG implied by this graph
    X3 o-o X6 : illegal -- genuine/maximality -- Not maximal: Inducing path exists between non-adjacent X1 and X6 in a MAG implied by this graph
  true DAG (all variables, latents included):
Graph Nodes:
X1;(X2);X3;X4;X5;X6

Graph Edges:
1. X1 --> X3
2. X1 --> X4
3. X1 --> X5
4. X2 --> X4
5. X2 --> X6
6. X3 --> X5
7. X5 --> X6


  true PAG G* (over observed):
Graph Nodes:
X1;X3;X4;X5;X6

Graph Edges:
1. X1 o-o X3
2. X1 o-> X4
3. X1 o-o X5
4. X3 o-o X5
5. X4 <-> X6
6. X5 o-> X6


  H0 (G* + spurious, cold-reoriented):
Graph Nodes:
X1;X3;X4;X5;X6

Graph Edges:
1. X1 o-o X3
2. X1 o-> X4
3. X1 o-o X5
4. X3 o-> X4
5. X3 o-o X5
6. X3 o-> X6
7. X5 o-> X6
8. X6 <-> X4



==== NOSTALL DEADLOCK: gated genuine-legal H0, NO legal single-edge deletion ====
  dag mask        : 17954
  latent set      : [3]  (latent nodes: [X4])
  spurious edges  : [X1 o-o X6, X2 o-o X6]  (k=2)
  outcome of deleting each spurious edge from H0:
    X1 o-o X6 : illegal -- genuine/acyclic -- Acyclicity violated: There is a directed cyclic path from X2 to itself in a MAG implied by this graph
    X2 o-o X6 : illegal -- genuine/acyclic -- Acyclicity violated: There is a directed cyclic path from X1 to itself in a MAG implied by this graph
  true DAG (all variables, latents included):
Graph Nodes:
X1;X2;X3;(X4);X5;X6

Graph Edges:
1. X1 --> X3
2. X2 --> X3
3. X3 --> X4
4. X3 --> X5
5. X5 --> X6


  true PAG G* (over observed):
Graph Nodes:
X1;X2;X3;X5;X6

Graph Edges:
1. X1 o-> X3
2. X2 o-> X3
3. X3 --> X5
4. X5 --> X6


  H0 (G* + spurious, cold-reoriented):
Graph Nodes:
X1;X2;X3;X5;X6

Graph Edges:
1. X1 o-> X3
2. X1 --> X6
3. X2 o-> X3
4. X2 --> X6
5. X3 --> X5
6. X5 --> X6



==== NOSTALL DEADLOCK: gated genuine-legal H0, NO legal single-edge deletion ====
  dag mask        : 17958
  latent set      : [3]  (latent nodes: [X4])
  spurious edges  : [X1 o-o X6, X2 o-o X6]  (k=2)
  outcome of deleting each spurious edge from H0:
    X1 o-o X6 : illegal -- genuine/acyclic -- Acyclicity violated: There is a directed cyclic path from X2 to itself in a MAG implied by this graph
    X2 o-o X6 : illegal -- genuine/acyclic -- Acyclicity violated: There is a directed cyclic path from X1 to itself in a MAG implied by this graph
  true DAG (all variables, latents included):
Graph Nodes:
X1;X2;X3;(X4);X5;X6

Graph Edges:
1. X1 --> X3
2. X1 --> X4
3. X2 --> X3
4. X3 --> X4
5. X3 --> X5
6. X5 --> X6


  true PAG G* (over observed):
Graph Nodes:
X1;X2;X3;X5;X6

Graph Edges:
1. X1 o-> X3
2. X2 o-> X3
3. X3 --> X5
4. X5 --> X6


  H0 (G* + spurious, cold-reoriented):
Graph Nodes:
X1;X2;X3;X5;X6

Graph Edges:
1. X1 o-> X3
2. X1 --> X6
3. X2 o-> X3
4. X2 --> X6
5. X3 --> X5
6. X5 --> X6



==== NOSTALL DEADLOCK: gated genuine-legal H0, NO legal single-edge deletion ====
  dag mask        : 17969
  latent set      : [3]  (latent nodes: [X4])
  spurious edges  : [X2 o-o X6, X3 o-o X6]  (k=2)
  outcome of deleting each spurious edge from H0:
    X2 o-o X6 : illegal -- genuine/acyclic -- Acyclicity violated: There is a directed cyclic path from X1 to itself in a MAG implied by this graph
    X3 o-o X6 : illegal -- genuine/acyclic -- Acyclicity violated: There is a directed cyclic path from X2 to itself in a MAG implied by this graph
  true DAG (all variables, latents included):
Graph Nodes:
X1;X2;X3;(X4);X5;X6

Graph Edges:
1. X1 --> X2
2. X1 --> X6
3. X2 --> X3
4. X3 --> X4
5. X3 --> X5
6. X5 --> X6


  true PAG G* (over observed):
Graph Nodes:
X1;X2;X3;X5;X6

Graph Edges:
1. X1 o-o X2
2. X1 --> X6
3. X2 o-o X3
4. X3 o-o X5
5. X5 --> X6


  H0 (G* + spurious, cold-reoriented):
Graph Nodes:
X1;X2;X3;X5;X6

Graph Edges:
1. X1 --> X2
2. X1 o-> X6
3. X3 --> X2
4. X5 --> X3
5. X5 o-> X6
6. X6 --> X2
7. X6 --> X3



==== NOSTALL DEADLOCK: gated genuine-legal H0, NO legal single-edge deletion ====
  dag mask        : 17973
  latent set      : [3]  (latent nodes: [X4])
  spurious edges  : [X2 o-o X6, X3 o-o X6]  (k=2)
  outcome of deleting each spurious edge from H0:
    X2 o-o X6 : illegal -- genuine/acyclic -- Acyclicity violated: There is a directed cyclic path from X1 to itself in a MAG implied by this graph
    X3 o-o X6 : illegal -- genuine/acyclic -- Acyclicity violated: There is a directed cyclic path from X2 to itself in a MAG implied by this graph
  true DAG (all variables, latents included):
Graph Nodes:
X1;X2;X3;(X4);X5;X6

Graph Edges:
1. X1 --> X2
2. X1 --> X4
3. X1 --> X6
4. X2 --> X3
5. X3 --> X4
6. X3 --> X5
7. X5 --> X6


  true PAG G* (over observed):
Graph Nodes:
X1;X2;X3;X5;X6

Graph Edges:
1. X1 o-o X2
2. X1 --> X6
3. X2 o-o X3
4. X3 o-o X5
5. X5 --> X6


  H0 (G* + spurious, cold-reoriented):
Graph Nodes:
X1;X2;X3;X5;X6

Graph Edges:
1. X1 --> X2
2. X1 o-> X6
3. X3 --> X2
4. X5 --> X3
5. X5 o-> X6
6. X6 --> X2
7. X6 --> X3



==== NOSTALL DEADLOCK: gated genuine-legal H0, NO legal single-edge deletion ====
  dag mask        : 18018
  latent set      : [3]  (latent nodes: [X4])
  spurious edges  : [X1 o-o X6, X2 o-o X6]  (k=2)
  outcome of deleting each spurious edge from H0:
    X1 o-o X6 : illegal -- genuine/acyclic -- Acyclicity violated: There is a directed cyclic path from X2 to itself in a MAG implied by this graph
    X2 o-o X6 : illegal -- genuine/acyclic -- Acyclicity violated: There is a directed cyclic path from X1 to itself in a MAG implied by this graph
  true DAG (all variables, latents included):
Graph Nodes:
X1;X2;X3;(X4);X5;X6

Graph Edges:
1. X1 --> X3
2. X2 --> X3
3. X2 --> X4
4. X3 --> X4
5. X3 --> X5
6. X5 --> X6


  true PAG G* (over observed):
Graph Nodes:
X1;X2;X3;X5;X6

Graph Edges:
1. X1 o-> X3
2. X2 o-> X3
3. X3 --> X5
4. X5 --> X6


  H0 (G* + spurious, cold-reoriented):
Graph Nodes:
X1;X2;X3;X5;X6

Graph Edges:
1. X1 o-> X3
2. X1 --> X6
3. X2 o-> X3
4. X2 --> X6
5. X3 --> X5
6. X5 --> X6



==== NOSTALL DEADLOCK: gated genuine-legal H0, NO legal single-edge deletion ====
  dag mask        : 18022
  latent set      : [3]  (latent nodes: [X4])
  spurious edges  : [X1 o-o X6, X2 o-o X6]  (k=2)
  outcome of deleting each spurious edge from H0:
    X1 o-o X6 : illegal -- genuine/acyclic -- Acyclicity violated: There is a directed cyclic path from X2 to itself in a MAG implied by this graph
    X2 o-o X6 : illegal -- genuine/acyclic -- Acyclicity violated: There is a directed cyclic path from X1 to itself in a MAG implied by this graph
  true DAG (all variables, latents included):
Graph Nodes:
X1;X2;X3;(X4);X5;X6

Graph Edges:
1. X1 --> X3
2. X1 --> X4
3. X2 --> X3
4. X2 --> X4
5. X3 --> X4
6. X3 --> X5
7. X5 --> X6


  true PAG G* (over observed):
Graph Nodes:
X1;X2;X3;X5;X6

Graph Edges:
1. X1 o-> X3
2. X2 o-> X3
3. X3 --> X5
4. X5 --> X6


  H0 (G* + spurious, cold-reoriented):
Graph Nodes:
X1;X2;X3;X5;X6

Graph Edges:
1. X1 o-> X3
2. X1 --> X6
3. X2 o-> X3
4. X2 --> X6
5. X3 --> X5
6. X5 --> X6



==== NOSTALL DEADLOCK: gated genuine-legal H0, NO legal single-edge deletion ====
  dag mask        : 18033
  latent set      : [3]  (latent nodes: [X4])
  spurious edges  : [X2 o-o X6, X3 o-o X6]  (k=2)
  outcome of deleting each spurious edge from H0:
    X2 o-o X6 : illegal -- genuine/acyclic -- Acyclicity violated: There is a directed cyclic path from X1 to itself in a MAG implied by this graph
    X3 o-o X6 : illegal -- genuine/acyclic -- Acyclicity violated: There is a directed cyclic path from X2 to itself in a MAG implied by this graph
  true DAG (all variables, latents included):
Graph Nodes:
X1;X2;X3;(X4);X5;X6

Graph Edges:
1. X1 --> X2
2. X1 --> X6
3. X2 --> X3
4. X2 --> X4
5. X3 --> X4
6. X3 --> X5
7. X5 --> X6


  true PAG G* (over observed):
Graph Nodes:
X1;X2;X3;X5;X6

Graph Edges:
1. X1 o-o X2
2. X1 --> X6
3. X2 o-o X3
4. X3 o-o X5
5. X5 --> X6


  H0 (G* + spurious, cold-reoriented):
Graph Nodes:
X1;X2;X3;X5;X6

Graph Edges:
1. X1 --> X2
2. X1 o-> X6
3. X3 --> X2
4. X5 --> X3
5. X5 o-> X6
6. X6 --> X2
7. X6 --> X3



==== NOSTALL DEADLOCK: gated genuine-legal H0, NO legal single-edge deletion ====
  dag mask        : 18037
  latent set      : [3]  (latent nodes: [X4])
  spurious edges  : [X2 o-o X6, X3 o-o X6]  (k=2)
  outcome of deleting each spurious edge from H0:
    X2 o-o X6 : illegal -- genuine/acyclic -- Acyclicity violated: There is a directed cyclic path from X1 to itself in a MAG implied by this graph
    X3 o-o X6 : illegal -- genuine/acyclic -- Acyclicity violated: There is a directed cyclic path from X2 to itself in a MAG implied by this graph
  true DAG (all variables, latents included):
Graph Nodes:
X1;X2;X3;(X4);X5;X6

Graph Edges:
1. X1 --> X2
2. X1 --> X4
3. X1 --> X6
4. X2 --> X3
5. X2 --> X4
6. X3 --> X4
7. X3 --> X5
8. X5 --> X6


  true PAG G* (over observed):
Graph Nodes:
X1;X2;X3;X5;X6

Graph Edges:
1. X1 o-o X2
2. X1 --> X6
3. X2 o-o X3
4. X3 o-o X5
5. X5 --> X6


  H0 (G* + spurious, cold-reoriented):
Graph Nodes:
X1;X2;X3;X5;X6

Graph Edges:
1. X1 --> X2
2. X1 o-> X6
3. X3 --> X2
4. X5 --> X3
5. X5 o-> X6
6. X6 --> X2
7. X6 --> X3



==== NOSTALL DEADLOCK: gated genuine-legal H0, NO legal single-edge deletion ====
  dag mask        : 18068
  latent set      : [0]  (latent nodes: [X1])
  spurious edges  : [X2 o-o X4, X2 o-o X6]  (k=2)
  outcome of deleting each spurious edge from H0:
    X2 o-o X4 : illegal -- genuine/maximality -- Not maximal: Inducing path exists between non-adjacent X2 and X3 in a MAG implied by this graph
    X2 o-o X6 : illegal -- genuine/maximality -- Not maximal: Inducing path exists between non-adjacent X3 and X6 in a MAG implied by this graph
  true DAG (all variables, latents included):
Graph Nodes:
(X1);X2;X3;X4;X5;X6

Graph Edges:
1. X1 --> X4
2. X1 --> X6
3. X2 --> X5
4. X3 --> X4
5. X3 --> X5
6. X5 --> X6


  true PAG G* (over observed):
Graph Nodes:
X2;X3;X4;X5;X6

Graph Edges:
1. X2 o-> X5
2. X3 o-> X4
3. X3 o-> X5
4. X5 --> X6
5. X6 <-> X4


  H0 (G* + spurious, cold-reoriented):
Graph Nodes:
X2;X3;X4;X5;X6

Graph Edges:
1. X2 <-> X6
2. X3 o-> X4
3. X3 o-> X5
4. X4 --> X2
5. X4 <-> X6
6. X5 <-> X2
7. X5 --> X6



==== NOSTALL DEADLOCK: gated genuine-legal H0, NO legal single-edge deletion ====
  dag mask        : 18100
  latent set      : [0]  (latent nodes: [X1])
  spurious edges  : [X2 o-o X4, X2 o-o X6]  (k=2)
  outcome of deleting each spurious edge from H0:
    X2 o-o X4 : illegal -- genuine/maximality -- Not maximal: Inducing path exists between non-adjacent X4 and X5 in a MAG implied by this graph
    X2 o-o X6 : illegal -- genuine/maximality -- Not maximal: Inducing path exists between non-adjacent X3 and X6 in a MAG implied by this graph
  true DAG (all variables, latents included):
Graph Nodes:
(X1);X2;X3;X4;X5;X6

Graph Edges:
1. X1 --> X4
2. X1 --> X6
3. X2 --> X3
4. X2 --> X5
5. X3 --> X4
6. X3 --> X5
7. X5 --> X6


  true PAG G* (over observed):
Graph Nodes:
X2;X3;X4;X5;X6

Graph Edges:
1. X2 o-o X3
2. X2 o-o X5
3. X3 o-> X4
4. X3 o-o X5
5. X5 o-> X6
6. X6 <-> X4


  H0 (G* + spurious, cold-reoriented):
Graph Nodes:
X2;X3;X4;X5;X6

Graph Edges:
1. X2 o-o X3
2. X2 o-> X4
3. X2 o-o X5
4. X2 o-> X6
5. X3 o-> X4
6. X3 o-o X5
7. X4 <-> X6
8. X5 o-> X6



==== NOSTALL DEADLOCK: gated genuine-legal H0, NO legal single-edge deletion ====
  dag mask        : 18179
  latent set      : [3]  (latent nodes: [X4])
  spurious edges  : [X1 o-o X6, X3 o-o X6]  (k=2)
  outcome of deleting each spurious edge from H0:
    X1 o-o X6 : illegal -- genuine/acyclic -- Acyclicity violated: There is a directed cyclic path from X1 to itself in a MAG implied by this graph
    X3 o-o X6 : illegal -- genuine/acyclic -- Acyclicity violated: There is a directed cyclic path from X1 to itself in a MAG implied by this graph
  true DAG (all variables, latents included):
Graph Nodes:
X1;X2;X3;(X4);X5;X6

Graph Edges:
1. X1 --> X2
2. X1 --> X3
3. X2 --> X6
4. X3 --> X4
5. X3 --> X5
6. X5 --> X6


  true PAG G* (over observed):
Graph Nodes:
X1;X2;X3;X5;X6

Graph Edges:
1. X1 o-o X2
2. X1 o-o X3
3. X2 --> X6
4. X3 o-o X5
5. X5 --> X6


  H0 (G* + spurious, cold-reoriented):
Graph Nodes:
X1;X2;X3;X5;X6

Graph Edges:
1. X2 --> X1
2. X2 o-> X6
3. X3 --> X1
4. X5 --> X3
5. X5 o-> X6
6. X6 --> X1
7. X6 --> X3



==== NOSTALL DEADLOCK: gated genuine-legal H0, NO legal single-edge deletion ====
  dag mask        : 18183
  latent set      : [3]  (latent nodes: [X4])
  spurious edges  : [X1 o-o X6, X3 o-o X6]  (k=2)
  outcome of deleting each spurious edge from H0:
    X1 o-o X6 : illegal -- genuine/acyclic -- Acyclicity violated: There is a directed cyclic path from X1 to itself in a MAG implied by this graph
    X3 o-o X6 : illegal -- genuine/acyclic -- Acyclicity violated: There is a directed cyclic path from X1 to itself in a MAG implied by this graph
  true DAG (all variables, latents included):
Graph Nodes:
X1;X2;X3;(X4);X5;X6

Graph Edges:
1. X1 --> X2
2. X1 --> X3
3. X1 --> X4
4. X2 --> X6
5. X3 --> X4
6. X3 --> X5
7. X5 --> X6


  true PAG G* (over observed):
Graph Nodes:
X1;X2;X3;X5;X6

Graph Edges:
1. X1 o-o X2
2. X1 o-o X3
3. X2 --> X6
4. X3 o-o X5
5. X5 --> X6


  H0 (G* + spurious, cold-reoriented):
Graph Nodes:
X1;X2;X3;X5;X6

Graph Edges:
1. X2 --> X1
2. X2 o-> X6
3. X3 --> X1
4. X5 --> X3
5. X5 o-> X6
6. X6 --> X1
7. X6 --> X3



==== NOSTALL DEADLOCK: gated genuine-legal H0, NO legal single-edge deletion ====
  dag mask        : 18243
  latent set      : [3]  (latent nodes: [X4])
  spurious edges  : [X1 o-o X6, X3 o-o X6]  (k=2)
  outcome of deleting each spurious edge from H0:
    X1 o-o X6 : illegal -- genuine/acyclic -- Acyclicity violated: There is a directed cyclic path from X1 to itself in a MAG implied by this graph
    X3 o-o X6 : illegal -- genuine/acyclic -- Acyclicity violated: There is a directed cyclic path from X1 to itself in a MAG implied by this graph
  true DAG (all variables, latents included):
Graph Nodes:
X1;X2;X3;(X4);X5;X6

Graph Edges:
1. X1 --> X2
2. X1 --> X3
3. X2 --> X4
4. X2 --> X6
5. X3 --> X4
6. X3 --> X5
7. X5 --> X6


  true PAG G* (over observed):
Graph Nodes:
X1;X2;X3;X5;X6

Graph Edges:
1. X1 o-o X2
2. X1 o-o X3
3. X2 --> X6
4. X3 o-o X5
5. X5 --> X6


  H0 (G* + spurious, cold-reoriented):
Graph Nodes:
X1;X2;X3;X5;X6

Graph Edges:
1. X2 --> X1
2. X2 o-> X6
3. X3 --> X1
4. X5 --> X3
5. X5 o-> X6
6. X6 --> X1
7. X6 --> X3



==== NOSTALL DEADLOCK: gated genuine-legal H0, NO legal single-edge deletion ====
  dag mask        : 18247
  latent set      : [3]  (latent nodes: [X4])
  spurious edges  : [X1 o-o X6, X3 o-o X6]  (k=2)
  outcome of deleting each spurious edge from H0:
    X1 o-o X6 : illegal -- genuine/acyclic -- Acyclicity violated: There is a directed cyclic path from X1 to itself in a MAG implied by this graph
    X3 o-o X6 : illegal -- genuine/acyclic -- Acyclicity violated: There is a directed cyclic path from X1 to itself in a MAG implied by this graph
  true DAG (all variables, latents included):
Graph Nodes:
X1;X2;X3;(X4);X5;X6

Graph Edges:
1. X1 --> X2
2. X1 --> X3
3. X1 --> X4
4. X2 --> X4
5. X2 --> X6
6. X3 --> X4
7. X3 --> X5
8. X5 --> X6


  true PAG G* (over observed):
Graph Nodes:
X1;X2;X3;X5;X6

Graph Edges:
1. X1 o-o X2
2. X1 o-o X3
3. X2 --> X6
4. X3 o-o X5
5. X5 --> X6


  H0 (G* + spurious, cold-reoriented):
Graph Nodes:
X1;X2;X3;X5;X6

Graph Edges:
1. X2 --> X1
2. X2 o-> X6
3. X3 --> X1
4. X5 --> X3
5. X5 o-> X6
6. X6 --> X1
7. X6 --> X3



==== NOSTALL DEADLOCK: gated genuine-legal H0, NO legal single-edge deletion ====
  dag mask        : 18248
  latent set      : [1]  (latent nodes: [X2])
  spurious edges  : [X1 o-o X4, X1 o-o X6]  (k=2)
  outcome of deleting each spurious edge from H0:
    X1 o-o X4 : illegal -- genuine/maximality -- Not maximal: Inducing path exists between non-adjacent X1 and X3 in a MAG implied by this graph
    X1 o-o X6 : illegal -- genuine/maximality -- Not maximal: Inducing path exists between non-adjacent X3 and X6 in a MAG implied by this graph
  true DAG (all variables, latents included):
Graph Nodes:
X1;(X2);X3;X4;X5;X6

Graph Edges:
1. X1 --> X5
2. X2 --> X4
3. X2 --> X6
4. X3 --> X4
5. X3 --> X5
6. X5 --> X6


  true PAG G* (over observed):
Graph Nodes:
X1;X3;X4;X5;X6

Graph Edges:
1. X1 o-> X5
2. X3 o-> X4
3. X3 o-> X5
4. X5 --> X6
5. X6 <-> X4


  H0 (G* + spurious, cold-reoriented):
Graph Nodes:
X1;X3;X4;X5;X6

Graph Edges:
1. X1 <-> X6
2. X3 o-> X4
3. X3 o-> X5
4. X4 --> X1
5. X4 <-> X6
6. X5 <-> X1
7. X5 --> X6



==== NOSTALL DEADLOCK: gated genuine-legal H0, NO legal single-edge deletion ====
  dag mask        : 18250
  latent set      : [1]  (latent nodes: [X2])
  spurious edges  : [X1 o-o X4, X1 o-o X6]  (k=2)
  outcome of deleting each spurious edge from H0:
    X1 o-o X4 : illegal -- genuine/maximality -- Not maximal: Inducing path exists between non-adjacent X4 and X5 in a MAG implied by this graph
    X1 o-o X6 : illegal -- genuine/maximality -- Not maximal: Inducing path exists between non-adjacent X3 and X6 in a MAG implied by this graph
  true DAG (all variables, latents included):
Graph Nodes:
X1;(X2);X3;X4;X5;X6

Graph Edges:
1. X1 --> X3
2. X1 --> X5
3. X2 --> X4
4. X2 --> X6
5. X3 --> X4
6. X3 --> X5
7. X5 --> X6


  true PAG G* (over observed):
Graph Nodes:
X1;X3;X4;X5;X6

Graph Edges:
1. X1 o-o X3
2. X1 o-o X5
3. X3 o-> X4
4. X3 o-o X5
5. X5 o-> X6
6. X6 <-> X4


  H0 (G* + spurious, cold-reoriented):
Graph Nodes:
X1;X3;X4;X5;X6

Graph Edges:
1. X1 o-o X3
2. X1 o-> X4
3. X1 o-o X5
4. X1 o-> X6
5. X3 o-> X4
6. X3 o-o X5
7. X4 <-> X6
8. X5 o-> X6



==== NOSTALL DEADLOCK: gated genuine-legal H0, NO legal single-edge deletion ====
  dag mask        : 18473
  latent set      : [3]  (latent nodes: [X4])
  spurious edges  : [X1 o-o X6, X2 o-o X6]  (k=2)
  outcome of deleting each spurious edge from H0:
    X1 o-o X6 : illegal -- genuine/acyclic -- Acyclicity violated: There is a directed cyclic path from X1 to itself in a MAG implied by this graph
    X2 o-o X6 : illegal -- genuine/acyclic -- Acyclicity violated: There is a directed cyclic path from X1 to itself in a MAG implied by this graph
  true DAG (all variables, latents included):
Graph Nodes:
X1;X2;X3;(X4);X5;X6

Graph Edges:
1. X1 --> X2
2. X1 --> X5
3. X2 --> X3
4. X3 --> X6
5. X5 --> X6


  true PAG G* (over observed):
Graph Nodes:
X1;X2;X3;X5;X6

Graph Edges:
1. X1 o-o X2
2. X1 o-o X5
3. X2 o-o X3
4. X3 --> X6
5. X5 --> X6


  H0 (G* + spurious, cold-reoriented):
Graph Nodes:
X1;X2;X3;X5;X6

Graph Edges:
1. X1 --> X2
2. X3 --> X2
3. X3 o-> X6
4. X5 --> X1
5. X5 o-> X6
6. X6 --> X1
7. X6 --> X2



==== NOSTALL DEADLOCK: gated genuine-legal H0, NO legal single-edge deletion ====
  dag mask        : 18477
  latent set      : [3]  (latent nodes: [X4])
  spurious edges  : [X1 o-o X6, X2 o-o X6]  (k=2)
  outcome of deleting each spurious edge from H0:
    X1 o-o X6 : illegal -- genuine/acyclic -- Acyclicity violated: There is a directed cyclic path from X1 to itself in a MAG implied by this graph
    X2 o-o X6 : illegal -- genuine/acyclic -- Acyclicity violated: There is a directed cyclic path from X1 to itself in a MAG implied by this graph
  true DAG (all variables, latents included):
Graph Nodes:
X1;X2;X3;(X4);X5;X6

Graph Edges:
1. X1 --> X2
2. X1 --> X4
3. X1 --> X5
4. X2 --> X3
5. X3 --> X6
6. X5 --> X6


  true PAG G* (over observed):
Graph Nodes:
X1;X2;X3;X5;X6

Graph Edges:
1. X1 o-o X2
2. X1 o-o X5
3. X2 o-o X3
4. X3 --> X6
5. X5 --> X6


  H0 (G* + spurious, cold-reoriented):
Graph Nodes:
X1;X2;X3;X5;X6

Graph Edges:
1. X1 --> X2
2. X3 --> X2
3. X3 o-> X6
4. X5 --> X1
5. X5 o-> X6
6. X6 --> X1
7. X6 --> X2



==== NOSTALL DEADLOCK: gated genuine-legal H0, NO legal single-edge deletion ====
  dag mask        : 18537
  latent set      : [3]  (latent nodes: [X4])
  spurious edges  : [X1 o-o X6, X2 o-o X6]  (k=2)
  outcome of deleting each spurious edge from H0:
    X1 o-o X6 : illegal -- genuine/acyclic -- Acyclicity violated: There is a directed cyclic path from X1 to itself in a MAG implied by this graph
    X2 o-o X6 : illegal -- genuine/acyclic -- Acyclicity violated: There is a directed cyclic path from X1 to itself in a MAG implied by this graph
  true DAG (all variables, latents included):
Graph Nodes:
X1;X2;X3;(X4);X5;X6

Graph Edges:
1. X1 --> X2
2. X1 --> X5
3. X2 --> X3
4. X2 --> X4
5. X3 --> X6
6. X5 --> X6


  true PAG G* (over observed):
Graph Nodes:
X1;X2;X3;X5;X6

Graph Edges:
1. X1 o-o X2
2. X1 o-o X5
3. X2 o-o X3
4. X3 --> X6
5. X5 --> X6


  H0 (G* + spurious, cold-reoriented):
Graph Nodes:
X1;X2;X3;X5;X6

Graph Edges:
1. X1 --> X2
2. X3 --> X2
3. X3 o-> X6
4. X5 --> X1
5. X5 o-> X6
6. X6 --> X1
7. X6 --> X2



==== NOSTALL DEADLOCK: gated genuine-legal H0, NO legal single-edge deletion ====
  dag mask        : 18541
  latent set      : [3]  (latent nodes: [X4])
  spurious edges  : [X1 o-o X6, X2 o-o X6]  (k=2)
  outcome of deleting each spurious edge from H0:
    X1 o-o X6 : illegal -- genuine/acyclic -- Acyclicity violated: There is a directed cyclic path from X1 to itself in a MAG implied by this graph
    X2 o-o X6 : illegal -- genuine/acyclic -- Acyclicity violated: There is a directed cyclic path from X1 to itself in a MAG implied by this graph
  true DAG (all variables, latents included):
Graph Nodes:
X1;X2;X3;(X4);X5;X6

Graph Edges:
1. X1 --> X2
2. X1 --> X4
3. X1 --> X5
4. X2 --> X3
5. X2 --> X4
6. X3 --> X6
7. X5 --> X6


  true PAG G* (over observed):
Graph Nodes:
X1;X2;X3;X5;X6

Graph Edges:
1. X1 o-o X2
2. X1 o-o X5
3. X2 o-o X3
4. X3 --> X6
5. X5 --> X6


  H0 (G* + spurious, cold-reoriented):
Graph Nodes:
X1;X2;X3;X5;X6

Graph Edges:
1. X1 --> X2
2. X3 --> X2
3. X3 o-> X6
4. X5 --> X1
5. X5 o-> X6
6. X6 --> X1
7. X6 --> X2



==== NOSTALL DEADLOCK: gated genuine-legal H0, NO legal single-edge deletion ====
  dag mask        : 18563
  latent set      : [3]  (latent nodes: [X4])
  spurious edges  : [X1 o-o X6, X2 o-o X6]  (k=2)
  outcome of deleting each spurious edge from H0:
    X1 o-o X6 : illegal -- genuine/acyclic -- Acyclicity violated: There is a directed cyclic path from X1 to itself in a MAG implied by this graph
    X2 o-o X6 : illegal -- genuine/acyclic -- Acyclicity violated: There is a directed cyclic path from X1 to itself in a MAG implied by this graph
  true DAG (all variables, latents included):
Graph Nodes:
X1;X2;X3;(X4);X5;X6

Graph Edges:
1. X1 --> X2
2. X1 --> X3
3. X2 --> X5
4. X3 --> X6
5. X5 --> X6


  true PAG G* (over observed):
Graph Nodes:
X1;X2;X3;X5;X6

Graph Edges:
1. X1 o-o X2
2. X1 o-o X3
3. X2 o-o X5
4. X3 --> X6
5. X5 --> X6


  H0 (G* + spurious, cold-reoriented):
Graph Nodes:
X1;X2;X3;X5;X6

Graph Edges:
1. X2 --> X1
2. X3 --> X1
3. X3 o-> X6
4. X5 --> X2
5. X5 o-> X6
6. X6 --> X1
7. X6 --> X2



==== NOSTALL DEADLOCK: gated genuine-legal H0, NO legal single-edge deletion ====
  dag mask        : 18567
  latent set      : [3]  (latent nodes: [X4])
  spurious edges  : [X1 o-o X6, X2 o-o X6]  (k=2)
  outcome of deleting each spurious edge from H0:
    X1 o-o X6 : illegal -- genuine/acyclic -- Acyclicity violated: There is a directed cyclic path from X1 to itself in a MAG implied by this graph
    X2 o-o X6 : illegal -- genuine/acyclic -- Acyclicity violated: There is a directed cyclic path from X1 to itself in a MAG implied by this graph
  true DAG (all variables, latents included):
Graph Nodes:
X1;X2;X3;(X4);X5;X6

Graph Edges:
1. X1 --> X2
2. X1 --> X3
3. X1 --> X4
4. X2 --> X5
5. X3 --> X6
6. X5 --> X6


  true PAG G* (over observed):
Graph Nodes:
X1;X2;X3;X5;X6

Graph Edges:
1. X1 o-o X2
2. X1 o-o X3
3. X2 o-o X5
4. X3 --> X6
5. X5 --> X6


  H0 (G* + spurious, cold-reoriented):
Graph Nodes:
X1;X2;X3;X5;X6

Graph Edges:
1. X2 --> X1
2. X3 --> X1
3. X3 o-> X6
4. X5 --> X2
5. X5 o-> X6
6. X6 --> X1
7. X6 --> X2



==== NOSTALL DEADLOCK: gated genuine-legal H0, NO legal single-edge deletion ====
  dag mask        : 18627
  latent set      : [3]  (latent nodes: [X4])
  spurious edges  : [X1 o-o X6, X2 o-o X6]  (k=2)
  outcome of deleting each spurious edge from H0:
    X1 o-o X6 : illegal -- genuine/acyclic -- Acyclicity violated: There is a directed cyclic path from X1 to itself in a MAG implied by this graph
    X2 o-o X6 : illegal -- genuine/acyclic -- Acyclicity violated: There is a directed cyclic path from X1 to itself in a MAG implied by this graph
  true DAG (all variables, latents included):
Graph Nodes:
X1;X2;X3;(X4);X5;X6

Graph Edges:
1. X1 --> X2
2. X1 --> X3
3. X2 --> X4
4. X2 --> X5
5. X3 --> X6
6. X5 --> X6


  true PAG G* (over observed):
Graph Nodes:
X1;X2;X3;X5;X6

Graph Edges:
1. X1 o-o X2
2. X1 o-o X3
3. X2 o-o X5
4. X3 --> X6
5. X5 --> X6


  H0 (G* + spurious, cold-reoriented):
Graph Nodes:
X1;X2;X3;X5;X6

Graph Edges:
1. X2 --> X1
2. X3 --> X1
3. X3 o-> X6
4. X5 --> X2
5. X5 o-> X6
6. X6 --> X1
7. X6 --> X2



==== NOSTALL DEADLOCK: gated genuine-legal H0, NO legal single-edge deletion ====
  dag mask        : 18631
  latent set      : [3]  (latent nodes: [X4])
  spurious edges  : [X1 o-o X6, X2 o-o X6]  (k=2)
  outcome of deleting each spurious edge from H0:
    X1 o-o X6 : illegal -- genuine/acyclic -- Acyclicity violated: There is a directed cyclic path from X1 to itself in a MAG implied by this graph
    X2 o-o X6 : illegal -- genuine/acyclic -- Acyclicity violated: There is a directed cyclic path from X1 to itself in a MAG implied by this graph
  true DAG (all variables, latents included):
Graph Nodes:
X1;X2;X3;(X4);X5;X6

Graph Edges:
1. X1 --> X2
2. X1 --> X3
3. X1 --> X4
4. X2 --> X4
5. X2 --> X5
6. X3 --> X6
7. X5 --> X6


  true PAG G* (over observed):
Graph Nodes:
X1;X2;X3;X5;X6

Graph Edges:
1. X1 o-o X2
2. X1 o-o X3
3. X2 o-o X5
4. X3 --> X6
5. X5 --> X6


  H0 (G* + spurious, cold-reoriented):
Graph Nodes:
X1;X2;X3;X5;X6

Graph Edges:
1. X2 --> X1
2. X3 --> X1
3. X3 o-> X6
4. X5 --> X2
5. X5 o-> X6
6. X6 --> X1
7. X6 --> X2



==== NOSTALL DEADLOCK: gated genuine-legal H0, NO legal single-edge deletion ====
  dag mask        : 18985
  latent set      : [3]  (latent nodes: [X4])
  spurious edges  : [X1 o-o X6, X2 o-o X6]  (k=2)
  outcome of deleting each spurious edge from H0:
    X1 o-o X6 : illegal -- genuine/acyclic -- Acyclicity violated: There is a directed cyclic path from X1 to itself in a MAG implied by this graph
    X2 o-o X6 : illegal -- genuine/acyclic -- Acyclicity violated: There is a directed cyclic path from X1 to itself in a MAG implied by this graph
  true DAG (all variables, latents included):
Graph Nodes:
X1;X2;X3;(X4);X5;X6

Graph Edges:
1. X1 --> X2
2. X1 --> X5
3. X2 --> X3
4. X3 --> X4
5. X3 --> X6
6. X5 --> X6


  true PAG G* (over observed):
Graph Nodes:
X1;X2;X3;X5;X6

Graph Edges:
1. X1 o-o X2
2. X1 o-o X5
3. X2 o-o X3
4. X3 --> X6
5. X5 --> X6


  H0 (G* + spurious, cold-reoriented):
Graph Nodes:
X1;X2;X3;X5;X6

Graph Edges:
1. X1 --> X2
2. X3 --> X2
3. X3 o-> X6
4. X5 --> X1
5. X5 o-> X6
6. X6 --> X1
7. X6 --> X2



==== NOSTALL DEADLOCK: gated genuine-legal H0, NO legal single-edge deletion ====
  dag mask        : 18989
  latent set      : [3]  (latent nodes: [X4])
  spurious edges  : [X1 o-o X6, X2 o-o X6]  (k=2)
  outcome of deleting each spurious edge from H0:
    X1 o-o X6 : illegal -- genuine/acyclic -- Acyclicity violated: There is a directed cyclic path from X1 to itself in a MAG implied by this graph
    X2 o-o X6 : illegal -- genuine/acyclic -- Acyclicity violated: There is a directed cyclic path from X1 to itself in a MAG implied by this graph
  true DAG (all variables, latents included):
Graph Nodes:
X1;X2;X3;(X4);X5;X6

Graph Edges:
1. X1 --> X2
2. X1 --> X4
3. X1 --> X5
4. X2 --> X3
5. X3 --> X4
6. X3 --> X6
7. X5 --> X6


  true PAG G* (over observed):
Graph Nodes:
X1;X2;X3;X5;X6

Graph Edges:
1. X1 o-o X2
2. X1 o-o X5
3. X2 o-o X3
4. X3 --> X6
5. X5 --> X6


  H0 (G* + spurious, cold-reoriented):
Graph Nodes:
X1;X2;X3;X5;X6

Graph Edges:
1. X1 --> X2
2. X3 --> X2
3. X3 o-> X6
4. X5 --> X1
5. X5 o-> X6
6. X6 --> X1
7. X6 --> X2



==== NOSTALL DEADLOCK: gated genuine-legal H0, NO legal single-edge deletion ====
  dag mask        : 19017
  latent set      : [2]  (latent nodes: [X3])
  spurious edges  : [X1 o-o X4, X1 o-o X6]  (k=2)
  outcome of deleting each spurious edge from H0:
    X1 o-o X4 : illegal -- genuine/maximality -- Not maximal: Inducing path exists between non-adjacent X4 and X5 in a MAG implied by this graph
    X1 o-o X6 : illegal -- genuine/maximality -- Not maximal: Inducing path exists between non-adjacent X2 and X6 in a MAG implied by this graph
  true DAG (all variables, latents included):
Graph Nodes:
X1;X2;(X3);X4;X5;X6

Graph Edges:
1. X1 --> X2
2. X1 --> X5
3. X2 --> X4
4. X3 --> X4
5. X3 --> X6
6. X5 --> X6


  true PAG G* (over observed):
Graph Nodes:
X1;X2;X4;X5;X6

Graph Edges:
1. X1 o-o X2
2. X1 o-o X5
3. X2 o-> X4
4. X5 o-> X6
5. X6 <-> X4


  H0 (G* + spurious, cold-reoriented):
Graph Nodes:
X1;X2;X4;X5;X6

Graph Edges:
1. X1 o-o X2
2. X1 o-> X4
3. X1 o-o X5
4. X1 o-> X6
5. X2 o-> X4
6. X5 o-> X6
7. X6 <-> X4



==== NOSTALL DEADLOCK: gated genuine-legal H0, NO legal single-edge deletion ====
  dag mask        : 19017
  latent set      : [2]  (latent nodes: [X3])
  spurious edges  : [X1 o-o X4, X4 o-o X5]  (k=2)
  outcome of deleting each spurious edge from H0:
    X1 o-o X4 : illegal -- genuine/acyclic -- Acyclicity violated: There is a directed cyclic path from X1 to itself in a MAG implied by this graph
    X4 o-o X5 : illegal -- genuine/maximality -- Not maximal: Inducing path exists between non-adjacent X2 and X6 in a MAG implied by this graph
  true DAG (all variables, latents included):
Graph Nodes:
X1;X2;(X3);X4;X5;X6

Graph Edges:
1. X1 --> X2
2. X1 --> X5
3. X2 --> X4
4. X3 --> X4
5. X3 --> X6
6. X5 --> X6


  true PAG G* (over observed):
Graph Nodes:
X1;X2;X4;X5;X6

Graph Edges:
1. X1 o-o X2
2. X1 o-o X5
3. X2 o-> X4
4. X5 o-> X6
5. X6 <-> X4


  H0 (G* + spurious, cold-reoriented):
Graph Nodes:
X1;X2;X4;X5;X6

Graph Edges:
1. X2 --> X1
2. X2 o-> X4
3. X4 --> X1
4. X4 --> X5
5. X5 --> X1
6. X6 <-> X4
7. X6 <-> X5



==== NOSTALL DEADLOCK: gated genuine-legal H0, NO legal single-edge deletion ====
  dag mask        : 19017
  latent set      : [2]  (latent nodes: [X3])
  spurious edges  : [X1 o-o X6, X2 o-o X6]  (k=2)
  outcome of deleting each spurious edge from H0:
    X1 o-o X6 : illegal -- genuine/acyclic -- Acyclicity violated: There is a directed cyclic path from X1 to itself in a MAG implied by this graph
    X2 o-o X6 : illegal -- genuine/maximality -- Not maximal: Inducing path exists between non-adjacent X4 and X5 in a MAG implied by this graph
  true DAG (all variables, latents included):
Graph Nodes:
X1;X2;(X3);X4;X5;X6

Graph Edges:
1. X1 --> X2
2. X1 --> X5
3. X2 --> X4
4. X3 --> X4
5. X3 --> X6
6. X5 --> X6


  true PAG G* (over observed):
Graph Nodes:
X1;X2;X4;X5;X6

Graph Edges:
1. X1 o-o X2
2. X1 o-o X5
3. X2 o-> X4
4. X5 o-> X6
5. X6 <-> X4


  H0 (G* + spurious, cold-reoriented):
Graph Nodes:
X1;X2;X4;X5;X6

Graph Edges:
1. X2 --> X1
2. X4 <-> X2
3. X5 --> X1
4. X5 o-> X6
5. X6 --> X1
6. X6 --> X2
7. X6 <-> X4



==== NOSTALL DEADLOCK: gated genuine-legal H0, NO legal single-edge deletion ====
  dag mask        : 19049
  latent set      : [3]  (latent nodes: [X4])
  spurious edges  : [X1 o-o X6, X2 o-o X6]  (k=2)
  outcome of deleting each spurious edge from H0:
    X1 o-o X6 : illegal -- genuine/acyclic -- Acyclicity violated: There is a directed cyclic path from X1 to itself in a MAG implied by this graph
    X2 o-o X6 : illegal -- genuine/acyclic -- Acyclicity violated: There is a directed cyclic path from X1 to itself in a MAG implied by this graph
  true DAG (all variables, latents included):
Graph Nodes:
X1;X2;X3;(X4);X5;X6

Graph Edges:
1. X1 --> X2
2. X1 --> X5
3. X2 --> X3
4. X2 --> X4
5. X3 --> X4
6. X3 --> X6
7. X5 --> X6


  true PAG G* (over observed):
Graph Nodes:
X1;X2;X3;X5;X6

Graph Edges:
1. X1 o-o X2
2. X1 o-o X5
3. X2 o-o X3
4. X3 --> X6
5. X5 --> X6


  H0 (G* + spurious, cold-reoriented):
Graph Nodes:
X1;X2;X3;X5;X6

Graph Edges:
1. X1 --> X2
2. X3 --> X2
3. X3 o-> X6
4. X5 --> X1
5. X5 o-> X6
6. X6 --> X1
7. X6 --> X2



==== NOSTALL DEADLOCK: gated genuine-legal H0, NO legal single-edge deletion ====
  dag mask        : 19053
  latent set      : [3]  (latent nodes: [X4])
  spurious edges  : [X1 o-o X6, X2 o-o X6]  (k=2)
  outcome of deleting each spurious edge from H0:
    X1 o-o X6 : illegal -- genuine/acyclic -- Acyclicity violated: There is a directed cyclic path from X1 to itself in a MAG implied by this graph
    X2 o-o X6 : illegal -- genuine/acyclic -- Acyclicity violated: There is a directed cyclic path from X1 to itself in a MAG implied by this graph
  true DAG (all variables, latents included):
Graph Nodes:
X1;X2;X3;(X4);X5;X6

Graph Edges:
1. X1 --> X2
2. X1 --> X4
3. X1 --> X5
4. X2 --> X3
5. X2 --> X4
6. X3 --> X4
7. X3 --> X6
8. X5 --> X6


  true PAG G* (over observed):
Graph Nodes:
X1;X2;X3;X5;X6

Graph Edges:
1. X1 o-o X2
2. X1 o-o X5
3. X2 o-o X3
4. X3 --> X6
5. X5 --> X6


  H0 (G* + spurious, cold-reoriented):
Graph Nodes:
X1;X2;X3;X5;X6

Graph Edges:
1. X1 --> X2
2. X3 --> X2
3. X3 o-> X6
4. X5 --> X1
5. X5 o-> X6
6. X6 --> X1
7. X6 --> X2



==== NOSTALL DEADLOCK: gated genuine-legal H0, NO legal single-edge deletion ====
  dag mask        : 19075
  latent set      : [3]  (latent nodes: [X4])
  spurious edges  : [X1 o-o X6, X2 o-o X6]  (k=2)
  outcome of deleting each spurious edge from H0:
    X1 o-o X6 : illegal -- genuine/acyclic -- Acyclicity violated: There is a directed cyclic path from X1 to itself in a MAG implied by this graph
    X2 o-o X6 : illegal -- genuine/acyclic -- Acyclicity violated: There is a directed cyclic path from X1 to itself in a MAG implied by this graph
  true DAG (all variables, latents included):
Graph Nodes:
X1;X2;X3;(X4);X5;X6

Graph Edges:
1. X1 --> X2
2. X1 --> X3
3. X2 --> X5
4. X3 --> X4
5. X3 --> X6
6. X5 --> X6


  true PAG G* (over observed):
Graph Nodes:
X1;X2;X3;X5;X6

Graph Edges:
1. X1 o-o X2
2. X1 o-o X3
3. X2 o-o X5
4. X3 --> X6
5. X5 --> X6


  H0 (G* + spurious, cold-reoriented):
Graph Nodes:
X1;X2;X3;X5;X6

Graph Edges:
1. X2 --> X1
2. X3 --> X1
3. X3 o-> X6
4. X5 --> X2
5. X5 o-> X6
6. X6 --> X1
7. X6 --> X2



==== NOSTALL DEADLOCK: gated genuine-legal H0, NO legal single-edge deletion ====
  dag mask        : 19077
  latent set      : [2]  (latent nodes: [X3])
  spurious edges  : [X1 o-o X6, X2 o-o X6]  (k=2)
  outcome of deleting each spurious edge from H0:
    X1 o-o X6 : illegal -- genuine/maximality -- Not maximal: Inducing path exists between non-adjacent X4 and X5 in a MAG implied by this graph
    X2 o-o X6 : illegal -- genuine/acyclic -- Acyclicity violated: There is a directed cyclic path from X1 to itself in a MAG implied by this graph
  true DAG (all variables, latents included):
Graph Nodes:
X1;X2;(X3);X4;X5;X6

Graph Edges:
1. X1 --> X2
2. X1 --> X4
3. X2 --> X5
4. X3 --> X4
5. X3 --> X6
6. X5 --> X6


  true PAG G* (over observed):
Graph Nodes:
X1;X2;X4;X5;X6

Graph Edges:
1. X1 o-o X2
2. X1 o-> X4
3. X2 o-o X5
4. X4 <-> X6
5. X5 o-> X6


  H0 (G* + spurious, cold-reoriented):
Graph Nodes:
X1;X2;X4;X5;X6

Graph Edges:
1. X1 --> X2
2. X4 <-> X1
3. X5 --> X2
4. X5 o-> X6
5. X6 --> X1
6. X6 --> X2
7. X6 <-> X4



==== NOSTALL DEADLOCK: gated genuine-legal H0, NO legal single-edge deletion ====
  dag mask        : 19077
  latent set      : [2]  (latent nodes: [X3])
  spurious edges  : [X2 o-o X4, X2 o-o X6]  (k=2)
  outcome of deleting each spurious edge from H0:
    X2 o-o X4 : illegal -- genuine/maximality -- Not maximal: Inducing path exists between non-adjacent X4 and X5 in a MAG implied by this graph
    X2 o-o X6 : illegal -- genuine/maximality -- Not maximal: Inducing path exists between non-adjacent X1 and X6 in a MAG implied by this graph
  true DAG (all variables, latents included):
Graph Nodes:
X1;X2;(X3);X4;X5;X6

Graph Edges:
1. X1 --> X2
2. X1 --> X4
3. X2 --> X5
4. X3 --> X4
5. X3 --> X6
6. X5 --> X6


  true PAG G* (over observed):
Graph Nodes:
X1;X2;X4;X5;X6

Graph Edges:
1. X1 o-o X2
2. X1 o-> X4
3. X2 o-o X5
4. X4 <-> X6
5. X5 o-> X6


  H0 (G* + spurious, cold-reoriented):
Graph Nodes:
X1;X2;X4;X5;X6

Graph Edges:
1. X1 o-o X2
2. X1 o-> X4
3. X2 o-> X4
4. X2 o-o X5
5. X2 o-> X6
6. X5 o-> X6
7. X6 <-> X4



==== NOSTALL DEADLOCK: gated genuine-legal H0, NO legal single-edge deletion ====
  dag mask        : 19077
  latent set      : [2]  (latent nodes: [X3])
  spurious edges  : [X2 o-o X4, X4 o-o X5]  (k=2)
  outcome of deleting each spurious edge from H0:
    X2 o-o X4 : illegal -- genuine/acyclic -- Acyclicity violated: There is a directed cyclic path from X1 to itself in a MAG implied by this graph
    X4 o-o X5 : illegal -- genuine/maximality -- Not maximal: Inducing path exists between non-adjacent X1 and X6 in a MAG implied by this graph
  true DAG (all variables, latents included):
Graph Nodes:
X1;X2;(X3);X4;X5;X6

Graph Edges:
1. X1 --> X2
2. X1 --> X4
3. X2 --> X5
4. X3 --> X4
5. X3 --> X6
6. X5 --> X6


  true PAG G* (over observed):
Graph Nodes:
X1;X2;X4;X5;X6

Graph Edges:
1. X1 o-o X2
2. X1 o-> X4
3. X2 o-o X5
4. X4 <-> X6
5. X5 o-> X6


  H0 (G* + spurious, cold-reoriented):
Graph Nodes:
X1;X2;X4;X5;X6

Graph Edges:
1. X1 --> X2
2. X1 o-> X4
3. X4 --> X2
4. X4 --> X5
5. X5 --> X2
6. X6 <-> X4
7. X6 <-> X5



==== NOSTALL DEADLOCK: gated genuine-legal H0, NO legal single-edge deletion ====
  dag mask        : 19079
  latent set      : [3]  (latent nodes: [X4])
  spurious edges  : [X1 o-o X6, X2 o-o X6]  (k=2)
  outcome of deleting each spurious edge from H0:
    X1 o-o X6 : illegal -- genuine/acyclic -- Acyclicity violated: There is a directed cyclic path from X1 to itself in a MAG implied by this graph
    X2 o-o X6 : illegal -- genuine/acyclic -- Acyclicity violated: There is a directed cyclic path from X1 to itself in a MAG implied by this graph
  true DAG (all variables, latents included):
Graph Nodes:
X1;X2;X3;(X4);X5;X6

Graph Edges:
1. X1 --> X2
2. X1 --> X3
3. X1 --> X4
4. X2 --> X5
5. X3 --> X4
6. X3 --> X6
7. X5 --> X6


  true PAG G* (over observed):
Graph Nodes:
X1;X2;X3;X5;X6

Graph Edges:
1. X1 o-o X2
2. X1 o-o X3
3. X2 o-o X5
4. X3 --> X6
5. X5 --> X6


  H0 (G* + spurious, cold-reoriented):
Graph Nodes:
X1;X2;X3;X5;X6

Graph Edges:
1. X2 --> X1
2. X3 --> X1
3. X3 o-> X6
4. X5 --> X2
5. X5 o-> X6
6. X6 --> X1
7. X6 --> X2



==== NOSTALL DEADLOCK: gated genuine-legal H0, NO legal single-edge deletion ====
  dag mask        : 19085
  latent set      : [2]  (latent nodes: [X3])
  spurious edges  : [X2 o-o X4, X2 o-o X6]  (k=2)
  outcome of deleting each spurious edge from H0:
    X2 o-o X4 : illegal -- genuine/maximality -- Not maximal: Inducing path exists between non-adjacent X4 and X5 in a MAG implied by this graph
    X2 o-o X6 : illegal -- genuine/maximality -- Not maximal: Inducing path exists between non-adjacent X1 and X6 in a MAG implied by this graph
  true DAG (all variables, latents included):
Graph Nodes:
X1;X2;(X3);X4;X5;X6

Graph Edges:
1. X1 --> X2
2. X1 --> X4
3. X1 --> X5
4. X2 --> X5
5. X3 --> X4
6. X3 --> X6
7. X5 --> X6


  true PAG G* (over observed):
Graph Nodes:
X1;X2;X4;X5;X6

Graph Edges:
1. X1 o-o X2
2. X1 o-> X4
3. X1 o-o X5
4. X2 o-o X5
5. X4 <-> X6
6. X5 o-> X6


  H0 (G* + spurious, cold-reoriented):
Graph Nodes:
X1;X2;X4;X5;X6

Graph Edges:
1. X1 o-o X2
2. X1 o-> X4
3. X1 o-o X5
4. X2 o-> X4
5. X2 o-o X5
6. X2 o-> X6
7. X5 o-> X6
8. X6 <-> X4



==== NOSTALL DEADLOCK: gated genuine-legal H0, NO legal single-edge deletion ====
  dag mask        : 19139
  latent set      : [3]  (latent nodes: [X4])
  spurious edges  : [X1 o-o X6, X2 o-o X6]  (k=2)
  outcome of deleting each spurious edge from H0:
    X1 o-o X6 : illegal -- genuine/acyclic -- Acyclicity violated: There is a directed cyclic path from X1 to itself in a MAG implied by this graph
    X2 o-o X6 : illegal -- genuine/acyclic -- Acyclicity violated: There is a directed cyclic path from X1 to itself in a MAG implied by this graph
  true DAG (all variables, latents included):
Graph Nodes:
X1;X2;X3;(X4);X5;X6

Graph Edges:
1. X1 --> X2
2. X1 --> X3
3. X2 --> X4
4. X2 --> X5
5. X3 --> X4
6. X3 --> X6
7. X5 --> X6


  true PAG G* (over observed):
Graph Nodes:
X1;X2;X3;X5;X6

Graph Edges:
1. X1 o-o X2
2. X1 o-o X3
3. X2 o-o X5
4. X3 --> X6
5. X5 --> X6


  H0 (G* + spurious, cold-reoriented):
Graph Nodes:
X1;X2;X3;X5;X6

Graph Edges:
1. X2 --> X1
2. X3 --> X1
3. X3 o-> X6
4. X5 --> X2
5. X5 o-> X6
6. X6 --> X1
7. X6 --> X2



==== NOSTALL DEADLOCK: gated genuine-legal H0, NO legal single-edge deletion ====
  dag mask        : 19143
  latent set      : [3]  (latent nodes: [X4])
  spurious edges  : [X1 o-o X6, X2 o-o X6]  (k=2)
  outcome of deleting each spurious edge from H0:
    X1 o-o X6 : illegal -- genuine/acyclic -- Acyclicity violated: There is a directed cyclic path from X1 to itself in a MAG implied by this graph
    X2 o-o X6 : illegal -- genuine/acyclic -- Acyclicity violated: There is a directed cyclic path from X1 to itself in a MAG implied by this graph
  true DAG (all variables, latents included):
Graph Nodes:
X1;X2;X3;(X4);X5;X6

Graph Edges:
1. X1 --> X2
2. X1 --> X3
3. X1 --> X4
4. X2 --> X4
5. X2 --> X5
6. X3 --> X4
7. X3 --> X6
8. X5 --> X6


  true PAG G* (over observed):
Graph Nodes:
X1;X2;X3;X5;X6

Graph Edges:
1. X1 o-o X2
2. X1 o-o X3
3. X2 o-o X5
4. X3 --> X6
5. X5 --> X6


  H0 (G* + spurious, cold-reoriented):
Graph Nodes:
X1;X2;X3;X5;X6

Graph Edges:
1. X2 --> X1
2. X3 --> X1
3. X3 o-> X6
4. X5 --> X2
5. X5 o-> X6
6. X6 --> X1
7. X6 --> X2



==== NOSTALL DEADLOCK: gated genuine-legal H0, NO legal single-edge deletion ====
  dag mask        : 19144
  latent set      : [2]  (latent nodes: [X3])
  spurious edges  : [X1 o-o X4, X1 o-o X6]  (k=2)
  outcome of deleting each spurious edge from H0:
    X1 o-o X4 : illegal -- genuine/maximality -- Not maximal: Inducing path exists between non-adjacent X1 and X2 in a MAG implied by this graph
    X1 o-o X6 : illegal -- genuine/maximality -- Not maximal: Inducing path exists between non-adjacent X2 and X6 in a MAG implied by this graph
  true DAG (all variables, latents included):
Graph Nodes:
X1;X2;(X3);X4;X5;X6

Graph Edges:
1. X1 --> X5
2. X2 --> X4
3. X2 --> X5
4. X3 --> X4
5. X3 --> X6
6. X5 --> X6


  true PAG G* (over observed):
Graph Nodes:
X1;X2;X4;X5;X6

Graph Edges:
1. X1 o-> X5
2. X2 o-> X4
3. X2 o-> X5
4. X5 --> X6
5. X6 <-> X4


  H0 (G* + spurious, cold-reoriented):
Graph Nodes:
X1;X2;X4;X5;X6

Graph Edges:
1. X1 <-> X6
2. X2 o-> X4
3. X2 o-> X5
4. X4 --> X1
5. X4 <-> X6
6. X5 <-> X1
7. X5 --> X6



==== NOSTALL DEADLOCK: gated genuine-legal H0, NO legal single-edge deletion ====
  dag mask        : 19145
  latent set      : [2]  (latent nodes: [X3])
  spurious edges  : [X1 o-o X4, X1 o-o X6]  (k=2)
  outcome of deleting each spurious edge from H0:
    X1 o-o X4 : illegal -- genuine/maximality -- Not maximal: Inducing path exists between non-adjacent X4 and X5 in a MAG implied by this graph
    X1 o-o X6 : illegal -- genuine/maximality -- Not maximal: Inducing path exists between non-adjacent X2 and X6 in a MAG implied by this graph
  true DAG (all variables, latents included):
Graph Nodes:
X1;X2;(X3);X4;X5;X6

Graph Edges:
1. X1 --> X2
2. X1 --> X5
3. X2 --> X4
4. X2 --> X5
5. X3 --> X4
6. X3 --> X6
7. X5 --> X6


  true PAG G* (over observed):
Graph Nodes:
X1;X2;X4;X5;X6

Graph Edges:
1. X1 o-o X2
2. X1 o-o X5
3. X2 o-> X4
4. X2 o-o X5
5. X5 o-> X6
6. X6 <-> X4


  H0 (G* + spurious, cold-reoriented):
Graph Nodes:
X1;X2;X4;X5;X6

Graph Edges:
1. X1 o-o X2
2. X1 o-> X4
3. X1 o-o X5
4. X1 o-> X6
5. X2 o-> X4
6. X2 o-o X5
7. X5 o-> X6
8. X6 <-> X4



==== NOSTALL DEADLOCK: gated genuine-legal H0, NO legal single-edge deletion ====
  dag mask        : 20548
  latent set      : [2]  (latent nodes: [X3])
  spurious edges  : [X1 o-o X6, X2 o-o X6]  (k=2)
  outcome of deleting each spurious edge from H0:
    X1 o-o X6 : illegal -- genuine/acyclic -- Acyclicity violated: There is a directed cyclic path from X2 to itself in a MAG implied by this graph
    X2 o-o X6 : illegal -- genuine/acyclic -- Acyclicity violated: There is a directed cyclic path from X1 to itself in a MAG implied by this graph
  true DAG (all variables, latents included):
Graph Nodes:
X1;X2;(X3);X4;X5;X6

Graph Edges:
1. X1 --> X4
2. X2 --> X4
3. X4 --> X5
4. X5 --> X6


  true PAG G* (over observed):
Graph Nodes:
X1;X2;X4;X5;X6

Graph Edges:
1. X1 o-> X4
2. X2 o-> X4
3. X4 --> X5
4. X5 --> X6


  H0 (G* + spurious, cold-reoriented):
Graph Nodes:
X1;X2;X4;X5;X6

Graph Edges:
1. X1 o-> X4
2. X1 --> X6
3. X2 o-> X4
4. X2 --> X6
5. X4 --> X5
6. X5 --> X6



==== NOSTALL DEADLOCK: gated genuine-legal H0, NO legal single-edge deletion ====
  dag mask        : 20550
  latent set      : [0]  (latent nodes: [X1])
  spurious edges  : [X2 o-o X6, X3 o-o X6]  (k=2)
  outcome of deleting each spurious edge from H0:
    X2 o-o X6 : illegal -- genuine/acyclic -- Acyclicity violated: There is a directed cyclic path from X3 to itself in a MAG implied by this graph
    X3 o-o X6 : illegal -- genuine/acyclic -- Acyclicity violated: There is a directed cyclic path from X2 to itself in a MAG implied by this graph
  true DAG (all variables, latents included):
Graph Nodes:
(X1);X2;X3;X4;X5;X6

Graph Edges:
1. X1 --> X3
2. X1 --> X4
3. X2 --> X4
4. X4 --> X5
5. X5 --> X6


  true PAG G* (over observed):
Graph Nodes:
X2;X3;X4;X5;X6

Graph Edges:
1. X2 o-> X4
2. X3 o-> X4
3. X4 --> X5
4. X5 --> X6


  H0 (G* + spurious, cold-reoriented):
Graph Nodes:
X2;X3;X4;X5;X6

Graph Edges:
1. X2 o-> X4
2. X2 --> X6
3. X3 o-> X4
4. X3 --> X6
5. X4 --> X5
6. X5 --> X6



==== NOSTALL DEADLOCK: gated genuine-legal H0, NO legal single-edge deletion ====
  dag mask        : 20550
  latent set      : [2]  (latent nodes: [X3])
  spurious edges  : [X1 o-o X6, X2 o-o X6]  (k=2)
  outcome of deleting each spurious edge from H0:
    X1 o-o X6 : illegal -- genuine/acyclic -- Acyclicity violated: There is a directed cyclic path from X2 to itself in a MAG implied by this graph
    X2 o-o X6 : illegal -- genuine/acyclic -- Acyclicity violated: There is a directed cyclic path from X1 to itself in a MAG implied by this graph
  true DAG (all variables, latents included):
Graph Nodes:
X1;X2;(X3);X4;X5;X6

Graph Edges:
1. X1 --> X3
2. X1 --> X4
3. X2 --> X4
4. X4 --> X5
5. X5 --> X6


  true PAG G* (over observed):
Graph Nodes:
X1;X2;X4;X5;X6

Graph Edges:
1. X1 o-> X4
2. X2 o-> X4
3. X4 --> X5
4. X5 --> X6


  H0 (G* + spurious, cold-reoriented):
Graph Nodes:
X1;X2;X4;X5;X6

Graph Edges:
1. X1 o-> X4
2. X1 --> X6
3. X2 o-> X4
4. X2 --> X6
5. X4 --> X5
6. X5 --> X6



==== NOSTALL DEADLOCK: gated genuine-legal H0, NO legal single-edge deletion ====
  dag mask        : 20561
  latent set      : [2]  (latent nodes: [X3])
  spurious edges  : [X2 o-o X6, X4 o-o X6]  (k=2)
  outcome of deleting each spurious edge from H0:
    X2 o-o X6 : illegal -- genuine/acyclic -- Acyclicity violated: There is a directed cyclic path from X1 to itself in a MAG implied by this graph
    X4 o-o X6 : illegal -- genuine/acyclic -- Acyclicity violated: There is a directed cyclic path from X2 to itself in a MAG implied by this graph
  true DAG (all variables, latents included):
Graph Nodes:
X1;X2;(X3);X4;X5;X6

Graph Edges:
1. X1 --> X2
2. X1 --> X6
3. X2 --> X4
4. X4 --> X5
5. X5 --> X6


  true PAG G* (over observed):
Graph Nodes:
X1;X2;X4;X5;X6

Graph Edges:
1. X1 o-o X2
2. X1 --> X6
3. X2 o-o X4
4. X4 o-o X5
5. X5 --> X6


  H0 (G* + spurious, cold-reoriented):
Graph Nodes:
X1;X2;X4;X5;X6

Graph Edges:
1. X1 --> X2
2. X1 o-> X6
3. X4 --> X2
4. X5 --> X4
5. X5 o-> X6
6. X6 --> X2
7. X6 --> X4



==== NOSTALL DEADLOCK: gated genuine-legal H0, NO legal single-edge deletion ====
  dag mask        : 20563
  latent set      : [2]  (latent nodes: [X3])
  spurious edges  : [X2 o-o X6, X4 o-o X6]  (k=2)
  outcome of deleting each spurious edge from H0:
    X2 o-o X6 : illegal -- genuine/acyclic -- Acyclicity violated: There is a directed cyclic path from X1 to itself in a MAG implied by this graph
    X4 o-o X6 : illegal -- genuine/acyclic -- Acyclicity violated: There is a directed cyclic path from X2 to itself in a MAG implied by this graph
  true DAG (all variables, latents included):
Graph Nodes:
X1;X2;(X3);X4;X5;X6

Graph Edges:
1. X1 --> X2
2. X1 --> X3
3. X1 --> X6
4. X2 --> X4
5. X4 --> X5
6. X5 --> X6


  true PAG G* (over observed):
Graph Nodes:
X1;X2;X4;X5;X6

Graph Edges:
1. X1 o-o X2
2. X1 --> X6
3. X2 o-o X4
4. X4 o-o X5
5. X5 --> X6


  H0 (G* + spurious, cold-reoriented):
Graph Nodes:
X1;X2;X4;X5;X6

Graph Edges:
1. X1 --> X2
2. X1 o-> X6
3. X4 --> X2
4. X5 --> X4
5. X5 o-> X6
6. X6 --> X2
7. X6 --> X4



==== NOSTALL DEADLOCK: gated genuine-legal H0, NO legal single-edge deletion ====
  dag mask        : 20580
  latent set      : [1]  (latent nodes: [X2])
  spurious edges  : [X1 o-o X6, X3 o-o X6]  (k=2)
  outcome of deleting each spurious edge from H0:
    X1 o-o X6 : illegal -- genuine/acyclic -- Acyclicity violated: There is a directed cyclic path from X3 to itself in a MAG implied by this graph
    X3 o-o X6 : illegal -- genuine/acyclic -- Acyclicity violated: There is a directed cyclic path from X1 to itself in a MAG implied by this graph
  true DAG (all variables, latents included):
Graph Nodes:
X1;(X2);X3;X4;X5;X6

Graph Edges:
1. X1 --> X4
2. X2 --> X3
3. X2 --> X4
4. X4 --> X5
5. X5 --> X6


  true PAG G* (over observed):
Graph Nodes:
X1;X3;X4;X5;X6

Graph Edges:
1. X1 o-> X4
2. X3 o-> X4
3. X4 --> X5
4. X5 --> X6


  H0 (G* + spurious, cold-reoriented):
Graph Nodes:
X1;X3;X4;X5;X6

Graph Edges:
1. X1 o-> X4
2. X1 --> X6
3. X3 o-> X4
4. X3 --> X6
5. X4 --> X5
6. X5 --> X6



==== NOSTALL DEADLOCK: gated genuine-legal H0, NO legal single-edge deletion ====
  dag mask        : 20580
  latent set      : [2]  (latent nodes: [X3])
  spurious edges  : [X1 o-o X6, X2 o-o X6]  (k=2)
  outcome of deleting each spurious edge from H0:
    X1 o-o X6 : illegal -- genuine/acyclic -- Acyclicity violated: There is a directed cyclic path from X2 to itself in a MAG implied by this graph
    X2 o-o X6 : illegal -- genuine/acyclic -- Acyclicity violated: There is a directed cyclic path from X1 to itself in a MAG implied by this graph
  true DAG (all variables, latents included):
Graph Nodes:
X1;X2;(X3);X4;X5;X6

Graph Edges:
1. X1 --> X4
2. X2 --> X3
3. X2 --> X4
4. X4 --> X5
5. X5 --> X6


  true PAG G* (over observed):
Graph Nodes:
X1;X2;X4;X5;X6

Graph Edges:
1. X1 o-> X4
2. X2 o-> X4
3. X4 --> X5
4. X5 --> X6


  H0 (G* + spurious, cold-reoriented):
Graph Nodes:
X1;X2;X4;X5;X6

Graph Edges:
1. X1 o-> X4
2. X1 --> X6
3. X2 o-> X4
4. X2 --> X6
5. X4 --> X5
6. X5 --> X6



==== NOSTALL DEADLOCK: gated genuine-legal H0, NO legal single-edge deletion ====
  dag mask        : 20582
  latent set      : [2]  (latent nodes: [X3])
  spurious edges  : [X1 o-o X6, X2 o-o X6]  (k=2)
  outcome of deleting each spurious edge from H0:
    X1 o-o X6 : illegal -- genuine/acyclic -- Acyclicity violated: There is a directed cyclic path from X2 to itself in a MAG implied by this graph
    X2 o-o X6 : illegal -- genuine/acyclic -- Acyclicity violated: There is a directed cyclic path from X1 to itself in a MAG implied by this graph
  true DAG (all variables, latents included):
Graph Nodes:
X1;X2;(X3);X4;X5;X6

Graph Edges:
1. X1 --> X3
2. X1 --> X4
3. X2 --> X3
4. X2 --> X4
5. X4 --> X5
6. X5 --> X6


  true PAG G* (over observed):
Graph Nodes:
X1;X2;X4;X5;X6

Graph Edges:
1. X1 o-> X4
2. X2 o-> X4
3. X4 --> X5
4. X5 --> X6


  H0 (G* + spurious, cold-reoriented):
Graph Nodes:
X1;X2;X4;X5;X6

Graph Edges:
1. X1 o-> X4
2. X1 --> X6
3. X2 o-> X4
4. X2 --> X6
5. X4 --> X5
6. X5 --> X6



==== NOSTALL DEADLOCK: gated genuine-legal H0, NO legal single-edge deletion ====
  dag mask        : 20593
  latent set      : [2]  (latent nodes: [X3])
  spurious edges  : [X2 o-o X6, X4 o-o X6]  (k=2)
  outcome of deleting each spurious edge from H0:
    X2 o-o X6 : illegal -- genuine/acyclic -- Acyclicity violated: There is a directed cyclic path from X1 to itself in a MAG implied by this graph
    X4 o-o X6 : illegal -- genuine/acyclic -- Acyclicity violated: There is a directed cyclic path from X2 to itself in a MAG implied by this graph
  true DAG (all variables, latents included):
Graph Nodes:
X1;X2;(X3);X4;X5;X6

Graph Edges:
1. X1 --> X2
2. X1 --> X6
3. X2 --> X3
4. X2 --> X4
5. X4 --> X5
6. X5 --> X6


  true PAG G* (over observed):
Graph Nodes:
X1;X2;X4;X5;X6

Graph Edges:
1. X1 o-o X2
2. X1 --> X6
3. X2 o-o X4
4. X4 o-o X5
5. X5 --> X6


  H0 (G* + spurious, cold-reoriented):
Graph Nodes:
X1;X2;X4;X5;X6

Graph Edges:
1. X1 --> X2
2. X1 o-> X6
3. X4 --> X2
4. X5 --> X4
5. X5 o-> X6
6. X6 --> X2
7. X6 --> X4



==== NOSTALL DEADLOCK: gated genuine-legal H0, NO legal single-edge deletion ====
  dag mask        : 20594
  latent set      : [0]  (latent nodes: [X1])
  spurious edges  : [X2 o-o X6, X4 o-o X6]  (k=2)
  outcome of deleting each spurious edge from H0:
    X2 o-o X6 : illegal -- genuine/maximality -- Not maximal: Inducing path exists between non-adjacent X3 and X5 in a MAG implied by this graph
    X4 o-o X6 : illegal -- genuine/acyclic -- Acyclicity violated: There is a directed cyclic path from X2 to itself in a MAG implied by this graph
  true DAG (all variables, latents included):
Graph Nodes:
(X1);X2;X3;X4;X5;X6

Graph Edges:
1. X1 --> X3
2. X1 --> X6
3. X2 --> X3
4. X2 --> X4
5. X4 --> X5
6. X5 --> X6


  true PAG G* (over observed):
Graph Nodes:
X2;X3;X4;X5;X6

Graph Edges:
1. X2 o-> X3
2. X2 o-o X4
3. X4 o-o X5
4. X5 o-> X6
5. X6 <-> X3


  H0 (G* + spurious, cold-reoriented):
Graph Nodes:
X2;X3;X4;X5;X6

Graph Edges:
1. X2 --> X4
2. X3 <-> X2
3. X5 --> X4
4. X5 o-> X6
5. X6 --> X2
6. X6 <-> X3
7. X6 --> X4



==== NOSTALL DEADLOCK: gated genuine-legal H0, NO legal single-edge deletion ====
  dag mask        : 20594
  latent set      : [0]  (latent nodes: [X1])
  spurious edges  : [X3 o-o X4, X3 o-o X5]  (k=2)
  outcome of deleting each spurious edge from H0:
    X3 o-o X4 : illegal -- genuine/acyclic -- Acyclicity violated: There is a directed cyclic path from X2 to itself in a MAG implied by this graph
    X3 o-o X5 : illegal -- genuine/maximality -- Not maximal: Inducing path exists between non-adjacent X2 and X6 in a MAG implied by this graph
  true DAG (all variables, latents included):
Graph Nodes:
(X1);X2;X3;X4;X5;X6

Graph Edges:
1. X1 --> X3
2. X1 --> X6
3. X2 --> X3
4. X2 --> X4
5. X4 --> X5
6. X5 --> X6


  true PAG G* (over observed):
Graph Nodes:
X2;X3;X4;X5;X6

Graph Edges:
1. X2 o-> X3
2. X2 o-o X4
3. X4 o-o X5
4. X5 o-> X6
5. X6 <-> X3


  H0 (G* + spurious, cold-reoriented):
Graph Nodes:
X2;X3;X4;X5;X6

Graph Edges:
1. X2 o-> X3
2. X2 --> X4
3. X3 --> X4
4. X3 --> X5
5. X5 --> X4
6. X6 <-> X3
7. X6 <-> X5



==== NOSTALL DEADLOCK: gated genuine-legal H0, NO legal single-edge deletion ====
  dag mask        : 20594
  latent set      : [0]  (latent nodes: [X1])
  spurious edges  : [X3 o-o X4, X4 o-o X6]  (k=2)
  outcome of deleting each spurious edge from H0:
    X3 o-o X4 : illegal -- genuine/maximality -- Not maximal: Inducing path exists between non-adjacent X3 and X5 in a MAG implied by this graph
    X4 o-o X6 : illegal -- genuine/maximality -- Not maximal: Inducing path exists between non-adjacent X2 and X6 in a MAG implied by this graph
  true DAG (all variables, latents included):
Graph Nodes:
(X1);X2;X3;X4;X5;X6

Graph Edges:
1. X1 --> X3
2. X1 --> X6
3. X2 --> X3
4. X2 --> X4
5. X4 --> X5
6. X5 --> X6


  true PAG G* (over observed):
Graph Nodes:
X2;X3;X4;X5;X6

Graph Edges:
1. X2 o-> X3
2. X2 o-o X4
3. X4 o-o X5
4. X5 o-> X6
5. X6 <-> X3


  H0 (G* + spurious, cold-reoriented):
Graph Nodes:
X2;X3;X4;X5;X6

Graph Edges:
1. X2 o-> X3
2. X2 o-o X4
3. X4 o-> X3
4. X4 o-o X5
5. X4 o-> X6
6. X5 o-> X6
7. X6 <-> X3



==== NOSTALL DEADLOCK: gated genuine-legal H0, NO legal single-edge deletion ====
  dag mask        : 20595
  latent set      : [2]  (latent nodes: [X3])
  spurious edges  : [X2 o-o X6, X4 o-o X6]  (k=2)
  outcome of deleting each spurious edge from H0:
    X2 o-o X6 : illegal -- genuine/acyclic -- Acyclicity violated: There is a directed cyclic path from X1 to itself in a MAG implied by this graph
    X4 o-o X6 : illegal -- genuine/acyclic -- Acyclicity violated: There is a directed cyclic path from X2 to itself in a MAG implied by this graph
  true DAG (all variables, latents included):
Graph Nodes:
X1;X2;(X3);X4;X5;X6

Graph Edges:
1. X1 --> X2
2. X1 --> X3
3. X1 --> X6
4. X2 --> X3
5. X2 --> X4
6. X4 --> X5
7. X5 --> X6


  true PAG G* (over observed):
Graph Nodes:
X1;X2;X4;X5;X6

Graph Edges:
1. X1 o-o X2
2. X1 --> X6
3. X2 o-o X4
4. X4 o-o X5
5. X5 --> X6


  H0 (G* + spurious, cold-reoriented):
Graph Nodes:
X1;X2;X4;X5;X6

Graph Edges:
1. X1 --> X2
2. X1 o-> X6
3. X4 --> X2
4. X5 --> X4
5. X5 o-> X6
6. X6 --> X2
7. X6 --> X4



==== NOSTALL DEADLOCK: gated genuine-legal H0, NO legal single-edge deletion ====
  dag mask        : 20722
  latent set      : [0]  (latent nodes: [X1])
  spurious edges  : [X3 o-o X4, X4 o-o X6]  (k=2)
  outcome of deleting each spurious edge from H0:
    X3 o-o X4 : illegal -- genuine/maximality -- Not maximal: Inducing path exists between non-adjacent X3 and X5 in a MAG implied by this graph
    X4 o-o X6 : illegal -- genuine/maximality -- Not maximal: Inducing path exists between non-adjacent X2 and X6 in a MAG implied by this graph
  true DAG (all variables, latents included):
Graph Nodes:
(X1);X2;X3;X4;X5;X6

Graph Edges:
1. X1 --> X3
2. X1 --> X6
3. X2 --> X3
4. X2 --> X4
5. X2 --> X5
6. X4 --> X5
7. X5 --> X6


  true PAG G* (over observed):
Graph Nodes:
X2;X3;X4;X5;X6

Graph Edges:
1. X2 o-> X3
2. X2 o-o X4
3. X2 o-o X5
4. X4 o-o X5
5. X5 o-> X6
6. X6 <-> X3


  H0 (G* + spurious, cold-reoriented):
Graph Nodes:
X2;X3;X4;X5;X6

Graph Edges:
1. X2 o-> X3
2. X2 o-o X4
3. X2 o-o X5
4. X4 o-> X3
5. X4 o-o X5
6. X4 o-> X6
7. X5 o-> X6
8. X6 <-> X3



==== NOSTALL DEADLOCK: gated genuine-legal H0, NO legal single-edge deletion ====
  dag mask        : 20741
  latent set      : [2]  (latent nodes: [X3])
  spurious edges  : [X1 o-o X6, X4 o-o X6]  (k=2)
  outcome of deleting each spurious edge from H0:
    X1 o-o X6 : illegal -- genuine/acyclic -- Acyclicity violated: There is a directed cyclic path from X1 to itself in a MAG implied by this graph
    X4 o-o X6 : illegal -- genuine/acyclic -- Acyclicity violated: There is a directed cyclic path from X1 to itself in a MAG implied by this graph
  true DAG (all variables, latents included):
Graph Nodes:
X1;X2;(X3);X4;X5;X6

Graph Edges:
1. X1 --> X2
2. X1 --> X4
3. X2 --> X6
4. X4 --> X5
5. X5 --> X6


  true PAG G* (over observed):
Graph Nodes:
X1;X2;X4;X5;X6

Graph Edges:
1. X1 o-o X2
2. X1 o-o X4
3. X2 --> X6
4. X4 o-o X5
5. X5 --> X6


  H0 (G* + spurious, cold-reoriented):
Graph Nodes:
X1;X2;X4;X5;X6

Graph Edges:
1. X2 --> X1
2. X2 o-> X6
3. X4 --> X1
4. X5 --> X4
5. X5 o-> X6
6. X6 --> X1
7. X6 --> X4



==== NOSTALL DEADLOCK: gated genuine-legal H0, NO legal single-edge deletion ====
  dag mask        : 20743
  latent set      : [2]  (latent nodes: [X3])
  spurious edges  : [X1 o-o X6, X4 o-o X6]  (k=2)
  outcome of deleting each spurious edge from H0:
    X1 o-o X6 : illegal -- genuine/acyclic -- Acyclicity violated: There is a directed cyclic path from X1 to itself in a MAG implied by this graph
    X4 o-o X6 : illegal -- genuine/acyclic -- Acyclicity violated: There is a directed cyclic path from X1 to itself in a MAG implied by this graph
  true DAG (all variables, latents included):
Graph Nodes:
X1;X2;(X3);X4;X5;X6

Graph Edges:
1. X1 --> X2
2. X1 --> X3
3. X1 --> X4
4. X2 --> X6
5. X4 --> X5
6. X5 --> X6


  true PAG G* (over observed):
Graph Nodes:
X1;X2;X4;X5;X6

Graph Edges:
1. X1 o-o X2
2. X1 o-o X4
3. X2 --> X6
4. X4 o-o X5
5. X5 --> X6


  H0 (G* + spurious, cold-reoriented):
Graph Nodes:
X1;X2;X4;X5;X6

Graph Edges:
1. X2 --> X1
2. X2 o-> X6
3. X4 --> X1
4. X5 --> X4
5. X5 o-> X6
6. X6 --> X1
7. X6 --> X4



==== NOSTALL DEADLOCK: gated genuine-legal H0, NO legal single-edge deletion ====
  dag mask        : 20773
  latent set      : [2]  (latent nodes: [X3])
  spurious edges  : [X1 o-o X6, X4 o-o X6]  (k=2)
  outcome of deleting each spurious edge from H0:
    X1 o-o X6 : illegal -- genuine/acyclic -- Acyclicity violated: There is a directed cyclic path from X1 to itself in a MAG implied by this graph
    X4 o-o X6 : illegal -- genuine/acyclic -- Acyclicity violated: There is a directed cyclic path from X1 to itself in a MAG implied by this graph
  true DAG (all variables, latents included):
Graph Nodes:
X1;X2;(X3);X4;X5;X6

Graph Edges:
1. X1 --> X2
2. X1 --> X4
3. X2 --> X3
4. X2 --> X6
5. X4 --> X5
6. X5 --> X6


  true PAG G* (over observed):
Graph Nodes:
X1;X2;X4;X5;X6

Graph Edges:
1. X1 o-o X2
2. X1 o-o X4
3. X2 --> X6
4. X4 o-o X5
5. X5 --> X6


  H0 (G* + spurious, cold-reoriented):
Graph Nodes:
X1;X2;X4;X5;X6

Graph Edges:
1. X2 --> X1
2. X2 o-> X6
3. X4 --> X1
4. X5 --> X4
5. X5 o-> X6
6. X6 --> X1
7. X6 --> X4



==== NOSTALL DEADLOCK: gated genuine-legal H0, NO legal single-edge deletion ====
  dag mask        : 20774
  latent set      : [1]  (latent nodes: [X2])
  spurious edges  : [X1 o-o X6, X4 o-o X6]  (k=2)
  outcome of deleting each spurious edge from H0:
    X1 o-o X6 : illegal -- genuine/maximality -- Not maximal: Inducing path exists between non-adjacent X3 and X5 in a MAG implied by this graph
    X4 o-o X6 : illegal -- genuine/acyclic -- Acyclicity violated: There is a directed cyclic path from X1 to itself in a MAG implied by this graph
  true DAG (all variables, latents included):
Graph Nodes:
X1;(X2);X3;X4;X5;X6

Graph Edges:
1. X1 --> X3
2. X1 --> X4
3. X2 --> X3
4. X2 --> X6
5. X4 --> X5
6. X5 --> X6


  true PAG G* (over observed):
Graph Nodes:
X1;X3;X4;X5;X6

Graph Edges:
1. X1 o-> X3
2. X1 o-o X4
3. X4 o-o X5
4. X5 o-> X6
5. X6 <-> X3


  H0 (G* + spurious, cold-reoriented):
Graph Nodes:
X1;X3;X4;X5;X6

Graph Edges:
1. X1 --> X4
2. X3 <-> X1
3. X5 --> X4
4. X5 o-> X6
5. X6 --> X1
6. X6 <-> X3
7. X6 --> X4



==== NOSTALL DEADLOCK: gated genuine-legal H0, NO legal single-edge deletion ====
  dag mask        : 20774
  latent set      : [1]  (latent nodes: [X2])
  spurious edges  : [X3 o-o X4, X3 o-o X5]  (k=2)
  outcome of deleting each spurious edge from H0:
    X3 o-o X4 : illegal -- genuine/acyclic -- Acyclicity violated: There is a directed cyclic path from X1 to itself in a MAG implied by this graph
    X3 o-o X5 : illegal -- genuine/maximality -- Not maximal: Inducing path exists between non-adjacent X1 and X6 in a MAG implied by this graph
  true DAG (all variables, latents included):
Graph Nodes:
X1;(X2);X3;X4;X5;X6

Graph Edges:
1. X1 --> X3
2. X1 --> X4
3. X2 --> X3
4. X2 --> X6
5. X4 --> X5
6. X5 --> X6


  true PAG G* (over observed):
Graph Nodes:
X1;X3;X4;X5;X6

Graph Edges:
1. X1 o-> X3
2. X1 o-o X4
3. X4 o-o X5
4. X5 o-> X6
5. X6 <-> X3


  H0 (G* + spurious, cold-reoriented):
Graph Nodes:
X1;X3;X4;X5;X6

Graph Edges:
1. X1 o-> X3
2. X1 --> X4
3. X3 --> X4
4. X3 --> X5
5. X5 --> X4
6. X6 <-> X3
7. X6 <-> X5



==== NOSTALL DEADLOCK: gated genuine-legal H0, NO legal single-edge deletion ====
  dag mask        : 20774
  latent set      : [1]  (latent nodes: [X2])
  spurious edges  : [X3 o-o X4, X4 o-o X6]  (k=2)
  outcome of deleting each spurious edge from H0:
    X3 o-o X4 : illegal -- genuine/maximality -- Not maximal: Inducing path exists between non-adjacent X3 and X5 in a MAG implied by this graph
    X4 o-o X6 : illegal -- genuine/maximality -- Not maximal: Inducing path exists between non-adjacent X1 and X6 in a MAG implied by this graph
  true DAG (all variables, latents included):
Graph Nodes:
X1;(X2);X3;X4;X5;X6

Graph Edges:
1. X1 --> X3
2. X1 --> X4
3. X2 --> X3
4. X2 --> X6
5. X4 --> X5
6. X5 --> X6


  true PAG G* (over observed):
Graph Nodes:
X1;X3;X4;X5;X6

Graph Edges:
1. X1 o-> X3
2. X1 o-o X4
3. X4 o-o X5
4. X5 o-> X6
5. X6 <-> X3


  H0 (G* + spurious, cold-reoriented):
Graph Nodes:
X1;X3;X4;X5;X6

Graph Edges:
1. X1 o-> X3
2. X1 o-o X4
3. X4 o-> X3
4. X4 o-o X5
5. X4 o-> X6
6. X5 o-> X6
7. X6 <-> X3



==== NOSTALL DEADLOCK: gated genuine-legal H0, NO legal single-edge deletion ====
  dag mask        : 20775
  latent set      : [2]  (latent nodes: [X3])
  spurious edges  : [X1 o-o X6, X4 o-o X6]  (k=2)
  outcome of deleting each spurious edge from H0:
    X1 o-o X6 : illegal -- genuine/acyclic -- Acyclicity violated: There is a directed cyclic path from X1 to itself in a MAG implied by this graph
    X4 o-o X6 : illegal -- genuine/acyclic -- Acyclicity violated: There is a directed cyclic path from X1 to itself in a MAG implied by this graph
  true DAG (all variables, latents included):
Graph Nodes:
X1;X2;(X3);X4;X5;X6

Graph Edges:
1. X1 --> X2
2. X1 --> X3
3. X1 --> X4
4. X2 --> X3
5. X2 --> X6
6. X4 --> X5
7. X5 --> X6


  true PAG G* (over observed):
Graph Nodes:
X1;X2;X4;X5;X6

Graph Edges:
1. X1 o-o X2
2. X1 o-o X4
3. X2 --> X6
4. X4 o-o X5
5. X5 --> X6


  H0 (G* + spurious, cold-reoriented):
Graph Nodes:
X1;X2;X4;X5;X6

Graph Edges:
1. X2 --> X1
2. X2 o-> X6
3. X4 --> X1
4. X5 --> X4
5. X5 o-> X6
6. X6 --> X1
7. X6 --> X4



==== NOSTALL DEADLOCK: gated genuine-legal H0, NO legal single-edge deletion ====
  dag mask        : 20782
  latent set      : [1]  (latent nodes: [X2])
  spurious edges  : [X3 o-o X4, X4 o-o X6]  (k=2)
  outcome of deleting each spurious edge from H0:
    X3 o-o X4 : illegal -- genuine/maximality -- Not maximal: Inducing path exists between non-adjacent X3 and X5 in a MAG implied by this graph
    X4 o-o X6 : illegal -- genuine/maximality -- Not maximal: Inducing path exists between non-adjacent X1 and X6 in a MAG implied by this graph
  true DAG (all variables, latents included):
Graph Nodes:
X1;(X2);X3;X4;X5;X6

Graph Edges:
1. X1 --> X3
2. X1 --> X4
3. X1 --> X5
4. X2 --> X3
5. X2 --> X6
6. X4 --> X5
7. X5 --> X6


  true PAG G* (over observed):
Graph Nodes:
X1;X3;X4;X5;X6

Graph Edges:
1. X1 o-> X3
2. X1 o-o X4
3. X1 o-o X5
4. X4 o-o X5
5. X5 o-> X6
6. X6 <-> X3


  H0 (G* + spurious, cold-reoriented):
Graph Nodes:
X1;X3;X4;X5;X6

Graph Edges:
1. X1 o-> X3
2. X1 o-o X4
3. X1 o-o X5
4. X4 o-> X3
5. X4 o-o X5
6. X4 o-> X6
7. X5 o-> X6
8. X6 <-> X3



==== NOSTALL DEADLOCK: gated genuine-legal H0, NO legal single-edge deletion ====
  dag mask        : 20996
  latent set      : [1]  (latent nodes: [X2])
  spurious edges  : [X1 o-o X6, X3 o-o X6]  (k=2)
  outcome of deleting each spurious edge from H0:
    X1 o-o X6 : illegal -- genuine/acyclic -- Acyclicity violated: There is a directed cyclic path from X3 to itself in a MAG implied by this graph
    X3 o-o X6 : illegal -- genuine/acyclic -- Acyclicity violated: There is a directed cyclic path from X1 to itself in a MAG implied by this graph
  true DAG (all variables, latents included):
Graph Nodes:
X1;(X2);X3;X4;X5;X6

Graph Edges:
1. X1 --> X4
2. X3 --> X4
3. X4 --> X5
4. X5 --> X6


  true PAG G* (over observed):
Graph Nodes:
X1;X3;X4;X5;X6

Graph Edges:
1. X1 o-> X4
2. X3 o-> X4
3. X4 --> X5
4. X5 --> X6


  H0 (G* + spurious, cold-reoriented):
Graph Nodes:
X1;X3;X4;X5;X6

Graph Edges:
1. X1 o-> X4
2. X1 --> X6
3. X3 o-> X4
4. X3 --> X6
5. X4 --> X5
6. X5 --> X6



==== NOSTALL DEADLOCK: gated genuine-legal H0, NO legal single-edge deletion ====
  dag mask        : 20997
  latent set      : [0]  (latent nodes: [X1])
  spurious edges  : [X2 o-o X6, X3 o-o X6]  (k=2)
  outcome of deleting each spurious edge from H0:
    X2 o-o X6 : illegal -- genuine/acyclic -- Acyclicity violated: There is a directed cyclic path from X3 to itself in a MAG implied by this graph
    X3 o-o X6 : illegal -- genuine/acyclic -- Acyclicity violated: There is a directed cyclic path from X2 to itself in a MAG implied by this graph
  true DAG (all variables, latents included):
Graph Nodes:
(X1);X2;X3;X4;X5;X6

Graph Edges:
1. X1 --> X2
2. X1 --> X4
3. X3 --> X4
4. X4 --> X5
5. X5 --> X6


  true PAG G* (over observed):
Graph Nodes:
X2;X3;X4;X5;X6

Graph Edges:
1. X2 o-> X4
2. X3 o-> X4
3. X4 --> X5
4. X5 --> X6


  H0 (G* + spurious, cold-reoriented):
Graph Nodes:
X2;X3;X4;X5;X6

Graph Edges:
1. X2 o-> X4
2. X2 --> X6
3. X3 o-> X4
4. X3 --> X6
5. X4 --> X5
6. X5 --> X6



==== NOSTALL DEADLOCK: gated genuine-legal H0, NO legal single-edge deletion ====
  dag mask        : 20997
  latent set      : [1]  (latent nodes: [X2])
  spurious edges  : [X1 o-o X6, X3 o-o X6]  (k=2)
  outcome of deleting each spurious edge from H0:
    X1 o-o X6 : illegal -- genuine/acyclic -- Acyclicity violated: There is a directed cyclic path from X3 to itself in a MAG implied by this graph
    X3 o-o X6 : illegal -- genuine/acyclic -- Acyclicity violated: There is a directed cyclic path from X1 to itself in a MAG implied by this graph
  true DAG (all variables, latents included):
Graph Nodes:
X1;(X2);X3;X4;X5;X6

Graph Edges:
1. X1 --> X2
2. X1 --> X4
3. X3 --> X4
4. X4 --> X5
5. X5 --> X6


  true PAG G* (over observed):
Graph Nodes:
X1;X3;X4;X5;X6

Graph Edges:
1. X1 o-> X4
2. X3 o-> X4
3. X4 --> X5
4. X5 --> X6


  H0 (G* + spurious, cold-reoriented):
Graph Nodes:
X1;X3;X4;X5;X6

Graph Edges:
1. X1 o-> X4
2. X1 --> X6
3. X3 o-> X4
4. X3 --> X6
5. X4 --> X5
6. X5 --> X6



==== NOSTALL DEADLOCK: gated genuine-legal H0, NO legal single-edge deletion ====
  dag mask        : 21010
  latent set      : [1]  (latent nodes: [X2])
  spurious edges  : [X3 o-o X6, X4 o-o X6]  (k=2)
  outcome of deleting each spurious edge from H0:
    X3 o-o X6 : illegal -- genuine/acyclic -- Acyclicity violated: There is a directed cyclic path from X1 to itself in a MAG implied by this graph
    X4 o-o X6 : illegal -- genuine/acyclic -- Acyclicity violated: There is a directed cyclic path from X3 to itself in a MAG implied by this graph
  true DAG (all variables, latents included):
Graph Nodes:
X1;(X2);X3;X4;X5;X6

Graph Edges:
1. X1 --> X3
2. X1 --> X6
3. X3 --> X4
4. X4 --> X5
5. X5 --> X6


  true PAG G* (over observed):
Graph Nodes:
X1;X3;X4;X5;X6

Graph Edges:
1. X1 o-o X3
2. X1 --> X6
3. X3 o-o X4
4. X4 o-o X5
5. X5 --> X6


  H0 (G* + spurious, cold-reoriented):
Graph Nodes:
X1;X3;X4;X5;X6

Graph Edges:
1. X1 --> X3
2. X1 o-> X6
3. X4 --> X3
4. X5 --> X4
5. X5 o-> X6
6. X6 --> X3
7. X6 --> X4



==== NOSTALL DEADLOCK: gated genuine-legal H0, NO legal single-edge deletion ====
  dag mask        : 21011
  latent set      : [1]  (latent nodes: [X2])
  spurious edges  : [X3 o-o X6, X4 o-o X6]  (k=2)
  outcome of deleting each spurious edge from H0:
    X3 o-o X6 : illegal -- genuine/acyclic -- Acyclicity violated: There is a directed cyclic path from X1 to itself in a MAG implied by this graph
    X4 o-o X6 : illegal -- genuine/acyclic -- Acyclicity violated: There is a directed cyclic path from X3 to itself in a MAG implied by this graph
  true DAG (all variables, latents included):
Graph Nodes:
X1;(X2);X3;X4;X5;X6

Graph Edges:
1. X1 --> X2
2. X1 --> X3
3. X1 --> X6
4. X3 --> X4
5. X4 --> X5
6. X5 --> X6


  true PAG G* (over observed):
Graph Nodes:
X1;X3;X4;X5;X6

Graph Edges:
1. X1 o-o X3
2. X1 --> X6
3. X3 o-o X4
4. X4 o-o X5
5. X5 --> X6


  H0 (G* + spurious, cold-reoriented):
Graph Nodes:
X1;X3;X4;X5;X6

Graph Edges:
1. X1 --> X3
2. X1 o-> X6
3. X4 --> X3
4. X5 --> X4
5. X5 o-> X6
6. X6 --> X3
7. X6 --> X4



==== NOSTALL DEADLOCK: gated genuine-legal H0, NO legal single-edge deletion ====
  dag mask        : 21026
  latent set      : [2]  (latent nodes: [X3])
  spurious edges  : [X1 o-o X6, X2 o-o X6]  (k=2)
  outcome of deleting each spurious edge from H0:
    X1 o-o X6 : illegal -- genuine/acyclic -- Acyclicity violated: There is a directed cyclic path from X2 to itself in a MAG implied by this graph
    X2 o-o X6 : illegal -- genuine/acyclic -- Acyclicity violated: There is a directed cyclic path from X1 to itself in a MAG implied by this graph
  true DAG (all variables, latents included):
Graph Nodes:
X1;X2;(X3);X4;X5;X6

Graph Edges:
1. X1 --> X3
2. X2 --> X3
3. X3 --> X4
4. X4 --> X5
5. X5 --> X6


  true PAG G* (over observed):
Graph Nodes:
X1;X2;X4;X5;X6

Graph Edges:
1. X1 o-> X4
2. X2 o-> X4
3. X4 --> X5
4. X5 --> X6


  H0 (G* + spurious, cold-reoriented):
Graph Nodes:
X1;X2;X4;X5;X6

Graph Edges:
1. X1 o-> X4
2. X1 --> X6
3. X2 o-> X4
4. X2 --> X6
5. X4 --> X5
6. X5 --> X6



==== NOSTALL DEADLOCK: gated genuine-legal H0, NO legal single-edge deletion ====
  dag mask        : 21026
  latent set      : [3]  (latent nodes: [X4])
  spurious edges  : [X1 o-o X6, X2 o-o X6]  (k=2)
  outcome of deleting each spurious edge from H0:
    X1 o-o X6 : illegal -- genuine/acyclic -- Acyclicity violated: There is a directed cyclic path from X2 to itself in a MAG implied by this graph
    X2 o-o X6 : illegal -- genuine/acyclic -- Acyclicity violated: There is a directed cyclic path from X1 to itself in a MAG implied by this graph
  true DAG (all variables, latents included):
Graph Nodes:
X1;X2;X3;(X4);X5;X6

Graph Edges:
1. X1 --> X3
2. X2 --> X3
3. X3 --> X4
4. X4 --> X5
5. X5 --> X6


  true PAG G* (over observed):
Graph Nodes:
X1;X2;X3;X5;X6

Graph Edges:
1. X1 o-> X3
2. X2 o-> X3
3. X3 --> X5
4. X5 --> X6


  H0 (G* + spurious, cold-reoriented):
Graph Nodes:
X1;X2;X3;X5;X6

Graph Edges:
1. X1 o-> X3
2. X1 --> X6
3. X2 o-> X3
4. X2 --> X6
5. X3 --> X5
6. X5 --> X6



==== NOSTALL DEADLOCK: gated genuine-legal H0, NO legal single-edge deletion ====
  dag mask        : 21026
  latent set      : [4]  (latent nodes: [X5])
  spurious edges  : [X1 o-o X6, X2 o-o X6]  (k=2)
  outcome of deleting each spurious edge from H0:
    X1 o-o X6 : illegal -- genuine/acyclic -- Acyclicity violated: There is a directed cyclic path from X2 to itself in a MAG implied by this graph
    X2 o-o X6 : illegal -- genuine/acyclic -- Acyclicity violated: There is a directed cyclic path from X1 to itself in a MAG implied by this graph
  true DAG (all variables, latents included):
Graph Nodes:
X1;X2;X3;X4;(X5);X6

Graph Edges:
1. X1 --> X3
2. X2 --> X3
3. X3 --> X4
4. X4 --> X5
5. X5 --> X6


  true PAG G* (over observed):
Graph Nodes:
X1;X2;X3;X4;X6

Graph Edges:
1. X1 o-> X3
2. X2 o-> X3
3. X3 --> X4
4. X4 --> X6


  H0 (G* + spurious, cold-reoriented):
Graph Nodes:
X1;X2;X3;X4;X6

Graph Edges:
1. X1 o-> X3
2. X1 --> X6
3. X2 o-> X3
4. X2 --> X6
5. X3 --> X4
6. X4 --> X6



==== NOSTALL DEADLOCK: gated genuine-legal H0, NO legal single-edge deletion ====
  dag mask        : 21026
  latent set      : [5]  (latent nodes: [X6])
  spurious edges  : [X1 o-o X5, X2 o-o X5]  (k=2)
  outcome of deleting each spurious edge from H0:
    X1 o-o X5 : illegal -- genuine/acyclic -- Acyclicity violated: There is a directed cyclic path from X2 to itself in a MAG implied by this graph
    X2 o-o X5 : illegal -- genuine/acyclic -- Acyclicity violated: There is a directed cyclic path from X1 to itself in a MAG implied by this graph
  true DAG (all variables, latents included):
Graph Nodes:
X1;X2;X3;X4;X5;(X6)

Graph Edges:
1. X1 --> X3
2. X2 --> X3
3. X3 --> X4
4. X4 --> X5
5. X5 --> X6


  true PAG G* (over observed):
Graph Nodes:
X1;X2;X3;X4;X5

Graph Edges:
1. X1 o-> X3
2. X2 o-> X3
3. X3 --> X4
4. X4 --> X5


  H0 (G* + spurious, cold-reoriented):
Graph Nodes:
X1;X2;X3;X4;X5

Graph Edges:
1. X1 o-> X3
2. X1 --> X5
3. X2 o-> X3
4. X2 --> X5
5. X3 --> X4
6. X4 --> X5



==== NOSTALL DEADLOCK: gated genuine-legal H0, NO legal single-edge deletion ====
  dag mask        : 21028
  latent set      : [1]  (latent nodes: [X2])
  spurious edges  : [X1 o-o X6, X3 o-o X6]  (k=2)
  outcome of deleting each spurious edge from H0:
    X1 o-o X6 : illegal -- genuine/acyclic -- Acyclicity violated: There is a directed cyclic path from X3 to itself in a MAG implied by this graph
    X3 o-o X6 : illegal -- genuine/acyclic -- Acyclicity violated: There is a directed cyclic path from X1 to itself in a MAG implied by this graph
  true DAG (all variables, latents included):
Graph Nodes:
X1;(X2);X3;X4;X5;X6

Graph Edges:
1. X1 --> X4
2. X2 --> X3
3. X3 --> X4
4. X4 --> X5
5. X5 --> X6


  true PAG G* (over observed):
Graph Nodes:
X1;X3;X4;X5;X6

Graph Edges:
1. X1 o-> X4
2. X3 o-> X4
3. X4 --> X5
4. X5 --> X6


  H0 (G* + spurious, cold-reoriented):
Graph Nodes:
X1;X3;X4;X5;X6

Graph Edges:
1. X1 o-> X4
2. X1 --> X6
3. X3 o-> X4
4. X3 --> X6
5. X4 --> X5
6. X5 --> X6



==== NOSTALL DEADLOCK: gated genuine-legal H0, NO legal single-edge deletion ====
  dag mask        : 21028
  latent set      : [2]  (latent nodes: [X3])
  spurious edges  : [X1 o-o X6, X2 o-o X6]  (k=2)
  outcome of deleting each spurious edge from H0:
    X1 o-o X6 : illegal -- genuine/acyclic -- Acyclicity violated: There is a directed cyclic path from X2 to itself in a MAG implied by this graph
    X2 o-o X6 : illegal -- genuine/acyclic -- Acyclicity violated: There is a directed cyclic path from X1 to itself in a MAG implied by this graph
  true DAG (all variables, latents included):
Graph Nodes:
X1;X2;(X3);X4;X5;X6

Graph Edges:
1. X1 --> X4
2. X2 --> X3
3. X3 --> X4
4. X4 --> X5
5. X5 --> X6


  true PAG G* (over observed):
Graph Nodes:
X1;X2;X4;X5;X6

Graph Edges:
1. X1 o-> X4
2. X2 o-> X4
3. X4 --> X5
4. X5 --> X6


  H0 (G* + spurious, cold-reoriented):
Graph Nodes:
X1;X2;X4;X5;X6

Graph Edges:
1. X1 o-> X4
2. X1 --> X6
3. X2 o-> X4
4. X2 --> X6
5. X4 --> X5
6. X5 --> X6



==== NOSTALL DEADLOCK: gated genuine-legal H0, NO legal single-edge deletion ====
  dag mask        : 21030
  latent set      : [2]  (latent nodes: [X3])
  spurious edges  : [X1 o-o X6, X2 o-o X6]  (k=2)
  outcome of deleting each spurious edge from H0:
    X1 o-o X6 : illegal -- genuine/acyclic -- Acyclicity violated: There is a directed cyclic path from X2 to itself in a MAG implied by this graph
    X2 o-o X6 : illegal -- genuine/acyclic -- Acyclicity violated: There is a directed cyclic path from X1 to itself in a MAG implied by this graph
  true DAG (all variables, latents included):
Graph Nodes:
X1;X2;(X3);X4;X5;X6

Graph Edges:
1. X1 --> X3
2. X1 --> X4
3. X2 --> X3
4. X3 --> X4
5. X4 --> X5
6. X5 --> X6


  true PAG G* (over observed):
Graph Nodes:
X1;X2;X4;X5;X6

Graph Edges:
1. X1 o-> X4
2. X2 o-> X4
3. X4 --> X5
4. X5 --> X6


  H0 (G* + spurious, cold-reoriented):
Graph Nodes:
X1;X2;X4;X5;X6

Graph Edges:
1. X1 o-> X4
2. X1 --> X6
3. X2 o-> X4
4. X2 --> X6
5. X4 --> X5
6. X5 --> X6



==== NOSTALL DEADLOCK: gated genuine-legal H0, NO legal single-edge deletion ====
  dag mask        : 21033
  latent set      : [4]  (latent nodes: [X5])
  spurious edges  : [X2 o-o X6, X3 o-o X6]  (k=2)
  outcome of deleting each spurious edge from H0:
    X2 o-o X6 : illegal -- genuine/acyclic -- Acyclicity violated: There is a directed cyclic path from X1 to itself in a MAG implied by this graph
    X3 o-o X6 : illegal -- genuine/acyclic -- Acyclicity violated: There is a directed cyclic path from X2 to itself in a MAG implied by this graph
  true DAG (all variables, latents included):
Graph Nodes:
X1;X2;X3;X4;(X5);X6

Graph Edges:
1. X1 --> X2
2. X1 --> X5
3. X2 --> X3
4. X3 --> X4
5. X4 --> X5
6. X5 --> X6


  true PAG G* (over observed):
Graph Nodes:
X1;X2;X3;X4;X6

Graph Edges:
1. X1 o-o X2
2. X1 --> X6
3. X2 o-o X3
4. X3 o-o X4
5. X4 --> X6


  H0 (G* + spurious, cold-reoriented):
Graph Nodes:
X1;X2;X3;X4;X6

Graph Edges:
1. X1 --> X2
2. X1 o-> X6
3. X3 --> X2
4. X4 --> X3
5. X4 o-> X6
6. X6 --> X2
7. X6 --> X3



==== NOSTALL DEADLOCK: gated genuine-legal H0, NO legal single-edge deletion ====
  dag mask        : 21033
  latent set      : [5]  (latent nodes: [X6])
  spurious edges  : [X2 o-o X5, X3 o-o X5]  (k=2)
  outcome of deleting each spurious edge from H0:
    X2 o-o X5 : illegal -- genuine/acyclic -- Acyclicity violated: There is a directed cyclic path from X1 to itself in a MAG implied by this graph
    X3 o-o X5 : illegal -- genuine/acyclic -- Acyclicity violated: There is a directed cyclic path from X2 to itself in a MAG implied by this graph
  true DAG (all variables, latents included):
Graph Nodes:
X1;X2;X3;X4;X5;(X6)

Graph Edges:
1. X1 --> X2
2. X1 --> X5
3. X2 --> X3
4. X3 --> X4
5. X4 --> X5
6. X5 --> X6


  true PAG G* (over observed):
Graph Nodes:
X1;X2;X3;X4;X5

Graph Edges:
1. X1 o-o X2
2. X1 --> X5
3. X2 o-o X3
4. X3 o-o X4
5. X4 --> X5


  H0 (G* + spurious, cold-reoriented):
Graph Nodes:
X1;X2;X3;X4;X5

Graph Edges:
1. X1 --> X2
2. X1 o-> X5
3. X3 --> X2
4. X4 --> X3
5. X4 o-> X5
6. X5 --> X2
7. X5 --> X3



==== NOSTALL DEADLOCK: gated genuine-legal H0, NO legal single-edge deletion ====
  dag mask        : 21041
  latent set      : [0]  (latent nodes: [X1])
  spurious edges  : [X3 o-o X6, X4 o-o X6]  (k=2)
  outcome of deleting each spurious edge from H0:
    X3 o-o X6 : illegal -- genuine/acyclic -- Acyclicity violated: There is a directed cyclic path from X2 to itself in a MAG implied by this graph
    X4 o-o X6 : illegal -- genuine/acyclic -- Acyclicity violated: There is a directed cyclic path from X3 to itself in a MAG implied by this graph
  true DAG (all variables, latents included):
Graph Nodes:
(X1);X2;X3;X4;X5;X6

Graph Edges:
1. X1 --> X2
2. X1 --> X6
3. X2 --> X3
4. X3 --> X4
5. X4 --> X5
6. X5 --> X6


  true PAG G* (over observed):
Graph Nodes:
X2;X3;X4;X5;X6

Graph Edges:
1. X2 o-o X3
2. X2 --> X6
3. X3 o-o X4
4. X4 o-o X5
5. X5 --> X6


  H0 (G* + spurious, cold-reoriented):
Graph Nodes:
X2;X3;X4;X5;X6

Graph Edges:
1. X2 --> X3
2. X2 o-> X6
3. X4 --> X3
4. X5 --> X4
5. X5 o-> X6
6. X6 --> X3
7. X6 --> X4



==== NOSTALL DEADLOCK: gated genuine-legal H0, NO legal single-edge deletion ====
  dag mask        : 21041
  latent set      : [1]  (latent nodes: [X2])
  spurious edges  : [X3 o-o X6, X4 o-o X6]  (k=2)
  outcome of deleting each spurious edge from H0:
    X3 o-o X6 : illegal -- genuine/acyclic -- Acyclicity violated: There is a directed cyclic path from X1 to itself in a MAG implied by this graph
    X4 o-o X6 : illegal -- genuine/acyclic -- Acyclicity violated: There is a directed cyclic path from X3 to itself in a MAG implied by this graph
  true DAG (all variables, latents included):
Graph Nodes:
X1;(X2);X3;X4;X5;X6

Graph Edges:
1. X1 --> X2
2. X1 --> X6
3. X2 --> X3
4. X3 --> X4
5. X4 --> X5
6. X5 --> X6


  true PAG G* (over observed):
Graph Nodes:
X1;X3;X4;X5;X6

Graph Edges:
1. X1 o-o X3
2. X1 --> X6
3. X3 o-o X4
4. X4 o-o X5
5. X5 --> X6


  H0 (G* + spurious, cold-reoriented):
Graph Nodes:
X1;X3;X4;X5;X6

Graph Edges:
1. X1 --> X3
2. X1 o-> X6
3. X4 --> X3
4. X5 --> X4
5. X5 o-> X6
6. X6 --> X3
7. X6 --> X4



==== NOSTALL DEADLOCK: gated genuine-legal H0, NO legal single-edge deletion ====
  dag mask        : 21041
  latent set      : [2]  (latent nodes: [X3])
  spurious edges  : [X2 o-o X6, X4 o-o X6]  (k=2)
  outcome of deleting each spurious edge from H0:
    X2 o-o X6 : illegal -- genuine/acyclic -- Acyclicity violated: There is a directed cyclic path from X1 to itself in a MAG implied by this graph
    X4 o-o X6 : illegal -- genuine/acyclic -- Acyclicity violated: There is a directed cyclic path from X2 to itself in a MAG implied by this graph
  true DAG (all variables, latents included):
Graph Nodes:
X1;X2;(X3);X4;X5;X6

Graph Edges:
1. X1 --> X2
2. X1 --> X6
3. X2 --> X3
4. X3 --> X4
5. X4 --> X5
6. X5 --> X6


  true PAG G* (over observed):
Graph Nodes:
X1;X2;X4;X5;X6

Graph Edges:
1. X1 o-o X2
2. X1 --> X6
3. X2 o-o X4
4. X4 o-o X5
5. X5 --> X6


  H0 (G* + spurious, cold-reoriented):
Graph Nodes:
X1;X2;X4;X5;X6

Graph Edges:
1. X1 --> X2
2. X1 o-> X6
3. X4 --> X2
4. X5 --> X4
5. X5 o-> X6
6. X6 --> X2
7. X6 --> X4



==== NOSTALL DEADLOCK: gated genuine-legal H0, NO legal single-edge deletion ====
  dag mask        : 21041
  latent set      : [3]  (latent nodes: [X4])
  spurious edges  : [X2 o-o X6, X3 o-o X6]  (k=2)
  outcome of deleting each spurious edge from H0:
    X2 o-o X6 : illegal -- genuine/acyclic -- Acyclicity violated: There is a directed cyclic path from X1 to itself in a MAG implied by this graph
    X3 o-o X6 : illegal -- genuine/acyclic -- Acyclicity violated: There is a directed cyclic path from X2 to itself in a MAG implied by this graph
  true DAG (all variables, latents included):
Graph Nodes:
X1;X2;X3;(X4);X5;X6

Graph Edges:
1. X1 --> X2
2. X1 --> X6
3. X2 --> X3
4. X3 --> X4
5. X4 --> X5
6. X5 --> X6


  true PAG G* (over observed):
Graph Nodes:
X1;X2;X3;X5;X6

Graph Edges:
1. X1 o-o X2
2. X1 --> X6
3. X2 o-o X3
4. X3 o-o X5
5. X5 --> X6


  H0 (G* + spurious, cold-reoriented):
Graph Nodes:
X1;X2;X3;X5;X6

Graph Edges:
1. X1 --> X2
2. X1 o-> X6
3. X3 --> X2
4. X5 --> X3
5. X5 o-> X6
6. X6 --> X2
7. X6 --> X3



==== NOSTALL DEADLOCK: gated genuine-legal H0, NO legal single-edge deletion ====
  dag mask        : 21041
  latent set      : [4]  (latent nodes: [X5])
  spurious edges  : [X2 o-o X6, X3 o-o X6]  (k=2)
  outcome of deleting each spurious edge from H0:
    X2 o-o X6 : illegal -- genuine/acyclic -- Acyclicity violated: There is a directed cyclic path from X1 to itself in a MAG implied by this graph
    X3 o-o X6 : illegal -- genuine/acyclic -- Acyclicity violated: There is a directed cyclic path from X2 to itself in a MAG implied by this graph
  true DAG (all variables, latents included):
Graph Nodes:
X1;X2;X3;X4;(X5);X6

Graph Edges:
1. X1 --> X2
2. X1 --> X6
3. X2 --> X3
4. X3 --> X4
5. X4 --> X5
6. X5 --> X6


  true PAG G* (over observed):
Graph Nodes:
X1;X2;X3;X4;X6

Graph Edges:
1. X1 o-o X2
2. X1 --> X6
3. X2 o-o X3
4. X3 o-o X4
5. X4 --> X6


  H0 (G* + spurious, cold-reoriented):
Graph Nodes:
X1;X2;X3;X4;X6

Graph Edges:
1. X1 --> X2
2. X1 o-> X6
3. X3 --> X2
4. X4 --> X3
5. X4 o-> X6
6. X6 --> X2
7. X6 --> X3



==== NOSTALL DEADLOCK: gated genuine-legal H0, NO legal single-edge deletion ====
  dag mask        : 21042
  latent set      : [1]  (latent nodes: [X2])
  spurious edges  : [X3 o-o X6, X4 o-o X6]  (k=2)
  outcome of deleting each spurious edge from H0:
    X3 o-o X6 : illegal -- genuine/acyclic -- Acyclicity violated: There is a directed cyclic path from X1 to itself in a MAG implied by this graph
    X4 o-o X6 : illegal -- genuine/acyclic -- Acyclicity violated: There is a directed cyclic path from X3 to itself in a MAG implied by this graph
  true DAG (all variables, latents included):
Graph Nodes:
X1;(X2);X3;X4;X5;X6

Graph Edges:
1. X1 --> X3
2. X1 --> X6
3. X2 --> X3
4. X3 --> X4
5. X4 --> X5
6. X5 --> X6


  true PAG G* (over observed):
Graph Nodes:
X1;X3;X4;X5;X6

Graph Edges:
1. X1 o-o X3
2. X1 --> X6
3. X3 o-o X4
4. X4 o-o X5
5. X5 --> X6


  H0 (G* + spurious, cold-reoriented):
Graph Nodes:
X1;X3;X4;X5;X6

Graph Edges:
1. X1 --> X3
2. X1 o-> X6
3. X4 --> X3
4. X5 --> X4
5. X5 o-> X6
6. X6 --> X3
7. X6 --> X4



==== NOSTALL DEADLOCK: gated genuine-legal H0, NO legal single-edge deletion ====
  dag mask        : 21042
  latent set      : [5]  (latent nodes: [X6])
  spurious edges  : [X1 o-o X5, X2 o-o X5]  (k=2)
  outcome of deleting each spurious edge from H0:
    X1 o-o X5 : illegal -- genuine/acyclic -- Acyclicity violated: There is a directed cyclic path from X2 to itself in a MAG implied by this graph
    X2 o-o X5 : illegal -- genuine/acyclic -- Acyclicity violated: There is a directed cyclic path from X1 to itself in a MAG implied by this graph
  true DAG (all variables, latents included):
Graph Nodes:
X1;X2;X3;X4;X5;(X6)

Graph Edges:
1. X1 --> X3
2. X1 --> X6
3. X2 --> X3
4. X3 --> X4
5. X4 --> X5
6. X5 --> X6


  true PAG G* (over observed):
Graph Nodes:
X1;X2;X3;X4;X5

Graph Edges:
1. X1 o-> X3
2. X2 o-> X3
3. X3 --> X4
4. X4 --> X5


  H0 (G* + spurious, cold-reoriented):
Graph Nodes:
X1;X2;X3;X4;X5

Graph Edges:
1. X1 o-> X3
2. X1 --> X5
3. X2 o-> X3
4. X2 --> X5
5. X3 --> X4
6. X4 --> X5



==== NOSTALL DEADLOCK: gated genuine-legal H0, NO legal single-edge deletion ====
  dag mask        : 21043
  latent set      : [1]  (latent nodes: [X2])
  spurious edges  : [X3 o-o X6, X4 o-o X6]  (k=2)
  outcome of deleting each spurious edge from H0:
    X3 o-o X6 : illegal -- genuine/acyclic -- Acyclicity violated: There is a directed cyclic path from X1 to itself in a MAG implied by this graph
    X4 o-o X6 : illegal -- genuine/acyclic -- Acyclicity violated: There is a directed cyclic path from X3 to itself in a MAG implied by this graph
  true DAG (all variables, latents included):
Graph Nodes:
X1;(X2);X3;X4;X5;X6

Graph Edges:
1. X1 --> X2
2. X1 --> X3
3. X1 --> X6
4. X2 --> X3
5. X3 --> X4
6. X4 --> X5
7. X5 --> X6


  true PAG G* (over observed):
Graph Nodes:
X1;X3;X4;X5;X6

Graph Edges:
1. X1 o-o X3
2. X1 --> X6
3. X3 o-o X4
4. X4 o-o X5
5. X5 --> X6


  H0 (G* + spurious, cold-reoriented):
Graph Nodes:
X1;X3;X4;X5;X6

Graph Edges:
1. X1 --> X3
2. X1 o-> X6
3. X4 --> X3
4. X5 --> X4
5. X5 o-> X6
6. X6 --> X3
7. X6 --> X4



==== NOSTALL DEADLOCK: gated genuine-legal H0, NO legal single-edge deletion ====
  dag mask        : 21049
  latent set      : [4]  (latent nodes: [X5])
  spurious edges  : [X2 o-o X6, X3 o-o X6]  (k=2)
  outcome of deleting each spurious edge from H0:
    X2 o-o X6 : illegal -- genuine/acyclic -- Acyclicity violated: There is a directed cyclic path from X1 to itself in a MAG implied by this graph
    X3 o-o X6 : illegal -- genuine/acyclic -- Acyclicity violated: There is a directed cyclic path from X2 to itself in a MAG implied by this graph
  true DAG (all variables, latents included):
Graph Nodes:
X1;X2;X3;X4;(X5);X6

Graph Edges:
1. X1 --> X2
2. X1 --> X5
3. X1 --> X6
4. X2 --> X3
5. X3 --> X4
6. X4 --> X5
7. X5 --> X6


  true PAG G* (over observed):
Graph Nodes:
X1;X2;X3;X4;X6

Graph Edges:
1. X1 o-o X2
2. X1 --> X6
3. X2 o-o X3
4. X3 o-o X4
5. X4 --> X6


  H0 (G* + spurious, cold-reoriented):
Graph Nodes:
X1;X2;X3;X4;X6

Graph Edges:
1. X1 --> X2
2. X1 o-> X6
3. X3 --> X2
4. X4 --> X3
5. X4 o-> X6
6. X6 --> X2
7. X6 --> X3



==== NOSTALL DEADLOCK: gated genuine-legal H0, NO legal single-edge deletion ====
  dag mask        : 21049
  latent set      : [5]  (latent nodes: [X6])
  spurious edges  : [X2 o-o X5, X3 o-o X5]  (k=2)
  outcome of deleting each spurious edge from H0:
    X2 o-o X5 : illegal -- genuine/acyclic -- Acyclicity violated: There is a directed cyclic path from X1 to itself in a MAG implied by this graph
    X3 o-o X5 : illegal -- genuine/acyclic -- Acyclicity violated: There is a directed cyclic path from X2 to itself in a MAG implied by this graph
  true DAG (all variables, latents included):
Graph Nodes:
X1;X2;X3;X4;X5;(X6)

Graph Edges:
1. X1 --> X2
2. X1 --> X5
3. X1 --> X6
4. X2 --> X3
5. X3 --> X4
6. X4 --> X5
7. X5 --> X6


  true PAG G* (over observed):
Graph Nodes:
X1;X2;X3;X4;X5

Graph Edges:
1. X1 o-o X2
2. X1 --> X5
3. X2 o-o X3
4. X3 o-o X4
5. X4 --> X5


  H0 (G* + spurious, cold-reoriented):
Graph Nodes:
X1;X2;X3;X4;X5

Graph Edges:
1. X1 --> X2
2. X1 o-> X5
3. X3 --> X2
4. X4 --> X3
5. X4 o-> X5
6. X5 --> X2
7. X5 --> X3



==== NOSTALL DEADLOCK: gated genuine-legal H0, NO legal single-edge deletion ====
  dag mask        : 21056
  latent set      : [0]  (latent nodes: [X1])
  spurious edges  : [X2 o-o X6, X3 o-o X6]  (k=2)
  outcome of deleting each spurious edge from H0:
    X2 o-o X6 : illegal -- genuine/acyclic -- Acyclicity violated: There is a directed cyclic path from X3 to itself in a MAG implied by this graph
    X3 o-o X6 : illegal -- genuine/acyclic -- Acyclicity violated: There is a directed cyclic path from X2 to itself in a MAG implied by this graph
  true DAG (all variables, latents included):
Graph Nodes:
(X1);X2;X3;X4;X5;X6

Graph Edges:
1. X2 --> X4
2. X3 --> X4
3. X4 --> X5
4. X5 --> X6


  true PAG G* (over observed):
Graph Nodes:
X2;X3;X4;X5;X6

Graph Edges:
1. X2 o-> X4
2. X3 o-> X4
3. X4 --> X5
4. X5 --> X6


  H0 (G* + spurious, cold-reoriented):
Graph Nodes:
X2;X3;X4;X5;X6

Graph Edges:
1. X2 o-> X4
2. X2 --> X6
3. X3 o-> X4
4. X3 --> X6
5. X4 --> X5
6. X5 --> X6



==== NOSTALL DEADLOCK: gated genuine-legal H0, NO legal single-edge deletion ====
  dag mask        : 21057
  latent set      : [0]  (latent nodes: [X1])
  spurious edges  : [X2 o-o X6, X3 o-o X6]  (k=2)
  outcome of deleting each spurious edge from H0:
    X2 o-o X6 : illegal -- genuine/acyclic -- Acyclicity violated: There is a directed cyclic path from X3 to itself in a MAG implied by this graph
    X3 o-o X6 : illegal -- genuine/acyclic -- Acyclicity violated: There is a directed cyclic path from X2 to itself in a MAG implied by this graph
  true DAG (all variables, latents included):
Graph Nodes:
(X1);X2;X3;X4;X5;X6

Graph Edges:
1. X1 --> X2
2. X2 --> X4
3. X3 --> X4
4. X4 --> X5
5. X5 --> X6


  true PAG G* (over observed):
Graph Nodes:
X2;X3;X4;X5;X6

Graph Edges:
1. X2 o-> X4
2. X3 o-> X4
3. X4 --> X5
4. X5 --> X6


  H0 (G* + spurious, cold-reoriented):
Graph Nodes:
X2;X3;X4;X5;X6

Graph Edges:
1. X2 o-> X4
2. X2 --> X6
3. X3 o-> X4
4. X3 --> X6
5. X4 --> X5
6. X5 --> X6



==== NOSTALL DEADLOCK: gated genuine-legal H0, NO legal single-edge deletion ====
  dag mask        : 21057
  latent set      : [1]  (latent nodes: [X2])
  spurious edges  : [X1 o-o X6, X3 o-o X6]  (k=2)
  outcome of deleting each spurious edge from H0:
    X1 o-o X6 : illegal -- genuine/acyclic -- Acyclicity violated: There is a directed cyclic path from X3 to itself in a MAG implied by this graph
    X3 o-o X6 : illegal -- genuine/acyclic -- Acyclicity violated: There is a directed cyclic path from X1 to itself in a MAG implied by this graph
  true DAG (all variables, latents included):
Graph Nodes:
X1;(X2);X3;X4;X5;X6

Graph Edges:
1. X1 --> X2
2. X2 --> X4
3. X3 --> X4
4. X4 --> X5
5. X5 --> X6


  true PAG G* (over observed):
Graph Nodes:
X1;X3;X4;X5;X6

Graph Edges:
1. X1 o-> X4
2. X3 o-> X4
3. X4 --> X5
4. X5 --> X6


  H0 (G* + spurious, cold-reoriented):
Graph Nodes:
X1;X3;X4;X5;X6

Graph Edges:
1. X1 o-> X4
2. X1 --> X6
3. X3 o-> X4
4. X3 --> X6
5. X4 --> X5
6. X5 --> X6



==== NOSTALL DEADLOCK: gated genuine-legal H0, NO legal single-edge deletion ====
  dag mask        : 21058
  latent set      : [0]  (latent nodes: [X1])
  spurious edges  : [X2 o-o X6, X3 o-o X6]  (k=2)
  outcome of deleting each spurious edge from H0:
    X2 o-o X6 : illegal -- genuine/acyclic -- Acyclicity violated: There is a directed cyclic path from X3 to itself in a MAG implied by this graph
    X3 o-o X6 : illegal -- genuine/acyclic -- Acyclicity violated: There is a directed cyclic path from X2 to itself in a MAG implied by this graph
  true DAG (all variables, latents included):
Graph Nodes:
(X1);X2;X3;X4;X5;X6

Graph Edges:
1. X1 --> X3
2. X2 --> X4
3. X3 --> X4
4. X4 --> X5
5. X5 --> X6


  true PAG G* (over observed):
Graph Nodes:
X2;X3;X4;X5;X6

Graph Edges:
1. X2 o-> X4
2. X3 o-> X4
3. X4 --> X5
4. X5 --> X6


  H0 (G* + spurious, cold-reoriented):
Graph Nodes:
X2;X3;X4;X5;X6

Graph Edges:
1. X2 o-> X4
2. X2 --> X6
3. X3 o-> X4
4. X3 --> X6
5. X4 --> X5
6. X5 --> X6



==== NOSTALL DEADLOCK: gated genuine-legal H0, NO legal single-edge deletion ====
  dag mask        : 21058
  latent set      : [2]  (latent nodes: [X3])
  spurious edges  : [X1 o-o X6, X2 o-o X6]  (k=2)
  outcome of deleting each spurious edge from H0:
    X1 o-o X6 : illegal -- genuine/acyclic -- Acyclicity violated: There is a directed cyclic path from X2 to itself in a MAG implied by this graph
    X2 o-o X6 : illegal -- genuine/acyclic -- Acyclicity violated: There is a directed cyclic path from X1 to itself in a MAG implied by this graph
  true DAG (all variables, latents included):
Graph Nodes:
X1;X2;(X3);X4;X5;X6

Graph Edges:
1. X1 --> X3
2. X2 --> X4
3. X3 --> X4
4. X4 --> X5
5. X5 --> X6


  true PAG G* (over observed):
Graph Nodes:
X1;X2;X4;X5;X6

Graph Edges:
1. X1 o-> X4
2. X2 o-> X4
3. X4 --> X5
4. X5 --> X6


  H0 (G* + spurious, cold-reoriented):
Graph Nodes:
X1;X2;X4;X5;X6

Graph Edges:
1. X1 o-> X4
2. X1 --> X6
3. X2 o-> X4
4. X2 --> X6
5. X4 --> X5
6. X5 --> X6



==== NOSTALL DEADLOCK: gated genuine-legal H0, NO legal single-edge deletion ====
  dag mask        : 21060
  latent set      : [0]  (latent nodes: [X1])
  spurious edges  : [X2 o-o X6, X3 o-o X6]  (k=2)
  outcome of deleting each spurious edge from H0:
    X2 o-o X6 : illegal -- genuine/acyclic -- Acyclicity violated: There is a directed cyclic path from X3 to itself in a MAG implied by this graph
    X3 o-o X6 : illegal -- genuine/acyclic -- Acyclicity violated: There is a directed cyclic path from X2 to itself in a MAG implied by this graph
  true DAG (all variables, latents included):
Graph Nodes:
(X1);X2;X3;X4;X5;X6

Graph Edges:
1. X1 --> X4
2. X2 --> X4
3. X3 --> X4
4. X4 --> X5
5. X5 --> X6


  true PAG G* (over observed):
Graph Nodes:
X2;X3;X4;X5;X6

Graph Edges:
1. X2 o-> X4
2. X3 o-> X4
3. X4 --> X5
4. X5 --> X6


  H0 (G* + spurious, cold-reoriented):
Graph Nodes:
X2;X3;X4;X5;X6

Graph Edges:
1. X2 o-> X4
2. X2 --> X6
3. X3 o-> X4
4. X3 --> X6
5. X4 --> X5
6. X5 --> X6



==== NOSTALL DEADLOCK: gated genuine-legal H0, NO legal single-edge deletion ====
  dag mask        : 21060
  latent set      : [1]  (latent nodes: [X2])
  spurious edges  : [X1 o-o X6, X3 o-o X6]  (k=2)
  outcome of deleting each spurious edge from H0:
    X1 o-o X6 : illegal -- genuine/acyclic -- Acyclicity violated: There is a directed cyclic path from X3 to itself in a MAG implied by this graph
    X3 o-o X6 : illegal -- genuine/acyclic -- Acyclicity violated: There is a directed cyclic path from X1 to itself in a MAG implied by this graph
  true DAG (all variables, latents included):
Graph Nodes:
X1;(X2);X3;X4;X5;X6

Graph Edges:
1. X1 --> X4
2. X2 --> X4
3. X3 --> X4
4. X4 --> X5
5. X5 --> X6


  true PAG G* (over observed):
Graph Nodes:
X1;X3;X4;X5;X6

Graph Edges:
1. X1 o-> X4
2. X3 o-> X4
3. X4 --> X5
4. X5 --> X6


  H0 (G* + spurious, cold-reoriented):
Graph Nodes:
X1;X3;X4;X5;X6

Graph Edges:
1. X1 o-> X4
2. X1 --> X6
3. X3 o-> X4
4. X3 --> X6
5. X4 --> X5
6. X5 --> X6



==== NOSTALL DEADLOCK: gated genuine-legal H0, NO legal single-edge deletion ====
  dag mask        : 21060
  latent set      : [2]  (latent nodes: [X3])
  spurious edges  : [X1 o-o X6, X2 o-o X6]  (k=2)
  outcome of deleting each spurious edge from H0:
    X1 o-o X6 : illegal -- genuine/acyclic -- Acyclicity violated: There is a directed cyclic path from X2 to itself in a MAG implied by this graph
    X2 o-o X6 : illegal -- genuine/acyclic -- Acyclicity violated: There is a directed cyclic path from X1 to itself in a MAG implied by this graph
  true DAG (all variables, latents included):
Graph Nodes:
X1;X2;(X3);X4;X5;X6

Graph Edges:
1. X1 --> X4
2. X2 --> X4
3. X3 --> X4
4. X4 --> X5
5. X5 --> X6


  true PAG G* (over observed):
Graph Nodes:
X1;X2;X4;X5;X6

Graph Edges:
1. X1 o-> X4
2. X2 o-> X4
3. X4 --> X5
4. X5 --> X6


  H0 (G* + spurious, cold-reoriented):
Graph Nodes:
X1;X2;X4;X5;X6

Graph Edges:
1. X1 o-> X4
2. X1 --> X6
3. X2 o-> X4
4. X2 --> X6
5. X4 --> X5
6. X5 --> X6



==== NOSTALL DEADLOCK: gated genuine-legal H0, NO legal single-edge deletion ====
  dag mask        : 21061
  latent set      : [0]  (latent nodes: [X1])
  spurious edges  : [X2 o-o X6, X3 o-o X6]  (k=2)
  outcome of deleting each spurious edge from H0:
    X2 o-o X6 : illegal -- genuine/acyclic -- Acyclicity violated: There is a directed cyclic path from X3 to itself in a MAG implied by this graph
    X3 o-o X6 : illegal -- genuine/acyclic -- Acyclicity violated: There is a directed cyclic path from X2 to itself in a MAG implied by this graph
  true DAG (all variables, latents included):
Graph Nodes:
(X1);X2;X3;X4;X5;X6

Graph Edges:
1. X1 --> X2
2. X1 --> X4
3. X2 --> X4
4. X3 --> X4
5. X4 --> X5
6. X5 --> X6


  true PAG G* (over observed):
Graph Nodes:
X2;X3;X4;X5;X6

Graph Edges:
1. X2 o-> X4
2. X3 o-> X4
3. X4 --> X5
4. X5 --> X6


  H0 (G* + spurious, cold-reoriented):
Graph Nodes:
X2;X3;X4;X5;X6

Graph Edges:
1. X2 o-> X4
2. X2 --> X6
3. X3 o-> X4
4. X3 --> X6
5. X4 --> X5
6. X5 --> X6



==== NOSTALL DEADLOCK: gated genuine-legal H0, NO legal single-edge deletion ====
  dag mask        : 21061
  latent set      : [1]  (latent nodes: [X2])
  spurious edges  : [X1 o-o X6, X3 o-o X6]  (k=2)
  outcome of deleting each spurious edge from H0:
    X1 o-o X6 : illegal -- genuine/acyclic -- Acyclicity violated: There is a directed cyclic path from X3 to itself in a MAG implied by this graph
    X3 o-o X6 : illegal -- genuine/acyclic -- Acyclicity violated: There is a directed cyclic path from X1 to itself in a MAG implied by this graph
  true DAG (all variables, latents included):
Graph Nodes:
X1;(X2);X3;X4;X5;X6

Graph Edges:
1. X1 --> X2
2. X1 --> X4
3. X2 --> X4
4. X3 --> X4
5. X4 --> X5
6. X5 --> X6


  true PAG G* (over observed):
Graph Nodes:
X1;X3;X4;X5;X6

Graph Edges:
1. X1 o-> X4
2. X3 o-> X4
3. X4 --> X5
4. X5 --> X6


  H0 (G* + spurious, cold-reoriented):
Graph Nodes:
X1;X3;X4;X5;X6

Graph Edges:
1. X1 o-> X4
2. X1 --> X6
3. X3 o-> X4
4. X3 --> X6
5. X4 --> X5
6. X5 --> X6



==== NOSTALL DEADLOCK: gated genuine-legal H0, NO legal single-edge deletion ====
  dag mask        : 21062
  latent set      : [0]  (latent nodes: [X1])
  spurious edges  : [X2 o-o X6, X3 o-o X6]  (k=2)
  outcome of deleting each spurious edge from H0:
    X2 o-o X6 : illegal -- genuine/acyclic -- Acyclicity violated: There is a directed cyclic path from X3 to itself in a MAG implied by this graph
    X3 o-o X6 : illegal -- genuine/acyclic -- Acyclicity violated: There is a directed cyclic path from X2 to itself in a MAG implied by this graph
  true DAG (all variables, latents included):
Graph Nodes:
(X1);X2;X3;X4;X5;X6

Graph Edges:
1. X1 --> X3
2. X1 --> X4
3. X2 --> X4
4. X3 --> X4
5. X4 --> X5
6. X5 --> X6


  true PAG G* (over observed):
Graph Nodes:
X2;X3;X4;X5;X6

Graph Edges:
1. X2 o-> X4
2. X3 o-> X4
3. X4 --> X5
4. X5 --> X6


  H0 (G* + spurious, cold-reoriented):
Graph Nodes:
X2;X3;X4;X5;X6

Graph Edges:
1. X2 o-> X4
2. X2 --> X6
3. X3 o-> X4
4. X3 --> X6
5. X4 --> X5
6. X5 --> X6



==== NOSTALL DEADLOCK: gated genuine-legal H0, NO legal single-edge deletion ====
  dag mask        : 21062
  latent set      : [2]  (latent nodes: [X3])
  spurious edges  : [X1 o-o X6, X2 o-o X6]  (k=2)
  outcome of deleting each spurious edge from H0:
    X1 o-o X6 : illegal -- genuine/acyclic -- Acyclicity violated: There is a directed cyclic path from X2 to itself in a MAG implied by this graph
    X2 o-o X6 : illegal -- genuine/acyclic -- Acyclicity violated: There is a directed cyclic path from X1 to itself in a MAG implied by this graph
  true DAG (all variables, latents included):
Graph Nodes:
X1;X2;(X3);X4;X5;X6

Graph Edges:
1. X1 --> X3
2. X1 --> X4
3. X2 --> X4
4. X3 --> X4
5. X4 --> X5
6. X5 --> X6


  true PAG G* (over observed):
Graph Nodes:
X1;X2;X4;X5;X6

Graph Edges:
1. X1 o-> X4
2. X2 o-> X4
3. X4 --> X5
4. X5 --> X6


  H0 (G* + spurious, cold-reoriented):
Graph Nodes:
X1;X2;X4;X5;X6

Graph Edges:
1. X1 o-> X4
2. X1 --> X6
3. X2 o-> X4
4. X2 --> X6
5. X4 --> X5
6. X5 --> X6



==== NOSTALL DEADLOCK: gated genuine-legal H0, NO legal single-edge deletion ====
  dag mask        : 21064
  latent set      : [0]  (latent nodes: [X1])
  spurious edges  : [X2 o-o X6, X3 o-o X6]  (k=2)
  outcome of deleting each spurious edge from H0:
    X2 o-o X6 : illegal -- genuine/acyclic -- Acyclicity violated: There is a directed cyclic path from X3 to itself in a MAG implied by this graph
    X3 o-o X6 : illegal -- genuine/acyclic -- Acyclicity violated: There is a directed cyclic path from X2 to itself in a MAG implied by this graph
  true DAG (all variables, latents included):
Graph Nodes:
(X1);X2;X3;X4;X5;X6

Graph Edges:
1. X1 --> X5
2. X2 --> X4
3. X3 --> X4
4. X4 --> X5
5. X5 --> X6


  true PAG G* (over observed):
Graph Nodes:
X2;X3;X4;X5;X6

Graph Edges:
1. X2 o-> X4
2. X3 o-> X4
3. X4 --> X5
4. X5 --> X6


  H0 (G* + spurious, cold-reoriented):
Graph Nodes:
X2;X3;X4;X5;X6

Graph Edges:
1. X2 o-> X4
2. X2 --> X6
3. X3 o-> X4
4. X3 --> X6
5. X4 --> X5
6. X5 --> X6



==== NOSTALL DEADLOCK: gated genuine-legal H0, NO legal single-edge deletion ====
  dag mask        : 21072
  latent set      : [0]  (latent nodes: [X1])
  spurious edges  : [X2 o-o X6, X3 o-o X6]  (k=2)
  outcome of deleting each spurious edge from H0:
    X2 o-o X6 : illegal -- genuine/acyclic -- Acyclicity violated: There is a directed cyclic path from X3 to itself in a MAG implied by this graph
    X3 o-o X6 : illegal -- genuine/acyclic -- Acyclicity violated: There is a directed cyclic path from X2 to itself in a MAG implied by this graph
  true DAG (all variables, latents included):
Graph Nodes:
(X1);X2;X3;X4;X5;X6

Graph Edges:
1. X1 --> X6
2. X2 --> X4
3. X3 --> X4
4. X4 --> X5
5. X5 --> X6


  true PAG G* (over observed):
Graph Nodes:
X2;X3;X4;X5;X6

Graph Edges:
1. X2 o-> X4
2. X3 o-> X4
3. X4 --> X5
4. X5 --> X6


  H0 (G* + spurious, cold-reoriented):
Graph Nodes:
X2;X3;X4;X5;X6

Graph Edges:
1. X2 o-> X4
2. X2 --> X6
3. X3 o-> X4
4. X3 --> X6
5. X4 --> X5
6. X5 --> X6



==== NOSTALL DEADLOCK: gated genuine-legal H0, NO legal single-edge deletion ====
  dag mask        : 21073
  latent set      : [2]  (latent nodes: [X3])
  spurious edges  : [X2 o-o X6, X4 o-o X6]  (k=2)
  outcome of deleting each spurious edge from H0:
    X2 o-o X6 : illegal -- genuine/acyclic -- Acyclicity violated: There is a directed cyclic path from X1 to itself in a MAG implied by this graph
    X4 o-o X6 : illegal -- genuine/acyclic -- Acyclicity violated: There is a directed cyclic path from X2 to itself in a MAG implied by this graph
  true DAG (all variables, latents included):
Graph Nodes:
X1;X2;(X3);X4;X5;X6

Graph Edges:
1. X1 --> X2
2. X1 --> X6
3. X2 --> X4
4. X3 --> X4
5. X4 --> X5
6. X5 --> X6


  true PAG G* (over observed):
Graph Nodes:
X1;X2;X4;X5;X6

Graph Edges:
1. X1 o-o X2
2. X1 --> X6
3. X2 o-o X4
4. X4 o-o X5
5. X5 --> X6


  H0 (G* + spurious, cold-reoriented):
Graph Nodes:
X1;X2;X4;X5;X6

Graph Edges:
1. X1 --> X2
2. X1 o-> X6
3. X4 --> X2
4. X5 --> X4
5. X5 o-> X6
6. X6 --> X2
7. X6 --> X4



==== NOSTALL DEADLOCK: gated genuine-legal H0, NO legal single-edge deletion ====
  dag mask        : 21074
  latent set      : [1]  (latent nodes: [X2])
  spurious edges  : [X3 o-o X6, X4 o-o X6]  (k=2)
  outcome of deleting each spurious edge from H0:
    X3 o-o X6 : illegal -- genuine/acyclic -- Acyclicity violated: There is a directed cyclic path from X1 to itself in a MAG implied by this graph
    X4 o-o X6 : illegal -- genuine/acyclic -- Acyclicity violated: There is a directed cyclic path from X3 to itself in a MAG implied by this graph
  true DAG (all variables, latents included):
Graph Nodes:
X1;(X2);X3;X4;X5;X6

Graph Edges:
1. X1 --> X3
2. X1 --> X6
3. X2 --> X4
4. X3 --> X4
5. X4 --> X5
6. X5 --> X6


  true PAG G* (over observed):
Graph Nodes:
X1;X3;X4;X5;X6

Graph Edges:
1. X1 o-o X3
2. X1 --> X6
3. X3 o-o X4
4. X4 o-o X5
5. X5 --> X6


  H0 (G* + spurious, cold-reoriented):
Graph Nodes:
X1;X3;X4;X5;X6

Graph Edges:
1. X1 --> X3
2. X1 o-> X6
3. X4 --> X3
4. X5 --> X4
5. X5 o-> X6
6. X6 --> X3
7. X6 --> X4



==== NOSTALL DEADLOCK: gated genuine-legal H0, NO legal single-edge deletion ====
  dag mask        : 21090
  latent set      : [2]  (latent nodes: [X3])
  spurious edges  : [X1 o-o X6, X2 o-o X6]  (k=2)
  outcome of deleting each spurious edge from H0:
    X1 o-o X6 : illegal -- genuine/acyclic -- Acyclicity violated: There is a directed cyclic path from X2 to itself in a MAG implied by this graph
    X2 o-o X6 : illegal -- genuine/acyclic -- Acyclicity violated: There is a directed cyclic path from X1 to itself in a MAG implied by this graph
  true DAG (all variables, latents included):
Graph Nodes:
X1;X2;(X3);X4;X5;X6

Graph Edges:
1. X1 --> X3
2. X2 --> X3
3. X2 --> X4
4. X3 --> X4
5. X4 --> X5
6. X5 --> X6


  true PAG G* (over observed):
Graph Nodes:
X1;X2;X4;X5;X6

Graph Edges:
1. X1 o-> X4
2. X2 o-> X4
3. X4 --> X5
4. X5 --> X6


  H0 (G* + spurious, cold-reoriented):
Graph Nodes:
X1;X2;X4;X5;X6

Graph Edges:
1. X1 o-> X4
2. X1 --> X6
3. X2 o-> X4
4. X2 --> X6
5. X4 --> X5
6. X5 --> X6



==== NOSTALL DEADLOCK: gated genuine-legal H0, NO legal single-edge deletion ====
  dag mask        : 21092
  latent set      : [1]  (latent nodes: [X2])
  spurious edges  : [X1 o-o X6, X3 o-o X6]  (k=2)
  outcome of deleting each spurious edge from H0:
    X1 o-o X6 : illegal -- genuine/acyclic -- Acyclicity violated: There is a directed cyclic path from X3 to itself in a MAG implied by this graph
    X3 o-o X6 : illegal -- genuine/acyclic -- Acyclicity violated: There is a directed cyclic path from X1 to itself in a MAG implied by this graph
  true DAG (all variables, latents included):
Graph Nodes:
X1;(X2);X3;X4;X5;X6

Graph Edges:
1. X1 --> X4
2. X2 --> X3
3. X2 --> X4
4. X3 --> X4
5. X4 --> X5
6. X5 --> X6


  true PAG G* (over observed):
Graph Nodes:
X1;X3;X4;X5;X6

Graph Edges:
1. X1 o-> X4
2. X3 o-> X4
3. X4 --> X5
4. X5 --> X6


  H0 (G* + spurious, cold-reoriented):
Graph Nodes:
X1;X3;X4;X5;X6

Graph Edges:
1. X1 o-> X4
2. X1 --> X6
3. X3 o-> X4
4. X3 --> X6
5. X4 --> X5
6. X5 --> X6



==== NOSTALL DEADLOCK: gated genuine-legal H0, NO legal single-edge deletion ====
  dag mask        : 21092
  latent set      : [2]  (latent nodes: [X3])
  spurious edges  : [X1 o-o X6, X2 o-o X6]  (k=2)
  outcome of deleting each spurious edge from H0:
    X1 o-o X6 : illegal -- genuine/acyclic -- Acyclicity violated: There is a directed cyclic path from X2 to itself in a MAG implied by this graph
    X2 o-o X6 : illegal -- genuine/acyclic -- Acyclicity violated: There is a directed cyclic path from X1 to itself in a MAG implied by this graph
  true DAG (all variables, latents included):
Graph Nodes:
X1;X2;(X3);X4;X5;X6

Graph Edges:
1. X1 --> X4
2. X2 --> X3
3. X2 --> X4
4. X3 --> X4
5. X4 --> X5
6. X5 --> X6


  true PAG G* (over observed):
Graph Nodes:
X1;X2;X4;X5;X6

Graph Edges:
1. X1 o-> X4
2. X2 o-> X4
3. X4 --> X5
4. X5 --> X6


  H0 (G* + spurious, cold-reoriented):
Graph Nodes:
X1;X2;X4;X5;X6

Graph Edges:
1. X1 o-> X4
2. X1 --> X6
3. X2 o-> X4
4. X2 --> X6
5. X4 --> X5
6. X5 --> X6



==== NOSTALL DEADLOCK: gated genuine-legal H0, NO legal single-edge deletion ====
  dag mask        : 21094
  latent set      : [2]  (latent nodes: [X3])
  spurious edges  : [X1 o-o X6, X2 o-o X6]  (k=2)
  outcome of deleting each spurious edge from H0:
    X1 o-o X6 : illegal -- genuine/acyclic -- Acyclicity violated: There is a directed cyclic path from X2 to itself in a MAG implied by this graph
    X2 o-o X6 : illegal -- genuine/acyclic -- Acyclicity violated: There is a directed cyclic path from X1 to itself in a MAG implied by this graph
  true DAG (all variables, latents included):
Graph Nodes:
X1;X2;(X3);X4;X5;X6

Graph Edges:
1. X1 --> X3
2. X1 --> X4
3. X2 --> X3
4. X2 --> X4
5. X3 --> X4
6. X4 --> X5
7. X5 --> X6


  true PAG G* (over observed):
Graph Nodes:
X1;X2;X4;X5;X6

Graph Edges:
1. X1 o-> X4
2. X2 o-> X4
3. X4 --> X5
4. X5 --> X6


  H0 (G* + spurious, cold-reoriented):
Graph Nodes:
X1;X2;X4;X5;X6

Graph Edges:
1. X1 o-> X4
2. X1 --> X6
3. X2 o-> X4
4. X2 --> X6
5. X4 --> X5
6. X5 --> X6



==== NOSTALL DEADLOCK: gated genuine-legal H0, NO legal single-edge deletion ====
  dag mask        : 21105
  latent set      : [2]  (latent nodes: [X3])
  spurious edges  : [X2 o-o X6, X4 o-o X6]  (k=2)
  outcome of deleting each spurious edge from H0:
    X2 o-o X6 : illegal -- genuine/acyclic -- Acyclicity violated: There is a directed cyclic path from X1 to itself in a MAG implied by this graph
    X4 o-o X6 : illegal -- genuine/acyclic -- Acyclicity violated: There is a directed cyclic path from X2 to itself in a MAG implied by this graph
  true DAG (all variables, latents included):
Graph Nodes:
X1;X2;(X3);X4;X5;X6

Graph Edges:
1. X1 --> X2
2. X1 --> X6
3. X2 --> X3
4. X2 --> X4
5. X3 --> X4
6. X4 --> X5
7. X5 --> X6


  true PAG G* (over observed):
Graph Nodes:
X1;X2;X4;X5;X6

Graph Edges:
1. X1 o-o X2
2. X1 --> X6
3. X2 o-o X4
4. X4 o-o X5
5. X5 --> X6


  H0 (G* + spurious, cold-reoriented):
Graph Nodes:
X1;X2;X4;X5;X6

Graph Edges:
1. X1 --> X2
2. X1 o-> X6
3. X4 --> X2
4. X5 --> X4
5. X5 o-> X6
6. X6 --> X2
7. X6 --> X4



==== NOSTALL DEADLOCK: gated genuine-legal H0, NO legal single-edge deletion ====
  dag mask        : 21123
  latent set      : [4]  (latent nodes: [X5])
  spurious edges  : [X1 o-o X6, X3 o-o X6]  (k=2)
  outcome of deleting each spurious edge from H0:
    X1 o-o X6 : illegal -- genuine/acyclic -- Acyclicity violated: There is a directed cyclic path from X1 to itself in a MAG implied by this graph
    X3 o-o X6 : illegal -- genuine/acyclic -- Acyclicity violated: There is a directed cyclic path from X1 to itself in a MAG implied by this graph
  true DAG (all variables, latents included):
Graph Nodes:
X1;X2;X3;X4;(X5);X6

Graph Edges:
1. X1 --> X2
2. X1 --> X3
3. X2 --> X5
4. X3 --> X4
5. X4 --> X5
6. X5 --> X6


  true PAG G* (over observed):
Graph Nodes:
X1;X2;X3;X4;X6

Graph Edges:
1. X1 o-o X2
2. X1 o-o X3
3. X2 --> X6
4. X3 o-o X4
5. X4 --> X6


  H0 (G* + spurious, cold-reoriented):
Graph Nodes:
X1;X2;X3;X4;X6

Graph Edges:
1. X2 --> X1
2. X2 o-> X6
3. X3 --> X1
4. X4 --> X3
5. X4 o-> X6
6. X6 --> X1
7. X6 --> X3



==== NOSTALL DEADLOCK: gated genuine-legal H0, NO legal single-edge deletion ====
  dag mask        : 21123
  latent set      : [5]  (latent nodes: [X6])
  spurious edges  : [X1 o-o X5, X3 o-o X5]  (k=2)
  outcome of deleting each spurious edge from H0:
    X1 o-o X5 : illegal -- genuine/acyclic -- Acyclicity violated: There is a directed cyclic path from X1 to itself in a MAG implied by this graph
    X3 o-o X5 : illegal -- genuine/acyclic -- Acyclicity violated: There is a directed cyclic path from X1 to itself in a MAG implied by this graph
  true DAG (all variables, latents included):
Graph Nodes:
X1;X2;X3;X4;X5;(X6)

Graph Edges:
1. X1 --> X2
2. X1 --> X3
3. X2 --> X5
4. X3 --> X4
5. X4 --> X5
6. X5 --> X6


  true PAG G* (over observed):
Graph Nodes:
X1;X2;X3;X4;X5

Graph Edges:
1. X1 o-o X2
2. X1 o-o X3
3. X2 --> X5
4. X3 o-o X4
5. X4 --> X5


  H0 (G* + spurious, cold-reoriented):
Graph Nodes:
X1;X2;X3;X4;X5

Graph Edges:
1. X2 --> X1
2. X2 o-> X5
3. X3 --> X1
4. X4 --> X3
5. X4 o-> X5
6. X5 --> X1
7. X5 --> X3



==== NOSTALL DEADLOCK: gated genuine-legal H0, NO legal single-edge deletion ====
  dag mask        : 21124
  latent set      : [1]  (latent nodes: [X2])
  spurious edges  : [X1 o-o X6, X3 o-o X6]  (k=2)
  outcome of deleting each spurious edge from H0:
    X1 o-o X6 : illegal -- genuine/acyclic -- Acyclicity violated: There is a directed cyclic path from X3 to itself in a MAG implied by this graph
    X3 o-o X6 : illegal -- genuine/acyclic -- Acyclicity violated: There is a directed cyclic path from X1 to itself in a MAG implied by this graph
  true DAG (all variables, latents included):
Graph Nodes:
X1;(X2);X3;X4;X5;X6

Graph Edges:
1. X1 --> X4
2. X2 --> X5
3. X3 --> X4
4. X4 --> X5
5. X5 --> X6


  true PAG G* (over observed):
Graph Nodes:
X1;X3;X4;X5;X6

Graph Edges:
1. X1 o-> X4
2. X3 o-> X4
3. X4 --> X5
4. X5 --> X6


  H0 (G* + spurious, cold-reoriented):
Graph Nodes:
X1;X3;X4;X5;X6

Graph Edges:
1. X1 o-> X4
2. X1 --> X6
3. X3 o-> X4
4. X3 --> X6
5. X4 --> X5
6. X5 --> X6



==== NOSTALL DEADLOCK: gated genuine-legal H0, NO legal single-edge deletion ====
  dag mask        : 21138
  latent set      : [1]  (latent nodes: [X2])
  spurious edges  : [X3 o-o X6, X4 o-o X6]  (k=2)
  outcome of deleting each spurious edge from H0:
    X3 o-o X6 : illegal -- genuine/acyclic -- Acyclicity violated: There is a directed cyclic path from X1 to itself in a MAG implied by this graph
    X4 o-o X6 : illegal -- genuine/acyclic -- Acyclicity violated: There is a directed cyclic path from X3 to itself in a MAG implied by this graph
  true DAG (all variables, latents included):
Graph Nodes:
X1;(X2);X3;X4;X5;X6

Graph Edges:
1. X1 --> X3
2. X1 --> X6
3. X2 --> X5
4. X3 --> X4
5. X4 --> X5
6. X5 --> X6


  true PAG G* (over observed):
Graph Nodes:
X1;X3;X4;X5;X6

Graph Edges:
1. X1 o-o X3
2. X1 --> X6
3. X3 o-o X4
4. X4 o-o X5
5. X5 --> X6


  H0 (G* + spurious, cold-reoriented):
Graph Nodes:
X1;X3;X4;X5;X6

Graph Edges:
1. X1 --> X3
2. X1 o-> X6
3. X4 --> X3
4. X5 --> X4
5. X5 o-> X6
6. X6 --> X3
7. X6 --> X4



==== NOSTALL DEADLOCK: gated genuine-legal H0, NO legal single-edge deletion ====
  dag mask        : 21139
  latent set      : [5]  (latent nodes: [X6])
  spurious edges  : [X1 o-o X5, X3 o-o X5]  (k=2)
  outcome of deleting each spurious edge from H0:
    X1 o-o X5 : illegal -- genuine/acyclic -- Acyclicity violated: There is a directed cyclic path from X1 to itself in a MAG implied by this graph
    X3 o-o X5 : illegal -- genuine/acyclic -- Acyclicity violated: There is a directed cyclic path from X1 to itself in a MAG implied by this graph
  true DAG (all variables, latents included):
Graph Nodes:
X1;X2;X3;X4;X5;(X6)

Graph Edges:
1. X1 --> X2
2. X1 --> X3
3. X1 --> X6
4. X2 --> X5
5. X3 --> X4
6. X4 --> X5
7. X5 --> X6


  true PAG G* (over observed):
Graph Nodes:
X1;X2;X3;X4;X5

Graph Edges:
1. X1 o-o X2
2. X1 o-o X3
3. X2 --> X5
4. X3 o-o X4
5. X4 --> X5


  H0 (G* + spurious, cold-reoriented):
Graph Nodes:
X1;X2;X3;X4;X5

Graph Edges:
1. X2 --> X1
2. X2 o-> X5
3. X3 --> X1
4. X4 --> X3
5. X4 o-> X5
6. X5 --> X1
7. X5 --> X3



==== NOSTALL DEADLOCK: gated genuine-legal H0, NO legal single-edge deletion ====
  dag mask        : 21251
  latent set      : [0]  (latent nodes: [X1])
  spurious edges  : [X3 o-o X6, X4 o-o X6]  (k=2)
  outcome of deleting each spurious edge from H0:
    X3 o-o X6 : illegal -- genuine/acyclic -- Acyclicity violated: There is a directed cyclic path from X2 to itself in a MAG implied by this graph
    X4 o-o X6 : illegal -- genuine/acyclic -- Acyclicity violated: There is a directed cyclic path from X3 to itself in a MAG implied by this graph
  true DAG (all variables, latents included):
Graph Nodes:
(X1);X2;X3;X4;X5;X6

Graph Edges:
1. X1 --> X2
2. X1 --> X3
3. X2 --> X6
4. X3 --> X4
5. X4 --> X5
6. X5 --> X6


  true PAG G* (over observed):
Graph Nodes:
X2;X3;X4;X5;X6

Graph Edges:
1. X2 --> X6
2. X3 o-o X2
3. X3 o-o X4
4. X4 o-o X5
5. X5 --> X6


  H0 (G* + spurious, cold-reoriented):
Graph Nodes:
X2;X3;X4;X5;X6

Graph Edges:
1. X2 --> X3
2. X2 o-> X6
3. X4 --> X3
4. X5 --> X4
5. X5 o-> X6
6. X6 --> X3
7. X6 --> X4



==== NOSTALL DEADLOCK: gated genuine-legal H0, NO legal single-edge deletion ====
  dag mask        : 21251
  latent set      : [1]  (latent nodes: [X2])
  spurious edges  : [X3 o-o X6, X4 o-o X6]  (k=2)
  outcome of deleting each spurious edge from H0:
    X3 o-o X6 : illegal -- genuine/acyclic -- Acyclicity violated: There is a directed cyclic path from X1 to itself in a MAG implied by this graph
    X4 o-o X6 : illegal -- genuine/acyclic -- Acyclicity violated: There is a directed cyclic path from X3 to itself in a MAG implied by this graph
  true DAG (all variables, latents included):
Graph Nodes:
X1;(X2);X3;X4;X5;X6

Graph Edges:
1. X1 --> X2
2. X1 --> X3
3. X2 --> X6
4. X3 --> X4
5. X4 --> X5
6. X5 --> X6


  true PAG G* (over observed):
Graph Nodes:
X1;X3;X4;X5;X6

Graph Edges:
1. X1 o-o X3
2. X1 --> X6
3. X3 o-o X4
4. X4 o-o X5
5. X5 --> X6


  H0 (G* + spurious, cold-reoriented):
Graph Nodes:
X1;X3;X4;X5;X6

Graph Edges:
1. X1 --> X3
2. X1 o-> X6
3. X4 --> X3
4. X5 --> X4
5. X5 o-> X6
6. X6 --> X3
7. X6 --> X4



==== NOSTALL DEADLOCK: gated genuine-legal H0, NO legal single-edge deletion ====
  dag mask        : 21251
  latent set      : [2]  (latent nodes: [X3])
  spurious edges  : [X1 o-o X6, X4 o-o X6]  (k=2)
  outcome of deleting each spurious edge from H0:
    X1 o-o X6 : illegal -- genuine/acyclic -- Acyclicity violated: There is a directed cyclic path from X1 to itself in a MAG implied by this graph
    X4 o-o X6 : illegal -- genuine/acyclic -- Acyclicity violated: There is a directed cyclic path from X1 to itself in a MAG implied by this graph
  true DAG (all variables, latents included):
Graph Nodes:
X1;X2;(X3);X4;X5;X6

Graph Edges:
1. X1 --> X2
2. X1 --> X3
3. X2 --> X6
4. X3 --> X4
5. X4 --> X5
6. X5 --> X6


  true PAG G* (over observed):
Graph Nodes:
X1;X2;X4;X5;X6

Graph Edges:
1. X1 o-o X2
2. X1 o-o X4
3. X2 --> X6
4. X4 o-o X5
5. X5 --> X6


  H0 (G* + spurious, cold-reoriented):
Graph Nodes:
X1;X2;X4;X5;X6

Graph Edges:
1. X2 --> X1
2. X2 o-> X6
3. X4 --> X1
4. X5 --> X4
5. X5 o-> X6
6. X6 --> X1
7. X6 --> X4



==== NOSTALL DEADLOCK: gated genuine-legal H0, NO legal single-edge deletion ====
  dag mask        : 21251
  latent set      : [3]  (latent nodes: [X4])
  spurious edges  : [X1 o-o X6, X3 o-o X6]  (k=2)
  outcome of deleting each spurious edge from H0:
    X1 o-o X6 : illegal -- genuine/acyclic -- Acyclicity violated: There is a directed cyclic path from X1 to itself in a MAG implied by this graph
    X3 o-o X6 : illegal -- genuine/acyclic -- Acyclicity violated: There is a directed cyclic path from X1 to itself in a MAG implied by this graph
  true DAG (all variables, latents included):
Graph Nodes:
X1;X2;X3;(X4);X5;X6

Graph Edges:
1. X1 --> X2
2. X1 --> X3
3. X2 --> X6
4. X3 --> X4
5. X4 --> X5
6. X5 --> X6


  true PAG G* (over observed):
Graph Nodes:
X1;X2;X3;X5;X6

Graph Edges:
1. X1 o-o X2
2. X1 o-o X3
3. X2 --> X6
4. X3 o-o X5
5. X5 --> X6


  H0 (G* + spurious, cold-reoriented):
Graph Nodes:
X1;X2;X3;X5;X6

Graph Edges:
1. X2 --> X1
2. X2 o-> X6
3. X3 --> X1
4. X5 --> X3
5. X5 o-> X6
6. X6 --> X1
7. X6 --> X3



==== NOSTALL DEADLOCK: gated genuine-legal H0, NO legal single-edge deletion ====
  dag mask        : 21251
  latent set      : [4]  (latent nodes: [X5])
  spurious edges  : [X1 o-o X6, X3 o-o X6]  (k=2)
  outcome of deleting each spurious edge from H0:
    X1 o-o X6 : illegal -- genuine/acyclic -- Acyclicity violated: There is a directed cyclic path from X1 to itself in a MAG implied by this graph
    X3 o-o X6 : illegal -- genuine/acyclic -- Acyclicity violated: There is a directed cyclic path from X1 to itself in a MAG implied by this graph
  true DAG (all variables, latents included):
Graph Nodes:
X1;X2;X3;X4;(X5);X6

Graph Edges:
1. X1 --> X2
2. X1 --> X3
3. X2 --> X6
4. X3 --> X4
5. X4 --> X5
6. X5 --> X6


  true PAG G* (over observed):
Graph Nodes:
X1;X2;X3;X4;X6

Graph Edges:
1. X1 o-o X2
2. X1 o-o X3
3. X2 --> X6
4. X3 o-o X4
5. X4 --> X6


  H0 (G* + spurious, cold-reoriented):
Graph Nodes:
X1;X2;X3;X4;X6

Graph Edges:
1. X2 --> X1
2. X2 o-> X6
3. X3 --> X1
4. X4 --> X3
5. X4 o-> X6
6. X6 --> X1
7. X6 --> X3



==== NOSTALL DEADLOCK: gated genuine-legal H0, NO legal single-edge deletion ====
  dag mask        : 21252
  latent set      : [1]  (latent nodes: [X2])
  spurious edges  : [X1 o-o X6, X3 o-o X6]  (k=2)
  outcome of deleting each spurious edge from H0:
    X1 o-o X6 : illegal -- genuine/acyclic -- Acyclicity violated: There is a directed cyclic path from X3 to itself in a MAG implied by this graph
    X3 o-o X6 : illegal -- genuine/acyclic -- Acyclicity violated: There is a directed cyclic path from X1 to itself in a MAG implied by this graph
  true DAG (all variables, latents included):
Graph Nodes:
X1;(X2);X3;X4;X5;X6

Graph Edges:
1. X1 --> X4
2. X2 --> X6
3. X3 --> X4
4. X4 --> X5
5. X5 --> X6


  true PAG G* (over observed):
Graph Nodes:
X1;X3;X4;X5;X6

Graph Edges:
1. X1 o-> X4
2. X3 o-> X4
3. X4 --> X5
4. X5 --> X6


  H0 (G* + spurious, cold-reoriented):
Graph Nodes:
X1;X3;X4;X5;X6

Graph Edges:
1. X1 o-> X4
2. X1 --> X6
3. X3 o-> X4
4. X3 --> X6
5. X4 --> X5
6. X5 --> X6



==== NOSTALL DEADLOCK: gated genuine-legal H0, NO legal single-edge deletion ====
  dag mask        : 21253
  latent set      : [2]  (latent nodes: [X3])
  spurious edges  : [X1 o-o X6, X4 o-o X6]  (k=2)
  outcome of deleting each spurious edge from H0:
    X1 o-o X6 : illegal -- genuine/acyclic -- Acyclicity violated: There is a directed cyclic path from X1 to itself in a MAG implied by this graph
    X4 o-o X6 : illegal -- genuine/acyclic -- Acyclicity violated: There is a directed cyclic path from X1 to itself in a MAG implied by this graph
  true DAG (all variables, latents included):
Graph Nodes:
X1;X2;(X3);X4;X5;X6

Graph Edges:
1. X1 --> X2
2. X1 --> X4
3. X2 --> X6
4. X3 --> X4
5. X4 --> X5
6. X5 --> X6


  true PAG G* (over observed):
Graph Nodes:
X1;X2;X4;X5;X6

Graph Edges:
1. X1 o-o X2
2. X1 o-o X4
3. X2 --> X6
4. X4 o-o X5
5. X5 --> X6


  H0 (G* + spurious, cold-reoriented):
Graph Nodes:
X1;X2;X4;X5;X6

Graph Edges:
1. X2 --> X1
2. X2 o-> X6
3. X4 --> X1
4. X5 --> X4
5. X5 o-> X6
6. X6 --> X1
7. X6 --> X4



==== NOSTALL DEADLOCK: gated genuine-legal H0, NO legal single-edge deletion ====
  dag mask        : 21255
  latent set      : [2]  (latent nodes: [X3])
  spurious edges  : [X1 o-o X6, X4 o-o X6]  (k=2)
  outcome of deleting each spurious edge from H0:
    X1 o-o X6 : illegal -- genuine/acyclic -- Acyclicity violated: There is a directed cyclic path from X1 to itself in a MAG implied by this graph
    X4 o-o X6 : illegal -- genuine/acyclic -- Acyclicity violated: There is a directed cyclic path from X1 to itself in a MAG implied by this graph
  true DAG (all variables, latents included):
Graph Nodes:
X1;X2;(X3);X4;X5;X6

Graph Edges:
1. X1 --> X2
2. X1 --> X3
3. X1 --> X4
4. X2 --> X6
5. X3 --> X4
6. X4 --> X5
7. X5 --> X6


  true PAG G* (over observed):
Graph Nodes:
X1;X2;X4;X5;X6

Graph Edges:
1. X1 o-o X2
2. X1 o-o X4
3. X2 --> X6
4. X4 o-o X5
5. X5 --> X6


  H0 (G* + spurious, cold-reoriented):
Graph Nodes:
X1;X2;X4;X5;X6

Graph Edges:
1. X2 --> X1
2. X2 o-> X6
3. X4 --> X1
4. X5 --> X4
5. X5 o-> X6
6. X6 --> X1
7. X6 --> X4



==== NOSTALL DEADLOCK: gated genuine-legal H0, NO legal single-edge deletion ====
  dag mask        : 21266
  latent set      : [1]  (latent nodes: [X2])
  spurious edges  : [X3 o-o X6, X4 o-o X6]  (k=2)
  outcome of deleting each spurious edge from H0:
    X3 o-o X6 : illegal -- genuine/acyclic -- Acyclicity violated: There is a directed cyclic path from X1 to itself in a MAG implied by this graph
    X4 o-o X6 : illegal -- genuine/acyclic -- Acyclicity violated: There is a directed cyclic path from X3 to itself in a MAG implied by this graph
  true DAG (all variables, latents included):
Graph Nodes:
X1;(X2);X3;X4;X5;X6

Graph Edges:
1. X1 --> X3
2. X1 --> X6
3. X2 --> X6
4. X3 --> X4
5. X4 --> X5
6. X5 --> X6


  true PAG G* (over observed):
Graph Nodes:
X1;X3;X4;X5;X6

Graph Edges:
1. X1 o-o X3
2. X1 --> X6
3. X3 o-o X4
4. X4 o-o X5
5. X5 --> X6


  H0 (G* + spurious, cold-reoriented):
Graph Nodes:
X1;X3;X4;X5;X6

Graph Edges:
1. X1 --> X3
2. X1 o-> X6
3. X4 --> X3
4. X5 --> X4
5. X5 o-> X6
6. X6 --> X3
7. X6 --> X4



==== NOSTALL DEADLOCK: gated genuine-legal H0, NO legal single-edge deletion ====
  dag mask        : 21267
  latent set      : [1]  (latent nodes: [X2])
  spurious edges  : [X3 o-o X6, X4 o-o X6]  (k=2)
  outcome of deleting each spurious edge from H0:
    X3 o-o X6 : illegal -- genuine/acyclic -- Acyclicity violated: There is a directed cyclic path from X1 to itself in a MAG implied by this graph
    X4 o-o X6 : illegal -- genuine/acyclic -- Acyclicity violated: There is a directed cyclic path from X3 to itself in a MAG implied by this graph
  true DAG (all variables, latents included):
Graph Nodes:
X1;(X2);X3;X4;X5;X6

Graph Edges:
1. X1 --> X2
2. X1 --> X3
3. X1 --> X6
4. X2 --> X6
5. X3 --> X4
6. X4 --> X5
7. X5 --> X6


  true PAG G* (over observed):
Graph Nodes:
X1;X3;X4;X5;X6

Graph Edges:
1. X1 o-o X3
2. X1 --> X6
3. X3 o-o X4
4. X4 o-o X5
5. X5 --> X6


  H0 (G* + spurious, cold-reoriented):
Graph Nodes:
X1;X3;X4;X5;X6

Graph Edges:
1. X1 --> X3
2. X1 o-> X6
3. X4 --> X3
4. X5 --> X4
5. X5 o-> X6
6. X6 --> X3
7. X6 --> X4



==== NOSTALL DEADLOCK: gated genuine-legal H0, NO legal single-edge deletion ====
  dag mask        : 21280
  latent set      : [0]  (latent nodes: [X1])
  spurious edges  : [X3 o-o X6, X4 o-o X6]  (k=2)
  outcome of deleting each spurious edge from H0:
    X3 o-o X6 : illegal -- genuine/acyclic -- Acyclicity violated: There is a directed cyclic path from X2 to itself in a MAG implied by this graph
    X4 o-o X6 : illegal -- genuine/acyclic -- Acyclicity violated: There is a directed cyclic path from X3 to itself in a MAG implied by this graph
  true DAG (all variables, latents included):
Graph Nodes:
(X1);X2;X3;X4;X5;X6

Graph Edges:
1. X2 --> X3
2. X2 --> X6
3. X3 --> X4
4. X4 --> X5
5. X5 --> X6


  true PAG G* (over observed):
Graph Nodes:
X2;X3;X4;X5;X6

Graph Edges:
1. X2 o-o X3
2. X2 --> X6
3. X3 o-o X4
4. X4 o-o X5
5. X5 --> X6


  H0 (G* + spurious, cold-reoriented):
Graph Nodes:
X2;X3;X4;X5;X6

Graph Edges:
1. X2 --> X3
2. X2 o-> X6
3. X4 --> X3
4. X5 --> X4
5. X5 o-> X6
6. X6 --> X3
7. X6 --> X4



==== NOSTALL DEADLOCK: gated genuine-legal H0, NO legal single-edge deletion ====
  dag mask        : 21281
  latent set      : [0]  (latent nodes: [X1])
  spurious edges  : [X3 o-o X6, X4 o-o X6]  (k=2)
  outcome of deleting each spurious edge from H0:
    X3 o-o X6 : illegal -- genuine/acyclic -- Acyclicity violated: There is a directed cyclic path from X2 to itself in a MAG implied by this graph
    X4 o-o X6 : illegal -- genuine/acyclic -- Acyclicity violated: There is a directed cyclic path from X3 to itself in a MAG implied by this graph
  true DAG (all variables, latents included):
Graph Nodes:
(X1);X2;X3;X4;X5;X6

Graph Edges:
1. X1 --> X2
2. X2 --> X3
3. X2 --> X6
4. X3 --> X4
5. X4 --> X5
6. X5 --> X6


  true PAG G* (over observed):
Graph Nodes:
X2;X3;X4;X5;X6

Graph Edges:
1. X2 o-o X3
2. X2 --> X6
3. X3 o-o X4
4. X4 o-o X5
5. X5 --> X6


  H0 (G* + spurious, cold-reoriented):
Graph Nodes:
X2;X3;X4;X5;X6

Graph Edges:
1. X2 --> X3
2. X2 o-> X6
3. X4 --> X3
4. X5 --> X4
5. X5 o-> X6
6. X6 --> X3
7. X6 --> X4



==== NOSTALL DEADLOCK: gated genuine-legal H0, NO legal single-edge deletion ====
  dag mask        : 21282
  latent set      : [0]  (latent nodes: [X1])
  spurious edges  : [X3 o-o X6, X4 o-o X6]  (k=2)
  outcome of deleting each spurious edge from H0:
    X3 o-o X6 : illegal -- genuine/acyclic -- Acyclicity violated: There is a directed cyclic path from X2 to itself in a MAG implied by this graph
    X4 o-o X6 : illegal -- genuine/acyclic -- Acyclicity violated: There is a directed cyclic path from X3 to itself in a MAG implied by this graph
  true DAG (all variables, latents included):
Graph Nodes:
(X1);X2;X3;X4;X5;X6

Graph Edges:
1. X1 --> X3
2. X2 --> X3
3. X2 --> X6
4. X3 --> X4
5. X4 --> X5
6. X5 --> X6


  true PAG G* (over observed):
Graph Nodes:
X2;X3;X4;X5;X6

Graph Edges:
1. X2 o-o X3
2. X2 --> X6
3. X3 o-o X4
4. X4 o-o X5
5. X5 --> X6


  H0 (G* + spurious, cold-reoriented):
Graph Nodes:
X2;X3;X4;X5;X6

Graph Edges:
1. X2 --> X3
2. X2 o-> X6
3. X4 --> X3
4. X5 --> X4
5. X5 o-> X6
6. X6 --> X3
7. X6 --> X4



==== NOSTALL DEADLOCK: gated genuine-legal H0, NO legal single-edge deletion ====
  dag mask        : 21282
  latent set      : [5]  (latent nodes: [X6])
  spurious edges  : [X1 o-o X5, X2 o-o X5]  (k=2)
  outcome of deleting each spurious edge from H0:
    X1 o-o X5 : illegal -- genuine/acyclic -- Acyclicity violated: There is a directed cyclic path from X2 to itself in a MAG implied by this graph
    X2 o-o X5 : illegal -- genuine/acyclic -- Acyclicity violated: There is a directed cyclic path from X1 to itself in a MAG implied by this graph
  true DAG (all variables, latents included):
Graph Nodes:
X1;X2;X3;X4;X5;(X6)

Graph Edges:
1. X1 --> X3
2. X2 --> X3
3. X2 --> X6
4. X3 --> X4
5. X4 --> X5
6. X5 --> X6


  true PAG G* (over observed):
Graph Nodes:
X1;X2;X3;X4;X5

Graph Edges:
1. X1 o-> X3
2. X2 o-> X3
3. X3 --> X4
4. X4 --> X5


  H0 (G* + spurious, cold-reoriented):
Graph Nodes:
X1;X2;X3;X4;X5

Graph Edges:
1. X1 o-> X3
2. X1 --> X5
3. X2 o-> X3
4. X2 --> X5
5. X3 --> X4
6. X4 --> X5



==== NOSTALL DEADLOCK: gated genuine-legal H0, NO legal single-edge deletion ====
  dag mask        : 21283
  latent set      : [0]  (latent nodes: [X1])
  spurious edges  : [X3 o-o X6, X4 o-o X6]  (k=2)
  outcome of deleting each spurious edge from H0:
    X3 o-o X6 : illegal -- genuine/acyclic -- Acyclicity violated: There is a directed cyclic path from X2 to itself in a MAG implied by this graph
    X4 o-o X6 : illegal -- genuine/acyclic -- Acyclicity violated: There is a directed cyclic path from X3 to itself in a MAG implied by this graph
  true DAG (all variables, latents included):
Graph Nodes:
(X1);X2;X3;X4;X5;X6

Graph Edges:
1. X1 --> X2
2. X1 --> X3
3. X2 --> X3
4. X2 --> X6
5. X3 --> X4
6. X4 --> X5
7. X5 --> X6


  true PAG G* (over observed):
Graph Nodes:
X2;X3;X4;X5;X6

Graph Edges:
1. X2 o-o X3
2. X2 --> X6
3. X3 o-o X4
4. X4 o-o X5
5. X5 --> X6


  H0 (G* + spurious, cold-reoriented):
Graph Nodes:
X2;X3;X4;X5;X6

Graph Edges:
1. X2 --> X3
2. X2 o-> X6
3. X4 --> X3
4. X5 --> X4
5. X5 o-> X6
6. X6 --> X3
7. X6 --> X4



==== NOSTALL DEADLOCK: gated genuine-legal H0, NO legal single-edge deletion ====
  dag mask        : 21284
  latent set      : [0]  (latent nodes: [X1])
  spurious edges  : [X3 o-o X6, X4 o-o X6]  (k=2)
  outcome of deleting each spurious edge from H0:
    X3 o-o X6 : illegal -- genuine/acyclic -- Acyclicity violated: There is a directed cyclic path from X2 to itself in a MAG implied by this graph
    X4 o-o X6 : illegal -- genuine/acyclic -- Acyclicity violated: There is a directed cyclic path from X3 to itself in a MAG implied by this graph
  true DAG (all variables, latents included):
Graph Nodes:
(X1);X2;X3;X4;X5;X6

Graph Edges:
1. X1 --> X4
2. X2 --> X3
3. X2 --> X6
4. X3 --> X4
5. X4 --> X5
6. X5 --> X6


  true PAG G* (over observed):
Graph Nodes:
X2;X3;X4;X5;X6

Graph Edges:
1. X2 o-o X3
2. X2 --> X6
3. X3 o-o X4
4. X4 o-o X5
5. X5 --> X6


  H0 (G* + spurious, cold-reoriented):
Graph Nodes:
X2;X3;X4;X5;X6

Graph Edges:
1. X2 --> X3
2. X2 o-> X6
3. X4 --> X3
4. X5 --> X4
5. X5 o-> X6
6. X6 --> X3
7. X6 --> X4



==== NOSTALL DEADLOCK: gated genuine-legal H0, NO legal single-edge deletion ====
  dag mask        : 21288
  latent set      : [0]  (latent nodes: [X1])
  spurious edges  : [X3 o-o X6, X4 o-o X6]  (k=2)
  outcome of deleting each spurious edge from H0:
    X3 o-o X6 : illegal -- genuine/acyclic -- Acyclicity violated: There is a directed cyclic path from X2 to itself in a MAG implied by this graph
    X4 o-o X6 : illegal -- genuine/acyclic -- Acyclicity violated: There is a directed cyclic path from X3 to itself in a MAG implied by this graph
  true DAG (all variables, latents included):
Graph Nodes:
(X1);X2;X3;X4;X5;X6

Graph Edges:
1. X1 --> X5
2. X2 --> X3
3. X2 --> X6
4. X3 --> X4
5. X4 --> X5
6. X5 --> X6


  true PAG G* (over observed):
Graph Nodes:
X2;X3;X4;X5;X6

Graph Edges:
1. X2 o-o X3
2. X2 --> X6
3. X3 o-o X4
4. X4 o-o X5
5. X5 --> X6


  H0 (G* + spurious, cold-reoriented):
Graph Nodes:
X2;X3;X4;X5;X6

Graph Edges:
1. X2 --> X3
2. X2 o-> X6
3. X4 --> X3
4. X5 --> X4
5. X5 o-> X6
6. X6 --> X3
7. X6 --> X4



==== NOSTALL DEADLOCK: gated genuine-legal H0, NO legal single-edge deletion ====
  dag mask        : 21289
  latent set      : [5]  (latent nodes: [X6])
  spurious edges  : [X2 o-o X5, X3 o-o X5]  (k=2)
  outcome of deleting each spurious edge from H0:
    X2 o-o X5 : illegal -- genuine/acyclic -- Acyclicity violated: There is a directed cyclic path from X1 to itself in a MAG implied by this graph
    X3 o-o X5 : illegal -- genuine/acyclic -- Acyclicity violated: There is a directed cyclic path from X2 to itself in a MAG implied by this graph
  true DAG (all variables, latents included):
Graph Nodes:
X1;X2;X3;X4;X5;(X6)

Graph Edges:
1. X1 --> X2
2. X1 --> X5
3. X2 --> X3
4. X2 --> X6
5. X3 --> X4
6. X4 --> X5
7. X5 --> X6


  true PAG G* (over observed):
Graph Nodes:
X1;X2;X3;X4;X5

Graph Edges:
1. X1 o-o X2
2. X1 --> X5
3. X2 o-o X3
4. X3 o-o X4
5. X4 --> X5


  H0 (G* + spurious, cold-reoriented):
Graph Nodes:
X1;X2;X3;X4;X5

Graph Edges:
1. X1 --> X2
2. X1 o-> X5
3. X3 --> X2
4. X4 --> X3
5. X4 o-> X5
6. X5 --> X2
7. X5 --> X3



==== NOSTALL DEADLOCK: gated genuine-legal H0, NO legal single-edge deletion ====
  dag mask        : 21296
  latent set      : [0]  (latent nodes: [X1])
  spurious edges  : [X3 o-o X6, X4 o-o X6]  (k=2)
  outcome of deleting each spurious edge from H0:
    X3 o-o X6 : illegal -- genuine/acyclic -- Acyclicity violated: There is a directed cyclic path from X2 to itself in a MAG implied by this graph
    X4 o-o X6 : illegal -- genuine/acyclic -- Acyclicity violated: There is a directed cyclic path from X3 to itself in a MAG implied by this graph
  true DAG (all variables, latents included):
Graph Nodes:
(X1);X2;X3;X4;X5;X6

Graph Edges:
1. X1 --> X6
2. X2 --> X3
3. X2 --> X6
4. X3 --> X4
5. X4 --> X5
6. X5 --> X6


  true PAG G* (over observed):
Graph Nodes:
X2;X3;X4;X5;X6

Graph Edges:
1. X2 o-o X3
2. X2 --> X6
3. X3 o-o X4
4. X4 o-o X5
5. X5 --> X6


  H0 (G* + spurious, cold-reoriented):
Graph Nodes:
X2;X3;X4;X5;X6

Graph Edges:
1. X2 --> X3
2. X2 o-> X6
3. X4 --> X3
4. X5 --> X4
5. X5 o-> X6
6. X6 --> X3
7. X6 --> X4



==== NOSTALL DEADLOCK: gated genuine-legal H0, NO legal single-edge deletion ====
  dag mask        : 21297
  latent set      : [0]  (latent nodes: [X1])
  spurious edges  : [X3 o-o X6, X4 o-o X6]  (k=2)
  outcome of deleting each spurious edge from H0:
    X3 o-o X6 : illegal -- genuine/acyclic -- Acyclicity violated: There is a directed cyclic path from X2 to itself in a MAG implied by this graph
    X4 o-o X6 : illegal -- genuine/acyclic -- Acyclicity violated: There is a directed cyclic path from X3 to itself in a MAG implied by this graph
  true DAG (all variables, latents included):
Graph Nodes:
(X1);X2;X3;X4;X5;X6

Graph Edges:
1. X1 --> X2
2. X1 --> X6
3. X2 --> X3
4. X2 --> X6
5. X3 --> X4
6. X4 --> X5
7. X5 --> X6


  true PAG G* (over observed):
Graph Nodes:
X2;X3;X4;X5;X6

Graph Edges:
1. X2 o-o X3
2. X2 --> X6
3. X3 o-o X4
4. X4 o-o X5
5. X5 --> X6


  H0 (G* + spurious, cold-reoriented):
Graph Nodes:
X2;X3;X4;X5;X6

Graph Edges:
1. X2 --> X3
2. X2 o-> X6
3. X4 --> X3
4. X5 --> X4
5. X5 o-> X6
6. X6 --> X3
7. X6 --> X4



==== NOSTALL DEADLOCK: gated genuine-legal H0, NO legal single-edge deletion ====
  dag mask        : 21298
  latent set      : [5]  (latent nodes: [X6])
  spurious edges  : [X1 o-o X5, X2 o-o X5]  (k=2)
  outcome of deleting each spurious edge from H0:
    X1 o-o X5 : illegal -- genuine/acyclic -- Acyclicity violated: There is a directed cyclic path from X2 to itself in a MAG implied by this graph
    X2 o-o X5 : illegal -- genuine/acyclic -- Acyclicity violated: There is a directed cyclic path from X1 to itself in a MAG implied by this graph
  true DAG (all variables, latents included):
Graph Nodes:
X1;X2;X3;X4;X5;(X6)

Graph Edges:
1. X1 --> X3
2. X1 --> X6
3. X2 --> X3
4. X2 --> X6
5. X3 --> X4
6. X4 --> X5
7. X5 --> X6


  true PAG G* (over observed):
Graph Nodes:
X1;X2;X3;X4;X5

Graph Edges:
1. X1 o-> X3
2. X2 o-> X3
3. X3 --> X4
4. X4 --> X5


  H0 (G* + spurious, cold-reoriented):
Graph Nodes:
X1;X2;X3;X4;X5

Graph Edges:
1. X1 o-> X3
2. X1 --> X5
3. X2 o-> X3
4. X2 --> X5
5. X3 --> X4
6. X4 --> X5



==== NOSTALL DEADLOCK: gated genuine-legal H0, NO legal single-edge deletion ====
  dag mask        : 21305
  latent set      : [5]  (latent nodes: [X6])
  spurious edges  : [X2 o-o X5, X3 o-o X5]  (k=2)
  outcome of deleting each spurious edge from H0:
    X2 o-o X5 : illegal -- genuine/acyclic -- Acyclicity violated: There is a directed cyclic path from X1 to itself in a MAG implied by this graph
    X3 o-o X5 : illegal -- genuine/acyclic -- Acyclicity violated: There is a directed cyclic path from X2 to itself in a MAG implied by this graph
  true DAG (all variables, latents included):
Graph Nodes:
X1;X2;X3;X4;X5;(X6)

Graph Edges:
1. X1 --> X2
2. X1 --> X5
3. X1 --> X6
4. X2 --> X3
5. X2 --> X6
6. X3 --> X4
7. X4 --> X5
8. X5 --> X6


  true PAG G* (over observed):
Graph Nodes:
X1;X2;X3;X4;X5

Graph Edges:
1. X1 o-o X2
2. X1 --> X5
3. X2 o-o X3
4. X3 o-o X4
5. X4 --> X5


  H0 (G* + spurious, cold-reoriented):
Graph Nodes:
X1;X2;X3;X4;X5

Graph Edges:
1. X1 --> X2
2. X1 o-> X5
3. X3 --> X2
4. X4 --> X3
5. X4 o-> X5
6. X5 --> X2
7. X5 --> X3



==== NOSTALL DEADLOCK: gated genuine-legal H0, NO legal single-edge deletion ====
  dag mask        : 21379
  latent set      : [4]  (latent nodes: [X5])
  spurious edges  : [X1 o-o X6, X3 o-o X6]  (k=2)
  outcome of deleting each spurious edge from H0:
    X1 o-o X6 : illegal -- genuine/acyclic -- Acyclicity violated: There is a directed cyclic path from X1 to itself in a MAG implied by this graph
    X3 o-o X6 : illegal -- genuine/acyclic -- Acyclicity violated: There is a directed cyclic path from X1 to itself in a MAG implied by this graph
  true DAG (all variables, latents included):
Graph Nodes:
X1;X2;X3;X4;(X5);X6

Graph Edges:
1. X1 --> X2
2. X1 --> X3
3. X2 --> X5
4. X2 --> X6
5. X3 --> X4
6. X4 --> X5
7. X5 --> X6


  true PAG G* (over observed):
Graph Nodes:
X1;X2;X3;X4;X6

Graph Edges:
1. X1 o-o X2
2. X1 o-o X3
3. X2 --> X6
4. X3 o-o X4
5. X4 --> X6


  H0 (G* + spurious, cold-reoriented):
Graph Nodes:
X1;X2;X3;X4;X6

Graph Edges:
1. X2 --> X1
2. X2 o-> X6
3. X3 --> X1
4. X4 --> X3
5. X4 o-> X6
6. X6 --> X1
7. X6 --> X3



==== NOSTALL DEADLOCK: gated genuine-legal H0, NO legal single-edge deletion ====
  dag mask        : 21379
  latent set      : [5]  (latent nodes: [X6])
  spurious edges  : [X1 o-o X5, X3 o-o X5]  (k=2)
  outcome of deleting each spurious edge from H0:
    X1 o-o X5 : illegal -- genuine/acyclic -- Acyclicity violated: There is a directed cyclic path from X1 to itself in a MAG implied by this graph
    X3 o-o X5 : illegal -- genuine/acyclic -- Acyclicity violated: There is a directed cyclic path from X1 to itself in a MAG implied by this graph
  true DAG (all variables, latents included):
Graph Nodes:
X1;X2;X3;X4;X5;(X6)

Graph Edges:
1. X1 --> X2
2. X1 --> X3
3. X2 --> X5
4. X2 --> X6
5. X3 --> X4
6. X4 --> X5
7. X5 --> X6


  true PAG G* (over observed):
Graph Nodes:
X1;X2;X3;X4;X5

Graph Edges:
1. X1 o-o X2
2. X1 o-o X3
3. X2 --> X5
4. X3 o-o X4
5. X4 --> X5


  H0 (G* + spurious, cold-reoriented):
Graph Nodes:
X1;X2;X3;X4;X5

Graph Edges:
1. X2 --> X1
2. X2 o-> X5
3. X3 --> X1
4. X4 --> X3
5. X4 o-> X5
6. X5 --> X1
7. X5 --> X3



==== NOSTALL DEADLOCK: gated genuine-legal H0, NO legal single-edge deletion ====
  dag mask        : 21395
  latent set      : [5]  (latent nodes: [X6])
  spurious edges  : [X1 o-o X5, X3 o-o X5]  (k=2)
  outcome of deleting each spurious edge from H0:
    X1 o-o X5 : illegal -- genuine/acyclic -- Acyclicity violated: There is a directed cyclic path from X1 to itself in a MAG implied by this graph
    X3 o-o X5 : illegal -- genuine/acyclic -- Acyclicity violated: There is a directed cyclic path from X1 to itself in a MAG implied by this graph
  true DAG (all variables, latents included):
Graph Nodes:
X1;X2;X3;X4;X5;(X6)

Graph Edges:
1. X1 --> X2
2. X1 --> X3
3. X1 --> X6
4. X2 --> X5
5. X2 --> X6
6. X3 --> X4
7. X4 --> X5
8. X5 --> X6


  true PAG G* (over observed):
Graph Nodes:
X1;X2;X3;X4;X5

Graph Edges:
1. X1 o-o X2
2. X1 o-o X3
3. X2 --> X5
4. X3 o-o X4
5. X4 --> X5


  H0 (G* + spurious, cold-reoriented):
Graph Nodes:
X1;X2;X3;X4;X5

Graph Edges:
1. X2 --> X1
2. X2 o-> X5
3. X3 --> X1
4. X4 --> X3
5. X4 o-> X5
6. X5 --> X1
7. X5 --> X3



==== NOSTALL DEADLOCK: gated genuine-legal H0, NO legal single-edge deletion ====
  dag mask        : 21538
  latent set      : [3]  (latent nodes: [X4])
  spurious edges  : [X1 o-o X6, X2 o-o X6]  (k=2)
  outcome of deleting each spurious edge from H0:
    X1 o-o X6 : illegal -- genuine/acyclic -- Acyclicity violated: There is a directed cyclic path from X2 to itself in a MAG implied by this graph
    X2 o-o X6 : illegal -- genuine/acyclic -- Acyclicity violated: There is a directed cyclic path from X1 to itself in a MAG implied by this graph
  true DAG (all variables, latents included):
Graph Nodes:
X1;X2;X3;(X4);X5;X6

Graph Edges:
1. X1 --> X3
2. X2 --> X3
3. X3 --> X5
4. X4 --> X5
5. X5 --> X6


  true PAG G* (over observed):
Graph Nodes:
X1;X2;X3;X5;X6

Graph Edges:
1. X1 o-> X3
2. X2 o-> X3
3. X3 --> X5
4. X5 --> X6


  H0 (G* + spurious, cold-reoriented):
Graph Nodes:
X1;X2;X3;X5;X6

Graph Edges:
1. X1 o-> X3
2. X1 --> X6
3. X2 o-> X3
4. X2 --> X6
5. X3 --> X5
6. X5 --> X6



==== NOSTALL DEADLOCK: gated genuine-legal H0, NO legal single-edge deletion ====
  dag mask        : 21541
  latent set      : [4]  (latent nodes: [X5])
  spurious edges  : [X1 o-o X6, X2 o-o X6]  (k=2)
  outcome of deleting each spurious edge from H0:
    X1 o-o X6 : illegal -- genuine/acyclic -- Acyclicity violated: There is a directed cyclic path from X1 to itself in a MAG implied by this graph
    X2 o-o X6 : illegal -- genuine/acyclic -- Acyclicity violated: There is a directed cyclic path from X1 to itself in a MAG implied by this graph
  true DAG (all variables, latents included):
Graph Nodes:
X1;X2;X3;X4;(X5);X6

Graph Edges:
1. X1 --> X2
2. X1 --> X4
3. X2 --> X3
4. X3 --> X5
5. X4 --> X5
6. X5 --> X6


  true PAG G* (over observed):
Graph Nodes:
X1;X2;X3;X4;X6

Graph Edges:
1. X1 o-o X2
2. X1 o-o X4
3. X2 o-o X3
4. X3 --> X6
5. X4 --> X6


  H0 (G* + spurious, cold-reoriented):
Graph Nodes:
X1;X2;X3;X4;X6

Graph Edges:
1. X1 --> X2
2. X3 --> X2
3. X3 o-> X6
4. X4 --> X1
5. X4 o-> X6
6. X6 --> X1
7. X6 --> X2



==== NOSTALL DEADLOCK: gated genuine-legal H0, NO legal single-edge deletion ====
  dag mask        : 21541
  latent set      : [5]  (latent nodes: [X6])
  spurious edges  : [X1 o-o X5, X2 o-o X5]  (k=2)
  outcome of deleting each spurious edge from H0:
    X1 o-o X5 : illegal -- genuine/acyclic -- Acyclicity violated: There is a directed cyclic path from X1 to itself in a MAG implied by this graph
    X2 o-o X5 : illegal -- genuine/acyclic -- Acyclicity violated: There is a directed cyclic path from X1 to itself in a MAG implied by this graph
  true DAG (all variables, latents included):
Graph Nodes:
X1;X2;X3;X4;X5;(X6)

Graph Edges:
1. X1 --> X2
2. X1 --> X4
3. X2 --> X3
4. X3 --> X5
5. X4 --> X5
6. X5 --> X6


  true PAG G* (over observed):
Graph Nodes:
X1;X2;X3;X4;X5

Graph Edges:
1. X1 o-o X2
2. X1 o-o X4
3. X2 o-o X3
4. X3 --> X5
5. X4 --> X5


  H0 (G* + spurious, cold-reoriented):
Graph Nodes:
X1;X2;X3;X4;X5

Graph Edges:
1. X1 --> X2
2. X3 --> X2
3. X3 o-> X5
4. X4 --> X1
5. X4 o-> X5
6. X5 --> X1
7. X5 --> X2



==== NOSTALL DEADLOCK: gated genuine-legal H0, NO legal single-edge deletion ====
  dag mask        : 21553
  latent set      : [3]  (latent nodes: [X4])
  spurious edges  : [X2 o-o X6, X3 o-o X6]  (k=2)
  outcome of deleting each spurious edge from H0:
    X2 o-o X6 : illegal -- genuine/acyclic -- Acyclicity violated: There is a directed cyclic path from X1 to itself in a MAG implied by this graph
    X3 o-o X6 : illegal -- genuine/acyclic -- Acyclicity violated: There is a directed cyclic path from X2 to itself in a MAG implied by this graph
  true DAG (all variables, latents included):
Graph Nodes:
X1;X2;X3;(X4);X5;X6

Graph Edges:
1. X1 --> X2
2. X1 --> X6
3. X2 --> X3
4. X3 --> X5
5. X4 --> X5
6. X5 --> X6


  true PAG G* (over observed):
Graph Nodes:
X1;X2;X3;X5;X6

Graph Edges:
1. X1 o-o X2
2. X1 --> X6
3. X2 o-o X3
4. X3 o-o X5
5. X5 --> X6


  H0 (G* + spurious, cold-reoriented):
Graph Nodes:
X1;X2;X3;X5;X6

Graph Edges:
1. X1 --> X2
2. X1 o-> X6
3. X3 --> X2
4. X5 --> X3
5. X5 o-> X6
6. X6 --> X2
7. X6 --> X3



==== NOSTALL DEADLOCK: gated genuine-legal H0, NO legal single-edge deletion ====
  dag mask        : 21557
  latent set      : [5]  (latent nodes: [X6])
  spurious edges  : [X1 o-o X5, X2 o-o X5]  (k=2)
  outcome of deleting each spurious edge from H0:
    X1 o-o X5 : illegal -- genuine/acyclic -- Acyclicity violated: There is a directed cyclic path from X1 to itself in a MAG implied by this graph
    X2 o-o X5 : illegal -- genuine/acyclic -- Acyclicity violated: There is a directed cyclic path from X1 to itself in a MAG implied by this graph
  true DAG (all variables, latents included):
Graph Nodes:
X1;X2;X3;X4;X5;(X6)

Graph Edges:
1. X1 --> X2
2. X1 --> X4
3. X1 --> X6
4. X2 --> X3
5. X3 --> X5
6. X4 --> X5
7. X5 --> X6


  true PAG G* (over observed):
Graph Nodes:
X1;X2;X3;X4;X5

Graph Edges:
1. X1 o-o X2
2. X1 o-o X4
3. X2 o-o X3
4. X3 --> X5
5. X4 --> X5


  H0 (G* + spurious, cold-reoriented):
Graph Nodes:
X1;X2;X3;X4;X5

Graph Edges:
1. X1 --> X2
2. X3 --> X2
3. X3 o-> X5
4. X4 --> X1
5. X4 o-> X5
6. X5 --> X1
7. X5 --> X2



==== NOSTALL DEADLOCK: gated genuine-legal H0, NO legal single-edge deletion ====
  dag mask        : 21571
  latent set      : [4]  (latent nodes: [X5])
  spurious edges  : [X1 o-o X6, X2 o-o X6]  (k=2)
  outcome of deleting each spurious edge from H0:
    X1 o-o X6 : illegal -- genuine/acyclic -- Acyclicity violated: There is a directed cyclic path from X1 to itself in a MAG implied by this graph
    X2 o-o X6 : illegal -- genuine/acyclic -- Acyclicity violated: There is a directed cyclic path from X1 to itself in a MAG implied by this graph
  true DAG (all variables, latents included):
Graph Nodes:
X1;X2;X3;X4;(X5);X6

Graph Edges:
1. X1 --> X2
2. X1 --> X3
3. X2 --> X4
4. X3 --> X5
5. X4 --> X5
6. X5 --> X6


  true PAG G* (over observed):
Graph Nodes:
X1;X2;X3;X4;X6

Graph Edges:
1. X1 o-o X2
2. X1 o-o X3
3. X2 o-o X4
4. X3 --> X6
5. X4 --> X6


  H0 (G* + spurious, cold-reoriented):
Graph Nodes:
X1;X2;X3;X4;X6

Graph Edges:
1. X2 --> X1
2. X3 --> X1
3. X3 o-> X6
4. X4 --> X2
5. X4 o-> X6
6. X6 --> X1
7. X6 --> X2



==== NOSTALL DEADLOCK: gated genuine-legal H0, NO legal single-edge deletion ====
  dag mask        : 21571
  latent set      : [5]  (latent nodes: [X6])
  spurious edges  : [X1 o-o X5, X2 o-o X5]  (k=2)
  outcome of deleting each spurious edge from H0:
    X1 o-o X5 : illegal -- genuine/acyclic -- Acyclicity violated: There is a directed cyclic path from X1 to itself in a MAG implied by this graph
    X2 o-o X5 : illegal -- genuine/acyclic -- Acyclicity violated: There is a directed cyclic path from X1 to itself in a MAG implied by this graph
  true DAG (all variables, latents included):
Graph Nodes:
X1;X2;X3;X4;X5;(X6)

Graph Edges:
1. X1 --> X2
2. X1 --> X3
3. X2 --> X4
4. X3 --> X5
5. X4 --> X5
6. X5 --> X6


  true PAG G* (over observed):
Graph Nodes:
X1;X2;X3;X4;X5

Graph Edges:
1. X1 o-o X2
2. X1 o-o X3
3. X2 o-o X4
4. X3 --> X5
5. X4 --> X5


  H0 (G* + spurious, cold-reoriented):
Graph Nodes:
X1;X2;X3;X4;X5

Graph Edges:
1. X2 --> X1
2. X3 --> X1
3. X3 o-> X5
4. X4 --> X2
5. X4 o-> X5
6. X5 --> X1
7. X5 --> X2



==== NOSTALL DEADLOCK: gated genuine-legal H0, NO legal single-edge deletion ====
  dag mask        : 21572
  latent set      : [2]  (latent nodes: [X3])
  spurious edges  : [X1 o-o X6, X2 o-o X6]  (k=2)
  outcome of deleting each spurious edge from H0:
    X1 o-o X6 : illegal -- genuine/acyclic -- Acyclicity violated: There is a directed cyclic path from X2 to itself in a MAG implied by this graph
    X2 o-o X6 : illegal -- genuine/acyclic -- Acyclicity violated: There is a directed cyclic path from X1 to itself in a MAG implied by this graph
  true DAG (all variables, latents included):
Graph Nodes:
X1;X2;(X3);X4;X5;X6

Graph Edges:
1. X1 --> X4
2. X2 --> X4
3. X3 --> X5
4. X4 --> X5
5. X5 --> X6


  true PAG G* (over observed):
Graph Nodes:
X1;X2;X4;X5;X6

Graph Edges:
1. X1 o-> X4
2. X2 o-> X4
3. X4 --> X5
4. X5 --> X6


  H0 (G* + spurious, cold-reoriented):
Graph Nodes:
X1;X2;X4;X5;X6

Graph Edges:
1. X1 o-> X4
2. X1 --> X6
3. X2 o-> X4
4. X2 --> X6
5. X4 --> X5
6. X5 --> X6



==== NOSTALL DEADLOCK: gated genuine-legal H0, NO legal single-edge deletion ====
  dag mask        : 21585
  latent set      : [2]  (latent nodes: [X3])
  spurious edges  : [X2 o-o X6, X4 o-o X6]  (k=2)
  outcome of deleting each spurious edge from H0:
    X2 o-o X6 : illegal -- genuine/acyclic -- Acyclicity violated: There is a directed cyclic path from X1 to itself in a MAG implied by this graph
    X4 o-o X6 : illegal -- genuine/acyclic -- Acyclicity violated: There is a directed cyclic path from X2 to itself in a MAG implied by this graph
  true DAG (all variables, latents included):
Graph Nodes:
X1;X2;(X3);X4;X5;X6

Graph Edges:
1. X1 --> X2
2. X1 --> X6
3. X2 --> X4
4. X3 --> X5
5. X4 --> X5
6. X5 --> X6


  true PAG G* (over observed):
Graph Nodes:
X1;X2;X4;X5;X6

Graph Edges:
1. X1 o-o X2
2. X1 --> X6
3. X2 o-o X4
4. X4 o-o X5
5. X5 --> X6


  H0 (G* + spurious, cold-reoriented):
Graph Nodes:
X1;X2;X4;X5;X6

Graph Edges:
1. X1 --> X2
2. X1 o-> X6
3. X4 --> X2
4. X5 --> X4
5. X5 o-> X6
6. X6 --> X2
7. X6 --> X4



==== NOSTALL DEADLOCK: gated genuine-legal H0, NO legal single-edge deletion ====
  dag mask        : 21587
  latent set      : [5]  (latent nodes: [X6])
  spurious edges  : [X1 o-o X5, X2 o-o X5]  (k=2)
  outcome of deleting each spurious edge from H0:
    X1 o-o X5 : illegal -- genuine/acyclic -- Acyclicity violated: There is a directed cyclic path from X1 to itself in a MAG implied by this graph
    X2 o-o X5 : illegal -- genuine/acyclic -- Acyclicity violated: There is a directed cyclic path from X1 to itself in a MAG implied by this graph
  true DAG (all variables, latents included):
Graph Nodes:
X1;X2;X3;X4;X5;(X6)

Graph Edges:
1. X1 --> X2
2. X1 --> X3
3. X1 --> X6
4. X2 --> X4
5. X3 --> X5
6. X4 --> X5
7. X5 --> X6


  true PAG G* (over observed):
Graph Nodes:
X1;X2;X3;X4;X5

Graph Edges:
1. X1 o-o X2
2. X1 o-o X3
3. X2 o-o X4
4. X3 --> X5
5. X4 --> X5


  H0 (G* + spurious, cold-reoriented):
Graph Nodes:
X1;X2;X3;X4;X5

Graph Edges:
1. X2 --> X1
2. X3 --> X1
3. X3 o-> X5
4. X4 --> X2
5. X4 o-> X5
6. X5 --> X1
7. X5 --> X2



==== NOSTALL DEADLOCK: gated genuine-legal H0, NO legal single-edge deletion ====
  dag mask        : 21763
  latent set      : [3]  (latent nodes: [X4])
  spurious edges  : [X1 o-o X6, X3 o-o X6]  (k=2)
  outcome of deleting each spurious edge from H0:
    X1 o-o X6 : illegal -- genuine/acyclic -- Acyclicity violated: There is a directed cyclic path from X1 to itself in a MAG implied by this graph
    X3 o-o X6 : illegal -- genuine/acyclic -- Acyclicity violated: There is a directed cyclic path from X1 to itself in a MAG implied by this graph
  true DAG (all variables, latents included):
Graph Nodes:
X1;X2;X3;(X4);X5;X6

Graph Edges:
1. X1 --> X2
2. X1 --> X3
3. X2 --> X6
4. X3 --> X5
5. X4 --> X5
6. X5 --> X6


  true PAG G* (over observed):
Graph Nodes:
X1;X2;X3;X5;X6

Graph Edges:
1. X1 o-o X2
2. X1 o-o X3
3. X2 --> X6
4. X3 o-o X5
5. X5 --> X6


  H0 (G* + spurious, cold-reoriented):
Graph Nodes:
X1;X2;X3;X5;X6

Graph Edges:
1. X2 --> X1
2. X2 o-> X6
3. X3 --> X1
4. X5 --> X3
5. X5 o-> X6
6. X6 --> X1
7. X6 --> X3



==== NOSTALL DEADLOCK: gated genuine-legal H0, NO legal single-edge deletion ====
  dag mask        : 21765
  latent set      : [2]  (latent nodes: [X3])
  spurious edges  : [X1 o-o X6, X4 o-o X6]  (k=2)
  outcome of deleting each spurious edge from H0:
    X1 o-o X6 : illegal -- genuine/acyclic -- Acyclicity violated: There is a directed cyclic path from X1 to itself in a MAG implied by this graph
    X4 o-o X6 : illegal -- genuine/acyclic -- Acyclicity violated: There is a directed cyclic path from X1 to itself in a MAG implied by this graph
  true DAG (all variables, latents included):
Graph Nodes:
X1;X2;(X3);X4;X5;X6

Graph Edges:
1. X1 --> X2
2. X1 --> X4
3. X2 --> X6
4. X3 --> X5
5. X4 --> X5
6. X5 --> X6


  true PAG G* (over observed):
Graph Nodes:
X1;X2;X4;X5;X6

Graph Edges:
1. X1 o-o X2
2. X1 o-o X4
3. X2 --> X6
4. X4 o-o X5
5. X5 --> X6


  H0 (G* + spurious, cold-reoriented):
Graph Nodes:
X1;X2;X4;X5;X6

Graph Edges:
1. X2 --> X1
2. X2 o-> X6
3. X4 --> X1
4. X5 --> X4
5. X5 o-> X6
6. X6 --> X1
7. X6 --> X4



==== NOSTALL DEADLOCK: gated genuine-legal H0, NO legal single-edge deletion ====
  dag mask        : 21797
  latent set      : [5]  (latent nodes: [X6])
  spurious edges  : [X1 o-o X5, X2 o-o X5]  (k=2)
  outcome of deleting each spurious edge from H0:
    X1 o-o X5 : illegal -- genuine/acyclic -- Acyclicity violated: There is a directed cyclic path from X1 to itself in a MAG implied by this graph
    X2 o-o X5 : illegal -- genuine/acyclic -- Acyclicity violated: There is a directed cyclic path from X1 to itself in a MAG implied by this graph
  true DAG (all variables, latents included):
Graph Nodes:
X1;X2;X3;X4;X5;(X6)

Graph Edges:
1. X1 --> X2
2. X1 --> X4
3. X2 --> X3
4. X2 --> X6
5. X3 --> X5
6. X4 --> X5
7. X5 --> X6


  true PAG G* (over observed):
Graph Nodes:
X1;X2;X3;X4;X5

Graph Edges:
1. X1 o-o X2
2. X1 o-o X4
3. X2 o-o X3
4. X3 --> X5
5. X4 --> X5


  H0 (G* + spurious, cold-reoriented):
Graph Nodes:
X1;X2;X3;X4;X5

Graph Edges:
1. X1 --> X2
2. X3 --> X2
3. X3 o-> X5
4. X4 --> X1
5. X4 o-> X5
6. X5 --> X1
7. X5 --> X2



==== NOSTALL DEADLOCK: gated genuine-legal H0, NO legal single-edge deletion ====
  dag mask        : 21813
  latent set      : [5]  (latent nodes: [X6])
  spurious edges  : [X1 o-o X5, X2 o-o X5]  (k=2)
  outcome of deleting each spurious edge from H0:
    X1 o-o X5 : illegal -- genuine/acyclic -- Acyclicity violated: There is a directed cyclic path from X1 to itself in a MAG implied by this graph
    X2 o-o X5 : illegal -- genuine/acyclic -- Acyclicity violated: There is a directed cyclic path from X1 to itself in a MAG implied by this graph
  true DAG (all variables, latents included):
Graph Nodes:
X1;X2;X3;X4;X5;(X6)

Graph Edges:
1. X1 --> X2
2. X1 --> X4
3. X1 --> X6
4. X2 --> X3
5. X2 --> X6
6. X3 --> X5
7. X4 --> X5
8. X5 --> X6


  true PAG G* (over observed):
Graph Nodes:
X1;X2;X3;X4;X5

Graph Edges:
1. X1 o-o X2
2. X1 o-o X4
3. X2 o-o X3
4. X3 --> X5
5. X4 --> X5


  H0 (G* + spurious, cold-reoriented):
Graph Nodes:
X1;X2;X3;X4;X5

Graph Edges:
1. X1 --> X2
2. X3 --> X2
3. X3 o-> X5
4. X4 --> X1
5. X4 o-> X5
6. X5 --> X1
7. X5 --> X2



==== NOSTALL DEADLOCK: gated genuine-legal H0, NO legal single-edge deletion ====
  dag mask        : 21827
  latent set      : [5]  (latent nodes: [X6])
  spurious edges  : [X1 o-o X5, X2 o-o X5]  (k=2)
  outcome of deleting each spurious edge from H0:
    X1 o-o X5 : illegal -- genuine/acyclic -- Acyclicity violated: There is a directed cyclic path from X1 to itself in a MAG implied by this graph
    X2 o-o X5 : illegal -- genuine/acyclic -- Acyclicity violated: There is a directed cyclic path from X1 to itself in a MAG implied by this graph
  true DAG (all variables, latents included):
Graph Nodes:
X1;X2;X3;X4;X5;(X6)

Graph Edges:
1. X1 --> X2
2. X1 --> X3
3. X2 --> X4
4. X2 --> X6
5. X3 --> X5
6. X4 --> X5
7. X5 --> X6


  true PAG G* (over observed):
Graph Nodes:
X1;X2;X3;X4;X5

Graph Edges:
1. X1 o-o X2
2. X1 o-o X3
3. X2 o-o X4
4. X3 --> X5
5. X4 --> X5


  H0 (G* + spurious, cold-reoriented):
Graph Nodes:
X1;X2;X3;X4;X5

Graph Edges:
1. X2 --> X1
2. X3 --> X1
3. X3 o-> X5
4. X4 --> X2
5. X4 o-> X5
6. X5 --> X1
7. X5 --> X2



==== NOSTALL DEADLOCK: gated genuine-legal H0, NO legal single-edge deletion ====
  dag mask        : 21843
  latent set      : [5]  (latent nodes: [X6])
  spurious edges  : [X1 o-o X5, X2 o-o X5]  (k=2)
  outcome of deleting each spurious edge from H0:
    X1 o-o X5 : illegal -- genuine/acyclic -- Acyclicity violated: There is a directed cyclic path from X1 to itself in a MAG implied by this graph
    X2 o-o X5 : illegal -- genuine/acyclic -- Acyclicity violated: There is a directed cyclic path from X1 to itself in a MAG implied by this graph
  true DAG (all variables, latents included):
Graph Nodes:
X1;X2;X3;X4;X5;(X6)

Graph Edges:
1. X1 --> X2
2. X1 --> X3
3. X1 --> X6
4. X2 --> X4
5. X2 --> X6
6. X3 --> X5
7. X4 --> X5
8. X5 --> X6


  true PAG G* (over observed):
Graph Nodes:
X1;X2;X3;X4;X5

Graph Edges:
1. X1 o-o X2
2. X1 o-o X3
3. X2 o-o X4
4. X3 --> X5
5. X4 --> X5


  H0 (G* + spurious, cold-reoriented):
Graph Nodes:
X1;X2;X3;X4;X5

Graph Edges:
1. X2 --> X1
2. X3 --> X1
3. X3 o-> X5
4. X4 --> X2
5. X4 o-> X5
6. X5 --> X1
7. X5 --> X2



==== NOSTALL DEADLOCK: gated genuine-legal H0, NO legal single-edge deletion ====
  dag mask        : 22050
  latent set      : [3]  (latent nodes: [X4])
  spurious edges  : [X1 o-o X6, X2 o-o X6]  (k=2)
  outcome of deleting each spurious edge from H0:
    X1 o-o X6 : illegal -- genuine/acyclic -- Acyclicity violated: There is a directed cyclic path from X2 to itself in a MAG implied by this graph
    X2 o-o X6 : illegal -- genuine/acyclic -- Acyclicity violated: There is a directed cyclic path from X1 to itself in a MAG implied by this graph
  true DAG (all variables, latents included):
Graph Nodes:
X1;X2;X3;(X4);X5;X6

Graph Edges:
1. X1 --> X3
2. X2 --> X3
3. X3 --> X4
4. X3 --> X5
5. X4 --> X5
6. X5 --> X6


  true PAG G* (over observed):
Graph Nodes:
X1;X2;X3;X5;X6

Graph Edges:
1. X1 o-> X3
2. X2 o-> X3
3. X3 --> X5
4. X5 --> X6


  H0 (G* + spurious, cold-reoriented):
Graph Nodes:
X1;X2;X3;X5;X6

Graph Edges:
1. X1 o-> X3
2. X1 --> X6
3. X2 o-> X3
4. X2 --> X6
5. X3 --> X5
6. X5 --> X6



==== NOSTALL DEADLOCK: gated genuine-legal H0, NO legal single-edge deletion ====
  dag mask        : 22065
  latent set      : [3]  (latent nodes: [X4])
  spurious edges  : [X2 o-o X6, X3 o-o X6]  (k=2)
  outcome of deleting each spurious edge from H0:
    X2 o-o X6 : illegal -- genuine/acyclic -- Acyclicity violated: There is a directed cyclic path from X1 to itself in a MAG implied by this graph
    X3 o-o X6 : illegal -- genuine/acyclic -- Acyclicity violated: There is a directed cyclic path from X2 to itself in a MAG implied by this graph
  true DAG (all variables, latents included):
Graph Nodes:
X1;X2;X3;(X4);X5;X6

Graph Edges:
1. X1 --> X2
2. X1 --> X6
3. X2 --> X3
4. X3 --> X4
5. X3 --> X5
6. X4 --> X5
7. X5 --> X6


  true PAG G* (over observed):
Graph Nodes:
X1;X2;X3;X5;X6

Graph Edges:
1. X1 o-o X2
2. X1 --> X6
3. X2 o-o X3
4. X3 o-o X5
5. X5 --> X6


  H0 (G* + spurious, cold-reoriented):
Graph Nodes:
X1;X2;X3;X5;X6

Graph Edges:
1. X1 --> X2
2. X1 o-> X6
3. X3 --> X2
4. X5 --> X3
5. X5 o-> X6
6. X6 --> X2
7. X6 --> X3



==== NOSTALL DEADLOCK: gated genuine-legal H0, NO legal single-edge deletion ====
  dag mask        : 22275
  latent set      : [3]  (latent nodes: [X4])
  spurious edges  : [X1 o-o X6, X3 o-o X6]  (k=2)
  outcome of deleting each spurious edge from H0:
    X1 o-o X6 : illegal -- genuine/acyclic -- Acyclicity violated: There is a directed cyclic path from X1 to itself in a MAG implied by this graph
    X3 o-o X6 : illegal -- genuine/acyclic -- Acyclicity violated: There is a directed cyclic path from X1 to itself in a MAG implied by this graph
  true DAG (all variables, latents included):
Graph Nodes:
X1;X2;X3;(X4);X5;X6

Graph Edges:
1. X1 --> X2
2. X1 --> X3
3. X2 --> X6
4. X3 --> X4
5. X3 --> X5
6. X4 --> X5
7. X5 --> X6


  true PAG G* (over observed):
Graph Nodes:
X1;X2;X3;X5;X6

Graph Edges:
1. X1 o-o X2
2. X1 o-o X3
3. X2 --> X6
4. X3 o-o X5
5. X5 --> X6


  H0 (G* + spurious, cold-reoriented):
Graph Nodes:
X1;X2;X3;X5;X6

Graph Edges:
1. X2 --> X1
2. X2 o-> X6
3. X3 --> X1
4. X5 --> X3
5. X5 o-> X6
6. X6 --> X1
7. X6 --> X3



==== NOSTALL DEADLOCK: gated genuine-legal H0, NO legal single-edge deletion ====
  dag mask        : 22534
  latent set      : [1]  (latent nodes: [X2])
  spurious edges  : [X1 o-o X6, X4 o-o X6]  (k=2)
  outcome of deleting each spurious edge from H0:
    X1 o-o X6 : illegal -- genuine/acyclic -- Acyclicity violated: There is a directed cyclic path from X1 to itself in a MAG implied by this graph
    X4 o-o X6 : illegal -- genuine/acyclic -- Acyclicity violated: There is a directed cyclic path from X1 to itself in a MAG implied by this graph
  true DAG (all variables, latents included):
Graph Nodes:
X1;(X2);X3;X4;X5;X6

Graph Edges:
1. X1 --> X3
2. X1 --> X4
3. X3 --> X6
4. X4 --> X5
5. X5 --> X6


  true PAG G* (over observed):
Graph Nodes:
X1;X3;X4;X5;X6

Graph Edges:
1. X1 o-o X3
2. X1 o-o X4
3. X3 --> X6
4. X4 o-o X5
5. X5 --> X6


  H0 (G* + spurious, cold-reoriented):
Graph Nodes:
X1;X3;X4;X5;X6

Graph Edges:
1. X3 --> X1
2. X3 o-> X6
3. X4 --> X1
4. X5 --> X4
5. X5 o-> X6
6. X6 --> X1
7. X6 --> X4



==== NOSTALL DEADLOCK: gated genuine-legal H0, NO legal single-edge deletion ====
  dag mask        : 22535
  latent set      : [1]  (latent nodes: [X2])
  spurious edges  : [X1 o-o X6, X4 o-o X6]  (k=2)
  outcome of deleting each spurious edge from H0:
    X1 o-o X6 : illegal -- genuine/acyclic -- Acyclicity violated: There is a directed cyclic path from X1 to itself in a MAG implied by this graph
    X4 o-o X6 : illegal -- genuine/acyclic -- Acyclicity violated: There is a directed cyclic path from X1 to itself in a MAG implied by this graph
  true DAG (all variables, latents included):
Graph Nodes:
X1;(X2);X3;X4;X5;X6

Graph Edges:
1. X1 --> X2
2. X1 --> X3
3. X1 --> X4
4. X3 --> X6
5. X4 --> X5
6. X5 --> X6


  true PAG G* (over observed):
Graph Nodes:
X1;X3;X4;X5;X6

Graph Edges:
1. X1 o-o X3
2. X1 o-o X4
3. X3 --> X6
4. X4 o-o X5
5. X5 --> X6


  H0 (G* + spurious, cold-reoriented):
Graph Nodes:
X1;X3;X4;X5;X6

Graph Edges:
1. X3 --> X1
2. X3 o-> X6
3. X4 --> X1
4. X5 --> X4
5. X5 o-> X6
6. X6 --> X1
7. X6 --> X4



==== NOSTALL DEADLOCK: gated genuine-legal H0, NO legal single-edge deletion ====
  dag mask        : 22565
  latent set      : [0]  (latent nodes: [X1])
  spurious edges  : [X2 o-o X6, X4 o-o X6]  (k=2)
  outcome of deleting each spurious edge from H0:
    X2 o-o X6 : illegal -- genuine/acyclic -- Acyclicity violated: There is a directed cyclic path from X2 to itself in a MAG implied by this graph
    X4 o-o X6 : illegal -- genuine/acyclic -- Acyclicity violated: There is a directed cyclic path from X2 to itself in a MAG implied by this graph
  true DAG (all variables, latents included):
Graph Nodes:
(X1);X2;X3;X4;X5;X6

Graph Edges:
1. X1 --> X2
2. X1 --> X4
3. X2 --> X3
4. X3 --> X6
5. X4 --> X5
6. X5 --> X6


  true PAG G* (over observed):
Graph Nodes:
X2;X3;X4;X5;X6

Graph Edges:
1. X2 o-o X3
2. X3 --> X6
3. X4 o-o X2
4. X4 o-o X5
5. X5 --> X6


  H0 (G* + spurious, cold-reoriented):
Graph Nodes:
X2;X3;X4;X5;X6

Graph Edges:
1. X3 --> X2
2. X3 o-> X6
3. X4 --> X2
4. X5 --> X4
5. X5 o-> X6
6. X6 --> X2
7. X6 --> X4



==== NOSTALL DEADLOCK: gated genuine-legal H0, NO legal single-edge deletion ====
  dag mask        : 22565
  latent set      : [1]  (latent nodes: [X2])
  spurious edges  : [X1 o-o X6, X4 o-o X6]  (k=2)
  outcome of deleting each spurious edge from H0:
    X1 o-o X6 : illegal -- genuine/acyclic -- Acyclicity violated: There is a directed cyclic path from X1 to itself in a MAG implied by this graph
    X4 o-o X6 : illegal -- genuine/acyclic -- Acyclicity violated: There is a directed cyclic path from X1 to itself in a MAG implied by this graph
  true DAG (all variables, latents included):
Graph Nodes:
X1;(X2);X3;X4;X5;X6

Graph Edges:
1. X1 --> X2
2. X1 --> X4
3. X2 --> X3
4. X3 --> X6
5. X4 --> X5
6. X5 --> X6


  true PAG G* (over observed):
Graph Nodes:
X1;X3;X4;X5;X6

Graph Edges:
1. X1 o-o X3
2. X1 o-o X4
3. X3 --> X6
4. X4 o-o X5
5. X5 --> X6


  H0 (G* + spurious, cold-reoriented):
Graph Nodes:
X1;X3;X4;X5;X6

Graph Edges:
1. X3 --> X1
2. X3 o-> X6
3. X4 --> X1
4. X5 --> X4
5. X5 o-> X6
6. X6 --> X1
7. X6 --> X4



==== NOSTALL DEADLOCK: gated genuine-legal H0, NO legal single-edge deletion ====
  dag mask        : 22565
  latent set      : [2]  (latent nodes: [X3])
  spurious edges  : [X1 o-o X6, X4 o-o X6]  (k=2)
  outcome of deleting each spurious edge from H0:
    X1 o-o X6 : illegal -- genuine/acyclic -- Acyclicity violated: There is a directed cyclic path from X1 to itself in a MAG implied by this graph
    X4 o-o X6 : illegal -- genuine/acyclic -- Acyclicity violated: There is a directed cyclic path from X1 to itself in a MAG implied by this graph
  true DAG (all variables, latents included):
Graph Nodes:
X1;X2;(X3);X4;X5;X6

Graph Edges:
1. X1 --> X2
2. X1 --> X4
3. X2 --> X3
4. X3 --> X6
5. X4 --> X5
6. X5 --> X6


  true PAG G* (over observed):
Graph Nodes:
X1;X2;X4;X5;X6

Graph Edges:
1. X1 o-o X2
2. X1 o-o X4
3. X2 --> X6
4. X4 o-o X5
5. X5 --> X6


  H0 (G* + spurious, cold-reoriented):
Graph Nodes:
X1;X2;X4;X5;X6

Graph Edges:
1. X2 --> X1
2. X2 o-> X6
3. X4 --> X1
4. X5 --> X4
5. X5 o-> X6
6. X6 --> X1
7. X6 --> X4



==== NOSTALL DEADLOCK: gated genuine-legal H0, NO legal single-edge deletion ====
  dag mask        : 22565
  latent set      : [3]  (latent nodes: [X4])
  spurious edges  : [X1 o-o X6, X2 o-o X6]  (k=2)
  outcome of deleting each spurious edge from H0:
    X1 o-o X6 : illegal -- genuine/acyclic -- Acyclicity violated: There is a directed cyclic path from X1 to itself in a MAG implied by this graph
    X2 o-o X6 : illegal -- genuine/acyclic -- Acyclicity violated: There is a directed cyclic path from X1 to itself in a MAG implied by this graph
  true DAG (all variables, latents included):
Graph Nodes:
X1;X2;X3;(X4);X5;X6

Graph Edges:
1. X1 --> X2
2. X1 --> X4
3. X2 --> X3
4. X3 --> X6
5. X4 --> X5
6. X5 --> X6


  true PAG G* (over observed):
Graph Nodes:
X1;X2;X3;X5;X6

Graph Edges:
1. X1 o-o X2
2. X1 o-o X5
3. X2 o-o X3
4. X3 --> X6
5. X5 --> X6


  H0 (G* + spurious, cold-reoriented):
Graph Nodes:
X1;X2;X3;X5;X6

Graph Edges:
1. X1 --> X2
2. X3 --> X2
3. X3 o-> X6
4. X5 --> X1
5. X5 o-> X6
6. X6 --> X1
7. X6 --> X2



==== NOSTALL DEADLOCK: gated genuine-legal H0, NO legal single-edge deletion ====
  dag mask        : 22565
  latent set      : [4]  (latent nodes: [X5])
  spurious edges  : [X1 o-o X6, X2 o-o X6]  (k=2)
  outcome of deleting each spurious edge from H0:
    X1 o-o X6 : illegal -- genuine/acyclic -- Acyclicity violated: There is a directed cyclic path from X1 to itself in a MAG implied by this graph
    X2 o-o X6 : illegal -- genuine/acyclic -- Acyclicity violated: There is a directed cyclic path from X1 to itself in a MAG implied by this graph
  true DAG (all variables, latents included):
Graph Nodes:
X1;X2;X3;X4;(X5);X6

Graph Edges:
1. X1 --> X2
2. X1 --> X4
3. X2 --> X3
4. X3 --> X6
5. X4 --> X5
6. X5 --> X6


  true PAG G* (over observed):
Graph Nodes:
X1;X2;X3;X4;X6

Graph Edges:
1. X1 o-o X2
2. X1 o-o X4
3. X2 o-o X3
4. X3 --> X6
5. X4 --> X6


  H0 (G* + spurious, cold-reoriented):
Graph Nodes:
X1;X2;X3;X4;X6

Graph Edges:
1. X1 --> X2
2. X3 --> X2
3. X3 o-> X6
4. X4 --> X1
5. X4 o-> X6
6. X6 --> X1
7. X6 --> X2



==== NOSTALL DEADLOCK: gated genuine-legal H0, NO legal single-edge deletion ====
  dag mask        : 22566
  latent set      : [1]  (latent nodes: [X2])
  spurious edges  : [X1 o-o X6, X4 o-o X6]  (k=2)
  outcome of deleting each spurious edge from H0:
    X1 o-o X6 : illegal -- genuine/acyclic -- Acyclicity violated: There is a directed cyclic path from X1 to itself in a MAG implied by this graph
    X4 o-o X6 : illegal -- genuine/acyclic -- Acyclicity violated: There is a directed cyclic path from X1 to itself in a MAG implied by this graph
  true DAG (all variables, latents included):
Graph Nodes:
X1;(X2);X3;X4;X5;X6

Graph Edges:
1. X1 --> X3
2. X1 --> X4
3. X2 --> X3
4. X3 --> X6
5. X4 --> X5
6. X5 --> X6


  true PAG G* (over observed):
Graph Nodes:
X1;X3;X4;X5;X6

Graph Edges:
1. X1 o-o X3
2. X1 o-o X4
3. X3 --> X6
4. X4 o-o X5
5. X5 --> X6


  H0 (G* + spurious, cold-reoriented):
Graph Nodes:
X1;X3;X4;X5;X6

Graph Edges:
1. X3 --> X1
2. X3 o-> X6
3. X4 --> X1
4. X5 --> X4
5. X5 o-> X6
6. X6 --> X1
7. X6 --> X4



==== NOSTALL DEADLOCK: gated genuine-legal H0, NO legal single-edge deletion ====
  dag mask        : 22567
  latent set      : [1]  (latent nodes: [X2])
  spurious edges  : [X1 o-o X6, X4 o-o X6]  (k=2)
  outcome of deleting each spurious edge from H0:
    X1 o-o X6 : illegal -- genuine/acyclic -- Acyclicity violated: There is a directed cyclic path from X1 to itself in a MAG implied by this graph
    X4 o-o X6 : illegal -- genuine/acyclic -- Acyclicity violated: There is a directed cyclic path from X1 to itself in a MAG implied by this graph
  true DAG (all variables, latents included):
Graph Nodes:
X1;(X2);X3;X4;X5;X6

Graph Edges:
1. X1 --> X2
2. X1 --> X3
3. X1 --> X4
4. X2 --> X3
5. X3 --> X6
6. X4 --> X5
7. X5 --> X6


  true PAG G* (over observed):
Graph Nodes:
X1;X3;X4;X5;X6

Graph Edges:
1. X1 o-o X3
2. X1 o-o X4
3. X3 --> X6
4. X4 o-o X5
5. X5 --> X6


  H0 (G* + spurious, cold-reoriented):
Graph Nodes:
X1;X3;X4;X5;X6

Graph Edges:
1. X3 --> X1
2. X3 o-> X6
3. X4 --> X1
4. X5 --> X4
5. X5 o-> X6
6. X6 --> X1
7. X6 --> X4



==== NOSTALL DEADLOCK: gated genuine-legal H0, NO legal single-edge deletion ====
  dag mask        : 22569
  latent set      : [3]  (latent nodes: [X4])
  spurious edges  : [X1 o-o X6, X2 o-o X6]  (k=2)
  outcome of deleting each spurious edge from H0:
    X1 o-o X6 : illegal -- genuine/acyclic -- Acyclicity violated: There is a directed cyclic path from X1 to itself in a MAG implied by this graph
    X2 o-o X6 : illegal -- genuine/acyclic -- Acyclicity violated: There is a directed cyclic path from X1 to itself in a MAG implied by this graph
  true DAG (all variables, latents included):
Graph Nodes:
X1;X2;X3;(X4);X5;X6

Graph Edges:
1. X1 --> X2
2. X1 --> X5
3. X2 --> X3
4. X3 --> X6
5. X4 --> X5
6. X5 --> X6


  true PAG G* (over observed):
Graph Nodes:
X1;X2;X3;X5;X6

Graph Edges:
1. X1 o-o X2
2. X1 o-o X5
3. X2 o-o X3
4. X3 --> X6
5. X5 --> X6


  H0 (G* + spurious, cold-reoriented):
Graph Nodes:
X1;X2;X3;X5;X6

Graph Edges:
1. X1 --> X2
2. X3 --> X2
3. X3 o-> X6
4. X5 --> X1
5. X5 o-> X6
6. X6 --> X1
7. X6 --> X2



==== NOSTALL DEADLOCK: gated genuine-legal H0, NO legal single-edge deletion ====
  dag mask        : 22573
  latent set      : [3]  (latent nodes: [X4])
  spurious edges  : [X1 o-o X6, X2 o-o X6]  (k=2)
  outcome of deleting each spurious edge from H0:
    X1 o-o X6 : illegal -- genuine/acyclic -- Acyclicity violated: There is a directed cyclic path from X1 to itself in a MAG implied by this graph
    X2 o-o X6 : illegal -- genuine/acyclic -- Acyclicity violated: There is a directed cyclic path from X1 to itself in a MAG implied by this graph
  true DAG (all variables, latents included):
Graph Nodes:
X1;X2;X3;(X4);X5;X6

Graph Edges:
1. X1 --> X2
2. X1 --> X4
3. X1 --> X5
4. X2 --> X3
5. X3 --> X6
6. X4 --> X5
7. X5 --> X6


  true PAG G* (over observed):
Graph Nodes:
X1;X2;X3;X5;X6

Graph Edges:
1. X1 o-o X2
2. X1 o-o X5
3. X2 o-o X3
4. X3 --> X6
5. X5 --> X6


  H0 (G* + spurious, cold-reoriented):
Graph Nodes:
X1;X2;X3;X5;X6

Graph Edges:
1. X1 --> X2
2. X3 --> X2
3. X3 o-> X6
4. X5 --> X1
5. X5 o-> X6
6. X6 --> X1
7. X6 --> X2



==== NOSTALL DEADLOCK: gated genuine-legal H0, NO legal single-edge deletion ====
  dag mask        : 22595
  latent set      : [0]  (latent nodes: [X1])
  spurious edges  : [X2 o-o X6, X4 o-o X6]  (k=2)
  outcome of deleting each spurious edge from H0:
    X2 o-o X6 : illegal -- genuine/acyclic -- Acyclicity violated: There is a directed cyclic path from X2 to itself in a MAG implied by this graph
    X4 o-o X6 : illegal -- genuine/acyclic -- Acyclicity violated: There is a directed cyclic path from X2 to itself in a MAG implied by this graph
  true DAG (all variables, latents included):
Graph Nodes:
(X1);X2;X3;X4;X5;X6

Graph Edges:
1. X1 --> X2
2. X1 --> X3
3. X2 --> X4
4. X3 --> X6
5. X4 --> X5
6. X5 --> X6


  true PAG G* (over observed):
Graph Nodes:
X2;X3;X4;X5;X6

Graph Edges:
1. X2 o-o X4
2. X3 o-o X2
3. X3 --> X6
4. X4 o-o X5
5. X5 --> X6


  H0 (G* + spurious, cold-reoriented):
Graph Nodes:
X2;X3;X4;X5;X6

Graph Edges:
1. X3 --> X2
2. X3 o-> X6
3. X4 --> X2
4. X5 --> X4
5. X5 o-> X6
6. X6 --> X2
7. X6 --> X4



==== NOSTALL DEADLOCK: gated genuine-legal H0, NO legal single-edge deletion ====
  dag mask        : 22595
  latent set      : [1]  (latent nodes: [X2])
  spurious edges  : [X1 o-o X6, X4 o-o X6]  (k=2)
  outcome of deleting each spurious edge from H0:
    X1 o-o X6 : illegal -- genuine/acyclic -- Acyclicity violated: There is a directed cyclic path from X1 to itself in a MAG implied by this graph
    X4 o-o X6 : illegal -- genuine/acyclic -- Acyclicity violated: There is a directed cyclic path from X1 to itself in a MAG implied by this graph
  true DAG (all variables, latents included):
Graph Nodes:
X1;(X2);X3;X4;X5;X6

Graph Edges:
1. X1 --> X2
2. X1 --> X3
3. X2 --> X4
4. X3 --> X6
5. X4 --> X5
6. X5 --> X6


  true PAG G* (over observed):
Graph Nodes:
X1;X3;X4;X5;X6

Graph Edges:
1. X1 o-o X3
2. X1 o-o X4
3. X3 --> X6
4. X4 o-o X5
5. X5 --> X6


  H0 (G* + spurious, cold-reoriented):
Graph Nodes:
X1;X3;X4;X5;X6

Graph Edges:
1. X3 --> X1
2. X3 o-> X6
3. X4 --> X1
4. X5 --> X4
5. X5 o-> X6
6. X6 --> X1
7. X6 --> X4



==== NOSTALL DEADLOCK: gated genuine-legal H0, NO legal single-edge deletion ====
  dag mask        : 22595
  latent set      : [2]  (latent nodes: [X3])
  spurious edges  : [X2 o-o X6, X4 o-o X6]  (k=2)
  outcome of deleting each spurious edge from H0:
    X2 o-o X6 : illegal -- genuine/acyclic -- Acyclicity violated: There is a directed cyclic path from X1 to itself in a MAG implied by this graph
    X4 o-o X6 : illegal -- genuine/acyclic -- Acyclicity violated: There is a directed cyclic path from X2 to itself in a MAG implied by this graph
  true DAG (all variables, latents included):
Graph Nodes:
X1;X2;(X3);X4;X5;X6

Graph Edges:
1. X1 --> X2
2. X1 --> X3
3. X2 --> X4
4. X3 --> X6
5. X4 --> X5
6. X5 --> X6


  true PAG G* (over observed):
Graph Nodes:
X1;X2;X4;X5;X6

Graph Edges:
1. X1 o-o X2
2. X1 --> X6
3. X2 o-o X4
4. X4 o-o X5
5. X5 --> X6


  H0 (G* + spurious, cold-reoriented):
Graph Nodes:
X1;X2;X4;X5;X6

Graph Edges:
1. X1 --> X2
2. X1 o-> X6
3. X4 --> X2
4. X5 --> X4
5. X5 o-> X6
6. X6 --> X2
7. X6 --> X4



==== NOSTALL DEADLOCK: gated genuine-legal H0, NO legal single-edge deletion ====
  dag mask        : 22595
  latent set      : [3]  (latent nodes: [X4])
  spurious edges  : [X1 o-o X6, X2 o-o X6]  (k=2)
  outcome of deleting each spurious edge from H0:
    X1 o-o X6 : illegal -- genuine/acyclic -- Acyclicity violated: There is a directed cyclic path from X1 to itself in a MAG implied by this graph
    X2 o-o X6 : illegal -- genuine/acyclic -- Acyclicity violated: There is a directed cyclic path from X1 to itself in a MAG implied by this graph
  true DAG (all variables, latents included):
Graph Nodes:
X1;X2;X3;(X4);X5;X6

Graph Edges:
1. X1 --> X2
2. X1 --> X3
3. X2 --> X4
4. X3 --> X6
5. X4 --> X5
6. X5 --> X6


  true PAG G* (over observed):
Graph Nodes:
X1;X2;X3;X5;X6

Graph Edges:
1. X1 o-o X2
2. X1 o-o X3
3. X2 o-o X5
4. X3 --> X6
5. X5 --> X6


  H0 (G* + spurious, cold-reoriented):
Graph Nodes:
X1;X2;X3;X5;X6

Graph Edges:
1. X2 --> X1
2. X3 --> X1
3. X3 o-> X6
4. X5 --> X2
5. X5 o-> X6
6. X6 --> X1
7. X6 --> X2



==== NOSTALL DEADLOCK: gated genuine-legal H0, NO legal single-edge deletion ====
  dag mask        : 22595
  latent set      : [4]  (latent nodes: [X5])
  spurious edges  : [X1 o-o X6, X2 o-o X6]  (k=2)
  outcome of deleting each spurious edge from H0:
    X1 o-o X6 : illegal -- genuine/acyclic -- Acyclicity violated: There is a directed cyclic path from X1 to itself in a MAG implied by this graph
    X2 o-o X6 : illegal -- genuine/acyclic -- Acyclicity violated: There is a directed cyclic path from X1 to itself in a MAG implied by this graph
  true DAG (all variables, latents included):
Graph Nodes:
X1;X2;X3;X4;(X5);X6

Graph Edges:
1. X1 --> X2
2. X1 --> X3
3. X2 --> X4
4. X3 --> X6
5. X4 --> X5
6. X5 --> X6


  true PAG G* (over observed):
Graph Nodes:
X1;X2;X3;X4;X6

Graph Edges:
1. X1 o-o X2
2. X1 o-o X3
3. X2 o-o X4
4. X3 --> X6
5. X4 --> X6


  H0 (G* + spurious, cold-reoriented):
Graph Nodes:
X1;X2;X3;X4;X6

Graph Edges:
1. X2 --> X1
2. X3 --> X1
3. X3 o-> X6
4. X4 --> X2
5. X4 o-> X6
6. X6 --> X1
7. X6 --> X2



==== NOSTALL DEADLOCK: gated genuine-legal H0, NO legal single-edge deletion ====
  dag mask        : 22596
  latent set      : [2]  (latent nodes: [X3])
  spurious edges  : [X1 o-o X6, X2 o-o X6]  (k=2)
  outcome of deleting each spurious edge from H0:
    X1 o-o X6 : illegal -- genuine/acyclic -- Acyclicity violated: There is a directed cyclic path from X2 to itself in a MAG implied by this graph
    X2 o-o X6 : illegal -- genuine/acyclic -- Acyclicity violated: There is a directed cyclic path from X1 to itself in a MAG implied by this graph
  true DAG (all variables, latents included):
Graph Nodes:
X1;X2;(X3);X4;X5;X6

Graph Edges:
1. X1 --> X4
2. X2 --> X4
3. X3 --> X6
4. X4 --> X5
5. X5 --> X6


  true PAG G* (over observed):
Graph Nodes:
X1;X2;X4;X5;X6

Graph Edges:
1. X1 o-> X4
2. X2 o-> X4
3. X4 --> X5
4. X5 --> X6


  H0 (G* + spurious, cold-reoriented):
Graph Nodes:
X1;X2;X4;X5;X6

Graph Edges:
1. X1 o-> X4
2. X1 --> X6
3. X2 o-> X4
4. X2 --> X6
5. X4 --> X5
6. X5 --> X6



==== NOSTALL DEADLOCK: gated genuine-legal H0, NO legal single-edge deletion ====
  dag mask        : 22598
  latent set      : [1]  (latent nodes: [X2])
  spurious edges  : [X1 o-o X6, X4 o-o X6]  (k=2)
  outcome of deleting each spurious edge from H0:
    X1 o-o X6 : illegal -- genuine/acyclic -- Acyclicity violated: There is a directed cyclic path from X1 to itself in a MAG implied by this graph
    X4 o-o X6 : illegal -- genuine/acyclic -- Acyclicity violated: There is a directed cyclic path from X1 to itself in a MAG implied by this graph
  true DAG (all variables, latents included):
Graph Nodes:
X1;(X2);X3;X4;X5;X6

Graph Edges:
1. X1 --> X3
2. X1 --> X4
3. X2 --> X4
4. X3 --> X6
5. X4 --> X5
6. X5 --> X6


  true PAG G* (over observed):
Graph Nodes:
X1;X3;X4;X5;X6

Graph Edges:
1. X1 o-o X3
2. X1 o-o X4
3. X3 --> X6
4. X4 o-o X5
5. X5 --> X6


  H0 (G* + spurious, cold-reoriented):
Graph Nodes:
X1;X3;X4;X5;X6

Graph Edges:
1. X3 --> X1
2. X3 o-> X6
3. X4 --> X1
4. X5 --> X4
5. X5 o-> X6
6. X6 --> X1
7. X6 --> X4



==== NOSTALL DEADLOCK: gated genuine-legal H0, NO legal single-edge deletion ====
  dag mask        : 22599
  latent set      : [1]  (latent nodes: [X2])
  spurious edges  : [X1 o-o X6, X4 o-o X6]  (k=2)
  outcome of deleting each spurious edge from H0:
    X1 o-o X6 : illegal -- genuine/acyclic -- Acyclicity violated: There is a directed cyclic path from X1 to itself in a MAG implied by this graph
    X4 o-o X6 : illegal -- genuine/acyclic -- Acyclicity violated: There is a directed cyclic path from X1 to itself in a MAG implied by this graph
  true DAG (all variables, latents included):
Graph Nodes:
X1;(X2);X3;X4;X5;X6

Graph Edges:
1. X1 --> X2
2. X1 --> X3
3. X1 --> X4
4. X2 --> X4
5. X3 --> X6
6. X4 --> X5
7. X5 --> X6


  true PAG G* (over observed):
Graph Nodes:
X1;X3;X4;X5;X6

Graph Edges:
1. X1 o-o X3
2. X1 o-o X4
3. X3 --> X6
4. X4 o-o X5
5. X5 --> X6


  H0 (G* + spurious, cold-reoriented):
Graph Nodes:
X1;X3;X4;X5;X6

Graph Edges:
1. X3 --> X1
2. X3 o-> X6
3. X4 --> X1
4. X5 --> X4
5. X5 o-> X6
6. X6 --> X1
7. X6 --> X4



==== NOSTALL DEADLOCK: gated genuine-legal H0, NO legal single-edge deletion ====
  dag mask        : 22609
  latent set      : [2]  (latent nodes: [X3])
  spurious edges  : [X2 o-o X6, X4 o-o X6]  (k=2)
  outcome of deleting each spurious edge from H0:
    X2 o-o X6 : illegal -- genuine/acyclic -- Acyclicity violated: There is a directed cyclic path from X1 to itself in a MAG implied by this graph
    X4 o-o X6 : illegal -- genuine/acyclic -- Acyclicity violated: There is a directed cyclic path from X2 to itself in a MAG implied by this graph
  true DAG (all variables, latents included):
Graph Nodes:
X1;X2;(X3);X4;X5;X6

Graph Edges:
1. X1 --> X2
2. X1 --> X6
3. X2 --> X4
4. X3 --> X6
5. X4 --> X5
6. X5 --> X6


  true PAG G* (over observed):
Graph Nodes:
X1;X2;X4;X5;X6

Graph Edges:
1. X1 o-o X2
2. X1 --> X6
3. X2 o-o X4
4. X4 o-o X5
5. X5 --> X6


  H0 (G* + spurious, cold-reoriented):
Graph Nodes:
X1;X2;X4;X5;X6

Graph Edges:
1. X1 --> X2
2. X1 o-> X6
3. X4 --> X2
4. X5 --> X4
5. X5 o-> X6
6. X6 --> X2
7. X6 --> X4



==== NOSTALL DEADLOCK: gated genuine-legal H0, NO legal single-edge deletion ====
  dag mask        : 22611
  latent set      : [2]  (latent nodes: [X3])
  spurious edges  : [X2 o-o X6, X4 o-o X6]  (k=2)
  outcome of deleting each spurious edge from H0:
    X2 o-o X6 : illegal -- genuine/acyclic -- Acyclicity violated: There is a directed cyclic path from X1 to itself in a MAG implied by this graph
    X4 o-o X6 : illegal -- genuine/acyclic -- Acyclicity violated: There is a directed cyclic path from X2 to itself in a MAG implied by this graph
  true DAG (all variables, latents included):
Graph Nodes:
X1;X2;(X3);X4;X5;X6

Graph Edges:
1. X1 --> X2
2. X1 --> X3
3. X1 --> X6
4. X2 --> X4
5. X3 --> X6
6. X4 --> X5
7. X5 --> X6


  true PAG G* (over observed):
Graph Nodes:
X1;X2;X4;X5;X6

Graph Edges:
1. X1 o-o X2
2. X1 --> X6
3. X2 o-o X4
4. X4 o-o X5
5. X5 --> X6


  H0 (G* + spurious, cold-reoriented):
Graph Nodes:
X1;X2;X4;X5;X6

Graph Edges:
1. X1 --> X2
2. X1 o-> X6
3. X4 --> X2
4. X5 --> X4
5. X5 o-> X6
6. X6 --> X2
7. X6 --> X4



==== NOSTALL DEADLOCK: gated genuine-legal H0, NO legal single-edge deletion ====
  dag mask        : 22624
  latent set      : [0]  (latent nodes: [X1])
  spurious edges  : [X2 o-o X6, X4 o-o X6]  (k=2)
  outcome of deleting each spurious edge from H0:
    X2 o-o X6 : illegal -- genuine/acyclic -- Acyclicity violated: There is a directed cyclic path from X2 to itself in a MAG implied by this graph
    X4 o-o X6 : illegal -- genuine/acyclic -- Acyclicity violated: There is a directed cyclic path from X2 to itself in a MAG implied by this graph
  true DAG (all variables, latents included):
Graph Nodes:
(X1);X2;X3;X4;X5;X6

Graph Edges:
1. X2 --> X3
2. X2 --> X4
3. X3 --> X6
4. X4 --> X5
5. X5 --> X6


  true PAG G* (over observed):
Graph Nodes:
X2;X3;X4;X5;X6

Graph Edges:
1. X2 o-o X3
2. X2 o-o X4
3. X3 --> X6
4. X4 o-o X5
5. X5 --> X6


  H0 (G* + spurious, cold-reoriented):
Graph Nodes:
X2;X3;X4;X5;X6

Graph Edges:
1. X3 --> X2
2. X3 o-> X6
3. X4 --> X2
4. X5 --> X4
5. X5 o-> X6
6. X6 --> X2
7. X6 --> X4



==== NOSTALL DEADLOCK: gated genuine-legal H0, NO legal single-edge deletion ====
  dag mask        : 22625
  latent set      : [0]  (latent nodes: [X1])
  spurious edges  : [X2 o-o X6, X4 o-o X6]  (k=2)
  outcome of deleting each spurious edge from H0:
    X2 o-o X6 : illegal -- genuine/acyclic -- Acyclicity violated: There is a directed cyclic path from X2 to itself in a MAG implied by this graph
    X4 o-o X6 : illegal -- genuine/acyclic -- Acyclicity violated: There is a directed cyclic path from X2 to itself in a MAG implied by this graph
  true DAG (all variables, latents included):
Graph Nodes:
(X1);X2;X3;X4;X5;X6

Graph Edges:
1. X1 --> X2
2. X2 --> X3
3. X2 --> X4
4. X3 --> X6
5. X4 --> X5
6. X5 --> X6


  true PAG G* (over observed):
Graph Nodes:
X2;X3;X4;X5;X6

Graph Edges:
1. X2 o-o X3
2. X2 o-o X4
3. X3 --> X6
4. X4 o-o X5
5. X5 --> X6


  H0 (G* + spurious, cold-reoriented):
Graph Nodes:
X2;X3;X4;X5;X6

Graph Edges:
1. X3 --> X2
2. X3 o-> X6
3. X4 --> X2
4. X5 --> X4
5. X5 o-> X6
6. X6 --> X2
7. X6 --> X4



==== NOSTALL DEADLOCK: gated genuine-legal H0, NO legal single-edge deletion ====
  dag mask        : 22626
  latent set      : [0]  (latent nodes: [X1])
  spurious edges  : [X2 o-o X6, X4 o-o X6]  (k=2)
  outcome of deleting each spurious edge from H0:
    X2 o-o X6 : illegal -- genuine/acyclic -- Acyclicity violated: There is a directed cyclic path from X2 to itself in a MAG implied by this graph
    X4 o-o X6 : illegal -- genuine/acyclic -- Acyclicity violated: There is a directed cyclic path from X2 to itself in a MAG implied by this graph
  true DAG (all variables, latents included):
Graph Nodes:
(X1);X2;X3;X4;X5;X6

Graph Edges:
1. X1 --> X3
2. X2 --> X3
3. X2 --> X4
4. X3 --> X6
5. X4 --> X5
6. X5 --> X6


  true PAG G* (over observed):
Graph Nodes:
X2;X3;X4;X5;X6

Graph Edges:
1. X2 o-o X3
2. X2 o-o X4
3. X3 --> X6
4. X4 o-o X5
5. X5 --> X6


  H0 (G* + spurious, cold-reoriented):
Graph Nodes:
X2;X3;X4;X5;X6

Graph Edges:
1. X3 --> X2
2. X3 o-> X6
3. X4 --> X2
4. X5 --> X4
5. X5 o-> X6
6. X6 --> X2
7. X6 --> X4



==== NOSTALL DEADLOCK: gated genuine-legal H0, NO legal single-edge deletion ====
  dag mask        : 22627
  latent set      : [0]  (latent nodes: [X1])
  spurious edges  : [X2 o-o X6, X4 o-o X6]  (k=2)
  outcome of deleting each spurious edge from H0:
    X2 o-o X6 : illegal -- genuine/acyclic -- Acyclicity violated: There is a directed cyclic path from X2 to itself in a MAG implied by this graph
    X4 o-o X6 : illegal -- genuine/acyclic -- Acyclicity violated: There is a directed cyclic path from X2 to itself in a MAG implied by this graph
  true DAG (all variables, latents included):
Graph Nodes:
(X1);X2;X3;X4;X5;X6

Graph Edges:
1. X1 --> X2
2. X1 --> X3
3. X2 --> X3
4. X2 --> X4
5. X3 --> X6
6. X4 --> X5
7. X5 --> X6


  true PAG G* (over observed):
Graph Nodes:
X2;X3;X4;X5;X6

Graph Edges:
1. X2 o-o X3
2. X2 o-o X4
3. X3 --> X6
4. X4 o-o X5
5. X5 --> X6


  H0 (G* + spurious, cold-reoriented):
Graph Nodes:
X2;X3;X4;X5;X6

Graph Edges:
1. X3 --> X2
2. X3 o-> X6
3. X4 --> X2
4. X5 --> X4
5. X5 o-> X6
6. X6 --> X2
7. X6 --> X4



==== NOSTALL DEADLOCK: gated genuine-legal H0, NO legal single-edge deletion ====
  dag mask        : 22628
  latent set      : [0]  (latent nodes: [X1])
  spurious edges  : [X2 o-o X6, X4 o-o X6]  (k=2)
  outcome of deleting each spurious edge from H0:
    X2 o-o X6 : illegal -- genuine/acyclic -- Acyclicity violated: There is a directed cyclic path from X2 to itself in a MAG implied by this graph
    X4 o-o X6 : illegal -- genuine/acyclic -- Acyclicity violated: There is a directed cyclic path from X2 to itself in a MAG implied by this graph
  true DAG (all variables, latents included):
Graph Nodes:
(X1);X2;X3;X4;X5;X6

Graph Edges:
1. X1 --> X4
2. X2 --> X3
3. X2 --> X4
4. X3 --> X6
5. X4 --> X5
6. X5 --> X6


  true PAG G* (over observed):
Graph Nodes:
X2;X3;X4;X5;X6

Graph Edges:
1. X2 o-o X3
2. X2 o-o X4
3. X3 --> X6
4. X4 o-o X5
5. X5 --> X6


  H0 (G* + spurious, cold-reoriented):
Graph Nodes:
X2;X3;X4;X5;X6

Graph Edges:
1. X3 --> X2
2. X3 o-> X6
3. X4 --> X2
4. X5 --> X4
5. X5 o-> X6
6. X6 --> X2
7. X6 --> X4



==== NOSTALL DEADLOCK: gated genuine-legal H0, NO legal single-edge deletion ====
  dag mask        : 22629
  latent set      : [0]  (latent nodes: [X1])
  spurious edges  : [X2 o-o X6, X4 o-o X6]  (k=2)
  outcome of deleting each spurious edge from H0:
    X2 o-o X6 : illegal -- genuine/acyclic -- Acyclicity violated: There is a directed cyclic path from X2 to itself in a MAG implied by this graph
    X4 o-o X6 : illegal -- genuine/acyclic -- Acyclicity violated: There is a directed cyclic path from X2 to itself in a MAG implied by this graph
  true DAG (all variables, latents included):
Graph Nodes:
(X1);X2;X3;X4;X5;X6

Graph Edges:
1. X1 --> X2
2. X1 --> X4
3. X2 --> X3
4. X2 --> X4
5. X3 --> X6
6. X4 --> X5
7. X5 --> X6


  true PAG G* (over observed):
Graph Nodes:
X2;X3;X4;X5;X6

Graph Edges:
1. X2 o-o X3
2. X2 o-o X4
3. X3 --> X6
4. X4 o-o X5
5. X5 --> X6


  H0 (G* + spurious, cold-reoriented):
Graph Nodes:
X2;X3;X4;X5;X6

Graph Edges:
1. X3 --> X2
2. X3 o-> X6
3. X4 --> X2
4. X5 --> X4
5. X5 o-> X6
6. X6 --> X2
7. X6 --> X4



==== NOSTALL DEADLOCK: gated genuine-legal H0, NO legal single-edge deletion ====
  dag mask        : 22632
  latent set      : [0]  (latent nodes: [X1])
  spurious edges  : [X2 o-o X6, X4 o-o X6]  (k=2)
  outcome of deleting each spurious edge from H0:
    X2 o-o X6 : illegal -- genuine/acyclic -- Acyclicity violated: There is a directed cyclic path from X2 to itself in a MAG implied by this graph
    X4 o-o X6 : illegal -- genuine/acyclic -- Acyclicity violated: There is a directed cyclic path from X2 to itself in a MAG implied by this graph
  true DAG (all variables, latents included):
Graph Nodes:
(X1);X2;X3;X4;X5;X6

Graph Edges:
1. X1 --> X5
2. X2 --> X3
3. X2 --> X4
4. X3 --> X6
5. X4 --> X5
6. X5 --> X6


  true PAG G* (over observed):
Graph Nodes:
X2;X3;X4;X5;X6

Graph Edges:
1. X2 o-o X3
2. X2 o-o X4
3. X3 --> X6
4. X4 o-o X5
5. X5 --> X6


  H0 (G* + spurious, cold-reoriented):
Graph Nodes:
X2;X3;X4;X5;X6

Graph Edges:
1. X3 --> X2
2. X3 o-> X6
3. X4 --> X2
4. X5 --> X4
5. X5 o-> X6
6. X6 --> X2
7. X6 --> X4



==== NOSTALL DEADLOCK: gated genuine-legal H0, NO legal single-edge deletion ====
  dag mask        : 22640
  latent set      : [0]  (latent nodes: [X1])
  spurious edges  : [X2 o-o X6, X4 o-o X6]  (k=2)
  outcome of deleting each spurious edge from H0:
    X2 o-o X6 : illegal -- genuine/acyclic -- Acyclicity violated: There is a directed cyclic path from X2 to itself in a MAG implied by this graph
    X4 o-o X6 : illegal -- genuine/acyclic -- Acyclicity violated: There is a directed cyclic path from X2 to itself in a MAG implied by this graph
  true DAG (all variables, latents included):
Graph Nodes:
(X1);X2;X3;X4;X5;X6

Graph Edges:
1. X1 --> X6
2. X2 --> X3
3. X2 --> X4
4. X3 --> X6
5. X4 --> X5
6. X5 --> X6


  true PAG G* (over observed):
Graph Nodes:
X2;X3;X4;X5;X6

Graph Edges:
1. X2 o-o X3
2. X2 o-o X4
3. X3 --> X6
4. X4 o-o X5
5. X5 --> X6


  H0 (G* + spurious, cold-reoriented):
Graph Nodes:
X2;X3;X4;X5;X6

Graph Edges:
1. X3 --> X2
2. X3 o-> X6
3. X4 --> X2
4. X5 --> X4
5. X5 o-> X6
6. X6 --> X2
7. X6 --> X4



==== NOSTALL DEADLOCK: gated genuine-legal H0, NO legal single-edge deletion ====
  dag mask        : 22659
  latent set      : [3]  (latent nodes: [X4])
  spurious edges  : [X1 o-o X6, X2 o-o X6]  (k=2)
  outcome of deleting each spurious edge from H0:
    X1 o-o X6 : illegal -- genuine/acyclic -- Acyclicity violated: There is a directed cyclic path from X1 to itself in a MAG implied by this graph
    X2 o-o X6 : illegal -- genuine/acyclic -- Acyclicity violated: There is a directed cyclic path from X1 to itself in a MAG implied by this graph
  true DAG (all variables, latents included):
Graph Nodes:
X1;X2;X3;(X4);X5;X6

Graph Edges:
1. X1 --> X2
2. X1 --> X3
3. X2 --> X5
4. X3 --> X6
5. X4 --> X5
6. X5 --> X6


  true PAG G* (over observed):
Graph Nodes:
X1;X2;X3;X5;X6

Graph Edges:
1. X1 o-o X2
2. X1 o-o X3
3. X2 o-o X5
4. X3 --> X6
5. X5 --> X6


  H0 (G* + spurious, cold-reoriented):
Graph Nodes:
X1;X2;X3;X5;X6

Graph Edges:
1. X2 --> X1
2. X3 --> X1
3. X3 o-> X6
4. X5 --> X2
5. X5 o-> X6
6. X6 --> X1
7. X6 --> X2



==== NOSTALL DEADLOCK: gated genuine-legal H0, NO legal single-edge deletion ====
  dag mask        : 22662
  latent set      : [1]  (latent nodes: [X2])
  spurious edges  : [X1 o-o X6, X4 o-o X6]  (k=2)
  outcome of deleting each spurious edge from H0:
    X1 o-o X6 : illegal -- genuine/acyclic -- Acyclicity violated: There is a directed cyclic path from X1 to itself in a MAG implied by this graph
    X4 o-o X6 : illegal -- genuine/acyclic -- Acyclicity violated: There is a directed cyclic path from X1 to itself in a MAG implied by this graph
  true DAG (all variables, latents included):
Graph Nodes:
X1;(X2);X3;X4;X5;X6

Graph Edges:
1. X1 --> X3
2. X1 --> X4
3. X2 --> X5
4. X3 --> X6
5. X4 --> X5
6. X5 --> X6


  true PAG G* (over observed):
Graph Nodes:
X1;X3;X4;X5;X6

Graph Edges:
1. X1 o-o X3
2. X1 o-o X4
3. X3 --> X6
4. X4 o-o X5
5. X5 --> X6


  H0 (G* + spurious, cold-reoriented):
Graph Nodes:
X1;X3;X4;X5;X6

Graph Edges:
1. X3 --> X1
2. X3 o-> X6
3. X4 --> X1
4. X5 --> X4
5. X5 o-> X6
6. X6 --> X1
7. X6 --> X4



==== NOSTALL DEADLOCK: gated genuine-legal H0, NO legal single-edge deletion ====
  dag mask        : 22723
  latent set      : [3]  (latent nodes: [X4])
  spurious edges  : [X1 o-o X6, X2 o-o X6]  (k=2)
  outcome of deleting each spurious edge from H0:
    X1 o-o X6 : illegal -- genuine/acyclic -- Acyclicity violated: There is a directed cyclic path from X1 to itself in a MAG implied by this graph
    X2 o-o X6 : illegal -- genuine/acyclic -- Acyclicity violated: There is a directed cyclic path from X1 to itself in a MAG implied by this graph
  true DAG (all variables, latents included):
Graph Nodes:
X1;X2;X3;(X4);X5;X6

Graph Edges:
1. X1 --> X2
2. X1 --> X3
3. X2 --> X4
4. X2 --> X5
5. X3 --> X6
6. X4 --> X5
7. X5 --> X6


  true PAG G* (over observed):
Graph Nodes:
X1;X2;X3;X5;X6

Graph Edges:
1. X1 o-o X2
2. X1 o-o X3
3. X2 o-o X5
4. X3 --> X6
5. X5 --> X6


  H0 (G* + spurious, cold-reoriented):
Graph Nodes:
X1;X2;X3;X5;X6

Graph Edges:
1. X2 --> X1
2. X3 --> X1
3. X3 o-> X6
4. X5 --> X2
5. X5 o-> X6
6. X6 --> X1
7. X6 --> X2



==== NOSTALL DEADLOCK: gated genuine-legal H0, NO legal single-edge deletion ====
  dag mask        : 22789
  latent set      : [2]  (latent nodes: [X3])
  spurious edges  : [X1 o-o X6, X4 o-o X6]  (k=2)
  outcome of deleting each spurious edge from H0:
    X1 o-o X6 : illegal -- genuine/acyclic -- Acyclicity violated: There is a directed cyclic path from X1 to itself in a MAG implied by this graph
    X4 o-o X6 : illegal -- genuine/acyclic -- Acyclicity violated: There is a directed cyclic path from X1 to itself in a MAG implied by this graph
  true DAG (all variables, latents included):
Graph Nodes:
X1;X2;(X3);X4;X5;X6

Graph Edges:
1. X1 --> X2
2. X1 --> X4
3. X2 --> X6
4. X3 --> X6
5. X4 --> X5
6. X5 --> X6


  true PAG G* (over observed):
Graph Nodes:
X1;X2;X4;X5;X6

Graph Edges:
1. X1 o-o X2
2. X1 o-o X4
3. X2 --> X6
4. X4 o-o X5
5. X5 --> X6


  H0 (G* + spurious, cold-reoriented):
Graph Nodes:
X1;X2;X4;X5;X6

Graph Edges:
1. X2 --> X1
2. X2 o-> X6
3. X4 --> X1
4. X5 --> X4
5. X5 o-> X6
6. X6 --> X1
7. X6 --> X4



==== NOSTALL DEADLOCK: gated genuine-legal H0, NO legal single-edge deletion ====
  dag mask        : 22790
  latent set      : [1]  (latent nodes: [X2])
  spurious edges  : [X1 o-o X6, X4 o-o X6]  (k=2)
  outcome of deleting each spurious edge from H0:
    X1 o-o X6 : illegal -- genuine/acyclic -- Acyclicity violated: There is a directed cyclic path from X1 to itself in a MAG implied by this graph
    X4 o-o X6 : illegal -- genuine/acyclic -- Acyclicity violated: There is a directed cyclic path from X1 to itself in a MAG implied by this graph
  true DAG (all variables, latents included):
Graph Nodes:
X1;(X2);X3;X4;X5;X6

Graph Edges:
1. X1 --> X3
2. X1 --> X4
3. X2 --> X6
4. X3 --> X6
5. X4 --> X5
6. X5 --> X6


  true PAG G* (over observed):
Graph Nodes:
X1;X3;X4;X5;X6

Graph Edges:
1. X1 o-o X3
2. X1 o-o X4
3. X3 --> X6
4. X4 o-o X5
5. X5 --> X6


  H0 (G* + spurious, cold-reoriented):
Graph Nodes:
X1;X3;X4;X5;X6

Graph Edges:
1. X3 --> X1
2. X3 o-> X6
3. X4 --> X1
4. X5 --> X4
5. X5 o-> X6
6. X6 --> X1
7. X6 --> X4



==== NOSTALL DEADLOCK: gated genuine-legal H0, NO legal single-edge deletion ====
  dag mask        : 22821
  latent set      : [2]  (latent nodes: [X3])
  spurious edges  : [X1 o-o X6, X4 o-o X6]  (k=2)
  outcome of deleting each spurious edge from H0:
    X1 o-o X6 : illegal -- genuine/acyclic -- Acyclicity violated: There is a directed cyclic path from X1 to itself in a MAG implied by this graph
    X4 o-o X6 : illegal -- genuine/acyclic -- Acyclicity violated: There is a directed cyclic path from X1 to itself in a MAG implied by this graph
  true DAG (all variables, latents included):
Graph Nodes:
X1;X2;(X3);X4;X5;X6

Graph Edges:
1. X1 --> X2
2. X1 --> X4
3. X2 --> X3
4. X2 --> X6
5. X3 --> X6
6. X4 --> X5
7. X5 --> X6


  true PAG G* (over observed):
Graph Nodes:
X1;X2;X4;X5;X6

Graph Edges:
1. X1 o-o X2
2. X1 o-o X4
3. X2 --> X6
4. X4 o-o X5
5. X5 --> X6


  H0 (G* + spurious, cold-reoriented):
Graph Nodes:
X1;X2;X4;X5;X6

Graph Edges:
1. X2 --> X1
2. X2 o-> X6
3. X4 --> X1
4. X5 --> X4
5. X5 o-> X6
6. X6 --> X1
7. X6 --> X4



==== NOSTALL DEADLOCK: gated genuine-legal H0, NO legal single-edge deletion ====
  dag mask        : 23074
  latent set      : [5]  (latent nodes: [X6])
  spurious edges  : [X1 o-o X5, X2 o-o X5]  (k=2)
  outcome of deleting each spurious edge from H0:
    X1 o-o X5 : illegal -- genuine/acyclic -- Acyclicity violated: There is a directed cyclic path from X2 to itself in a MAG implied by this graph
    X2 o-o X5 : illegal -- genuine/acyclic -- Acyclicity violated: There is a directed cyclic path from X1 to itself in a MAG implied by this graph
  true DAG (all variables, latents included):
Graph Nodes:
X1;X2;X3;X4;X5;(X6)

Graph Edges:
1. X1 --> X3
2. X2 --> X3
3. X3 --> X4
4. X3 --> X6
5. X4 --> X5
6. X5 --> X6


  true PAG G* (over observed):
Graph Nodes:
X1;X2;X3;X4;X5

Graph Edges:
1. X1 o-> X3
2. X2 o-> X3
3. X3 --> X4
4. X4 --> X5


  H0 (G* + spurious, cold-reoriented):
Graph Nodes:
X1;X2;X3;X4;X5

Graph Edges:
1. X1 o-> X3
2. X1 --> X5
3. X2 o-> X3
4. X2 --> X5
5. X3 --> X4
6. X4 --> X5



==== NOSTALL DEADLOCK: gated genuine-legal H0, NO legal single-edge deletion ====
  dag mask        : 23081
  latent set      : [5]  (latent nodes: [X6])
  spurious edges  : [X2 o-o X5, X3 o-o X5]  (k=2)
  outcome of deleting each spurious edge from H0:
    X2 o-o X5 : illegal -- genuine/acyclic -- Acyclicity violated: There is a directed cyclic path from X1 to itself in a MAG implied by this graph
    X3 o-o X5 : illegal -- genuine/acyclic -- Acyclicity violated: There is a directed cyclic path from X2 to itself in a MAG implied by this graph
  true DAG (all variables, latents included):
Graph Nodes:
X1;X2;X3;X4;X5;(X6)

Graph Edges:
1. X1 --> X2
2. X1 --> X5
3. X2 --> X3
4. X3 --> X4
5. X3 --> X6
6. X4 --> X5
7. X5 --> X6


  true PAG G* (over observed):
Graph Nodes:
X1;X2;X3;X4;X5

Graph Edges:
1. X1 o-o X2
2. X1 --> X5
3. X2 o-o X3
4. X3 o-o X4
5. X4 --> X5


  H0 (G* + spurious, cold-reoriented):
Graph Nodes:
X1;X2;X3;X4;X5

Graph Edges:
1. X1 --> X2
2. X1 o-> X5
3. X3 --> X2
4. X4 --> X3
5. X4 o-> X5
6. X5 --> X2
7. X5 --> X3



==== NOSTALL DEADLOCK: gated genuine-legal H0, NO legal single-edge deletion ====
  dag mask        : 23090
  latent set      : [5]  (latent nodes: [X6])
  spurious edges  : [X1 o-o X5, X2 o-o X5]  (k=2)
  outcome of deleting each spurious edge from H0:
    X1 o-o X5 : illegal -- genuine/acyclic -- Acyclicity violated: There is a directed cyclic path from X2 to itself in a MAG implied by this graph
    X2 o-o X5 : illegal -- genuine/acyclic -- Acyclicity violated: There is a directed cyclic path from X1 to itself in a MAG implied by this graph
  true DAG (all variables, latents included):
Graph Nodes:
X1;X2;X3;X4;X5;(X6)

Graph Edges:
1. X1 --> X3
2. X1 --> X6
3. X2 --> X3
4. X3 --> X4
5. X3 --> X6
6. X4 --> X5
7. X5 --> X6


  true PAG G* (over observed):
Graph Nodes:
X1;X2;X3;X4;X5

Graph Edges:
1. X1 o-> X3
2. X2 o-> X3
3. X3 --> X4
4. X4 --> X5


  H0 (G* + spurious, cold-reoriented):
Graph Nodes:
X1;X2;X3;X4;X5

Graph Edges:
1. X1 o-> X3
2. X1 --> X5
3. X2 o-> X3
4. X2 --> X5
5. X3 --> X4
6. X4 --> X5



==== NOSTALL DEADLOCK: gated genuine-legal H0, NO legal single-edge deletion ====
  dag mask        : 23097
  latent set      : [5]  (latent nodes: [X6])
  spurious edges  : [X2 o-o X5, X3 o-o X5]  (k=2)
  outcome of deleting each spurious edge from H0:
    X2 o-o X5 : illegal -- genuine/acyclic -- Acyclicity violated: There is a directed cyclic path from X1 to itself in a MAG implied by this graph
    X3 o-o X5 : illegal -- genuine/acyclic -- Acyclicity violated: There is a directed cyclic path from X2 to itself in a MAG implied by this graph
  true DAG (all variables, latents included):
Graph Nodes:
X1;X2;X3;X4;X5;(X6)

Graph Edges:
1. X1 --> X2
2. X1 --> X5
3. X1 --> X6
4. X2 --> X3
5. X3 --> X4
6. X3 --> X6
7. X4 --> X5
8. X5 --> X6


  true PAG G* (over observed):
Graph Nodes:
X1;X2;X3;X4;X5

Graph Edges:
1. X1 o-o X2
2. X1 --> X5
3. X2 o-o X3
4. X3 o-o X4
5. X4 --> X5


  H0 (G* + spurious, cold-reoriented):
Graph Nodes:
X1;X2;X3;X4;X5

Graph Edges:
1. X1 --> X2
2. X1 o-> X5
3. X3 --> X2
4. X4 --> X3
5. X4 o-> X5
6. X5 --> X2
7. X5 --> X3



==== NOSTALL DEADLOCK: gated genuine-legal H0, NO legal single-edge deletion ====
  dag mask        : 23171
  latent set      : [5]  (latent nodes: [X6])
  spurious edges  : [X1 o-o X5, X3 o-o X5]  (k=2)
  outcome of deleting each spurious edge from H0:
    X1 o-o X5 : illegal -- genuine/acyclic -- Acyclicity violated: There is a directed cyclic path from X1 to itself in a MAG implied by this graph
    X3 o-o X5 : illegal -- genuine/acyclic -- Acyclicity violated: There is a directed cyclic path from X1 to itself in a MAG implied by this graph
  true DAG (all variables, latents included):
Graph Nodes:
X1;X2;X3;X4;X5;(X6)

Graph Edges:
1. X1 --> X2
2. X1 --> X3
3. X2 --> X5
4. X3 --> X4
5. X3 --> X6
6. X4 --> X5
7. X5 --> X6


  true PAG G* (over observed):
Graph Nodes:
X1;X2;X3;X4;X5

Graph Edges:
1. X1 o-o X2
2. X1 o-o X3
3. X2 --> X5
4. X3 o-o X4
5. X4 --> X5


  H0 (G* + spurious, cold-reoriented):
Graph Nodes:
X1;X2;X3;X4;X5

Graph Edges:
1. X2 --> X1
2. X2 o-> X5
3. X3 --> X1
4. X4 --> X3
5. X4 o-> X5
6. X5 --> X1
7. X5 --> X3



==== NOSTALL DEADLOCK: gated genuine-legal H0, NO legal single-edge deletion ====
  dag mask        : 23187
  latent set      : [5]  (latent nodes: [X6])
  spurious edges  : [X1 o-o X5, X3 o-o X5]  (k=2)
  outcome of deleting each spurious edge from H0:
    X1 o-o X5 : illegal -- genuine/acyclic -- Acyclicity violated: There is a directed cyclic path from X1 to itself in a MAG implied by this graph
    X3 o-o X5 : illegal -- genuine/acyclic -- Acyclicity violated: There is a directed cyclic path from X1 to itself in a MAG implied by this graph
  true DAG (all variables, latents included):
Graph Nodes:
X1;X2;X3;X4;X5;(X6)

Graph Edges:
1. X1 --> X2
2. X1 --> X3
3. X1 --> X6
4. X2 --> X5
5. X3 --> X4
6. X3 --> X6
7. X4 --> X5
8. X5 --> X6


  true PAG G* (over observed):
Graph Nodes:
X1;X2;X3;X4;X5

Graph Edges:
1. X1 o-o X2
2. X1 o-o X3
3. X2 --> X5
4. X3 o-o X4
5. X4 --> X5


  H0 (G* + spurious, cold-reoriented):
Graph Nodes:
X1;X2;X3;X4;X5

Graph Edges:
1. X2 --> X1
2. X2 o-> X5
3. X3 --> X1
4. X4 --> X3
5. X4 o-> X5
6. X5 --> X1
7. X5 --> X3



==== NOSTALL DEADLOCK: gated genuine-legal H0, NO legal single-edge deletion ====
  dag mask        : 23330
  latent set      : [5]  (latent nodes: [X6])
  spurious edges  : [X1 o-o X5, X2 o-o X5]  (k=2)
  outcome of deleting each spurious edge from H0:
    X1 o-o X5 : illegal -- genuine/acyclic -- Acyclicity violated: There is a directed cyclic path from X2 to itself in a MAG implied by this graph
    X2 o-o X5 : illegal -- genuine/acyclic -- Acyclicity violated: There is a directed cyclic path from X1 to itself in a MAG implied by this graph
  true DAG (all variables, latents included):
Graph Nodes:
X1;X2;X3;X4;X5;(X6)

Graph Edges:
1. X1 --> X3
2. X2 --> X3
3. X2 --> X6
4. X3 --> X4
5. X3 --> X6
6. X4 --> X5
7. X5 --> X6


  true PAG G* (over observed):
Graph Nodes:
X1;X2;X3;X4;X5

Graph Edges:
1. X1 o-> X3
2. X2 o-> X3
3. X3 --> X4
4. X4 --> X5


  H0 (G* + spurious, cold-reoriented):
Graph Nodes:
X1;X2;X3;X4;X5

Graph Edges:
1. X1 o-> X3
2. X1 --> X5
3. X2 o-> X3
4. X2 --> X5
5. X3 --> X4
6. X4 --> X5



==== NOSTALL DEADLOCK: gated genuine-legal H0, NO legal single-edge deletion ====
  dag mask        : 23337
  latent set      : [5]  (latent nodes: [X6])
  spurious edges  : [X2 o-o X5, X3 o-o X5]  (k=2)
  outcome of deleting each spurious edge from H0:
    X2 o-o X5 : illegal -- genuine/acyclic -- Acyclicity violated: There is a directed cyclic path from X1 to itself in a MAG implied by this graph
    X3 o-o X5 : illegal -- genuine/acyclic -- Acyclicity violated: There is a directed cyclic path from X2 to itself in a MAG implied by this graph
  true DAG (all variables, latents included):
Graph Nodes:
X1;X2;X3;X4;X5;(X6)

Graph Edges:
1. X1 --> X2
2. X1 --> X5
3. X2 --> X3
4. X2 --> X6
5. X3 --> X4
6. X3 --> X6
7. X4 --> X5
8. X5 --> X6


  true PAG G* (over observed):
Graph Nodes:
X1;X2;X3;X4;X5

Graph Edges:
1. X1 o-o X2
2. X1 --> X5
3. X2 o-o X3
4. X3 o-o X4
5. X4 --> X5


  H0 (G* + spurious, cold-reoriented):
Graph Nodes:
X1;X2;X3;X4;X5

Graph Edges:
1. X1 --> X2
2. X1 o-> X5
3. X3 --> X2
4. X4 --> X3
5. X4 o-> X5
6. X5 --> X2
7. X5 --> X3



==== NOSTALL DEADLOCK: gated genuine-legal H0, NO legal single-edge deletion ====
  dag mask        : 23346
  latent set      : [5]  (latent nodes: [X6])
  spurious edges  : [X1 o-o X5, X2 o-o X5]  (k=2)
  outcome of deleting each spurious edge from H0:
    X1 o-o X5 : illegal -- genuine/acyclic -- Acyclicity violated: There is a directed cyclic path from X2 to itself in a MAG implied by this graph
    X2 o-o X5 : illegal -- genuine/acyclic -- Acyclicity violated: There is a directed cyclic path from X1 to itself in a MAG implied by this graph
  true DAG (all variables, latents included):
Graph Nodes:
X1;X2;X3;X4;X5;(X6)

Graph Edges:
1. X1 --> X3
2. X1 --> X6
3. X2 --> X3
4. X2 --> X6
5. X3 --> X4
6. X3 --> X6
7. X4 --> X5
8. X5 --> X6


  true PAG G* (over observed):
Graph Nodes:
X1;X2;X3;X4;X5

Graph Edges:
1. X1 o-> X3
2. X2 o-> X3
3. X3 --> X4
4. X4 --> X5


  H0 (G* + spurious, cold-reoriented):
Graph Nodes:
X1;X2;X3;X4;X5

Graph Edges:
1. X1 o-> X3
2. X1 --> X5
3. X2 o-> X3
4. X2 --> X5
5. X3 --> X4
6. X4 --> X5



==== NOSTALL DEADLOCK: gated genuine-legal H0, NO legal single-edge deletion ====
  dag mask        : 23353
  latent set      : [5]  (latent nodes: [X6])
  spurious edges  : [X2 o-o X5, X3 o-o X5]  (k=2)
  outcome of deleting each spurious edge from H0:
    X2 o-o X5 : illegal -- genuine/acyclic -- Acyclicity violated: There is a directed cyclic path from X1 to itself in a MAG implied by this graph
    X3 o-o X5 : illegal -- genuine/acyclic -- Acyclicity violated: There is a directed cyclic path from X2 to itself in a MAG implied by this graph
  true DAG (all variables, latents included):
Graph Nodes:
X1;X2;X3;X4;X5;(X6)

Graph Edges:
1. X1 --> X2
2. X1 --> X5
3. X1 --> X6
4. X2 --> X3
5. X2 --> X6
6. X3 --> X4
7. X3 --> X6
8. X4 --> X5
9. X5 --> X6


  true PAG G* (over observed):
Graph Nodes:
X1;X2;X3;X4;X5

Graph Edges:
1. X1 o-o X2
2. X1 --> X5
3. X2 o-o X3
4. X3 o-o X4
5. X4 --> X5


  H0 (G* + spurious, cold-reoriented):
Graph Nodes:
X1;X2;X3;X4;X5

Graph Edges:
1. X1 --> X2
2. X1 o-> X5
3. X3 --> X2
4. X4 --> X3
5. X4 o-> X5
6. X5 --> X2
7. X5 --> X3



==== NOSTALL DEADLOCK: gated genuine-legal H0, NO legal single-edge deletion ====
  dag mask        : 23427
  latent set      : [5]  (latent nodes: [X6])
  spurious edges  : [X1 o-o X5, X3 o-o X5]  (k=2)
  outcome of deleting each spurious edge from H0:
    X1 o-o X5 : illegal -- genuine/acyclic -- Acyclicity violated: There is a directed cyclic path from X1 to itself in a MAG implied by this graph
    X3 o-o X5 : illegal -- genuine/acyclic -- Acyclicity violated: There is a directed cyclic path from X1 to itself in a MAG implied by this graph
  true DAG (all variables, latents included):
Graph Nodes:
X1;X2;X3;X4;X5;(X6)

Graph Edges:
1. X1 --> X2
2. X1 --> X3
3. X2 --> X5
4. X2 --> X6
5. X3 --> X4
6. X3 --> X6
7. X4 --> X5
8. X5 --> X6


  true PAG G* (over observed):
Graph Nodes:
X1;X2;X3;X4;X5

Graph Edges:
1. X1 o-o X2
2. X1 o-o X3
3. X2 --> X5
4. X3 o-o X4
5. X4 --> X5


  H0 (G* + spurious, cold-reoriented):
Graph Nodes:
X1;X2;X3;X4;X5

Graph Edges:
1. X2 --> X1
2. X2 o-> X5
3. X3 --> X1
4. X4 --> X3
5. X4 o-> X5
6. X5 --> X1
7. X5 --> X3



==== NOSTALL DEADLOCK: gated genuine-legal H0, NO legal single-edge deletion ====
  dag mask        : 23443
  latent set      : [5]  (latent nodes: [X6])
  spurious edges  : [X1 o-o X5, X3 o-o X5]  (k=2)
  outcome of deleting each spurious edge from H0:
    X1 o-o X5 : illegal -- genuine/acyclic -- Acyclicity violated: There is a directed cyclic path from X1 to itself in a MAG implied by this graph
    X3 o-o X5 : illegal -- genuine/acyclic -- Acyclicity violated: There is a directed cyclic path from X1 to itself in a MAG implied by this graph
  true DAG (all variables, latents included):
Graph Nodes:
X1;X2;X3;X4;X5;(X6)

Graph Edges:
1. X1 --> X2
2. X1 --> X3
3. X1 --> X6
4. X2 --> X5
5. X2 --> X6
6. X3 --> X4
7. X3 --> X6
8. X4 --> X5
9. X5 --> X6


  true PAG G* (over observed):
Graph Nodes:
X1;X2;X3;X4;X5

Graph Edges:
1. X1 o-o X2
2. X1 o-o X3
3. X2 --> X5
4. X3 o-o X4
5. X4 --> X5


  H0 (G* + spurious, cold-reoriented):
Graph Nodes:
X1;X2;X3;X4;X5

Graph Edges:
1. X2 --> X1
2. X2 o-> X5
3. X3 --> X1
4. X4 --> X3
5. X4 o-> X5
6. X5 --> X1
7. X5 --> X3



==== NOSTALL DEADLOCK: gated genuine-legal H0, NO legal single-edge deletion ====
  dag mask        : 23589
  latent set      : [4]  (latent nodes: [X5])
  spurious edges  : [X1 o-o X6, X2 o-o X6]  (k=2)
  outcome of deleting each spurious edge from H0:
    X1 o-o X6 : illegal -- genuine/acyclic -- Acyclicity violated: There is a directed cyclic path from X1 to itself in a MAG implied by this graph
    X2 o-o X6 : illegal -- genuine/acyclic -- Acyclicity violated: There is a directed cyclic path from X1 to itself in a MAG implied by this graph
  true DAG (all variables, latents included):
Graph Nodes:
X1;X2;X3;X4;(X5);X6

Graph Edges:
1. X1 --> X2
2. X1 --> X4
3. X2 --> X3
4. X3 --> X5
5. X3 --> X6
6. X4 --> X5
7. X5 --> X6


  true PAG G* (over observed):
Graph Nodes:
X1;X2;X3;X4;X6

Graph Edges:
1. X1 o-o X2
2. X1 o-o X4
3. X2 o-o X3
4. X3 --> X6
5. X4 --> X6


  H0 (G* + spurious, cold-reoriented):
Graph Nodes:
X1;X2;X3;X4;X6

Graph Edges:
1. X1 --> X2
2. X3 --> X2
3. X3 o-> X6
4. X4 --> X1
5. X4 o-> X6
6. X6 --> X1
7. X6 --> X2



==== NOSTALL DEADLOCK: gated genuine-legal H0, NO legal single-edge deletion ====
  dag mask        : 23589
  latent set      : [5]  (latent nodes: [X6])
  spurious edges  : [X1 o-o X5, X2 o-o X5]  (k=2)
  outcome of deleting each spurious edge from H0:
    X1 o-o X5 : illegal -- genuine/acyclic -- Acyclicity violated: There is a directed cyclic path from X1 to itself in a MAG implied by this graph
    X2 o-o X5 : illegal -- genuine/acyclic -- Acyclicity violated: There is a directed cyclic path from X1 to itself in a MAG implied by this graph
  true DAG (all variables, latents included):
Graph Nodes:
X1;X2;X3;X4;X5;(X6)

Graph Edges:
1. X1 --> X2
2. X1 --> X4
3. X2 --> X3
4. X3 --> X5
5. X3 --> X6
6. X4 --> X5
7. X5 --> X6


  true PAG G* (over observed):
Graph Nodes:
X1;X2;X3;X4;X5

Graph Edges:
1. X1 o-o X2
2. X1 o-o X4
3. X2 o-o X3
4. X3 --> X5
5. X4 --> X5


  H0 (G* + spurious, cold-reoriented):
Graph Nodes:
X1;X2;X3;X4;X5

Graph Edges:
1. X1 --> X2
2. X3 --> X2
3. X3 o-> X5
4. X4 --> X1
5. X4 o-> X5
6. X5 --> X1
7. X5 --> X2



==== NOSTALL DEADLOCK: gated genuine-legal H0, NO legal single-edge deletion ====
  dag mask        : 23605
  latent set      : [5]  (latent nodes: [X6])
  spurious edges  : [X1 o-o X5, X2 o-o X5]  (k=2)
  outcome of deleting each spurious edge from H0:
    X1 o-o X5 : illegal -- genuine/acyclic -- Acyclicity violated: There is a directed cyclic path from X1 to itself in a MAG implied by this graph
    X2 o-o X5 : illegal -- genuine/acyclic -- Acyclicity violated: There is a directed cyclic path from X1 to itself in a MAG implied by this graph
  true DAG (all variables, latents included):
Graph Nodes:
X1;X2;X3;X4;X5;(X6)

Graph Edges:
1. X1 --> X2
2. X1 --> X4
3. X1 --> X6
4. X2 --> X3
5. X3 --> X5
6. X3 --> X6
7. X4 --> X5
8. X5 --> X6


  true PAG G* (over observed):
Graph Nodes:
X1;X2;X3;X4;X5

Graph Edges:
1. X1 o-o X2
2. X1 o-o X4
3. X2 o-o X3
4. X3 --> X5
5. X4 --> X5


  H0 (G* + spurious, cold-reoriented):
Graph Nodes:
X1;X2;X3;X4;X5

Graph Edges:
1. X1 --> X2
2. X3 --> X2
3. X3 o-> X5
4. X4 --> X1
5. X4 o-> X5
6. X5 --> X1
7. X5 --> X2



==== NOSTALL DEADLOCK: gated genuine-legal H0, NO legal single-edge deletion ====
  dag mask        : 23619
  latent set      : [4]  (latent nodes: [X5])
  spurious edges  : [X1 o-o X6, X2 o-o X6]  (k=2)
  outcome of deleting each spurious edge from H0:
    X1 o-o X6 : illegal -- genuine/acyclic -- Acyclicity violated: There is a directed cyclic path from X1 to itself in a MAG implied by this graph
    X2 o-o X6 : illegal -- genuine/acyclic -- Acyclicity violated: There is a directed cyclic path from X1 to itself in a MAG implied by this graph
  true DAG (all variables, latents included):
Graph Nodes:
X1;X2;X3;X4;(X5);X6

Graph Edges:
1. X1 --> X2
2. X1 --> X3
3. X2 --> X4
4. X3 --> X5
5. X3 --> X6
6. X4 --> X5
7. X5 --> X6


  true PAG G* (over observed):
Graph Nodes:
X1;X2;X3;X4;X6

Graph Edges:
1. X1 o-o X2
2. X1 o-o X3
3. X2 o-o X4
4. X3 --> X6
5. X4 --> X6


  H0 (G* + spurious, cold-reoriented):
Graph Nodes:
X1;X2;X3;X4;X6

Graph Edges:
1. X2 --> X1
2. X3 --> X1
3. X3 o-> X6
4. X4 --> X2
5. X4 o-> X6
6. X6 --> X1
7. X6 --> X2



==== NOSTALL DEADLOCK: gated genuine-legal H0, NO legal single-edge deletion ====
  dag mask        : 23619
  latent set      : [5]  (latent nodes: [X6])
  spurious edges  : [X1 o-o X5, X2 o-o X5]  (k=2)
  outcome of deleting each spurious edge from H0:
    X1 o-o X5 : illegal -- genuine/acyclic -- Acyclicity violated: There is a directed cyclic path from X1 to itself in a MAG implied by this graph
    X2 o-o X5 : illegal -- genuine/acyclic -- Acyclicity violated: There is a directed cyclic path from X1 to itself in a MAG implied by this graph
  true DAG (all variables, latents included):
Graph Nodes:
X1;X2;X3;X4;X5;(X6)

Graph Edges:
1. X1 --> X2
2. X1 --> X3
3. X2 --> X4
4. X3 --> X5
5. X3 --> X6
6. X4 --> X5
7. X5 --> X6


  true PAG G* (over observed):
Graph Nodes:
X1;X2;X3;X4;X5

Graph Edges:
1. X1 o-o X2
2. X1 o-o X3
3. X2 o-o X4
4. X3 --> X5
5. X4 --> X5


  H0 (G* + spurious, cold-reoriented):
Graph Nodes:
X1;X2;X3;X4;X5

Graph Edges:
1. X2 --> X1
2. X3 --> X1
3. X3 o-> X5
4. X4 --> X2
5. X4 o-> X5
6. X5 --> X1
7. X5 --> X2



==== NOSTALL DEADLOCK: gated genuine-legal H0, NO legal single-edge deletion ====
  dag mask        : 23635
  latent set      : [5]  (latent nodes: [X6])
  spurious edges  : [X1 o-o X5, X2 o-o X5]  (k=2)
  outcome of deleting each spurious edge from H0:
    X1 o-o X5 : illegal -- genuine/acyclic -- Acyclicity violated: There is a directed cyclic path from X1 to itself in a MAG implied by this graph
    X2 o-o X5 : illegal -- genuine/acyclic -- Acyclicity violated: There is a directed cyclic path from X1 to itself in a MAG implied by this graph
  true DAG (all variables, latents included):
Graph Nodes:
X1;X2;X3;X4;X5;(X6)

Graph Edges:
1. X1 --> X2
2. X1 --> X3
3. X1 --> X6
4. X2 --> X4
5. X3 --> X5
6. X3 --> X6
7. X4 --> X5
8. X5 --> X6


  true PAG G* (over observed):
Graph Nodes:
X1;X2;X3;X4;X5

Graph Edges:
1. X1 o-o X2
2. X1 o-o X3
3. X2 o-o X4
4. X3 --> X5
5. X4 --> X5


  H0 (G* + spurious, cold-reoriented):
Graph Nodes:
X1;X2;X3;X4;X5

Graph Edges:
1. X2 --> X1
2. X3 --> X1
3. X3 o-> X5
4. X4 --> X2
5. X4 o-> X5
6. X5 --> X1
7. X5 --> X2



==== NOSTALL DEADLOCK: gated genuine-legal H0, NO legal single-edge deletion ====
  dag mask        : 23845
  latent set      : [5]  (latent nodes: [X6])
  spurious edges  : [X1 o-o X5, X2 o-o X5]  (k=2)
  outcome of deleting each spurious edge from H0:
    X1 o-o X5 : illegal -- genuine/acyclic -- Acyclicity violated: There is a directed cyclic path from X1 to itself in a MAG implied by this graph
    X2 o-o X5 : illegal -- genuine/acyclic -- Acyclicity violated: There is a directed cyclic path from X1 to itself in a MAG implied by this graph
  true DAG (all variables, latents included):
Graph Nodes:
X1;X2;X3;X4;X5;(X6)

Graph Edges:
1. X1 --> X2
2. X1 --> X4
3. X2 --> X3
4. X2 --> X6
5. X3 --> X5
6. X3 --> X6
7. X4 --> X5
8. X5 --> X6


  true PAG G* (over observed):
Graph Nodes:
X1;X2;X3;X4;X5

Graph Edges:
1. X1 o-o X2
2. X1 o-o X4
3. X2 o-o X3
4. X3 --> X5
5. X4 --> X5


  H0 (G* + spurious, cold-reoriented):
Graph Nodes:
X1;X2;X3;X4;X5

Graph Edges:
1. X1 --> X2
2. X3 --> X2
3. X3 o-> X5
4. X4 --> X1
5. X4 o-> X5
6. X5 --> X1
7. X5 --> X2



==== NOSTALL DEADLOCK: gated genuine-legal H0, NO legal single-edge deletion ====
  dag mask        : 23861
  latent set      : [5]  (latent nodes: [X6])
  spurious edges  : [X1 o-o X5, X2 o-o X5]  (k=2)
  outcome of deleting each spurious edge from H0:
    X1 o-o X5 : illegal -- genuine/acyclic -- Acyclicity violated: There is a directed cyclic path from X1 to itself in a MAG implied by this graph
    X2 o-o X5 : illegal -- genuine/acyclic -- Acyclicity violated: There is a directed cyclic path from X1 to itself in a MAG implied by this graph
  true DAG (all variables, latents included):
Graph Nodes:
X1;X2;X3;X4;X5;(X6)

Graph Edges:
1. X1 --> X2
2. X1 --> X4
3. X1 --> X6
4. X2 --> X3
5. X2 --> X6
6. X3 --> X5
7. X3 --> X6
8. X4 --> X5
9. X5 --> X6


  true PAG G* (over observed):
Graph Nodes:
X1;X2;X3;X4;X5

Graph Edges:
1. X1 o-o X2
2. X1 o-o X4
3. X2 o-o X3
4. X3 --> X5
5. X4 --> X5


  H0 (G* + spurious, cold-reoriented):
Graph Nodes:
X1;X2;X3;X4;X5

Graph Edges:
1. X1 --> X2
2. X3 --> X2
3. X3 o-> X5
4. X4 --> X1
5. X4 o-> X5
6. X5 --> X1
7. X5 --> X2



==== NOSTALL DEADLOCK: gated genuine-legal H0, NO legal single-edge deletion ====
  dag mask        : 23875
  latent set      : [5]  (latent nodes: [X6])
  spurious edges  : [X1 o-o X5, X2 o-o X5]  (k=2)
  outcome of deleting each spurious edge from H0:
    X1 o-o X5 : illegal -- genuine/acyclic -- Acyclicity violated: There is a directed cyclic path from X1 to itself in a MAG implied by this graph
    X2 o-o X5 : illegal -- genuine/acyclic -- Acyclicity violated: There is a directed cyclic path from X1 to itself in a MAG implied by this graph
  true DAG (all variables, latents included):
Graph Nodes:
X1;X2;X3;X4;X5;(X6)

Graph Edges:
1. X1 --> X2
2. X1 --> X3
3. X2 --> X4
4. X2 --> X6
5. X3 --> X5
6. X3 --> X6
7. X4 --> X5
8. X5 --> X6


  true PAG G* (over observed):
Graph Nodes:
X1;X2;X3;X4;X5

Graph Edges:
1. X1 o-o X2
2. X1 o-o X3
3. X2 o-o X4
4. X3 --> X5
5. X4 --> X5


  H0 (G* + spurious, cold-reoriented):
Graph Nodes:
X1;X2;X3;X4;X5

Graph Edges:
1. X2 --> X1
2. X3 --> X1
3. X3 o-> X5
4. X4 --> X2
5. X4 o-> X5
6. X5 --> X1
7. X5 --> X2



==== NOSTALL DEADLOCK: gated genuine-legal H0, NO legal single-edge deletion ====
  dag mask        : 23891
  latent set      : [5]  (latent nodes: [X6])
  spurious edges  : [X1 o-o X5, X2 o-o X5]  (k=2)
  outcome of deleting each spurious edge from H0:
    X1 o-o X5 : illegal -- genuine/acyclic -- Acyclicity violated: There is a directed cyclic path from X1 to itself in a MAG implied by this graph
    X2 o-o X5 : illegal -- genuine/acyclic -- Acyclicity violated: There is a directed cyclic path from X1 to itself in a MAG implied by this graph
  true DAG (all variables, latents included):
Graph Nodes:
X1;X2;X3;X4;X5;(X6)

Graph Edges:
1. X1 --> X2
2. X1 --> X3
3. X1 --> X6
4. X2 --> X4
5. X2 --> X6
6. X3 --> X5
7. X3 --> X6
8. X4 --> X5
9. X5 --> X6


  true PAG G* (over observed):
Graph Nodes:
X1;X2;X3;X4;X5

Graph Edges:
1. X1 o-o X2
2. X1 o-o X3
3. X2 o-o X4
4. X3 --> X5
5. X4 --> X5


  H0 (G* + spurious, cold-reoriented):
Graph Nodes:
X1;X2;X3;X4;X5

Graph Edges:
1. X2 --> X1
2. X3 --> X1
3. X3 o-> X5
4. X4 --> X2
5. X4 o-> X5
6. X5 --> X1
7. X5 --> X2



==== NOSTALL DEADLOCK: gated genuine-legal H0, NO legal single-edge deletion ====
  dag mask        : 24649
  latent set      : [2]  (latent nodes: [X3])
  spurious edges  : [X1 o-o X6, X2 o-o X6]  (k=2)
  outcome of deleting each spurious edge from H0:
    X1 o-o X6 : illegal -- genuine/acyclic -- Acyclicity violated: There is a directed cyclic path from X1 to itself in a MAG implied by this graph
    X2 o-o X6 : illegal -- genuine/acyclic -- Acyclicity violated: There is a directed cyclic path from X1 to itself in a MAG implied by this graph
  true DAG (all variables, latents included):
Graph Nodes:
X1;X2;(X3);X4;X5;X6

Graph Edges:
1. X1 --> X2
2. X1 --> X5
3. X2 --> X4
4. X4 --> X6
5. X5 --> X6


  true PAG G* (over observed):
Graph Nodes:
X1;X2;X4;X5;X6

Graph Edges:
1. X1 o-o X2
2. X1 o-o X5
3. X2 o-o X4
4. X4 --> X6
5. X5 --> X6


  H0 (G* + spurious, cold-reoriented):
Graph Nodes:
X1;X2;X4;X5;X6

Graph Edges:
1. X1 --> X2
2. X4 --> X2
3. X4 o-> X6
4. X5 --> X1
5. X5 o-> X6
6. X6 --> X1
7. X6 --> X2



==== NOSTALL DEADLOCK: gated genuine-legal H0, NO legal single-edge deletion ====
  dag mask        : 24651
  latent set      : [2]  (latent nodes: [X3])
  spurious edges  : [X1 o-o X6, X2 o-o X6]  (k=2)
  outcome of deleting each spurious edge from H0:
    X1 o-o X6 : illegal -- genuine/acyclic -- Acyclicity violated: There is a directed cyclic path from X1 to itself in a MAG implied by this graph
    X2 o-o X6 : illegal -- genuine/acyclic -- Acyclicity violated: There is a directed cyclic path from X1 to itself in a MAG implied by this graph
  true DAG (all variables, latents included):
Graph Nodes:
X1;X2;(X3);X4;X5;X6

Graph Edges:
1. X1 --> X2
2. X1 --> X3
3. X1 --> X5
4. X2 --> X4
5. X4 --> X6
6. X5 --> X6


  true PAG G* (over observed):
Graph Nodes:
X1;X2;X4;X5;X6

Graph Edges:
1. X1 o-o X2
2. X1 o-o X5
3. X2 o-o X4
4. X4 --> X6
5. X5 --> X6


  H0 (G* + spurious, cold-reoriented):
Graph Nodes:
X1;X2;X4;X5;X6

Graph Edges:
1. X1 --> X2
2. X4 --> X2
3. X4 o-> X6
4. X5 --> X1
5. X5 o-> X6
6. X6 --> X1
7. X6 --> X2



==== NOSTALL DEADLOCK: gated genuine-legal H0, NO legal single-edge deletion ====
  dag mask        : 24681
  latent set      : [2]  (latent nodes: [X3])
  spurious edges  : [X1 o-o X6, X2 o-o X6]  (k=2)
  outcome of deleting each spurious edge from H0:
    X1 o-o X6 : illegal -- genuine/acyclic -- Acyclicity violated: There is a directed cyclic path from X1 to itself in a MAG implied by this graph
    X2 o-o X6 : illegal -- genuine/acyclic -- Acyclicity violated: There is a directed cyclic path from X1 to itself in a MAG implied by this graph
  true DAG (all variables, latents included):
Graph Nodes:
X1;X2;(X3);X4;X5;X6

Graph Edges:
1. X1 --> X2
2. X1 --> X5
3. X2 --> X3
4. X2 --> X4
5. X4 --> X6
6. X5 --> X6


  true PAG G* (over observed):
Graph Nodes:
X1;X2;X4;X5;X6

Graph Edges:
1. X1 o-o X2
2. X1 o-o X5
3. X2 o-o X4
4. X4 --> X6
5. X5 --> X6


  H0 (G* + spurious, cold-reoriented):
Graph Nodes:
X1;X2;X4;X5;X6

Graph Edges:
1. X1 --> X2
2. X4 --> X2
3. X4 o-> X6
4. X5 --> X1
5. X5 o-> X6
6. X6 --> X1
7. X6 --> X2



==== NOSTALL DEADLOCK: gated genuine-legal H0, NO legal single-edge deletion ====
  dag mask        : 24683
  latent set      : [2]  (latent nodes: [X3])
  spurious edges  : [X1 o-o X6, X2 o-o X6]  (k=2)
  outcome of deleting each spurious edge from H0:
    X1 o-o X6 : illegal -- genuine/acyclic -- Acyclicity violated: There is a directed cyclic path from X1 to itself in a MAG implied by this graph
    X2 o-o X6 : illegal -- genuine/acyclic -- Acyclicity violated: There is a directed cyclic path from X1 to itself in a MAG implied by this graph
  true DAG (all variables, latents included):
Graph Nodes:
X1;X2;(X3);X4;X5;X6

Graph Edges:
1. X1 --> X2
2. X1 --> X3
3. X1 --> X5
4. X2 --> X3
5. X2 --> X4
6. X4 --> X6
7. X5 --> X6


  true PAG G* (over observed):
Graph Nodes:
X1;X2;X4;X5;X6

Graph Edges:
1. X1 o-o X2
2. X1 o-o X5
3. X2 o-o X4
4. X4 --> X6
5. X5 --> X6


  H0 (G* + spurious, cold-reoriented):
Graph Nodes:
X1;X2;X4;X5;X6

Graph Edges:
1. X1 --> X2
2. X4 --> X2
3. X4 o-> X6
4. X5 --> X1
5. X5 o-> X6
6. X6 --> X1
7. X6 --> X2



==== NOSTALL DEADLOCK: gated genuine-legal H0, NO legal single-edge deletion ====
  dag mask        : 24709
  latent set      : [2]  (latent nodes: [X3])
  spurious edges  : [X1 o-o X6, X2 o-o X6]  (k=2)
  outcome of deleting each spurious edge from H0:
    X1 o-o X6 : illegal -- genuine/acyclic -- Acyclicity violated: There is a directed cyclic path from X1 to itself in a MAG implied by this graph
    X2 o-o X6 : illegal -- genuine/acyclic -- Acyclicity violated: There is a directed cyclic path from X1 to itself in a MAG implied by this graph
  true DAG (all variables, latents included):
Graph Nodes:
X1;X2;(X3);X4;X5;X6

Graph Edges:
1. X1 --> X2
2. X1 --> X4
3. X2 --> X5
4. X4 --> X6
5. X5 --> X6


  true PAG G* (over observed):
Graph Nodes:
X1;X2;X4;X5;X6

Graph Edges:
1. X1 o-o X2
2. X1 o-o X4
3. X2 o-o X5
4. X4 --> X6
5. X5 --> X6


  H0 (G* + spurious, cold-reoriented):
Graph Nodes:
X1;X2;X4;X5;X6

Graph Edges:
1. X2 --> X1
2. X4 --> X1
3. X4 o-> X6
4. X5 --> X2
5. X5 o-> X6
6. X6 --> X1
7. X6 --> X2



==== NOSTALL DEADLOCK: gated genuine-legal H0, NO legal single-edge deletion ====
  dag mask        : 24711
  latent set      : [2]  (latent nodes: [X3])
  spurious edges  : [X1 o-o X6, X2 o-o X6]  (k=2)
  outcome of deleting each spurious edge from H0:
    X1 o-o X6 : illegal -- genuine/acyclic -- Acyclicity violated: There is a directed cyclic path from X1 to itself in a MAG implied by this graph
    X2 o-o X6 : illegal -- genuine/acyclic -- Acyclicity violated: There is a directed cyclic path from X1 to itself in a MAG implied by this graph
  true DAG (all variables, latents included):
Graph Nodes:
X1;X2;(X3);X4;X5;X6

Graph Edges:
1. X1 --> X2
2. X1 --> X3
3. X1 --> X4
4. X2 --> X5
5. X4 --> X6
6. X5 --> X6


  true PAG G* (over observed):
Graph Nodes:
X1;X2;X4;X5;X6

Graph Edges:
1. X1 o-o X2
2. X1 o-o X4
3. X2 o-o X5
4. X4 --> X6
5. X5 --> X6


  H0 (G* + spurious, cold-reoriented):
Graph Nodes:
X1;X2;X4;X5;X6

Graph Edges:
1. X2 --> X1
2. X4 --> X1
3. X4 o-> X6
4. X5 --> X2
5. X5 o-> X6
6. X6 --> X1
7. X6 --> X2



==== NOSTALL DEADLOCK: gated genuine-legal H0, NO legal single-edge deletion ====
  dag mask        : 24741
  latent set      : [2]  (latent nodes: [X3])
  spurious edges  : [X1 o-o X6, X2 o-o X6]  (k=2)
  outcome of deleting each spurious edge from H0:
    X1 o-o X6 : illegal -- genuine/acyclic -- Acyclicity violated: There is a directed cyclic path from X1 to itself in a MAG implied by this graph
    X2 o-o X6 : illegal -- genuine/acyclic -- Acyclicity violated: There is a directed cyclic path from X1 to itself in a MAG implied by this graph
  true DAG (all variables, latents included):
Graph Nodes:
X1;X2;(X3);X4;X5;X6

Graph Edges:
1. X1 --> X2
2. X1 --> X4
3. X2 --> X3
4. X2 --> X5
5. X4 --> X6
6. X5 --> X6


  true PAG G* (over observed):
Graph Nodes:
X1;X2;X4;X5;X6

Graph Edges:
1. X1 o-o X2
2. X1 o-o X4
3. X2 o-o X5
4. X4 --> X6
5. X5 --> X6


  H0 (G* + spurious, cold-reoriented):
Graph Nodes:
X1;X2;X4;X5;X6

Graph Edges:
1. X2 --> X1
2. X4 --> X1
3. X4 o-> X6
4. X5 --> X2
5. X5 o-> X6
6. X6 --> X1
7. X6 --> X2



==== NOSTALL DEADLOCK: gated genuine-legal H0, NO legal single-edge deletion ====
  dag mask        : 24743
  latent set      : [2]  (latent nodes: [X3])
  spurious edges  : [X1 o-o X6, X2 o-o X6]  (k=2)
  outcome of deleting each spurious edge from H0:
    X1 o-o X6 : illegal -- genuine/acyclic -- Acyclicity violated: There is a directed cyclic path from X1 to itself in a MAG implied by this graph
    X2 o-o X6 : illegal -- genuine/acyclic -- Acyclicity violated: There is a directed cyclic path from X1 to itself in a MAG implied by this graph
  true DAG (all variables, latents included):
Graph Nodes:
X1;X2;(X3);X4;X5;X6

Graph Edges:
1. X1 --> X2
2. X1 --> X3
3. X1 --> X4
4. X2 --> X3
5. X2 --> X5
6. X4 --> X6
7. X5 --> X6


  true PAG G* (over observed):
Graph Nodes:
X1;X2;X4;X5;X6

Graph Edges:
1. X1 o-o X2
2. X1 o-o X4
3. X2 o-o X5
4. X4 --> X6
5. X5 --> X6


  H0 (G* + spurious, cold-reoriented):
Graph Nodes:
X1;X2;X4;X5;X6

Graph Edges:
1. X2 --> X1
2. X4 --> X1
3. X4 o-> X6
4. X5 --> X2
5. X5 o-> X6
6. X6 --> X1
7. X6 --> X2



==== NOSTALL DEADLOCK: gated genuine-legal H0, NO legal single-edge deletion ====
  dag mask        : 25098
  latent set      : [1]  (latent nodes: [X2])
  spurious edges  : [X1 o-o X6, X3 o-o X6]  (k=2)
  outcome of deleting each spurious edge from H0:
    X1 o-o X6 : illegal -- genuine/acyclic -- Acyclicity violated: There is a directed cyclic path from X1 to itself in a MAG implied by this graph
    X3 o-o X6 : illegal -- genuine/acyclic -- Acyclicity violated: There is a directed cyclic path from X1 to itself in a MAG implied by this graph
  true DAG (all variables, latents included):
Graph Nodes:
X1;(X2);X3;X4;X5;X6

Graph Edges:
1. X1 --> X3
2. X1 --> X5
3. X3 --> X4
4. X4 --> X6
5. X5 --> X6


  true PAG G* (over observed):
Graph Nodes:
X1;X3;X4;X5;X6

Graph Edges:
1. X1 o-o X3
2. X1 o-o X5
3. X3 o-o X4
4. X4 --> X6
5. X5 --> X6


  H0 (G* + spurious, cold-reoriented):
Graph Nodes:
X1;X3;X4;X5;X6

Graph Edges:
1. X1 --> X3
2. X4 --> X3
3. X4 o-> X6
4. X5 --> X1
5. X5 o-> X6
6. X6 --> X1
7. X6 --> X3



==== NOSTALL DEADLOCK: gated genuine-legal H0, NO legal single-edge deletion ====
  dag mask        : 25099
  latent set      : [1]  (latent nodes: [X2])
  spurious edges  : [X1 o-o X6, X3 o-o X6]  (k=2)
  outcome of deleting each spurious edge from H0:
    X1 o-o X6 : illegal -- genuine/acyclic -- Acyclicity violated: There is a directed cyclic path from X1 to itself in a MAG implied by this graph
    X3 o-o X6 : illegal -- genuine/acyclic -- Acyclicity violated: There is a directed cyclic path from X1 to itself in a MAG implied by this graph
  true DAG (all variables, latents included):
Graph Nodes:
X1;(X2);X3;X4;X5;X6

Graph Edges:
1. X1 --> X2
2. X1 --> X3
3. X1 --> X5
4. X3 --> X4
5. X4 --> X6
6. X5 --> X6


  true PAG G* (over observed):
Graph Nodes:
X1;X3;X4;X5;X6

Graph Edges:
1. X1 o-o X3
2. X1 o-o X5
3. X3 o-o X4
4. X4 --> X6
5. X5 --> X6


  H0 (G* + spurious, cold-reoriented):
Graph Nodes:
X1;X3;X4;X5;X6

Graph Edges:
1. X1 --> X3
2. X4 --> X3
3. X4 o-> X6
4. X5 --> X1
5. X5 o-> X6
6. X6 --> X1
7. X6 --> X3



==== NOSTALL DEADLOCK: gated genuine-legal H0, NO legal single-edge deletion ====
  dag mask        : 25122
  latent set      : [4]  (latent nodes: [X5])
  spurious edges  : [X1 o-o X6, X2 o-o X6]  (k=2)
  outcome of deleting each spurious edge from H0:
    X1 o-o X6 : illegal -- genuine/acyclic -- Acyclicity violated: There is a directed cyclic path from X2 to itself in a MAG implied by this graph
    X2 o-o X6 : illegal -- genuine/acyclic -- Acyclicity violated: There is a directed cyclic path from X1 to itself in a MAG implied by this graph
  true DAG (all variables, latents included):
Graph Nodes:
X1;X2;X3;X4;(X5);X6

Graph Edges:
1. X1 --> X3
2. X2 --> X3
3. X3 --> X4
4. X4 --> X6
5. X5 --> X6


  true PAG G* (over observed):
Graph Nodes:
X1;X2;X3;X4;X6

Graph Edges:
1. X1 o-> X3
2. X2 o-> X3
3. X3 --> X4
4. X4 --> X6


  H0 (G* + spurious, cold-reoriented):
Graph Nodes:
X1;X2;X3;X4;X6

Graph Edges:
1. X1 o-> X3
2. X1 --> X6
3. X2 o-> X3
4. X2 --> X6
5. X3 --> X4
6. X4 --> X6



==== NOSTALL DEADLOCK: gated genuine-legal H0, NO legal single-edge deletion ====
  dag mask        : 25129
  latent set      : [0]  (latent nodes: [X1])
  spurious edges  : [X2 o-o X6, X3 o-o X6]  (k=2)
  outcome of deleting each spurious edge from H0:
    X2 o-o X6 : illegal -- genuine/acyclic -- Acyclicity violated: There is a directed cyclic path from X2 to itself in a MAG implied by this graph
    X3 o-o X6 : illegal -- genuine/acyclic -- Acyclicity violated: There is a directed cyclic path from X2 to itself in a MAG implied by this graph
  true DAG (all variables, latents included):
Graph Nodes:
(X1);X2;X3;X4;X5;X6

Graph Edges:
1. X1 --> X2
2. X1 --> X5
3. X2 --> X3
4. X3 --> X4
5. X4 --> X6
6. X5 --> X6


  true PAG G* (over observed):
Graph Nodes:
X2;X3;X4;X5;X6

Graph Edges:
1. X2 o-o X3
2. X3 o-o X4
3. X4 --> X6
4. X5 o-o X2
5. X5 --> X6


  H0 (G* + spurious, cold-reoriented):
Graph Nodes:
X2;X3;X4;X5;X6

Graph Edges:
1. X2 --> X3
2. X4 --> X3
3. X4 o-> X6
4. X5 --> X2
5. X5 o-> X6
6. X6 --> X2
7. X6 --> X3



==== NOSTALL DEADLOCK: gated genuine-legal H0, NO legal single-edge deletion ====
  dag mask        : 25129
  latent set      : [1]  (latent nodes: [X2])
  spurious edges  : [X1 o-o X6, X3 o-o X6]  (k=2)
  outcome of deleting each spurious edge from H0:
    X1 o-o X6 : illegal -- genuine/acyclic -- Acyclicity violated: There is a directed cyclic path from X1 to itself in a MAG implied by this graph
    X3 o-o X6 : illegal -- genuine/acyclic -- Acyclicity violated: There is a directed cyclic path from X1 to itself in a MAG implied by this graph
  true DAG (all variables, latents included):
Graph Nodes:
X1;(X2);X3;X4;X5;X6

Graph Edges:
1. X1 --> X2
2. X1 --> X5
3. X2 --> X3
4. X3 --> X4
5. X4 --> X6
6. X5 --> X6


  true PAG G* (over observed):
Graph Nodes:
X1;X3;X4;X5;X6

Graph Edges:
1. X1 o-o X3
2. X1 o-o X5
3. X3 o-o X4
4. X4 --> X6
5. X5 --> X6


  H0 (G* + spurious, cold-reoriented):
Graph Nodes:
X1;X3;X4;X5;X6

Graph Edges:
1. X1 --> X3
2. X4 --> X3
3. X4 o-> X6
4. X5 --> X1
5. X5 o-> X6
6. X6 --> X1
7. X6 --> X3



==== NOSTALL DEADLOCK: gated genuine-legal H0, NO legal single-edge deletion ====
  dag mask        : 25129
  latent set      : [2]  (latent nodes: [X3])
  spurious edges  : [X1 o-o X6, X2 o-o X6]  (k=2)
  outcome of deleting each spurious edge from H0:
    X1 o-o X6 : illegal -- genuine/acyclic -- Acyclicity violated: There is a directed cyclic path from X1 to itself in a MAG implied by this graph
    X2 o-o X6 : illegal -- genuine/acyclic -- Acyclicity violated: There is a directed cyclic path from X1 to itself in a MAG implied by this graph
  true DAG (all variables, latents included):
Graph Nodes:
X1;X2;(X3);X4;X5;X6

Graph Edges:
1. X1 --> X2
2. X1 --> X5
3. X2 --> X3
4. X3 --> X4
5. X4 --> X6
6. X5 --> X6


  true PAG G* (over observed):
Graph Nodes:
X1;X2;X4;X5;X6

Graph Edges:
1. X1 o-o X2
2. X1 o-o X5
3. X2 o-o X4
4. X4 --> X6
5. X5 --> X6


  H0 (G* + spurious, cold-reoriented):
Graph Nodes:
X1;X2;X4;X5;X6

Graph Edges:
1. X1 --> X2
2. X4 --> X2
3. X4 o-> X6
4. X5 --> X1
5. X5 o-> X6
6. X6 --> X1
7. X6 --> X2



==== NOSTALL DEADLOCK: gated genuine-legal H0, NO legal single-edge deletion ====
  dag mask        : 25129
  latent set      : [3]  (latent nodes: [X4])
  spurious edges  : [X1 o-o X6, X2 o-o X6]  (k=2)
  outcome of deleting each spurious edge from H0:
    X1 o-o X6 : illegal -- genuine/acyclic -- Acyclicity violated: There is a directed cyclic path from X1 to itself in a MAG implied by this graph
    X2 o-o X6 : illegal -- genuine/acyclic -- Acyclicity violated: There is a directed cyclic path from X1 to itself in a MAG implied by this graph
  true DAG (all variables, latents included):
Graph Nodes:
X1;X2;X3;(X4);X5;X6

Graph Edges:
1. X1 --> X2
2. X1 --> X5
3. X2 --> X3
4. X3 --> X4
5. X4 --> X6
6. X5 --> X6


  true PAG G* (over observed):
Graph Nodes:
X1;X2;X3;X5;X6

Graph Edges:
1. X1 o-o X2
2. X1 o-o X5
3. X2 o-o X3
4. X3 --> X6
5. X5 --> X6


  H0 (G* + spurious, cold-reoriented):
Graph Nodes:
X1;X2;X3;X5;X6

Graph Edges:
1. X1 --> X2
2. X3 --> X2
3. X3 o-> X6
4. X5 --> X1
5. X5 o-> X6
6. X6 --> X1
7. X6 --> X2



==== NOSTALL DEADLOCK: gated genuine-legal H0, NO legal single-edge deletion ====
  dag mask        : 25129
  latent set      : [4]  (latent nodes: [X5])
  spurious edges  : [X2 o-o X6, X3 o-o X6]  (k=2)
  outcome of deleting each spurious edge from H0:
    X2 o-o X6 : illegal -- genuine/acyclic -- Acyclicity violated: There is a directed cyclic path from X1 to itself in a MAG implied by this graph
    X3 o-o X6 : illegal -- genuine/acyclic -- Acyclicity violated: There is a directed cyclic path from X2 to itself in a MAG implied by this graph
  true DAG (all variables, latents included):
Graph Nodes:
X1;X2;X3;X4;(X5);X6

Graph Edges:
1. X1 --> X2
2. X1 --> X5
3. X2 --> X3
4. X3 --> X4
5. X4 --> X6
6. X5 --> X6


  true PAG G* (over observed):
Graph Nodes:
X1;X2;X3;X4;X6

Graph Edges:
1. X1 o-o X2
2. X1 --> X6
3. X2 o-o X3
4. X3 o-o X4
5. X4 --> X6


  H0 (G* + spurious, cold-reoriented):
Graph Nodes:
X1;X2;X3;X4;X6

Graph Edges:
1. X1 --> X2
2. X1 o-> X6
3. X3 --> X2
4. X4 --> X3
5. X4 o-> X6
6. X6 --> X2
7. X6 --> X3



==== NOSTALL DEADLOCK: gated genuine-legal H0, NO legal single-edge deletion ====
  dag mask        : 25130
  latent set      : [1]  (latent nodes: [X2])
  spurious edges  : [X1 o-o X6, X3 o-o X6]  (k=2)
  outcome of deleting each spurious edge from H0:
    X1 o-o X6 : illegal -- genuine/acyclic -- Acyclicity violated: There is a directed cyclic path from X1 to itself in a MAG implied by this graph
    X3 o-o X6 : illegal -- genuine/acyclic -- Acyclicity violated: There is a directed cyclic path from X1 to itself in a MAG implied by this graph
  true DAG (all variables, latents included):
Graph Nodes:
X1;(X2);X3;X4;X5;X6

Graph Edges:
1. X1 --> X3
2. X1 --> X5
3. X2 --> X3
4. X3 --> X4
5. X4 --> X6
6. X5 --> X6


  true PAG G* (over observed):
Graph Nodes:
X1;X3;X4;X5;X6

Graph Edges:
1. X1 o-o X3
2. X1 o-o X5
3. X3 o-o X4
4. X4 --> X6
5. X5 --> X6


  H0 (G* + spurious, cold-reoriented):
Graph Nodes:
X1;X3;X4;X5;X6

Graph Edges:
1. X1 --> X3
2. X4 --> X3
3. X4 o-> X6
4. X5 --> X1
5. X5 o-> X6
6. X6 --> X1
7. X6 --> X3



==== NOSTALL DEADLOCK: gated genuine-legal H0, NO legal single-edge deletion ====
  dag mask        : 25131
  latent set      : [1]  (latent nodes: [X2])
  spurious edges  : [X1 o-o X6, X3 o-o X6]  (k=2)
  outcome of deleting each spurious edge from H0:
    X1 o-o X6 : illegal -- genuine/acyclic -- Acyclicity violated: There is a directed cyclic path from X1 to itself in a MAG implied by this graph
    X3 o-o X6 : illegal -- genuine/acyclic -- Acyclicity violated: There is a directed cyclic path from X1 to itself in a MAG implied by this graph
  true DAG (all variables, latents included):
Graph Nodes:
X1;(X2);X3;X4;X5;X6

Graph Edges:
1. X1 --> X2
2. X1 --> X3
3. X1 --> X5
4. X2 --> X3
5. X3 --> X4
6. X4 --> X6
7. X5 --> X6


  true PAG G* (over observed):
Graph Nodes:
X1;X3;X4;X5;X6

Graph Edges:
1. X1 o-o X3
2. X1 o-o X5
3. X3 o-o X4
4. X4 --> X6
5. X5 --> X6


  H0 (G* + spurious, cold-reoriented):
Graph Nodes:
X1;X3;X4;X5;X6

Graph Edges:
1. X1 --> X3
2. X4 --> X3
3. X4 o-> X6
4. X5 --> X1
5. X5 o-> X6
6. X6 --> X1
7. X6 --> X3



==== NOSTALL DEADLOCK: gated genuine-legal H0, NO legal single-edge deletion ====
  dag mask        : 25137
  latent set      : [4]  (latent nodes: [X5])
  spurious edges  : [X2 o-o X6, X3 o-o X6]  (k=2)
  outcome of deleting each spurious edge from H0:
    X2 o-o X6 : illegal -- genuine/acyclic -- Acyclicity violated: There is a directed cyclic path from X1 to itself in a MAG implied by this graph
    X3 o-o X6 : illegal -- genuine/acyclic -- Acyclicity violated: There is a directed cyclic path from X2 to itself in a MAG implied by this graph
  true DAG (all variables, latents included):
Graph Nodes:
X1;X2;X3;X4;(X5);X6

Graph Edges:
1. X1 --> X2
2. X1 --> X6
3. X2 --> X3
4. X3 --> X4
5. X4 --> X6
6. X5 --> X6


  true PAG G* (over observed):
Graph Nodes:
X1;X2;X3;X4;X6

Graph Edges:
1. X1 o-o X2
2. X1 --> X6
3. X2 o-o X3
4. X3 o-o X4
5. X4 --> X6


  H0 (G* + spurious, cold-reoriented):
Graph Nodes:
X1;X2;X3;X4;X6

Graph Edges:
1. X1 --> X2
2. X1 o-> X6
3. X3 --> X2
4. X4 --> X3
5. X4 o-> X6
6. X6 --> X2
7. X6 --> X3



==== NOSTALL DEADLOCK: gated genuine-legal H0, NO legal single-edge deletion ====
  dag mask        : 25145
  latent set      : [4]  (latent nodes: [X5])
  spurious edges  : [X2 o-o X6, X3 o-o X6]  (k=2)
  outcome of deleting each spurious edge from H0:
    X2 o-o X6 : illegal -- genuine/acyclic -- Acyclicity violated: There is a directed cyclic path from X1 to itself in a MAG implied by this graph
    X3 o-o X6 : illegal -- genuine/acyclic -- Acyclicity violated: There is a directed cyclic path from X2 to itself in a MAG implied by this graph
  true DAG (all variables, latents included):
Graph Nodes:
X1;X2;X3;X4;(X5);X6

Graph Edges:
1. X1 --> X2
2. X1 --> X5
3. X1 --> X6
4. X2 --> X3
5. X3 --> X4
6. X4 --> X6
7. X5 --> X6


  true PAG G* (over observed):
Graph Nodes:
X1;X2;X3;X4;X6

Graph Edges:
1. X1 o-o X2
2. X1 --> X6
3. X2 o-o X3
4. X3 o-o X4
5. X4 --> X6


  H0 (G* + spurious, cold-reoriented):
Graph Nodes:
X1;X2;X3;X4;X6

Graph Edges:
1. X1 --> X2
2. X1 o-> X6
3. X3 --> X2
4. X4 --> X3
5. X4 o-> X6
6. X6 --> X2
7. X6 --> X3



==== NOSTALL DEADLOCK: gated genuine-legal H0, NO legal single-edge deletion ====
  dag mask        : 25161
  latent set      : [2]  (latent nodes: [X3])
  spurious edges  : [X1 o-o X6, X2 o-o X6]  (k=2)
  outcome of deleting each spurious edge from H0:
    X1 o-o X6 : illegal -- genuine/acyclic -- Acyclicity violated: There is a directed cyclic path from X1 to itself in a MAG implied by this graph
    X2 o-o X6 : illegal -- genuine/acyclic -- Acyclicity violated: There is a directed cyclic path from X1 to itself in a MAG implied by this graph
  true DAG (all variables, latents included):
Graph Nodes:
X1;X2;(X3);X4;X5;X6

Graph Edges:
1. X1 --> X2
2. X1 --> X5
3. X2 --> X4
4. X3 --> X4
5. X4 --> X6
6. X5 --> X6


  true PAG G* (over observed):
Graph Nodes:
X1;X2;X4;X5;X6

Graph Edges:
1. X1 o-o X2
2. X1 o-o X5
3. X2 o-o X4
4. X4 --> X6
5. X5 --> X6


  H0 (G* + spurious, cold-reoriented):
Graph Nodes:
X1;X2;X4;X5;X6

Graph Edges:
1. X1 --> X2
2. X4 --> X2
3. X4 o-> X6
4. X5 --> X1
5. X5 o-> X6
6. X6 --> X1
7. X6 --> X2



==== NOSTALL DEADLOCK: gated genuine-legal H0, NO legal single-edge deletion ====
  dag mask        : 25162
  latent set      : [1]  (latent nodes: [X2])
  spurious edges  : [X1 o-o X6, X3 o-o X6]  (k=2)
  outcome of deleting each spurious edge from H0:
    X1 o-o X6 : illegal -- genuine/acyclic -- Acyclicity violated: There is a directed cyclic path from X1 to itself in a MAG implied by this graph
    X3 o-o X6 : illegal -- genuine/acyclic -- Acyclicity violated: There is a directed cyclic path from X1 to itself in a MAG implied by this graph
  true DAG (all variables, latents included):
Graph Nodes:
X1;(X2);X3;X4;X5;X6

Graph Edges:
1. X1 --> X3
2. X1 --> X5
3. X2 --> X4
4. X3 --> X4
5. X4 --> X6
6. X5 --> X6


  true PAG G* (over observed):
Graph Nodes:
X1;X3;X4;X5;X6

Graph Edges:
1. X1 o-o X3
2. X1 o-o X5
3. X3 o-o X4
4. X4 --> X6
5. X5 --> X6


  H0 (G* + spurious, cold-reoriented):
Graph Nodes:
X1;X3;X4;X5;X6

Graph Edges:
1. X1 --> X3
2. X4 --> X3
3. X4 o-> X6
4. X5 --> X1
5. X5 o-> X6
6. X6 --> X1
7. X6 --> X3



==== NOSTALL DEADLOCK: gated genuine-legal H0, NO legal single-edge deletion ====
  dag mask        : 25193
  latent set      : [2]  (latent nodes: [X3])
  spurious edges  : [X1 o-o X6, X2 o-o X6]  (k=2)
  outcome of deleting each spurious edge from H0:
    X1 o-o X6 : illegal -- genuine/acyclic -- Acyclicity violated: There is a directed cyclic path from X1 to itself in a MAG implied by this graph
    X2 o-o X6 : illegal -- genuine/acyclic -- Acyclicity violated: There is a directed cyclic path from X1 to itself in a MAG implied by this graph
  true DAG (all variables, latents included):
Graph Nodes:
X1;X2;(X3);X4;X5;X6

Graph Edges:
1. X1 --> X2
2. X1 --> X5
3. X2 --> X3
4. X2 --> X4
5. X3 --> X4
6. X4 --> X6
7. X5 --> X6


  true PAG G* (over observed):
Graph Nodes:
X1;X2;X4;X5;X6

Graph Edges:
1. X1 o-o X2
2. X1 o-o X5
3. X2 o-o X4
4. X4 --> X6
5. X5 --> X6


  H0 (G* + spurious, cold-reoriented):
Graph Nodes:
X1;X2;X4;X5;X6

Graph Edges:
1. X1 --> X2
2. X4 --> X2
3. X4 o-> X6
4. X5 --> X1
5. X5 o-> X6
6. X6 --> X1
7. X6 --> X2



==== NOSTALL DEADLOCK: gated genuine-legal H0, NO legal single-edge deletion ====
  dag mask        : 25219
  latent set      : [0]  (latent nodes: [X1])
  spurious edges  : [X2 o-o X6, X3 o-o X6]  (k=2)
  outcome of deleting each spurious edge from H0:
    X2 o-o X6 : illegal -- genuine/acyclic -- Acyclicity violated: There is a directed cyclic path from X2 to itself in a MAG implied by this graph
    X3 o-o X6 : illegal -- genuine/acyclic -- Acyclicity violated: There is a directed cyclic path from X2 to itself in a MAG implied by this graph
  true DAG (all variables, latents included):
Graph Nodes:
(X1);X2;X3;X4;X5;X6

Graph Edges:
1. X1 --> X2
2. X1 --> X3
3. X2 --> X5
4. X3 --> X4
5. X4 --> X6
6. X5 --> X6


  true PAG G* (over observed):
Graph Nodes:
X2;X3;X4;X5;X6

Graph Edges:
1. X2 o-o X5
2. X3 o-o X2
3. X3 o-o X4
4. X4 --> X6
5. X5 --> X6


  H0 (G* + spurious, cold-reoriented):
Graph Nodes:
X2;X3;X4;X5;X6

Graph Edges:
1. X2 --> X3
2. X4 --> X3
3. X4 o-> X6
4. X5 --> X2
5. X5 o-> X6
6. X6 --> X2
7. X6 --> X3



==== NOSTALL DEADLOCK: gated genuine-legal H0, NO legal single-edge deletion ====
  dag mask        : 25219
  latent set      : [1]  (latent nodes: [X2])
  spurious edges  : [X1 o-o X6, X3 o-o X6]  (k=2)
  outcome of deleting each spurious edge from H0:
    X1 o-o X6 : illegal -- genuine/acyclic -- Acyclicity violated: There is a directed cyclic path from X1 to itself in a MAG implied by this graph
    X3 o-o X6 : illegal -- genuine/acyclic -- Acyclicity violated: There is a directed cyclic path from X1 to itself in a MAG implied by this graph
  true DAG (all variables, latents included):
Graph Nodes:
X1;(X2);X3;X4;X5;X6

Graph Edges:
1. X1 --> X2
2. X1 --> X3
3. X2 --> X5
4. X3 --> X4
5. X4 --> X6
6. X5 --> X6


  true PAG G* (over observed):
Graph Nodes:
X1;X3;X4;X5;X6

Graph Edges:
1. X1 o-o X3
2. X1 o-o X5
3. X3 o-o X4
4. X4 --> X6
5. X5 --> X6


  H0 (G* + spurious, cold-reoriented):
Graph Nodes:
X1;X3;X4;X5;X6

Graph Edges:
1. X1 --> X3
2. X4 --> X3
3. X4 o-> X6
4. X5 --> X1
5. X5 o-> X6
6. X6 --> X1
7. X6 --> X3



==== NOSTALL DEADLOCK: gated genuine-legal H0, NO legal single-edge deletion ====
  dag mask        : 25219
  latent set      : [2]  (latent nodes: [X3])
  spurious edges  : [X1 o-o X6, X2 o-o X6]  (k=2)
  outcome of deleting each spurious edge from H0:
    X1 o-o X6 : illegal -- genuine/acyclic -- Acyclicity violated: There is a directed cyclic path from X1 to itself in a MAG implied by this graph
    X2 o-o X6 : illegal -- genuine/acyclic -- Acyclicity violated: There is a directed cyclic path from X1 to itself in a MAG implied by this graph
  true DAG (all variables, latents included):
Graph Nodes:
X1;X2;(X3);X4;X5;X6

Graph Edges:
1. X1 --> X2
2. X1 --> X3
3. X2 --> X5
4. X3 --> X4
5. X4 --> X6
6. X5 --> X6


  true PAG G* (over observed):
Graph Nodes:
X1;X2;X4;X5;X6

Graph Edges:
1. X1 o-o X2
2. X1 o-o X4
3. X2 o-o X5
4. X4 --> X6
5. X5 --> X6


  H0 (G* + spurious, cold-reoriented):
Graph Nodes:
X1;X2;X4;X5;X6

Graph Edges:
1. X2 --> X1
2. X4 --> X1
3. X4 o-> X6
4. X5 --> X2
5. X5 o-> X6
6. X6 --> X1
7. X6 --> X2



==== NOSTALL DEADLOCK: gated genuine-legal H0, NO legal single-edge deletion ====
  dag mask        : 25219
  latent set      : [3]  (latent nodes: [X4])
  spurious edges  : [X1 o-o X6, X2 o-o X6]  (k=2)
  outcome of deleting each spurious edge from H0:
    X1 o-o X6 : illegal -- genuine/acyclic -- Acyclicity violated: There is a directed cyclic path from X1 to itself in a MAG implied by this graph
    X2 o-o X6 : illegal -- genuine/acyclic -- Acyclicity violated: There is a directed cyclic path from X1 to itself in a MAG implied by this graph
  true DAG (all variables, latents included):
Graph Nodes:
X1;X2;X3;(X4);X5;X6

Graph Edges:
1. X1 --> X2
2. X1 --> X3
3. X2 --> X5
4. X3 --> X4
5. X4 --> X6
6. X5 --> X6


  true PAG G* (over observed):
Graph Nodes:
X1;X2;X3;X5;X6

Graph Edges:
1. X1 o-o X2
2. X1 o-o X3
3. X2 o-o X5
4. X3 --> X6
5. X5 --> X6


  H0 (G* + spurious, cold-reoriented):
Graph Nodes:
X1;X2;X3;X5;X6

Graph Edges:
1. X2 --> X1
2. X3 --> X1
3. X3 o-> X6
4. X5 --> X2
5. X5 o-> X6
6. X6 --> X1
7. X6 --> X2



==== NOSTALL DEADLOCK: gated genuine-legal H0, NO legal single-edge deletion ====
  dag mask        : 25219
  latent set      : [4]  (latent nodes: [X5])
  spurious edges  : [X1 o-o X6, X3 o-o X6]  (k=2)
  outcome of deleting each spurious edge from H0:
    X1 o-o X6 : illegal -- genuine/acyclic -- Acyclicity violated: There is a directed cyclic path from X1 to itself in a MAG implied by this graph
    X3 o-o X6 : illegal -- genuine/acyclic -- Acyclicity violated: There is a directed cyclic path from X1 to itself in a MAG implied by this graph
  true DAG (all variables, latents included):
Graph Nodes:
X1;X2;X3;X4;(X5);X6

Graph Edges:
1. X1 --> X2
2. X1 --> X3
3. X2 --> X5
4. X3 --> X4
5. X4 --> X6
6. X5 --> X6


  true PAG G* (over observed):
Graph Nodes:
X1;X2;X3;X4;X6

Graph Edges:
1. X1 o-o X2
2. X1 o-o X3
3. X2 --> X6
4. X3 o-o X4
5. X4 --> X6


  H0 (G* + spurious, cold-reoriented):
Graph Nodes:
X1;X2;X3;X4;X6

Graph Edges:
1. X2 --> X1
2. X2 o-> X6
3. X3 --> X1
4. X4 --> X3
5. X4 o-> X6
6. X6 --> X1
7. X6 --> X3



==== NOSTALL DEADLOCK: gated genuine-legal H0, NO legal single-edge deletion ====
  dag mask        : 25221
  latent set      : [2]  (latent nodes: [X3])
  spurious edges  : [X1 o-o X6, X2 o-o X6]  (k=2)
  outcome of deleting each spurious edge from H0:
    X1 o-o X6 : illegal -- genuine/acyclic -- Acyclicity violated: There is a directed cyclic path from X1 to itself in a MAG implied by this graph
    X2 o-o X6 : illegal -- genuine/acyclic -- Acyclicity violated: There is a directed cyclic path from X1 to itself in a MAG implied by this graph
  true DAG (all variables, latents included):
Graph Nodes:
X1;X2;(X3);X4;X5;X6

Graph Edges:
1. X1 --> X2
2. X1 --> X4
3. X2 --> X5
4. X3 --> X4
5. X4 --> X6
6. X5 --> X6


  true PAG G* (over observed):
Graph Nodes:
X1;X2;X4;X5;X6

Graph Edges:
1. X1 o-o X2
2. X1 o-o X4
3. X2 o-o X5
4. X4 --> X6
5. X5 --> X6


  H0 (G* + spurious, cold-reoriented):
Graph Nodes:
X1;X2;X4;X5;X6

Graph Edges:
1. X2 --> X1
2. X4 --> X1
3. X4 o-> X6
4. X5 --> X2
5. X5 o-> X6
6. X6 --> X1
7. X6 --> X2



==== NOSTALL DEADLOCK: gated genuine-legal H0, NO legal single-edge deletion ====
  dag mask        : 25223
  latent set      : [2]  (latent nodes: [X3])
  spurious edges  : [X1 o-o X6, X2 o-o X6]  (k=2)
  outcome of deleting each spurious edge from H0:
    X1 o-o X6 : illegal -- genuine/acyclic -- Acyclicity violated: There is a directed cyclic path from X1 to itself in a MAG implied by this graph
    X2 o-o X6 : illegal -- genuine/acyclic -- Acyclicity violated: There is a directed cyclic path from X1 to itself in a MAG implied by this graph
  true DAG (all variables, latents included):
Graph Nodes:
X1;X2;(X3);X4;X5;X6

Graph Edges:
1. X1 --> X2
2. X1 --> X3
3. X1 --> X4
4. X2 --> X5
5. X3 --> X4
6. X4 --> X6
7. X5 --> X6


  true PAG G* (over observed):
Graph Nodes:
X1;X2;X4;X5;X6

Graph Edges:
1. X1 o-o X2
2. X1 o-o X4
3. X2 o-o X5
4. X4 --> X6
5. X5 --> X6


  H0 (G* + spurious, cold-reoriented):
Graph Nodes:
X1;X2;X4;X5;X6

Graph Edges:
1. X2 --> X1
2. X4 --> X1
3. X4 o-> X6
4. X5 --> X2
5. X5 o-> X6
6. X6 --> X1
7. X6 --> X2



==== NOSTALL DEADLOCK: gated genuine-legal H0, NO legal single-edge deletion ====
  dag mask        : 25226
  latent set      : [1]  (latent nodes: [X2])
  spurious edges  : [X1 o-o X6, X3 o-o X6]  (k=2)
  outcome of deleting each spurious edge from H0:
    X1 o-o X6 : illegal -- genuine/acyclic -- Acyclicity violated: There is a directed cyclic path from X1 to itself in a MAG implied by this graph
    X3 o-o X6 : illegal -- genuine/acyclic -- Acyclicity violated: There is a directed cyclic path from X1 to itself in a MAG implied by this graph
  true DAG (all variables, latents included):
Graph Nodes:
X1;(X2);X3;X4;X5;X6

Graph Edges:
1. X1 --> X3
2. X1 --> X5
3. X2 --> X5
4. X3 --> X4
5. X4 --> X6
6. X5 --> X6


  true PAG G* (over observed):
Graph Nodes:
X1;X3;X4;X5;X6

Graph Edges:
1. X1 o-o X3
2. X1 o-o X5
3. X3 o-o X4
4. X4 --> X6
5. X5 --> X6


  H0 (G* + spurious, cold-reoriented):
Graph Nodes:
X1;X3;X4;X5;X6

Graph Edges:
1. X1 --> X3
2. X4 --> X3
3. X4 o-> X6
4. X5 --> X1
5. X5 o-> X6
6. X6 --> X1
7. X6 --> X3



==== NOSTALL DEADLOCK: gated genuine-legal H0, NO legal single-edge deletion ====
  dag mask        : 25227
  latent set      : [1]  (latent nodes: [X2])
  spurious edges  : [X1 o-o X6, X3 o-o X6]  (k=2)
  outcome of deleting each spurious edge from H0:
    X1 o-o X6 : illegal -- genuine/acyclic -- Acyclicity violated: There is a directed cyclic path from X1 to itself in a MAG implied by this graph
    X3 o-o X6 : illegal -- genuine/acyclic -- Acyclicity violated: There is a directed cyclic path from X1 to itself in a MAG implied by this graph
  true DAG (all variables, latents included):
Graph Nodes:
X1;(X2);X3;X4;X5;X6

Graph Edges:
1. X1 --> X2
2. X1 --> X3
3. X1 --> X5
4. X2 --> X5
5. X3 --> X4
6. X4 --> X6
7. X5 --> X6


  true PAG G* (over observed):
Graph Nodes:
X1;X3;X4;X5;X6

Graph Edges:
1. X1 o-o X3
2. X1 o-o X5
3. X3 o-o X4
4. X4 --> X6
5. X5 --> X6


  H0 (G* + spurious, cold-reoriented):
Graph Nodes:
X1;X3;X4;X5;X6

Graph Edges:
1. X1 --> X3
2. X4 --> X3
3. X4 o-> X6
4. X5 --> X1
5. X5 o-> X6
6. X6 --> X1
7. X6 --> X3



==== NOSTALL DEADLOCK: gated genuine-legal H0, NO legal single-edge deletion ====
  dag mask        : 25248
  latent set      : [0]  (latent nodes: [X1])
  spurious edges  : [X2 o-o X6, X3 o-o X6]  (k=2)
  outcome of deleting each spurious edge from H0:
    X2 o-o X6 : illegal -- genuine/acyclic -- Acyclicity violated: There is a directed cyclic path from X2 to itself in a MAG implied by this graph
    X3 o-o X6 : illegal -- genuine/acyclic -- Acyclicity violated: There is a directed cyclic path from X2 to itself in a MAG implied by this graph
  true DAG (all variables, latents included):
Graph Nodes:
(X1);X2;X3;X4;X5;X6

Graph Edges:
1. X2 --> X3
2. X2 --> X5
3. X3 --> X4
4. X4 --> X6
5. X5 --> X6


  true PAG G* (over observed):
Graph Nodes:
X2;X3;X4;X5;X6

Graph Edges:
1. X2 o-o X3
2. X2 o-o X5
3. X3 o-o X4
4. X4 --> X6
5. X5 --> X6


  H0 (G* + spurious, cold-reoriented):
Graph Nodes:
X2;X3;X4;X5;X6

Graph Edges:
1. X2 --> X3
2. X4 --> X3
3. X4 o-> X6
4. X5 --> X2
5. X5 o-> X6
6. X6 --> X2
7. X6 --> X3



==== NOSTALL DEADLOCK: gated genuine-legal H0, NO legal single-edge deletion ====
  dag mask        : 25249
  latent set      : [0]  (latent nodes: [X1])
  spurious edges  : [X2 o-o X6, X3 o-o X6]  (k=2)
  outcome of deleting each spurious edge from H0:
    X2 o-o X6 : illegal -- genuine/acyclic -- Acyclicity violated: There is a directed cyclic path from X2 to itself in a MAG implied by this graph
    X3 o-o X6 : illegal -- genuine/acyclic -- Acyclicity violated: There is a directed cyclic path from X2 to itself in a MAG implied by this graph
  true DAG (all variables, latents included):
Graph Nodes:
(X1);X2;X3;X4;X5;X6

Graph Edges:
1. X1 --> X2
2. X2 --> X3
3. X2 --> X5
4. X3 --> X4
5. X4 --> X6
6. X5 --> X6


  true PAG G* (over observed):
Graph Nodes:
X2;X3;X4;X5;X6

Graph Edges:
1. X2 o-o X3
2. X2 o-o X5
3. X3 o-o X4
4. X4 --> X6
5. X5 --> X6


  H0 (G* + spurious, cold-reoriented):
Graph Nodes:
X2;X3;X4;X5;X6

Graph Edges:
1. X2 --> X3
2. X4 --> X3
3. X4 o-> X6
4. X5 --> X2
5. X5 o-> X6
6. X6 --> X2
7. X6 --> X3



==== NOSTALL DEADLOCK: gated genuine-legal H0, NO legal single-edge deletion ====
  dag mask        : 25250
  latent set      : [0]  (latent nodes: [X1])
  spurious edges  : [X2 o-o X6, X3 o-o X6]  (k=2)
  outcome of deleting each spurious edge from H0:
    X2 o-o X6 : illegal -- genuine/acyclic -- Acyclicity violated: There is a directed cyclic path from X2 to itself in a MAG implied by this graph
    X3 o-o X6 : illegal -- genuine/acyclic -- Acyclicity violated: There is a directed cyclic path from X2 to itself in a MAG implied by this graph
  true DAG (all variables, latents included):
Graph Nodes:
(X1);X2;X3;X4;X5;X6

Graph Edges:
1. X1 --> X3
2. X2 --> X3
3. X2 --> X5
4. X3 --> X4
5. X4 --> X6
6. X5 --> X6


  true PAG G* (over observed):
Graph Nodes:
X2;X3;X4;X5;X6

Graph Edges:
1. X2 o-o X3
2. X2 o-o X5
3. X3 o-o X4
4. X4 --> X6
5. X5 --> X6


  H0 (G* + spurious, cold-reoriented):
Graph Nodes:
X2;X3;X4;X5;X6

Graph Edges:
1. X2 --> X3
2. X4 --> X3
3. X4 o-> X6
4. X5 --> X2
5. X5 o-> X6
6. X6 --> X2
7. X6 --> X3



==== NOSTALL DEADLOCK: gated genuine-legal H0, NO legal single-edge deletion ====
  dag mask        : 25251
  latent set      : [0]  (latent nodes: [X1])
  spurious edges  : [X2 o-o X6, X3 o-o X6]  (k=2)
  outcome of deleting each spurious edge from H0:
    X2 o-o X6 : illegal -- genuine/acyclic -- Acyclicity violated: There is a directed cyclic path from X2 to itself in a MAG implied by this graph
    X3 o-o X6 : illegal -- genuine/acyclic -- Acyclicity violated: There is a directed cyclic path from X2 to itself in a MAG implied by this graph
  true DAG (all variables, latents included):
Graph Nodes:
(X1);X2;X3;X4;X5;X6

Graph Edges:
1. X1 --> X2
2. X1 --> X3
3. X2 --> X3
4. X2 --> X5
5. X3 --> X4
6. X4 --> X6
7. X5 --> X6


  true PAG G* (over observed):
Graph Nodes:
X2;X3;X4;X5;X6

Graph Edges:
1. X2 o-o X3
2. X2 o-o X5
3. X3 o-o X4
4. X4 --> X6
5. X5 --> X6


  H0 (G* + spurious, cold-reoriented):
Graph Nodes:
X2;X3;X4;X5;X6

Graph Edges:
1. X2 --> X3
2. X4 --> X3
3. X4 o-> X6
4. X5 --> X2
5. X5 o-> X6
6. X6 --> X2
7. X6 --> X3



==== NOSTALL DEADLOCK: gated genuine-legal H0, NO legal single-edge deletion ====
  dag mask        : 25252
  latent set      : [0]  (latent nodes: [X1])
  spurious edges  : [X2 o-o X6, X3 o-o X6]  (k=2)
  outcome of deleting each spurious edge from H0:
    X2 o-o X6 : illegal -- genuine/acyclic -- Acyclicity violated: There is a directed cyclic path from X2 to itself in a MAG implied by this graph
    X3 o-o X6 : illegal -- genuine/acyclic -- Acyclicity violated: There is a directed cyclic path from X2 to itself in a MAG implied by this graph
  true DAG (all variables, latents included):
Graph Nodes:
(X1);X2;X3;X4;X5;X6

Graph Edges:
1. X1 --> X4
2. X2 --> X3
3. X2 --> X5
4. X3 --> X4
5. X4 --> X6
6. X5 --> X6


  true PAG G* (over observed):
Graph Nodes:
X2;X3;X4;X5;X6

Graph Edges:
1. X2 o-o X3
2. X2 o-o X5
3. X3 o-o X4
4. X4 --> X6
5. X5 --> X6


  H0 (G* + spurious, cold-reoriented):
Graph Nodes:
X2;X3;X4;X5;X6

Graph Edges:
1. X2 --> X3
2. X4 --> X3
3. X4 o-> X6
4. X5 --> X2
5. X5 o-> X6
6. X6 --> X2
7. X6 --> X3



==== NOSTALL DEADLOCK: gated genuine-legal H0, NO legal single-edge deletion ====
  dag mask        : 25256
  latent set      : [0]  (latent nodes: [X1])
  spurious edges  : [X2 o-o X6, X3 o-o X6]  (k=2)
  outcome of deleting each spurious edge from H0:
    X2 o-o X6 : illegal -- genuine/acyclic -- Acyclicity violated: There is a directed cyclic path from X2 to itself in a MAG implied by this graph
    X3 o-o X6 : illegal -- genuine/acyclic -- Acyclicity violated: There is a directed cyclic path from X2 to itself in a MAG implied by this graph
  true DAG (all variables, latents included):
Graph Nodes:
(X1);X2;X3;X4;X5;X6

Graph Edges:
1. X1 --> X5
2. X2 --> X3
3. X2 --> X5
4. X3 --> X4
5. X4 --> X6
6. X5 --> X6


  true PAG G* (over observed):
Graph Nodes:
X2;X3;X4;X5;X6

Graph Edges:
1. X2 o-o X3
2. X2 o-o X5
3. X3 o-o X4
4. X4 --> X6
5. X5 --> X6


  H0 (G* + spurious, cold-reoriented):
Graph Nodes:
X2;X3;X4;X5;X6

Graph Edges:
1. X2 --> X3
2. X4 --> X3
3. X4 o-> X6
4. X5 --> X2
5. X5 o-> X6
6. X6 --> X2
7. X6 --> X3



==== NOSTALL DEADLOCK: gated genuine-legal H0, NO legal single-edge deletion ====
  dag mask        : 25257
  latent set      : [0]  (latent nodes: [X1])
  spurious edges  : [X2 o-o X6, X3 o-o X6]  (k=2)
  outcome of deleting each spurious edge from H0:
    X2 o-o X6 : illegal -- genuine/acyclic -- Acyclicity violated: There is a directed cyclic path from X2 to itself in a MAG implied by this graph
    X3 o-o X6 : illegal -- genuine/acyclic -- Acyclicity violated: There is a directed cyclic path from X2 to itself in a MAG implied by this graph
  true DAG (all variables, latents included):
Graph Nodes:
(X1);X2;X3;X4;X5;X6

Graph Edges:
1. X1 --> X2
2. X1 --> X5
3. X2 --> X3
4. X2 --> X5
5. X3 --> X4
6. X4 --> X6
7. X5 --> X6


  true PAG G* (over observed):
Graph Nodes:
X2;X3;X4;X5;X6

Graph Edges:
1. X2 o-o X3
2. X2 o-o X5
3. X3 o-o X4
4. X4 --> X6
5. X5 --> X6


  H0 (G* + spurious, cold-reoriented):
Graph Nodes:
X2;X3;X4;X5;X6

Graph Edges:
1. X2 --> X3
2. X4 --> X3
3. X4 o-> X6
4. X5 --> X2
5. X5 o-> X6
6. X6 --> X2
7. X6 --> X3



==== NOSTALL DEADLOCK: gated genuine-legal H0, NO legal single-edge deletion ====
  dag mask        : 25264
  latent set      : [0]  (latent nodes: [X1])
  spurious edges  : [X2 o-o X6, X3 o-o X6]  (k=2)
  outcome of deleting each spurious edge from H0:
    X2 o-o X6 : illegal -- genuine/acyclic -- Acyclicity violated: There is a directed cyclic path from X2 to itself in a MAG implied by this graph
    X3 o-o X6 : illegal -- genuine/acyclic -- Acyclicity violated: There is a directed cyclic path from X2 to itself in a MAG implied by this graph
  true DAG (all variables, latents included):
Graph Nodes:
(X1);X2;X3;X4;X5;X6

Graph Edges:
1. X1 --> X6
2. X2 --> X3
3. X2 --> X5
4. X3 --> X4
5. X4 --> X6
6. X5 --> X6


  true PAG G* (over observed):
Graph Nodes:
X2;X3;X4;X5;X6

Graph Edges:
1. X2 o-o X3
2. X2 o-o X5
3. X3 o-o X4
4. X4 --> X6
5. X5 --> X6


  H0 (G* + spurious, cold-reoriented):
Graph Nodes:
X2;X3;X4;X5;X6

Graph Edges:
1. X2 --> X3
2. X4 --> X3
3. X4 o-> X6
4. X5 --> X2
5. X5 o-> X6
6. X6 --> X2
7. X6 --> X3



==== NOSTALL DEADLOCK: gated genuine-legal H0, NO legal single-edge deletion ====
  dag mask        : 25347
  latent set      : [4]  (latent nodes: [X5])
  spurious edges  : [X1 o-o X6, X3 o-o X6]  (k=2)
  outcome of deleting each spurious edge from H0:
    X1 o-o X6 : illegal -- genuine/acyclic -- Acyclicity violated: There is a directed cyclic path from X1 to itself in a MAG implied by this graph
    X3 o-o X6 : illegal -- genuine/acyclic -- Acyclicity violated: There is a directed cyclic path from X1 to itself in a MAG implied by this graph
  true DAG (all variables, latents included):
Graph Nodes:
X1;X2;X3;X4;(X5);X6

Graph Edges:
1. X1 --> X2
2. X1 --> X3
3. X2 --> X6
4. X3 --> X4
5. X4 --> X6
6. X5 --> X6


  true PAG G* (over observed):
Graph Nodes:
X1;X2;X3;X4;X6

Graph Edges:
1. X1 o-o X2
2. X1 o-o X3
3. X2 --> X6
4. X3 o-o X4
5. X4 --> X6


  H0 (G* + spurious, cold-reoriented):
Graph Nodes:
X1;X2;X3;X4;X6

Graph Edges:
1. X2 --> X1
2. X2 o-> X6
3. X3 --> X1
4. X4 --> X3
5. X4 o-> X6
6. X6 --> X1
7. X6 --> X3



==== NOSTALL DEADLOCK: gated genuine-legal H0, NO legal single-edge deletion ====
  dag mask        : 25354
  latent set      : [1]  (latent nodes: [X2])
  spurious edges  : [X1 o-o X6, X3 o-o X6]  (k=2)
  outcome of deleting each spurious edge from H0:
    X1 o-o X6 : illegal -- genuine/acyclic -- Acyclicity violated: There is a directed cyclic path from X1 to itself in a MAG implied by this graph
    X3 o-o X6 : illegal -- genuine/acyclic -- Acyclicity violated: There is a directed cyclic path from X1 to itself in a MAG implied by this graph
  true DAG (all variables, latents included):
Graph Nodes:
X1;(X2);X3;X4;X5;X6

Graph Edges:
1. X1 --> X3
2. X1 --> X5
3. X2 --> X6
4. X3 --> X4
5. X4 --> X6
6. X5 --> X6


  true PAG G* (over observed):
Graph Nodes:
X1;X3;X4;X5;X6

Graph Edges:
1. X1 o-o X3
2. X1 o-o X5
3. X3 o-o X4
4. X4 --> X6
5. X5 --> X6


  H0 (G* + spurious, cold-reoriented):
Graph Nodes:
X1;X3;X4;X5;X6

Graph Edges:
1. X1 --> X3
2. X4 --> X3
3. X4 o-> X6
4. X5 --> X1
5. X5 o-> X6
6. X6 --> X1
7. X6 --> X3



==== NOSTALL DEADLOCK: gated genuine-legal H0, NO legal single-edge deletion ====
  dag mask        : 25475
  latent set      : [4]  (latent nodes: [X5])
  spurious edges  : [X1 o-o X6, X3 o-o X6]  (k=2)
  outcome of deleting each spurious edge from H0:
    X1 o-o X6 : illegal -- genuine/acyclic -- Acyclicity violated: There is a directed cyclic path from X1 to itself in a MAG implied by this graph
    X3 o-o X6 : illegal -- genuine/acyclic -- Acyclicity violated: There is a directed cyclic path from X1 to itself in a MAG implied by this graph
  true DAG (all variables, latents included):
Graph Nodes:
X1;X2;X3;X4;(X5);X6

Graph Edges:
1. X1 --> X2
2. X1 --> X3
3. X2 --> X5
4. X2 --> X6
5. X3 --> X4
6. X4 --> X6
7. X5 --> X6


  true PAG G* (over observed):
Graph Nodes:
X1;X2;X3;X4;X6

Graph Edges:
1. X1 o-o X2
2. X1 o-o X3
3. X2 --> X6
4. X3 o-o X4
5. X4 --> X6


  H0 (G* + spurious, cold-reoriented):
Graph Nodes:
X1;X2;X3;X4;X6

Graph Edges:
1. X2 --> X1
2. X2 o-> X6
3. X3 --> X1
4. X4 --> X3
5. X4 o-> X6
6. X6 --> X1
7. X6 --> X3



==== NOSTALL DEADLOCK: gated genuine-legal H0, NO legal single-edge deletion ====
  dag mask        : 25606
  latent set      : [1]  (latent nodes: [X2])
  spurious edges  : [X1 o-o X6, X3 o-o X6]  (k=2)
  outcome of deleting each spurious edge from H0:
    X1 o-o X6 : illegal -- genuine/acyclic -- Acyclicity violated: There is a directed cyclic path from X1 to itself in a MAG implied by this graph
    X3 o-o X6 : illegal -- genuine/acyclic -- Acyclicity violated: There is a directed cyclic path from X1 to itself in a MAG implied by this graph
  true DAG (all variables, latents included):
Graph Nodes:
X1;(X2);X3;X4;X5;X6

Graph Edges:
1. X1 --> X3
2. X1 --> X4
3. X3 --> X5
4. X4 --> X6
5. X5 --> X6


  true PAG G* (over observed):
Graph Nodes:
X1;X3;X4;X5;X6

Graph Edges:
1. X1 o-o X3
2. X1 o-o X4
3. X3 o-o X5
4. X4 --> X6
5. X5 --> X6


  H0 (G* + spurious, cold-reoriented):
Graph Nodes:
X1;X3;X4;X5;X6

Graph Edges:
1. X3 --> X1
2. X4 --> X1
3. X4 o-> X6
4. X5 --> X3
5. X5 o-> X6
6. X6 --> X1
7. X6 --> X3



==== NOSTALL DEADLOCK: gated genuine-legal H0, NO legal single-edge deletion ====
  dag mask        : 25607
  latent set      : [1]  (latent nodes: [X2])
  spurious edges  : [X1 o-o X6, X3 o-o X6]  (k=2)
  outcome of deleting each spurious edge from H0:
    X1 o-o X6 : illegal -- genuine/acyclic -- Acyclicity violated: There is a directed cyclic path from X1 to itself in a MAG implied by this graph
    X3 o-o X6 : illegal -- genuine/acyclic -- Acyclicity violated: There is a directed cyclic path from X1 to itself in a MAG implied by this graph
  true DAG (all variables, latents included):
Graph Nodes:
X1;(X2);X3;X4;X5;X6

Graph Edges:
1. X1 --> X2
2. X1 --> X3
3. X1 --> X4
4. X3 --> X5
5. X4 --> X6
6. X5 --> X6


  true PAG G* (over observed):
Graph Nodes:
X1;X3;X4;X5;X6

Graph Edges:
1. X1 o-o X3
2. X1 o-o X4
3. X3 o-o X5
4. X4 --> X6
5. X5 --> X6


  H0 (G* + spurious, cold-reoriented):
Graph Nodes:
X1;X3;X4;X5;X6

Graph Edges:
1. X3 --> X1
2. X4 --> X1
3. X4 o-> X6
4. X5 --> X3
5. X5 o-> X6
6. X6 --> X1
7. X6 --> X3



==== NOSTALL DEADLOCK: gated genuine-legal H0, NO legal single-edge deletion ====
  dag mask        : 25634
  latent set      : [3]  (latent nodes: [X4])
  spurious edges  : [X1 o-o X6, X2 o-o X6]  (k=2)
  outcome of deleting each spurious edge from H0:
    X1 o-o X6 : illegal -- genuine/acyclic -- Acyclicity violated: There is a directed cyclic path from X2 to itself in a MAG implied by this graph
    X2 o-o X6 : illegal -- genuine/acyclic -- Acyclicity violated: There is a directed cyclic path from X1 to itself in a MAG implied by this graph
  true DAG (all variables, latents included):
Graph Nodes:
X1;X2;X3;(X4);X5;X6

Graph Edges:
1. X1 --> X3
2. X2 --> X3
3. X3 --> X5
4. X4 --> X6
5. X5 --> X6


  true PAG G* (over observed):
Graph Nodes:
X1;X2;X3;X5;X6

Graph Edges:
1. X1 o-> X3
2. X2 o-> X3
3. X3 --> X5
4. X5 --> X6


  H0 (G* + spurious, cold-reoriented):
Graph Nodes:
X1;X2;X3;X5;X6

Graph Edges:
1. X1 o-> X3
2. X1 --> X6
3. X2 o-> X3
4. X2 --> X6
5. X3 --> X5
6. X5 --> X6



==== NOSTALL DEADLOCK: gated genuine-legal H0, NO legal single-edge deletion ====
  dag mask        : 25637
  latent set      : [0]  (latent nodes: [X1])
  spurious edges  : [X2 o-o X6, X3 o-o X6]  (k=2)
  outcome of deleting each spurious edge from H0:
    X2 o-o X6 : illegal -- genuine/acyclic -- Acyclicity violated: There is a directed cyclic path from X2 to itself in a MAG implied by this graph
    X3 o-o X6 : illegal -- genuine/acyclic -- Acyclicity violated: There is a directed cyclic path from X2 to itself in a MAG implied by this graph
  true DAG (all variables, latents included):
Graph Nodes:
(X1);X2;X3;X4;X5;X6

Graph Edges:
1. X1 --> X2
2. X1 --> X4
3. X2 --> X3
4. X3 --> X5
5. X4 --> X6
6. X5 --> X6


  true PAG G* (over observed):
Graph Nodes:
X2;X3;X4;X5;X6

Graph Edges:
1. X2 o-o X3
2. X3 o-o X5
3. X4 o-o X2
4. X4 --> X6
5. X5 --> X6


  H0 (G* + spurious, cold-reoriented):
Graph Nodes:
X2;X3;X4;X5;X6

Graph Edges:
1. X3 --> X2
2. X4 --> X2
3. X4 o-> X6
4. X5 --> X3
5. X5 o-> X6
6. X6 --> X2
7. X6 --> X3



==== NOSTALL DEADLOCK: gated genuine-legal H0, NO legal single-edge deletion ====
  dag mask        : 25637
  latent set      : [1]  (latent nodes: [X2])
  spurious edges  : [X1 o-o X6, X3 o-o X6]  (k=2)
  outcome of deleting each spurious edge from H0:
    X1 o-o X6 : illegal -- genuine/acyclic -- Acyclicity violated: There is a directed cyclic path from X1 to itself in a MAG implied by this graph
    X3 o-o X6 : illegal -- genuine/acyclic -- Acyclicity violated: There is a directed cyclic path from X1 to itself in a MAG implied by this graph
  true DAG (all variables, latents included):
Graph Nodes:
X1;(X2);X3;X4;X5;X6

Graph Edges:
1. X1 --> X2
2. X1 --> X4
3. X2 --> X3
4. X3 --> X5
5. X4 --> X6
6. X5 --> X6


  true PAG G* (over observed):
Graph Nodes:
X1;X3;X4;X5;X6

Graph Edges:
1. X1 o-o X3
2. X1 o-o X4
3. X3 o-o X5
4. X4 --> X6
5. X5 --> X6


  H0 (G* + spurious, cold-reoriented):
Graph Nodes:
X1;X3;X4;X5;X6

Graph Edges:
1. X3 --> X1
2. X4 --> X1
3. X4 o-> X6
4. X5 --> X3
5. X5 o-> X6
6. X6 --> X1
7. X6 --> X3



==== NOSTALL DEADLOCK: gated genuine-legal H0, NO legal single-edge deletion ====
  dag mask        : 25637
  latent set      : [2]  (latent nodes: [X3])
  spurious edges  : [X1 o-o X6, X2 o-o X6]  (k=2)
  outcome of deleting each spurious edge from H0:
    X1 o-o X6 : illegal -- genuine/acyclic -- Acyclicity violated: There is a directed cyclic path from X1 to itself in a MAG implied by this graph
    X2 o-o X6 : illegal -- genuine/acyclic -- Acyclicity violated: There is a directed cyclic path from X1 to itself in a MAG implied by this graph
  true DAG (all variables, latents included):
Graph Nodes:
X1;X2;(X3);X4;X5;X6

Graph Edges:
1. X1 --> X2
2. X1 --> X4
3. X2 --> X3
4. X3 --> X5
5. X4 --> X6
6. X5 --> X6


  true PAG G* (over observed):
Graph Nodes:
X1;X2;X4;X5;X6

Graph Edges:
1. X1 o-o X2
2. X1 o-o X4
3. X2 o-o X5
4. X4 --> X6
5. X5 --> X6


  H0 (G* + spurious, cold-reoriented):
Graph Nodes:
X1;X2;X4;X5;X6

Graph Edges:
1. X2 --> X1
2. X4 --> X1
3. X4 o-> X6
4. X5 --> X2
5. X5 o-> X6
6. X6 --> X1
7. X6 --> X2



==== NOSTALL DEADLOCK: gated genuine-legal H0, NO legal single-edge deletion ====
  dag mask        : 25637
  latent set      : [3]  (latent nodes: [X4])
  spurious edges  : [X2 o-o X6, X3 o-o X6]  (k=2)
  outcome of deleting each spurious edge from H0:
    X2 o-o X6 : illegal -- genuine/acyclic -- Acyclicity violated: There is a directed cyclic path from X1 to itself in a MAG implied by this graph
    X3 o-o X6 : illegal -- genuine/acyclic -- Acyclicity violated: There is a directed cyclic path from X2 to itself in a MAG implied by this graph
  true DAG (all variables, latents included):
Graph Nodes:
X1;X2;X3;(X4);X5;X6

Graph Edges:
1. X1 --> X2
2. X1 --> X4
3. X2 --> X3
4. X3 --> X5
5. X4 --> X6
6. X5 --> X6


  true PAG G* (over observed):
Graph Nodes:
X1;X2;X3;X5;X6

Graph Edges:
1. X1 o-o X2
2. X1 --> X6
3. X2 o-o X3
4. X3 o-o X5
5. X5 --> X6


  H0 (G* + spurious, cold-reoriented):
Graph Nodes:
X1;X2;X3;X5;X6

Graph Edges:
1. X1 --> X2
2. X1 o-> X6
3. X3 --> X2
4. X5 --> X3
5. X5 o-> X6
6. X6 --> X2
7. X6 --> X3



==== NOSTALL DEADLOCK: gated genuine-legal H0, NO legal single-edge deletion ====
  dag mask        : 25637
  latent set      : [4]  (latent nodes: [X5])
  spurious edges  : [X1 o-o X6, X2 o-o X6]  (k=2)
  outcome of deleting each spurious edge from H0:
    X1 o-o X6 : illegal -- genuine/acyclic -- Acyclicity violated: There is a directed cyclic path from X1 to itself in a MAG implied by this graph
    X2 o-o X6 : illegal -- genuine/acyclic -- Acyclicity violated: There is a directed cyclic path from X1 to itself in a MAG implied by this graph
  true DAG (all variables, latents included):
Graph Nodes:
X1;X2;X3;X4;(X5);X6

Graph Edges:
1. X1 --> X2
2. X1 --> X4
3. X2 --> X3
4. X3 --> X5
5. X4 --> X6
6. X5 --> X6


  true PAG G* (over observed):
Graph Nodes:
X1;X2;X3;X4;X6

Graph Edges:
1. X1 o-o X2
2. X1 o-o X4
3. X2 o-o X3
4. X3 --> X6
5. X4 --> X6


  H0 (G* + spurious, cold-reoriented):
Graph Nodes:
X1;X2;X3;X4;X6

Graph Edges:
1. X1 --> X2
2. X3 --> X2
3. X3 o-> X6
4. X4 --> X1
5. X4 o-> X6
6. X6 --> X1
7. X6 --> X2



==== NOSTALL DEADLOCK: gated genuine-legal H0, NO legal single-edge deletion ====
  dag mask        : 25638
  latent set      : [1]  (latent nodes: [X2])
  spurious edges  : [X1 o-o X6, X3 o-o X6]  (k=2)
  outcome of deleting each spurious edge from H0:
    X1 o-o X6 : illegal -- genuine/acyclic -- Acyclicity violated: There is a directed cyclic path from X1 to itself in a MAG implied by this graph
    X3 o-o X6 : illegal -- genuine/acyclic -- Acyclicity violated: There is a directed cyclic path from X1 to itself in a MAG implied by this graph
  true DAG (all variables, latents included):
Graph Nodes:
X1;(X2);X3;X4;X5;X6

Graph Edges:
1. X1 --> X3
2. X1 --> X4
3. X2 --> X3
4. X3 --> X5
5. X4 --> X6
6. X5 --> X6


  true PAG G* (over observed):
Graph Nodes:
X1;X3;X4;X5;X6

Graph Edges:
1. X1 o-o X3
2. X1 o-o X4
3. X3 o-o X5
4. X4 --> X6
5. X5 --> X6


  H0 (G* + spurious, cold-reoriented):
Graph Nodes:
X1;X3;X4;X5;X6

Graph Edges:
1. X3 --> X1
2. X4 --> X1
3. X4 o-> X6
4. X5 --> X3
5. X5 o-> X6
6. X6 --> X1
7. X6 --> X3



==== NOSTALL DEADLOCK: gated genuine-legal H0, NO legal single-edge deletion ====
  dag mask        : 25639
  latent set      : [1]  (latent nodes: [X2])
  spurious edges  : [X1 o-o X6, X3 o-o X6]  (k=2)
  outcome of deleting each spurious edge from H0:
    X1 o-o X6 : illegal -- genuine/acyclic -- Acyclicity violated: There is a directed cyclic path from X1 to itself in a MAG implied by this graph
    X3 o-o X6 : illegal -- genuine/acyclic -- Acyclicity violated: There is a directed cyclic path from X1 to itself in a MAG implied by this graph
  true DAG (all variables, latents included):
Graph Nodes:
X1;(X2);X3;X4;X5;X6

Graph Edges:
1. X1 --> X2
2. X1 --> X3
3. X1 --> X4
4. X2 --> X3
5. X3 --> X5
6. X4 --> X6
7. X5 --> X6


  true PAG G* (over observed):
Graph Nodes:
X1;X3;X4;X5;X6

Graph Edges:
1. X1 o-o X3
2. X1 o-o X4
3. X3 o-o X5
4. X4 --> X6
5. X5 --> X6


  H0 (G* + spurious, cold-reoriented):
Graph Nodes:
X1;X3;X4;X5;X6

Graph Edges:
1. X3 --> X1
2. X4 --> X1
3. X4 o-> X6
4. X5 --> X3
5. X5 o-> X6
6. X6 --> X1
7. X6 --> X3



==== NOSTALL DEADLOCK: gated genuine-legal H0, NO legal single-edge deletion ====
  dag mask        : 25649
  latent set      : [3]  (latent nodes: [X4])
  spurious edges  : [X2 o-o X6, X3 o-o X6]  (k=2)
  outcome of deleting each spurious edge from H0:
    X2 o-o X6 : illegal -- genuine/acyclic -- Acyclicity violated: There is a directed cyclic path from X1 to itself in a MAG implied by this graph
    X3 o-o X6 : illegal -- genuine/acyclic -- Acyclicity violated: There is a directed cyclic path from X2 to itself in a MAG implied by this graph
  true DAG (all variables, latents included):
Graph Nodes:
X1;X2;X3;(X4);X5;X6

Graph Edges:
1. X1 --> X2
2. X1 --> X6
3. X2 --> X3
4. X3 --> X5
5. X4 --> X6
6. X5 --> X6


  true PAG G* (over observed):
Graph Nodes:
X1;X2;X3;X5;X6

Graph Edges:
1. X1 o-o X2
2. X1 --> X6
3. X2 o-o X3
4. X3 o-o X5
5. X5 --> X6


  H0 (G* + spurious, cold-reoriented):
Graph Nodes:
X1;X2;X3;X5;X6

Graph Edges:
1. X1 --> X2
2. X1 o-> X6
3. X3 --> X2
4. X5 --> X3
5. X5 o-> X6
6. X6 --> X2
7. X6 --> X3



==== NOSTALL DEADLOCK: gated genuine-legal H0, NO legal single-edge deletion ====
  dag mask        : 25653
  latent set      : [3]  (latent nodes: [X4])
  spurious edges  : [X2 o-o X6, X3 o-o X6]  (k=2)
  outcome of deleting each spurious edge from H0:
    X2 o-o X6 : illegal -- genuine/acyclic -- Acyclicity violated: There is a directed cyclic path from X1 to itself in a MAG implied by this graph
    X3 o-o X6 : illegal -- genuine/acyclic -- Acyclicity violated: There is a directed cyclic path from X2 to itself in a MAG implied by this graph
  true DAG (all variables, latents included):
Graph Nodes:
X1;X2;X3;(X4);X5;X6

Graph Edges:
1. X1 --> X2
2. X1 --> X4
3. X1 --> X6
4. X2 --> X3
5. X3 --> X5
6. X4 --> X6
7. X5 --> X6


  true PAG G* (over observed):
Graph Nodes:
X1;X2;X3;X5;X6

Graph Edges:
1. X1 o-o X2
2. X1 --> X6
3. X2 o-o X3
4. X3 o-o X5
5. X5 --> X6


  H0 (G* + spurious, cold-reoriented):
Graph Nodes:
X1;X2;X3;X5;X6

Graph Edges:
1. X1 --> X2
2. X1 o-> X6
3. X3 --> X2
4. X5 --> X3
5. X5 o-> X6
6. X6 --> X2
7. X6 --> X3



==== NOSTALL DEADLOCK: gated genuine-legal H0, NO legal single-edge deletion ====
  dag mask        : 25667
  latent set      : [0]  (latent nodes: [X1])
  spurious edges  : [X2 o-o X6, X3 o-o X6]  (k=2)
  outcome of deleting each spurious edge from H0:
    X2 o-o X6 : illegal -- genuine/acyclic -- Acyclicity violated: There is a directed cyclic path from X2 to itself in a MAG implied by this graph
    X3 o-o X6 : illegal -- genuine/acyclic -- Acyclicity violated: There is a directed cyclic path from X2 to itself in a MAG implied by this graph
  true DAG (all variables, latents included):
Graph Nodes:
(X1);X2;X3;X4;X5;X6

Graph Edges:
1. X1 --> X2
2. X1 --> X3
3. X2 --> X4
4. X3 --> X5
5. X4 --> X6
6. X5 --> X6


  true PAG G* (over observed):
Graph Nodes:
X2;X3;X4;X5;X6

Graph Edges:
1. X2 o-o X4
2. X3 o-o X2
3. X3 o-o X5
4. X4 --> X6
5. X5 --> X6


  H0 (G* + spurious, cold-reoriented):
Graph Nodes:
X2;X3;X4;X5;X6

Graph Edges:
1. X3 --> X2
2. X4 --> X2
3. X4 o-> X6
4. X5 --> X3
5. X5 o-> X6
6. X6 --> X2
7. X6 --> X3



==== NOSTALL DEADLOCK: gated genuine-legal H0, NO legal single-edge deletion ====
  dag mask        : 25667
  latent set      : [1]  (latent nodes: [X2])
  spurious edges  : [X1 o-o X6, X3 o-o X6]  (k=2)
  outcome of deleting each spurious edge from H0:
    X1 o-o X6 : illegal -- genuine/acyclic -- Acyclicity violated: There is a directed cyclic path from X1 to itself in a MAG implied by this graph
    X3 o-o X6 : illegal -- genuine/acyclic -- Acyclicity violated: There is a directed cyclic path from X1 to itself in a MAG implied by this graph
  true DAG (all variables, latents included):
Graph Nodes:
X1;(X2);X3;X4;X5;X6

Graph Edges:
1. X1 --> X2
2. X1 --> X3
3. X2 --> X4
4. X3 --> X5
5. X4 --> X6
6. X5 --> X6


  true PAG G* (over observed):
Graph Nodes:
X1;X3;X4;X5;X6

Graph Edges:
1. X1 o-o X3
2. X1 o-o X4
3. X3 o-o X5
4. X4 --> X6
5. X5 --> X6


  H0 (G* + spurious, cold-reoriented):
Graph Nodes:
X1;X3;X4;X5;X6

Graph Edges:
1. X3 --> X1
2. X4 --> X1
3. X4 o-> X6
4. X5 --> X3
5. X5 o-> X6
6. X6 --> X1
7. X6 --> X3



==== NOSTALL DEADLOCK: gated genuine-legal H0, NO legal single-edge deletion ====
  dag mask        : 25667
  latent set      : [2]  (latent nodes: [X3])
  spurious edges  : [X1 o-o X6, X2 o-o X6]  (k=2)
  outcome of deleting each spurious edge from H0:
    X1 o-o X6 : illegal -- genuine/acyclic -- Acyclicity violated: There is a directed cyclic path from X1 to itself in a MAG implied by this graph
    X2 o-o X6 : illegal -- genuine/acyclic -- Acyclicity violated: There is a directed cyclic path from X1 to itself in a MAG implied by this graph
  true DAG (all variables, latents included):
Graph Nodes:
X1;X2;(X3);X4;X5;X6

Graph Edges:
1. X1 --> X2
2. X1 --> X3
3. X2 --> X4
4. X3 --> X5
5. X4 --> X6
6. X5 --> X6


  true PAG G* (over observed):
Graph Nodes:
X1;X2;X4;X5;X6

Graph Edges:
1. X1 o-o X2
2. X1 o-o X5
3. X2 o-o X4
4. X4 --> X6
5. X5 --> X6


  H0 (G* + spurious, cold-reoriented):
Graph Nodes:
X1;X2;X4;X5;X6

Graph Edges:
1. X1 --> X2
2. X4 --> X2
3. X4 o-> X6
4. X5 --> X1
5. X5 o-> X6
6. X6 --> X1
7. X6 --> X2



==== NOSTALL DEADLOCK: gated genuine-legal H0, NO legal single-edge deletion ====
  dag mask        : 25667
  latent set      : [3]  (latent nodes: [X4])
  spurious edges  : [X1 o-o X6, X3 o-o X6]  (k=2)
  outcome of deleting each spurious edge from H0:
    X1 o-o X6 : illegal -- genuine/acyclic -- Acyclicity violated: There is a directed cyclic path from X1 to itself in a MAG implied by this graph
    X3 o-o X6 : illegal -- genuine/acyclic -- Acyclicity violated: There is a directed cyclic path from X1 to itself in a MAG implied by this graph
  true DAG (all variables, latents included):
Graph Nodes:
X1;X2;X3;(X4);X5;X6

Graph Edges:
1. X1 --> X2
2. X1 --> X3
3. X2 --> X4
4. X3 --> X5
5. X4 --> X6
6. X5 --> X6


  true PAG G* (over observed):
Graph Nodes:
X1;X2;X3;X5;X6

Graph Edges:
1. X1 o-o X2
2. X1 o-o X3
3. X2 --> X6
4. X3 o-o X5
5. X5 --> X6


  H0 (G* + spurious, cold-reoriented):
Graph Nodes:
X1;X2;X3;X5;X6

Graph Edges:
1. X2 --> X1
2. X2 o-> X6
3. X3 --> X1
4. X5 --> X3
5. X5 o-> X6
6. X6 --> X1
7. X6 --> X3



==== NOSTALL DEADLOCK: gated genuine-legal H0, NO legal single-edge deletion ====
  dag mask        : 25667
  latent set      : [4]  (latent nodes: [X5])
  spurious edges  : [X1 o-o X6, X2 o-o X6]  (k=2)
  outcome of deleting each spurious edge from H0:
    X1 o-o X6 : illegal -- genuine/acyclic -- Acyclicity violated: There is a directed cyclic path from X1 to itself in a MAG implied by this graph
    X2 o-o X6 : illegal -- genuine/acyclic -- Acyclicity violated: There is a directed cyclic path from X1 to itself in a MAG implied by this graph
  true DAG (all variables, latents included):
Graph Nodes:
X1;X2;X3;X4;(X5);X6

Graph Edges:
1. X1 --> X2
2. X1 --> X3
3. X2 --> X4
4. X3 --> X5
5. X4 --> X6
6. X5 --> X6


  true PAG G* (over observed):
Graph Nodes:
X1;X2;X3;X4;X6

Graph Edges:
1. X1 o-o X2
2. X1 o-o X3
3. X2 o-o X4
4. X3 --> X6
5. X4 --> X6


  H0 (G* + spurious, cold-reoriented):
Graph Nodes:
X1;X2;X3;X4;X6

Graph Edges:
1. X2 --> X1
2. X3 --> X1
3. X3 o-> X6
4. X4 --> X2
5. X4 o-> X6
6. X6 --> X1
7. X6 --> X2



==== NOSTALL DEADLOCK: gated genuine-legal H0, NO legal single-edge deletion ====
  dag mask        : 25670
  latent set      : [1]  (latent nodes: [X2])
  spurious edges  : [X1 o-o X6, X3 o-o X6]  (k=2)
  outcome of deleting each spurious edge from H0:
    X1 o-o X6 : illegal -- genuine/acyclic -- Acyclicity violated: There is a directed cyclic path from X1 to itself in a MAG implied by this graph
    X3 o-o X6 : illegal -- genuine/acyclic -- Acyclicity violated: There is a directed cyclic path from X1 to itself in a MAG implied by this graph
  true DAG (all variables, latents included):
Graph Nodes:
X1;(X2);X3;X4;X5;X6

Graph Edges:
1. X1 --> X3
2. X1 --> X4
3. X2 --> X4
4. X3 --> X5
5. X4 --> X6
6. X5 --> X6


  true PAG G* (over observed):
Graph Nodes:
X1;X3;X4;X5;X6

Graph Edges:
1. X1 o-o X3
2. X1 o-o X4
3. X3 o-o X5
4. X4 --> X6
5. X5 --> X6


  H0 (G* + spurious, cold-reoriented):
Graph Nodes:
X1;X3;X4;X5;X6

Graph Edges:
1. X3 --> X1
2. X4 --> X1
3. X4 o-> X6
4. X5 --> X3
5. X5 o-> X6
6. X6 --> X1
7. X6 --> X3



==== NOSTALL DEADLOCK: gated genuine-legal H0, NO legal single-edge deletion ====
  dag mask        : 25671
  latent set      : [1]  (latent nodes: [X2])
  spurious edges  : [X1 o-o X6, X3 o-o X6]  (k=2)
  outcome of deleting each spurious edge from H0:
    X1 o-o X6 : illegal -- genuine/acyclic -- Acyclicity violated: There is a directed cyclic path from X1 to itself in a MAG implied by this graph
    X3 o-o X6 : illegal -- genuine/acyclic -- Acyclicity violated: There is a directed cyclic path from X1 to itself in a MAG implied by this graph
  true DAG (all variables, latents included):
Graph Nodes:
X1;(X2);X3;X4;X5;X6

Graph Edges:
1. X1 --> X2
2. X1 --> X3
3. X1 --> X4
4. X2 --> X4
5. X3 --> X5
6. X4 --> X6
7. X5 --> X6


  true PAG G* (over observed):
Graph Nodes:
X1;X3;X4;X5;X6

Graph Edges:
1. X1 o-o X3
2. X1 o-o X4
3. X3 o-o X5
4. X4 --> X6
5. X5 --> X6


  H0 (G* + spurious, cold-reoriented):
Graph Nodes:
X1;X3;X4;X5;X6

Graph Edges:
1. X3 --> X1
2. X4 --> X1
3. X4 o-> X6
4. X5 --> X3
5. X5 o-> X6
6. X6 --> X1
7. X6 --> X3



==== NOSTALL DEADLOCK: gated genuine-legal H0, NO legal single-edge deletion ====
  dag mask        : 25673
  latent set      : [2]  (latent nodes: [X3])
  spurious edges  : [X1 o-o X6, X2 o-o X6]  (k=2)
  outcome of deleting each spurious edge from H0:
    X1 o-o X6 : illegal -- genuine/acyclic -- Acyclicity violated: There is a directed cyclic path from X1 to itself in a MAG implied by this graph
    X2 o-o X6 : illegal -- genuine/acyclic -- Acyclicity violated: There is a directed cyclic path from X1 to itself in a MAG implied by this graph
  true DAG (all variables, latents included):
Graph Nodes:
X1;X2;(X3);X4;X5;X6

Graph Edges:
1. X1 --> X2
2. X1 --> X5
3. X2 --> X4
4. X3 --> X5
5. X4 --> X6
6. X5 --> X6


  true PAG G* (over observed):
Graph Nodes:
X1;X2;X4;X5;X6

Graph Edges:
1. X1 o-o X2
2. X1 o-o X5
3. X2 o-o X4
4. X4 --> X6
5. X5 --> X6


  H0 (G* + spurious, cold-reoriented):
Graph Nodes:
X1;X2;X4;X5;X6

Graph Edges:
1. X1 --> X2
2. X4 --> X2
3. X4 o-> X6
4. X5 --> X1
5. X5 o-> X6
6. X6 --> X1
7. X6 --> X2



==== NOSTALL DEADLOCK: gated genuine-legal H0, NO legal single-edge deletion ====
  dag mask        : 25675
  latent set      : [2]  (latent nodes: [X3])
  spurious edges  : [X1 o-o X6, X2 o-o X6]  (k=2)
  outcome of deleting each spurious edge from H0:
    X1 o-o X6 : illegal -- genuine/acyclic -- Acyclicity violated: There is a directed cyclic path from X1 to itself in a MAG implied by this graph
    X2 o-o X6 : illegal -- genuine/acyclic -- Acyclicity violated: There is a directed cyclic path from X1 to itself in a MAG implied by this graph
  true DAG (all variables, latents included):
Graph Nodes:
X1;X2;(X3);X4;X5;X6

Graph Edges:
1. X1 --> X2
2. X1 --> X3
3. X1 --> X5
4. X2 --> X4
5. X3 --> X5
6. X4 --> X6
7. X5 --> X6


  true PAG G* (over observed):
Graph Nodes:
X1;X2;X4;X5;X6

Graph Edges:
1. X1 o-o X2
2. X1 o-o X5
3. X2 o-o X4
4. X4 --> X6
5. X5 --> X6


  H0 (G* + spurious, cold-reoriented):
Graph Nodes:
X1;X2;X4;X5;X6

Graph Edges:
1. X1 --> X2
2. X4 --> X2
3. X4 o-> X6
4. X5 --> X1
5. X5 o-> X6
6. X6 --> X1
7. X6 --> X2



==== NOSTALL DEADLOCK: gated genuine-legal H0, NO legal single-edge deletion ====
  dag mask        : 25696
  latent set      : [0]  (latent nodes: [X1])
  spurious edges  : [X2 o-o X6, X3 o-o X6]  (k=2)
  outcome of deleting each spurious edge from H0:
    X2 o-o X6 : illegal -- genuine/acyclic -- Acyclicity violated: There is a directed cyclic path from X2 to itself in a MAG implied by this graph
    X3 o-o X6 : illegal -- genuine/acyclic -- Acyclicity violated: There is a directed cyclic path from X2 to itself in a MAG implied by this graph
  true DAG (all variables, latents included):
Graph Nodes:
(X1);X2;X3;X4;X5;X6

Graph Edges:
1. X2 --> X3
2. X2 --> X4
3. X3 --> X5
4. X4 --> X6
5. X5 --> X6


  true PAG G* (over observed):
Graph Nodes:
X2;X3;X4;X5;X6

Graph Edges:
1. X2 o-o X3
2. X2 o-o X4
3. X3 o-o X5
4. X4 --> X6
5. X5 --> X6


  H0 (G* + spurious, cold-reoriented):
Graph Nodes:
X2;X3;X4;X5;X6

Graph Edges:
1. X3 --> X2
2. X4 --> X2
3. X4 o-> X6
4. X5 --> X3
5. X5 o-> X6
6. X6 --> X2
7. X6 --> X3



==== NOSTALL DEADLOCK: gated genuine-legal H0, NO legal single-edge deletion ====
  dag mask        : 25697
  latent set      : [0]  (latent nodes: [X1])
  spurious edges  : [X2 o-o X6, X3 o-o X6]  (k=2)
  outcome of deleting each spurious edge from H0:
    X2 o-o X6 : illegal -- genuine/acyclic -- Acyclicity violated: There is a directed cyclic path from X2 to itself in a MAG implied by this graph
    X3 o-o X6 : illegal -- genuine/acyclic -- Acyclicity violated: There is a directed cyclic path from X2 to itself in a MAG implied by this graph
  true DAG (all variables, latents included):
Graph Nodes:
(X1);X2;X3;X4;X5;X6

Graph Edges:
1. X1 --> X2
2. X2 --> X3
3. X2 --> X4
4. X3 --> X5
5. X4 --> X6
6. X5 --> X6


  true PAG G* (over observed):
Graph Nodes:
X2;X3;X4;X5;X6

Graph Edges:
1. X2 o-o X3
2. X2 o-o X4
3. X3 o-o X5
4. X4 --> X6
5. X5 --> X6


  H0 (G* + spurious, cold-reoriented):
Graph Nodes:
X2;X3;X4;X5;X6

Graph Edges:
1. X3 --> X2
2. X4 --> X2
3. X4 o-> X6
4. X5 --> X3
5. X5 o-> X6
6. X6 --> X2
7. X6 --> X3



==== NOSTALL DEADLOCK: gated genuine-legal H0, NO legal single-edge deletion ====
  dag mask        : 25698
  latent set      : [0]  (latent nodes: [X1])
  spurious edges  : [X2 o-o X6, X3 o-o X6]  (k=2)
  outcome of deleting each spurious edge from H0:
    X2 o-o X6 : illegal -- genuine/acyclic -- Acyclicity violated: There is a directed cyclic path from X2 to itself in a MAG implied by this graph
    X3 o-o X6 : illegal -- genuine/acyclic -- Acyclicity violated: There is a directed cyclic path from X2 to itself in a MAG implied by this graph
  true DAG (all variables, latents included):
Graph Nodes:
(X1);X2;X3;X4;X5;X6

Graph Edges:
1. X1 --> X3
2. X2 --> X3
3. X2 --> X4
4. X3 --> X5
5. X4 --> X6
6. X5 --> X6


  true PAG G* (over observed):
Graph Nodes:
X2;X3;X4;X5;X6

Graph Edges:
1. X2 o-o X3
2. X2 o-o X4
3. X3 o-o X5
4. X4 --> X6
5. X5 --> X6


  H0 (G* + spurious, cold-reoriented):
Graph Nodes:
X2;X3;X4;X5;X6

Graph Edges:
1. X3 --> X2
2. X4 --> X2
3. X4 o-> X6
4. X5 --> X3
5. X5 o-> X6
6. X6 --> X2
7. X6 --> X3



==== NOSTALL DEADLOCK: gated genuine-legal H0, NO legal single-edge deletion ====
  dag mask        : 25699
  latent set      : [0]  (latent nodes: [X1])
  spurious edges  : [X2 o-o X6, X3 o-o X6]  (k=2)
  outcome of deleting each spurious edge from H0:
    X2 o-o X6 : illegal -- genuine/acyclic -- Acyclicity violated: There is a directed cyclic path from X2 to itself in a MAG implied by this graph
    X3 o-o X6 : illegal -- genuine/acyclic -- Acyclicity violated: There is a directed cyclic path from X2 to itself in a MAG implied by this graph
  true DAG (all variables, latents included):
Graph Nodes:
(X1);X2;X3;X4;X5;X6

Graph Edges:
1. X1 --> X2
2. X1 --> X3
3. X2 --> X3
4. X2 --> X4
5. X3 --> X5
6. X4 --> X6
7. X5 --> X6


  true PAG G* (over observed):
Graph Nodes:
X2;X3;X4;X5;X6

Graph Edges:
1. X2 o-o X3
2. X2 o-o X4
3. X3 o-o X5
4. X4 --> X6
5. X5 --> X6


  H0 (G* + spurious, cold-reoriented):
Graph Nodes:
X2;X3;X4;X5;X6

Graph Edges:
1. X3 --> X2
2. X4 --> X2
3. X4 o-> X6
4. X5 --> X3
5. X5 o-> X6
6. X6 --> X2
7. X6 --> X3



==== NOSTALL DEADLOCK: gated genuine-legal H0, NO legal single-edge deletion ====
  dag mask        : 25700
  latent set      : [0]  (latent nodes: [X1])
  spurious edges  : [X2 o-o X6, X3 o-o X6]  (k=2)
  outcome of deleting each spurious edge from H0:
    X2 o-o X6 : illegal -- genuine/acyclic -- Acyclicity violated: There is a directed cyclic path from X2 to itself in a MAG implied by this graph
    X3 o-o X6 : illegal -- genuine/acyclic -- Acyclicity violated: There is a directed cyclic path from X2 to itself in a MAG implied by this graph
  true DAG (all variables, latents included):
Graph Nodes:
(X1);X2;X3;X4;X5;X6

Graph Edges:
1. X1 --> X4
2. X2 --> X3
3. X2 --> X4
4. X3 --> X5
5. X4 --> X6
6. X5 --> X6


  true PAG G* (over observed):
Graph Nodes:
X2;X3;X4;X5;X6

Graph Edges:
1. X2 o-o X3
2. X2 o-o X4
3. X3 o-o X5
4. X4 --> X6
5. X5 --> X6


  H0 (G* + spurious, cold-reoriented):
Graph Nodes:
X2;X3;X4;X5;X6

Graph Edges:
1. X3 --> X2
2. X4 --> X2
3. X4 o-> X6
4. X5 --> X3
5. X5 o-> X6
6. X6 --> X2
7. X6 --> X3



==== NOSTALL DEADLOCK: gated genuine-legal H0, NO legal single-edge deletion ====
  dag mask        : 25701
  latent set      : [0]  (latent nodes: [X1])
  spurious edges  : [X2 o-o X6, X3 o-o X6]  (k=2)
  outcome of deleting each spurious edge from H0:
    X2 o-o X6 : illegal -- genuine/acyclic -- Acyclicity violated: There is a directed cyclic path from X2 to itself in a MAG implied by this graph
    X3 o-o X6 : illegal -- genuine/acyclic -- Acyclicity violated: There is a directed cyclic path from X2 to itself in a MAG implied by this graph
  true DAG (all variables, latents included):
Graph Nodes:
(X1);X2;X3;X4;X5;X6

Graph Edges:
1. X1 --> X2
2. X1 --> X4
3. X2 --> X3
4. X2 --> X4
5. X3 --> X5
6. X4 --> X6
7. X5 --> X6


  true PAG G* (over observed):
Graph Nodes:
X2;X3;X4;X5;X6

Graph Edges:
1. X2 o-o X3
2. X2 o-o X4
3. X3 o-o X5
4. X4 --> X6
5. X5 --> X6


  H0 (G* + spurious, cold-reoriented):
Graph Nodes:
X2;X3;X4;X5;X6

Graph Edges:
1. X3 --> X2
2. X4 --> X2
3. X4 o-> X6
4. X5 --> X3
5. X5 o-> X6
6. X6 --> X2
7. X6 --> X3



==== NOSTALL DEADLOCK: gated genuine-legal H0, NO legal single-edge deletion ====
  dag mask        : 25704
  latent set      : [0]  (latent nodes: [X1])
  spurious edges  : [X2 o-o X6, X3 o-o X6]  (k=2)
  outcome of deleting each spurious edge from H0:
    X2 o-o X6 : illegal -- genuine/acyclic -- Acyclicity violated: There is a directed cyclic path from X2 to itself in a MAG implied by this graph
    X3 o-o X6 : illegal -- genuine/acyclic -- Acyclicity violated: There is a directed cyclic path from X2 to itself in a MAG implied by this graph
  true DAG (all variables, latents included):
Graph Nodes:
(X1);X2;X3;X4;X5;X6

Graph Edges:
1. X1 --> X5
2. X2 --> X3
3. X2 --> X4
4. X3 --> X5
5. X4 --> X6
6. X5 --> X6


  true PAG G* (over observed):
Graph Nodes:
X2;X3;X4;X5;X6

Graph Edges:
1. X2 o-o X3
2. X2 o-o X4
3. X3 o-o X5
4. X4 --> X6
5. X5 --> X6


  H0 (G* + spurious, cold-reoriented):
Graph Nodes:
X2;X3;X4;X5;X6

Graph Edges:
1. X3 --> X2
2. X4 --> X2
3. X4 o-> X6
4. X5 --> X3
5. X5 o-> X6
6. X6 --> X2
7. X6 --> X3



==== NOSTALL DEADLOCK: gated genuine-legal H0, NO legal single-edge deletion ====
  dag mask        : 25712
  latent set      : [0]  (latent nodes: [X1])
  spurious edges  : [X2 o-o X6, X3 o-o X6]  (k=2)
  outcome of deleting each spurious edge from H0:
    X2 o-o X6 : illegal -- genuine/acyclic -- Acyclicity violated: There is a directed cyclic path from X2 to itself in a MAG implied by this graph
    X3 o-o X6 : illegal -- genuine/acyclic -- Acyclicity violated: There is a directed cyclic path from X2 to itself in a MAG implied by this graph
  true DAG (all variables, latents included):
Graph Nodes:
(X1);X2;X3;X4;X5;X6

Graph Edges:
1. X1 --> X6
2. X2 --> X3
3. X2 --> X4
4. X3 --> X5
5. X4 --> X6
6. X5 --> X6


  true PAG G* (over observed):
Graph Nodes:
X2;X3;X4;X5;X6

Graph Edges:
1. X2 o-o X3
2. X2 o-o X4
3. X3 o-o X5
4. X4 --> X6
5. X5 --> X6


  H0 (G* + spurious, cold-reoriented):
Graph Nodes:
X2;X3;X4;X5;X6

Graph Edges:
1. X3 --> X2
2. X4 --> X2
3. X4 o-> X6
4. X5 --> X3
5. X5 o-> X6
6. X6 --> X2
7. X6 --> X3



==== NOSTALL DEADLOCK: gated genuine-legal H0, NO legal single-edge deletion ====
  dag mask        : 25733
  latent set      : [2]  (latent nodes: [X3])
  spurious edges  : [X1 o-o X6, X2 o-o X6]  (k=2)
  outcome of deleting each spurious edge from H0:
    X1 o-o X6 : illegal -- genuine/acyclic -- Acyclicity violated: There is a directed cyclic path from X1 to itself in a MAG implied by this graph
    X2 o-o X6 : illegal -- genuine/acyclic -- Acyclicity violated: There is a directed cyclic path from X1 to itself in a MAG implied by this graph
  true DAG (all variables, latents included):
Graph Nodes:
X1;X2;(X3);X4;X5;X6

Graph Edges:
1. X1 --> X2
2. X1 --> X4
3. X2 --> X5
4. X3 --> X5
5. X4 --> X6
6. X5 --> X6


  true PAG G* (over observed):
Graph Nodes:
X1;X2;X4;X5;X6

Graph Edges:
1. X1 o-o X2
2. X1 o-o X4
3. X2 o-o X5
4. X4 --> X6
5. X5 --> X6


  H0 (G* + spurious, cold-reoriented):
Graph Nodes:
X1;X2;X4;X5;X6

Graph Edges:
1. X2 --> X1
2. X4 --> X1
3. X4 o-> X6
4. X5 --> X2
5. X5 o-> X6
6. X6 --> X1
7. X6 --> X2



==== NOSTALL DEADLOCK: gated genuine-legal H0, NO legal single-edge deletion ====
  dag mask        : 25734
  latent set      : [1]  (latent nodes: [X2])
  spurious edges  : [X1 o-o X6, X3 o-o X6]  (k=2)
  outcome of deleting each spurious edge from H0:
    X1 o-o X6 : illegal -- genuine/acyclic -- Acyclicity violated: There is a directed cyclic path from X1 to itself in a MAG implied by this graph
    X3 o-o X6 : illegal -- genuine/acyclic -- Acyclicity violated: There is a directed cyclic path from X1 to itself in a MAG implied by this graph
  true DAG (all variables, latents included):
Graph Nodes:
X1;(X2);X3;X4;X5;X6

Graph Edges:
1. X1 --> X3
2. X1 --> X4
3. X2 --> X5
4. X3 --> X5
5. X4 --> X6
6. X5 --> X6


  true PAG G* (over observed):
Graph Nodes:
X1;X3;X4;X5;X6

Graph Edges:
1. X1 o-o X3
2. X1 o-o X4
3. X3 o-o X5
4. X4 --> X6
5. X5 --> X6


  H0 (G* + spurious, cold-reoriented):
Graph Nodes:
X1;X3;X4;X5;X6

Graph Edges:
1. X3 --> X1
2. X4 --> X1
3. X4 o-> X6
4. X5 --> X3
5. X5 o-> X6
6. X6 --> X1
7. X6 --> X3



==== NOSTALL DEADLOCK: gated genuine-legal H0, NO legal single-edge deletion ====
  dag mask        : 25765
  latent set      : [2]  (latent nodes: [X3])
  spurious edges  : [X1 o-o X6, X2 o-o X6]  (k=2)
  outcome of deleting each spurious edge from H0:
    X1 o-o X6 : illegal -- genuine/acyclic -- Acyclicity violated: There is a directed cyclic path from X1 to itself in a MAG implied by this graph
    X2 o-o X6 : illegal -- genuine/acyclic -- Acyclicity violated: There is a directed cyclic path from X1 to itself in a MAG implied by this graph
  true DAG (all variables, latents included):
Graph Nodes:
X1;X2;(X3);X4;X5;X6

Graph Edges:
1. X1 --> X2
2. X1 --> X4
3. X2 --> X3
4. X2 --> X5
5. X3 --> X5
6. X4 --> X6
7. X5 --> X6


  true PAG G* (over observed):
Graph Nodes:
X1;X2;X4;X5;X6

Graph Edges:
1. X1 o-o X2
2. X1 o-o X4
3. X2 o-o X5
4. X4 --> X6
5. X5 --> X6


  H0 (G* + spurious, cold-reoriented):
Graph Nodes:
X1;X2;X4;X5;X6

Graph Edges:
1. X2 --> X1
2. X4 --> X1
3. X4 o-> X6
4. X5 --> X2
5. X5 o-> X6
6. X6 --> X1
7. X6 --> X2



==== NOSTALL DEADLOCK: gated genuine-legal H0, NO legal single-edge deletion ====
  dag mask        : 25859
  latent set      : [3]  (latent nodes: [X4])
  spurious edges  : [X1 o-o X6, X3 o-o X6]  (k=2)
  outcome of deleting each spurious edge from H0:
    X1 o-o X6 : illegal -- genuine/acyclic -- Acyclicity violated: There is a directed cyclic path from X1 to itself in a MAG implied by this graph
    X3 o-o X6 : illegal -- genuine/acyclic -- Acyclicity violated: There is a directed cyclic path from X1 to itself in a MAG implied by this graph
  true DAG (all variables, latents included):
Graph Nodes:
X1;X2;X3;(X4);X5;X6

Graph Edges:
1. X1 --> X2
2. X1 --> X3
3. X2 --> X6
4. X3 --> X5
5. X4 --> X6
6. X5 --> X6


  true PAG G* (over observed):
Graph Nodes:
X1;X2;X3;X5;X6

Graph Edges:
1. X1 o-o X2
2. X1 o-o X3
3. X2 --> X6
4. X3 o-o X5
5. X5 --> X6


  H0 (G* + spurious, cold-reoriented):
Graph Nodes:
X1;X2;X3;X5;X6

Graph Edges:
1. X2 --> X1
2. X2 o-> X6
3. X3 --> X1
4. X5 --> X3
5. X5 o-> X6
6. X6 --> X1
7. X6 --> X3



==== NOSTALL DEADLOCK: gated genuine-legal H0, NO legal single-edge deletion ====
  dag mask        : 25862
  latent set      : [1]  (latent nodes: [X2])
  spurious edges  : [X1 o-o X6, X3 o-o X6]  (k=2)
  outcome of deleting each spurious edge from H0:
    X1 o-o X6 : illegal -- genuine/acyclic -- Acyclicity violated: There is a directed cyclic path from X1 to itself in a MAG implied by this graph
    X3 o-o X6 : illegal -- genuine/acyclic -- Acyclicity violated: There is a directed cyclic path from X1 to itself in a MAG implied by this graph
  true DAG (all variables, latents included):
Graph Nodes:
X1;(X2);X3;X4;X5;X6

Graph Edges:
1. X1 --> X3
2. X1 --> X4
3. X2 --> X6
4. X3 --> X5
5. X4 --> X6
6. X5 --> X6


  true PAG G* (over observed):
Graph Nodes:
X1;X3;X4;X5;X6

Graph Edges:
1. X1 o-o X3
2. X1 o-o X4
3. X3 o-o X5
4. X4 --> X6
5. X5 --> X6


  H0 (G* + spurious, cold-reoriented):
Graph Nodes:
X1;X3;X4;X5;X6

Graph Edges:
1. X3 --> X1
2. X4 --> X1
3. X4 o-> X6
4. X5 --> X3
5. X5 o-> X6
6. X6 --> X1
7. X6 --> X3



==== NOSTALL DEADLOCK: gated genuine-legal H0, NO legal single-edge deletion ====
  dag mask        : 25923
  latent set      : [3]  (latent nodes: [X4])
  spurious edges  : [X1 o-o X6, X3 o-o X6]  (k=2)
  outcome of deleting each spurious edge from H0:
    X1 o-o X6 : illegal -- genuine/acyclic -- Acyclicity violated: There is a directed cyclic path from X1 to itself in a MAG implied by this graph
    X3 o-o X6 : illegal -- genuine/acyclic -- Acyclicity violated: There is a directed cyclic path from X1 to itself in a MAG implied by this graph
  true DAG (all variables, latents included):
Graph Nodes:
X1;X2;X3;(X4);X5;X6

Graph Edges:
1. X1 --> X2
2. X1 --> X3
3. X2 --> X4
4. X2 --> X6
5. X3 --> X5
6. X4 --> X6
7. X5 --> X6


  true PAG G* (over observed):
Graph Nodes:
X1;X2;X3;X5;X6

Graph Edges:
1. X1 o-o X2
2. X1 o-o X3
3. X2 --> X6
4. X3 o-o X5
5. X5 --> X6


  H0 (G* + spurious, cold-reoriented):
Graph Nodes:
X1;X2;X3;X5;X6

Graph Edges:
1. X2 --> X1
2. X2 o-> X6
3. X3 --> X1
4. X5 --> X3
5. X5 o-> X6
6. X6 --> X1
7. X6 --> X3



==== NOSTALL DEADLOCK: gated genuine-legal H0, NO legal single-edge deletion ====
  dag mask        : 26661
  latent set      : [4]  (latent nodes: [X5])
  spurious edges  : [X1 o-o X6, X2 o-o X6]  (k=2)
  outcome of deleting each spurious edge from H0:
    X1 o-o X6 : illegal -- genuine/acyclic -- Acyclicity violated: There is a directed cyclic path from X1 to itself in a MAG implied by this graph
    X2 o-o X6 : illegal -- genuine/acyclic -- Acyclicity violated: There is a directed cyclic path from X1 to itself in a MAG implied by this graph
  true DAG (all variables, latents included):
Graph Nodes:
X1;X2;X3;X4;(X5);X6

Graph Edges:
1. X1 --> X2
2. X1 --> X4
3. X2 --> X3
4. X3 --> X6
5. X4 --> X6
6. X5 --> X6


  true PAG G* (over observed):
Graph Nodes:
X1;X2;X3;X4;X6

Graph Edges:
1. X1 o-o X2
2. X1 o-o X4
3. X2 o-o X3
4. X3 --> X6
5. X4 --> X6


  H0 (G* + spurious, cold-reoriented):
Graph Nodes:
X1;X2;X3;X4;X6

Graph Edges:
1. X1 --> X2
2. X3 --> X2
3. X3 o-> X6
4. X4 --> X1
5. X4 o-> X6
6. X6 --> X1
7. X6 --> X2



==== NOSTALL DEADLOCK: gated genuine-legal H0, NO legal single-edge deletion ====
  dag mask        : 26665
  latent set      : [3]  (latent nodes: [X4])
  spurious edges  : [X1 o-o X6, X2 o-o X6]  (k=2)
  outcome of deleting each spurious edge from H0:
    X1 o-o X6 : illegal -- genuine/acyclic -- Acyclicity violated: There is a directed cyclic path from X1 to itself in a MAG implied by this graph
    X2 o-o X6 : illegal -- genuine/acyclic -- Acyclicity violated: There is a directed cyclic path from X1 to itself in a MAG implied by this graph
  true DAG (all variables, latents included):
Graph Nodes:
X1;X2;X3;(X4);X5;X6

Graph Edges:
1. X1 --> X2
2. X1 --> X5
3. X2 --> X3
4. X3 --> X6
5. X4 --> X6
6. X5 --> X6


  true PAG G* (over observed):
Graph Nodes:
X1;X2;X3;X5;X6

Graph Edges:
1. X1 o-o X2
2. X1 o-o X5
3. X2 o-o X3
4. X3 --> X6
5. X5 --> X6


  H0 (G* + spurious, cold-reoriented):
Graph Nodes:
X1;X2;X3;X5;X6

Graph Edges:
1. X1 --> X2
2. X3 --> X2
3. X3 o-> X6
4. X5 --> X1
5. X5 o-> X6
6. X6 --> X1
7. X6 --> X2



==== NOSTALL DEADLOCK: gated genuine-legal H0, NO legal single-edge deletion ====
  dag mask        : 26691
  latent set      : [4]  (latent nodes: [X5])
  spurious edges  : [X1 o-o X6, X2 o-o X6]  (k=2)
  outcome of deleting each spurious edge from H0:
    X1 o-o X6 : illegal -- genuine/acyclic -- Acyclicity violated: There is a directed cyclic path from X1 to itself in a MAG implied by this graph
    X2 o-o X6 : illegal -- genuine/acyclic -- Acyclicity violated: There is a directed cyclic path from X1 to itself in a MAG implied by this graph
  true DAG (all variables, latents included):
Graph Nodes:
X1;X2;X3;X4;(X5);X6

Graph Edges:
1. X1 --> X2
2. X1 --> X3
3. X2 --> X4
4. X3 --> X6
5. X4 --> X6
6. X5 --> X6


  true PAG G* (over observed):
Graph Nodes:
X1;X2;X3;X4;X6

Graph Edges:
1. X1 o-o X2
2. X1 o-o X3
3. X2 o-o X4
4. X3 --> X6
5. X4 --> X6


  H0 (G* + spurious, cold-reoriented):
Graph Nodes:
X1;X2;X3;X4;X6

Graph Edges:
1. X2 --> X1
2. X3 --> X1
3. X3 o-> X6
4. X4 --> X2
5. X4 o-> X6
6. X6 --> X1
7. X6 --> X2



==== NOSTALL DEADLOCK: gated genuine-legal H0, NO legal single-edge deletion ====
  dag mask        : 26697
  latent set      : [2]  (latent nodes: [X3])
  spurious edges  : [X1 o-o X6, X2 o-o X6]  (k=2)
  outcome of deleting each spurious edge from H0:
    X1 o-o X6 : illegal -- genuine/acyclic -- Acyclicity violated: There is a directed cyclic path from X1 to itself in a MAG implied by this graph
    X2 o-o X6 : illegal -- genuine/acyclic -- Acyclicity violated: There is a directed cyclic path from X1 to itself in a MAG implied by this graph
  true DAG (all variables, latents included):
Graph Nodes:
X1;X2;(X3);X4;X5;X6

Graph Edges:
1. X1 --> X2
2. X1 --> X5
3. X2 --> X4
4. X3 --> X6
5. X4 --> X6
6. X5 --> X6


  true PAG G* (over observed):
Graph Nodes:
X1;X2;X4;X5;X6

Graph Edges:
1. X1 o-o X2
2. X1 o-o X5
3. X2 o-o X4
4. X4 --> X6
5. X5 --> X6


  H0 (G* + spurious, cold-reoriented):
Graph Nodes:
X1;X2;X4;X5;X6

Graph Edges:
1. X1 --> X2
2. X4 --> X2
3. X4 o-> X6
4. X5 --> X1
5. X5 o-> X6
6. X6 --> X1
7. X6 --> X2



==== NOSTALL DEADLOCK: gated genuine-legal H0, NO legal single-edge deletion ====
  dag mask        : 26755
  latent set      : [3]  (latent nodes: [X4])
  spurious edges  : [X1 o-o X6, X2 o-o X6]  (k=2)
  outcome of deleting each spurious edge from H0:
    X1 o-o X6 : illegal -- genuine/acyclic -- Acyclicity violated: There is a directed cyclic path from X1 to itself in a MAG implied by this graph
    X2 o-o X6 : illegal -- genuine/acyclic -- Acyclicity violated: There is a directed cyclic path from X1 to itself in a MAG implied by this graph
  true DAG (all variables, latents included):
Graph Nodes:
X1;X2;X3;(X4);X5;X6

Graph Edges:
1. X1 --> X2
2. X1 --> X3
3. X2 --> X5
4. X3 --> X6
5. X4 --> X6
6. X5 --> X6


  true PAG G* (over observed):
Graph Nodes:
X1;X2;X3;X5;X6

Graph Edges:
1. X1 o-o X2
2. X1 o-o X3
3. X2 o-o X5
4. X3 --> X6
5. X5 --> X6


  H0 (G* + spurious, cold-reoriented):
Graph Nodes:
X1;X2;X3;X5;X6

Graph Edges:
1. X2 --> X1
2. X3 --> X1
3. X3 o-> X6
4. X5 --> X2
5. X5 o-> X6
6. X6 --> X1
7. X6 --> X2



==== NOSTALL DEADLOCK: gated genuine-legal H0, NO legal single-edge deletion ====
  dag mask        : 26757
  latent set      : [2]  (latent nodes: [X3])
  spurious edges  : [X1 o-o X6, X2 o-o X6]  (k=2)
  outcome of deleting each spurious edge from H0:
    X1 o-o X6 : illegal -- genuine/acyclic -- Acyclicity violated: There is a directed cyclic path from X1 to itself in a MAG implied by this graph
    X2 o-o X6 : illegal -- genuine/acyclic -- Acyclicity violated: There is a directed cyclic path from X1 to itself in a MAG implied by this graph
  true DAG (all variables, latents included):
Graph Nodes:
X1;X2;(X3);X4;X5;X6

Graph Edges:
1. X1 --> X2
2. X1 --> X4
3. X2 --> X5
4. X3 --> X6
5. X4 --> X6
6. X5 --> X6


  true PAG G* (over observed):
Graph Nodes:
X1;X2;X4;X5;X6

Graph Edges:
1. X1 o-o X2
2. X1 o-o X4
3. X2 o-o X5
4. X4 --> X6
5. X5 --> X6


  H0 (G* + spurious, cold-reoriented):
Graph Nodes:
X1;X2;X4;X5;X6

Graph Edges:
1. X2 --> X1
2. X4 --> X1
3. X4 o-> X6
4. X5 --> X2
5. X5 o-> X6
6. X6 --> X1
7. X6 --> X2



==== NOSTALL DEADLOCK: gated genuine-legal H0, NO legal single-edge deletion ====
  dag mask        : 27177
  latent set      : [3]  (latent nodes: [X4])
  spurious edges  : [X1 o-o X6, X2 o-o X6]  (k=2)
  outcome of deleting each spurious edge from H0:
    X1 o-o X6 : illegal -- genuine/acyclic -- Acyclicity violated: There is a directed cyclic path from X1 to itself in a MAG implied by this graph
    X2 o-o X6 : illegal -- genuine/acyclic -- Acyclicity violated: There is a directed cyclic path from X1 to itself in a MAG implied by this graph
  true DAG (all variables, latents included):
Graph Nodes:
X1;X2;X3;(X4);X5;X6

Graph Edges:
1. X1 --> X2
2. X1 --> X5
3. X2 --> X3
4. X3 --> X4
5. X3 --> X6
6. X4 --> X6
7. X5 --> X6


  true PAG G* (over observed):
Graph Nodes:
X1;X2;X3;X5;X6

Graph Edges:
1. X1 o-o X2
2. X1 o-o X5
3. X2 o-o X3
4. X3 --> X6
5. X5 --> X6


  H0 (G* + spurious, cold-reoriented):
Graph Nodes:
X1;X2;X3;X5;X6

Graph Edges:
1. X1 --> X2
2. X3 --> X2
3. X3 o-> X6
4. X5 --> X1
5. X5 o-> X6
6. X6 --> X1
7. X6 --> X2



==== NOSTALL DEADLOCK: gated genuine-legal H0, NO legal single-edge deletion ====
  dag mask        : 27267
  latent set      : [3]  (latent nodes: [X4])
  spurious edges  : [X1 o-o X6, X2 o-o X6]  (k=2)
  outcome of deleting each spurious edge from H0:
    X1 o-o X6 : illegal -- genuine/acyclic -- Acyclicity violated: There is a directed cyclic path from X1 to itself in a MAG implied by this graph
    X2 o-o X6 : illegal -- genuine/acyclic -- Acyclicity violated: There is a directed cyclic path from X1 to itself in a MAG implied by this graph
  true DAG (all variables, latents included):
Graph Nodes:
X1;X2;X3;(X4);X5;X6

Graph Edges:
1. X1 --> X2
2. X1 --> X3
3. X2 --> X5
4. X3 --> X4
5. X3 --> X6
6. X4 --> X6
7. X5 --> X6


  true PAG G* (over observed):
Graph Nodes:
X1;X2;X3;X5;X6

Graph Edges:
1. X1 o-o X2
2. X1 o-o X3
3. X2 o-o X5
4. X3 --> X6
5. X5 --> X6


  H0 (G* + spurious, cold-reoriented):
Graph Nodes:
X1;X2;X3;X5;X6

Graph Edges:
1. X2 --> X1
2. X3 --> X1
3. X3 o-> X6
4. X5 --> X2
5. X5 o-> X6
6. X6 --> X1
7. X6 --> X2



==== NOSTALL DEADLOCK: gated genuine-legal H0, NO legal single-edge deletion ====
  dag mask        : 27685
  latent set      : [4]  (latent nodes: [X5])
  spurious edges  : [X1 o-o X6, X2 o-o X6]  (k=2)
  outcome of deleting each spurious edge from H0:
    X1 o-o X6 : illegal -- genuine/acyclic -- Acyclicity violated: There is a directed cyclic path from X1 to itself in a MAG implied by this graph
    X2 o-o X6 : illegal -- genuine/acyclic -- Acyclicity violated: There is a directed cyclic path from X1 to itself in a MAG implied by this graph
  true DAG (all variables, latents included):
Graph Nodes:
X1;X2;X3;X4;(X5);X6

Graph Edges:
1. X1 --> X2
2. X1 --> X4
3. X2 --> X3
4. X3 --> X5
5. X3 --> X6
6. X4 --> X6
7. X5 --> X6


  true PAG G* (over observed):
Graph Nodes:
X1;X2;X3;X4;X6

Graph Edges:
1. X1 o-o X2
2. X1 o-o X4
3. X2 o-o X3
4. X3 --> X6
5. X4 --> X6


  H0 (G* + spurious, cold-reoriented):
Graph Nodes:
X1;X2;X3;X4;X6

Graph Edges:
1. X1 --> X2
2. X3 --> X2
3. X3 o-> X6
4. X4 --> X1
5. X4 o-> X6
6. X6 --> X1
7. X6 --> X2



==== NOSTALL DEADLOCK: gated genuine-legal H0, NO legal single-edge deletion ====
  dag mask        : 27715
  latent set      : [4]  (latent nodes: [X5])
  spurious edges  : [X1 o-o X6, X2 o-o X6]  (k=2)
  outcome of deleting each spurious edge from H0:
    X1 o-o X6 : illegal -- genuine/acyclic -- Acyclicity violated: There is a directed cyclic path from X1 to itself in a MAG implied by this graph
    X2 o-o X6 : illegal -- genuine/acyclic -- Acyclicity violated: There is a directed cyclic path from X1 to itself in a MAG implied by this graph
  true DAG (all variables, latents included):
Graph Nodes:
X1;X2;X3;X4;(X5);X6

Graph Edges:
1. X1 --> X2
2. X1 --> X3
3. X2 --> X4
4. X3 --> X5
5. X3 --> X6
6. X4 --> X6
7. X5 --> X6


  true PAG G* (over observed):
Graph Nodes:
X1;X2;X3;X4;X6

Graph Edges:
1. X1 o-o X2
2. X1 o-o X3
3. X2 o-o X4
4. X3 --> X6
5. X4 --> X6


  H0 (G* + spurious, cold-reoriented):
Graph Nodes:
X1;X2;X3;X4;X6

Graph Edges:
1. X2 --> X1
2. X3 --> X1
3. X3 o-> X6
4. X4 --> X2
5. X4 o-> X6
6. X6 --> X1
7. X6 --> X2



==== NOSTALL DEADLOCK: gated genuine-legal H0, NO legal single-edge deletion ====
  dag mask        : 29218
  latent set      : [4]  (latent nodes: [X5])
  spurious edges  : [X1 o-o X6, X2 o-o X6]  (k=2)
  outcome of deleting each spurious edge from H0:
    X1 o-o X6 : illegal -- genuine/acyclic -- Acyclicity violated: There is a directed cyclic path from X2 to itself in a MAG implied by this graph
    X2 o-o X6 : illegal -- genuine/acyclic -- Acyclicity violated: There is a directed cyclic path from X1 to itself in a MAG implied by this graph
  true DAG (all variables, latents included):
Graph Nodes:
X1;X2;X3;X4;(X5);X6

Graph Edges:
1. X1 --> X3
2. X2 --> X3
3. X3 --> X4
4. X4 --> X5
5. X4 --> X6
6. X5 --> X6


  true PAG G* (over observed):
Graph Nodes:
X1;X2;X3;X4;X6

Graph Edges:
1. X1 o-> X3
2. X2 o-> X3
3. X3 --> X4
4. X4 --> X6


  H0 (G* + spurious, cold-reoriented):
Graph Nodes:
X1;X2;X3;X4;X6

Graph Edges:
1. X1 o-> X3
2. X1 --> X6
3. X2 o-> X3
4. X2 --> X6
5. X3 --> X4
6. X4 --> X6



==== NOSTALL DEADLOCK: gated genuine-legal H0, NO legal single-edge deletion ====
  dag mask        : 29218
  latent set      : [5]  (latent nodes: [X6])
  spurious edges  : [X1 o-o X5, X2 o-o X5]  (k=2)
  outcome of deleting each spurious edge from H0:
    X1 o-o X5 : illegal -- genuine/acyclic -- Acyclicity violated: There is a directed cyclic path from X2 to itself in a MAG implied by this graph
    X2 o-o X5 : illegal -- genuine/acyclic -- Acyclicity violated: There is a directed cyclic path from X1 to itself in a MAG implied by this graph
  true DAG (all variables, latents included):
Graph Nodes:
X1;X2;X3;X4;X5;(X6)

Graph Edges:
1. X1 --> X3
2. X2 --> X3
3. X3 --> X4
4. X4 --> X5
5. X4 --> X6
6. X5 --> X6


  true PAG G* (over observed):
Graph Nodes:
X1;X2;X3;X4;X5

Graph Edges:
1. X1 o-> X3
2. X2 o-> X3
3. X3 --> X4
4. X4 --> X5


  H0 (G* + spurious, cold-reoriented):
Graph Nodes:
X1;X2;X3;X4;X5

Graph Edges:
1. X1 o-> X3
2. X1 --> X5
3. X2 o-> X3
4. X2 --> X5
5. X3 --> X4
6. X4 --> X5



==== NOSTALL DEADLOCK: gated genuine-legal H0, NO legal single-edge deletion ====
  dag mask        : 29225
  latent set      : [4]  (latent nodes: [X5])
  spurious edges  : [X2 o-o X6, X3 o-o X6]  (k=2)
  outcome of deleting each spurious edge from H0:
    X2 o-o X6 : illegal -- genuine/acyclic -- Acyclicity violated: There is a directed cyclic path from X1 to itself in a MAG implied by this graph
    X3 o-o X6 : illegal -- genuine/acyclic -- Acyclicity violated: There is a directed cyclic path from X2 to itself in a MAG implied by this graph
  true DAG (all variables, latents included):
Graph Nodes:
X1;X2;X3;X4;(X5);X6

Graph Edges:
1. X1 --> X2
2. X1 --> X5
3. X2 --> X3
4. X3 --> X4
5. X4 --> X5
6. X4 --> X6
7. X5 --> X6


  true PAG G* (over observed):
Graph Nodes:
X1;X2;X3;X4;X6

Graph Edges:
1. X1 o-o X2
2. X1 --> X6
3. X2 o-o X3
4. X3 o-o X4
5. X4 --> X6


  H0 (G* + spurious, cold-reoriented):
Graph Nodes:
X1;X2;X3;X4;X6

Graph Edges:
1. X1 --> X2
2. X1 o-> X6
3. X3 --> X2
4. X4 --> X3
5. X4 o-> X6
6. X6 --> X2
7. X6 --> X3



==== NOSTALL DEADLOCK: gated genuine-legal H0, NO legal single-edge deletion ====
  dag mask        : 29225
  latent set      : [5]  (latent nodes: [X6])
  spurious edges  : [X2 o-o X5, X3 o-o X5]  (k=2)
  outcome of deleting each spurious edge from H0:
    X2 o-o X5 : illegal -- genuine/acyclic -- Acyclicity violated: There is a directed cyclic path from X1 to itself in a MAG implied by this graph
    X3 o-o X5 : illegal -- genuine/acyclic -- Acyclicity violated: There is a directed cyclic path from X2 to itself in a MAG implied by this graph
  true DAG (all variables, latents included):
Graph Nodes:
X1;X2;X3;X4;X5;(X6)

Graph Edges:
1. X1 --> X2
2. X1 --> X5
3. X2 --> X3
4. X3 --> X4
5. X4 --> X5
6. X4 --> X6
7. X5 --> X6


  true PAG G* (over observed):
Graph Nodes:
X1;X2;X3;X4;X5

Graph Edges:
1. X1 o-o X2
2. X1 --> X5
3. X2 o-o X3
4. X3 o-o X4
5. X4 --> X5


  H0 (G* + spurious, cold-reoriented):
Graph Nodes:
X1;X2;X3;X4;X5

Graph Edges:
1. X1 --> X2
2. X1 o-> X5
3. X3 --> X2
4. X4 --> X3
5. X4 o-> X5
6. X5 --> X2
7. X5 --> X3



==== NOSTALL DEADLOCK: gated genuine-legal H0, NO legal single-edge deletion ====
  dag mask        : 29233
  latent set      : [4]  (latent nodes: [X5])
  spurious edges  : [X2 o-o X6, X3 o-o X6]  (k=2)
  outcome of deleting each spurious edge from H0:
    X2 o-o X6 : illegal -- genuine/acyclic -- Acyclicity violated: There is a directed cyclic path from X1 to itself in a MAG implied by this graph
    X3 o-o X6 : illegal -- genuine/acyclic -- Acyclicity violated: There is a directed cyclic path from X2 to itself in a MAG implied by this graph
  true DAG (all variables, latents included):
Graph Nodes:
X1;X2;X3;X4;(X5);X6

Graph Edges:
1. X1 --> X2
2. X1 --> X6
3. X2 --> X3
4. X3 --> X4
5. X4 --> X5
6. X4 --> X6
7. X5 --> X6


  true PAG G* (over observed):
Graph Nodes:
X1;X2;X3;X4;X6

Graph Edges:
1. X1 o-o X2
2. X1 --> X6
3. X2 o-o X3
4. X3 o-o X4
5. X4 --> X6


  H0 (G* + spurious, cold-reoriented):
Graph Nodes:
X1;X2;X3;X4;X6

Graph Edges:
1. X1 --> X2
2. X1 o-> X6
3. X3 --> X2
4. X4 --> X3
5. X4 o-> X6
6. X6 --> X2
7. X6 --> X3



==== NOSTALL DEADLOCK: gated genuine-legal H0, NO legal single-edge deletion ====
  dag mask        : 29234
  latent set      : [5]  (latent nodes: [X6])
  spurious edges  : [X1 o-o X5, X2 o-o X5]  (k=2)
  outcome of deleting each spurious edge from H0:
    X1 o-o X5 : illegal -- genuine/acyclic -- Acyclicity violated: There is a directed cyclic path from X2 to itself in a MAG implied by this graph
    X2 o-o X5 : illegal -- genuine/acyclic -- Acyclicity violated: There is a directed cyclic path from X1 to itself in a MAG implied by this graph
  true DAG (all variables, latents included):
Graph Nodes:
X1;X2;X3;X4;X5;(X6)

Graph Edges:
1. X1 --> X3
2. X1 --> X6
3. X2 --> X3
4. X3 --> X4
5. X4 --> X5
6. X4 --> X6
7. X5 --> X6


  true PAG G* (over observed):
Graph Nodes:
X1;X2;X3;X4;X5

Graph Edges:
1. X1 o-> X3
2. X2 o-> X3
3. X3 --> X4
4. X4 --> X5


  H0 (G* + spurious, cold-reoriented):
Graph Nodes:
X1;X2;X3;X4;X5

Graph Edges:
1. X1 o-> X3
2. X1 --> X5
3. X2 o-> X3
4. X2 --> X5
5. X3 --> X4
6. X4 --> X5



==== NOSTALL DEADLOCK: gated genuine-legal H0, NO legal single-edge deletion ====
  dag mask        : 29241
  latent set      : [4]  (latent nodes: [X5])
  spurious edges  : [X2 o-o X6, X3 o-o X6]  (k=2)
  outcome of deleting each spurious edge from H0:
    X2 o-o X6 : illegal -- genuine/acyclic -- Acyclicity violated: There is a directed cyclic path from X1 to itself in a MAG implied by this graph
    X3 o-o X6 : illegal -- genuine/acyclic -- Acyclicity violated: There is a directed cyclic path from X2 to itself in a MAG implied by this graph
  true DAG (all variables, latents included):
Graph Nodes:
X1;X2;X3;X4;(X5);X6

Graph Edges:
1. X1 --> X2
2. X1 --> X5
3. X1 --> X6
4. X2 --> X3
5. X3 --> X4
6. X4 --> X5
7. X4 --> X6
8. X5 --> X6


  true PAG G* (over observed):
Graph Nodes:
X1;X2;X3;X4;X6

Graph Edges:
1. X1 o-o X2
2. X1 --> X6
3. X2 o-o X3
4. X3 o-o X4
5. X4 --> X6


  H0 (G* + spurious, cold-reoriented):
Graph Nodes:
X1;X2;X3;X4;X6

Graph Edges:
1. X1 --> X2
2. X1 o-> X6
3. X3 --> X2
4. X4 --> X3
5. X4 o-> X6
6. X6 --> X2
7. X6 --> X3



==== NOSTALL DEADLOCK: gated genuine-legal H0, NO legal single-edge deletion ====
  dag mask        : 29241
  latent set      : [5]  (latent nodes: [X6])
  spurious edges  : [X2 o-o X5, X3 o-o X5]  (k=2)
  outcome of deleting each spurious edge from H0:
    X2 o-o X5 : illegal -- genuine/acyclic -- Acyclicity violated: There is a directed cyclic path from X1 to itself in a MAG implied by this graph
    X3 o-o X5 : illegal -- genuine/acyclic -- Acyclicity violated: There is a directed cyclic path from X2 to itself in a MAG implied by this graph
  true DAG (all variables, latents included):
Graph Nodes:
X1;X2;X3;X4;X5;(X6)

Graph Edges:
1. X1 --> X2
2. X1 --> X5
3. X1 --> X6
4. X2 --> X3
5. X3 --> X4
6. X4 --> X5
7. X4 --> X6
8. X5 --> X6


  true PAG G* (over observed):
Graph Nodes:
X1;X2;X3;X4;X5

Graph Edges:
1. X1 o-o X2
2. X1 --> X5
3. X2 o-o X3
4. X3 o-o X4
5. X4 --> X5


  H0 (G* + spurious, cold-reoriented):
Graph Nodes:
X1;X2;X3;X4;X5

Graph Edges:
1. X1 --> X2
2. X1 o-> X5
3. X3 --> X2
4. X4 --> X3
5. X4 o-> X5
6. X5 --> X2
7. X5 --> X3



==== NOSTALL DEADLOCK: gated genuine-legal H0, NO legal single-edge deletion ====
  dag mask        : 29315
  latent set      : [4]  (latent nodes: [X5])
  spurious edges  : [X1 o-o X6, X3 o-o X6]  (k=2)
  outcome of deleting each spurious edge from H0:
    X1 o-o X6 : illegal -- genuine/acyclic -- Acyclicity violated: There is a directed cyclic path from X1 to itself in a MAG implied by this graph
    X3 o-o X6 : illegal -- genuine/acyclic -- Acyclicity violated: There is a directed cyclic path from X1 to itself in a MAG implied by this graph
  true DAG (all variables, latents included):
Graph Nodes:
X1;X2;X3;X4;(X5);X6

Graph Edges:
1. X1 --> X2
2. X1 --> X3
3. X2 --> X5
4. X3 --> X4
5. X4 --> X5
6. X4 --> X6
7. X5 --> X6


  true PAG G* (over observed):
Graph Nodes:
X1;X2;X3;X4;X6

Graph Edges:
1. X1 o-o X2
2. X1 o-o X3
3. X2 --> X6
4. X3 o-o X4
5. X4 --> X6


  H0 (G* + spurious, cold-reoriented):
Graph Nodes:
X1;X2;X3;X4;X6

Graph Edges:
1. X2 --> X1
2. X2 o-> X6
3. X3 --> X1
4. X4 --> X3
5. X4 o-> X6
6. X6 --> X1
7. X6 --> X3



==== NOSTALL DEADLOCK: gated genuine-legal H0, NO legal single-edge deletion ====
  dag mask        : 29315
  latent set      : [5]  (latent nodes: [X6])
  spurious edges  : [X1 o-o X5, X3 o-o X5]  (k=2)
  outcome of deleting each spurious edge from H0:
    X1 o-o X5 : illegal -- genuine/acyclic -- Acyclicity violated: There is a directed cyclic path from X1 to itself in a MAG implied by this graph
    X3 o-o X5 : illegal -- genuine/acyclic -- Acyclicity violated: There is a directed cyclic path from X1 to itself in a MAG implied by this graph
  true DAG (all variables, latents included):
Graph Nodes:
X1;X2;X3;X4;X5;(X6)

Graph Edges:
1. X1 --> X2
2. X1 --> X3
3. X2 --> X5
4. X3 --> X4
5. X4 --> X5
6. X4 --> X6
7. X5 --> X6


  true PAG G* (over observed):
Graph Nodes:
X1;X2;X3;X4;X5

Graph Edges:
1. X1 o-o X2
2. X1 o-o X3
3. X2 --> X5
4. X3 o-o X4
5. X4 --> X5


  H0 (G* + spurious, cold-reoriented):
Graph Nodes:
X1;X2;X3;X4;X5

Graph Edges:
1. X2 --> X1
2. X2 o-> X5
3. X3 --> X1
4. X4 --> X3
5. X4 o-> X5
6. X5 --> X1
7. X5 --> X3



==== NOSTALL DEADLOCK: gated genuine-legal H0, NO legal single-edge deletion ====
  dag mask        : 29331
  latent set      : [5]  (latent nodes: [X6])
  spurious edges  : [X1 o-o X5, X3 o-o X5]  (k=2)
  outcome of deleting each spurious edge from H0:
    X1 o-o X5 : illegal -- genuine/acyclic -- Acyclicity violated: There is a directed cyclic path from X1 to itself in a MAG implied by this graph
    X3 o-o X5 : illegal -- genuine/acyclic -- Acyclicity violated: There is a directed cyclic path from X1 to itself in a MAG implied by this graph
  true DAG (all variables, latents included):
Graph Nodes:
X1;X2;X3;X4;X5;(X6)

Graph Edges:
1. X1 --> X2
2. X1 --> X3
3. X1 --> X6
4. X2 --> X5
5. X3 --> X4
6. X4 --> X5
7. X4 --> X6
8. X5 --> X6


  true PAG G* (over observed):
Graph Nodes:
X1;X2;X3;X4;X5

Graph Edges:
1. X1 o-o X2
2. X1 o-o X3
3. X2 --> X5
4. X3 o-o X4
5. X4 --> X5


  H0 (G* + spurious, cold-reoriented):
Graph Nodes:
X1;X2;X3;X4;X5

Graph Edges:
1. X2 --> X1
2. X2 o-> X5
3. X3 --> X1
4. X4 --> X3
5. X4 o-> X5
6. X5 --> X1
7. X5 --> X3



==== NOSTALL DEADLOCK: gated genuine-legal H0, NO legal single-edge deletion ====
  dag mask        : 29443
  latent set      : [4]  (latent nodes: [X5])
  spurious edges  : [X1 o-o X6, X3 o-o X6]  (k=2)
  outcome of deleting each spurious edge from H0:
    X1 o-o X6 : illegal -- genuine/acyclic -- Acyclicity violated: There is a directed cyclic path from X1 to itself in a MAG implied by this graph
    X3 o-o X6 : illegal -- genuine/acyclic -- Acyclicity violated: There is a directed cyclic path from X1 to itself in a MAG implied by this graph
  true DAG (all variables, latents included):
Graph Nodes:
X1;X2;X3;X4;(X5);X6

Graph Edges:
1. X1 --> X2
2. X1 --> X3
3. X2 --> X6
4. X3 --> X4
5. X4 --> X5
6. X4 --> X6
7. X5 --> X6


  true PAG G* (over observed):
Graph Nodes:
X1;X2;X3;X4;X6

Graph Edges:
1. X1 o-o X2
2. X1 o-o X3
3. X2 --> X6
4. X3 o-o X4
5. X4 --> X6


  H0 (G* + spurious, cold-reoriented):
Graph Nodes:
X1;X2;X3;X4;X6

Graph Edges:
1. X2 --> X1
2. X2 o-> X6
3. X3 --> X1
4. X4 --> X3
5. X4 o-> X6
6. X6 --> X1
7. X6 --> X3



==== NOSTALL DEADLOCK: gated genuine-legal H0, NO legal single-edge deletion ====
  dag mask        : 29474
  latent set      : [5]  (latent nodes: [X6])
  spurious edges  : [X1 o-o X5, X2 o-o X5]  (k=2)
  outcome of deleting each spurious edge from H0:
    X1 o-o X5 : illegal -- genuine/acyclic -- Acyclicity violated: There is a directed cyclic path from X2 to itself in a MAG implied by this graph
    X2 o-o X5 : illegal -- genuine/acyclic -- Acyclicity violated: There is a directed cyclic path from X1 to itself in a MAG implied by this graph
  true DAG (all variables, latents included):
Graph Nodes:
X1;X2;X3;X4;X5;(X6)

Graph Edges:
1. X1 --> X3
2. X2 --> X3
3. X2 --> X6
4. X3 --> X4
5. X4 --> X5
6. X4 --> X6
7. X5 --> X6


  true PAG G* (over observed):
Graph Nodes:
X1;X2;X3;X4;X5

Graph Edges:
1. X1 o-> X3
2. X2 o-> X3
3. X3 --> X4
4. X4 --> X5


  H0 (G* + spurious, cold-reoriented):
Graph Nodes:
X1;X2;X3;X4;X5

Graph Edges:
1. X1 o-> X3
2. X1 --> X5
3. X2 o-> X3
4. X2 --> X5
5. X3 --> X4
6. X4 --> X5



==== NOSTALL DEADLOCK: gated genuine-legal H0, NO legal single-edge deletion ====
  dag mask        : 29481
  latent set      : [5]  (latent nodes: [X6])
  spurious edges  : [X2 o-o X5, X3 o-o X5]  (k=2)
  outcome of deleting each spurious edge from H0:
    X2 o-o X5 : illegal -- genuine/acyclic -- Acyclicity violated: There is a directed cyclic path from X1 to itself in a MAG implied by this graph
    X3 o-o X5 : illegal -- genuine/acyclic -- Acyclicity violated: There is a directed cyclic path from X2 to itself in a MAG implied by this graph
  true DAG (all variables, latents included):
Graph Nodes:
X1;X2;X3;X4;X5;(X6)

Graph Edges:
1. X1 --> X2
2. X1 --> X5
3. X2 --> X3
4. X2 --> X6
5. X3 --> X4
6. X4 --> X5
7. X4 --> X6
8. X5 --> X6


  true PAG G* (over observed):
Graph Nodes:
X1;X2;X3;X4;X5

Graph Edges:
1. X1 o-o X2
2. X1 --> X5
3. X2 o-o X3
4. X3 o-o X4
5. X4 --> X5


  H0 (G* + spurious, cold-reoriented):
Graph Nodes:
X1;X2;X3;X4;X5

Graph Edges:
1. X1 --> X2
2. X1 o-> X5
3. X3 --> X2
4. X4 --> X3
5. X4 o-> X5
6. X5 --> X2
7. X5 --> X3



==== NOSTALL DEADLOCK: gated genuine-legal H0, NO legal single-edge deletion ====
  dag mask        : 29490
  latent set      : [5]  (latent nodes: [X6])
  spurious edges  : [X1 o-o X5, X2 o-o X5]  (k=2)
  outcome of deleting each spurious edge from H0:
    X1 o-o X5 : illegal -- genuine/acyclic -- Acyclicity violated: There is a directed cyclic path from X2 to itself in a MAG implied by this graph
    X2 o-o X5 : illegal -- genuine/acyclic -- Acyclicity violated: There is a directed cyclic path from X1 to itself in a MAG implied by this graph
  true DAG (all variables, latents included):
Graph Nodes:
X1;X2;X3;X4;X5;(X6)

Graph Edges:
1. X1 --> X3
2. X1 --> X6
3. X2 --> X3
4. X2 --> X6
5. X3 --> X4
6. X4 --> X5
7. X4 --> X6
8. X5 --> X6


  true PAG G* (over observed):
Graph Nodes:
X1;X2;X3;X4;X5

Graph Edges:
1. X1 o-> X3
2. X2 o-> X3
3. X3 --> X4
4. X4 --> X5


  H0 (G* + spurious, cold-reoriented):
Graph Nodes:
X1;X2;X3;X4;X5

Graph Edges:
1. X1 o-> X3
2. X1 --> X5
3. X2 o-> X3
4. X2 --> X5
5. X3 --> X4
6. X4 --> X5



==== NOSTALL DEADLOCK: gated genuine-legal H0, NO legal single-edge deletion ====
  dag mask        : 29497
  latent set      : [5]  (latent nodes: [X6])
  spurious edges  : [X2 o-o X5, X3 o-o X5]  (k=2)
  outcome of deleting each spurious edge from H0:
    X2 o-o X5 : illegal -- genuine/acyclic -- Acyclicity violated: There is a directed cyclic path from X1 to itself in a MAG implied by this graph
    X3 o-o X5 : illegal -- genuine/acyclic -- Acyclicity violated: There is a directed cyclic path from X2 to itself in a MAG implied by this graph
  true DAG (all variables, latents included):
Graph Nodes:
X1;X2;X3;X4;X5;(X6)

Graph Edges:
1. X1 --> X2
2. X1 --> X5
3. X1 --> X6
4. X2 --> X3
5. X2 --> X6
6. X3 --> X4
7. X4 --> X5
8. X4 --> X6
9. X5 --> X6


  true PAG G* (over observed):
Graph Nodes:
X1;X2;X3;X4;X5

Graph Edges:
1. X1 o-o X2
2. X1 --> X5
3. X2 o-o X3
4. X3 o-o X4
5. X4 --> X5


  H0 (G* + spurious, cold-reoriented):
Graph Nodes:
X1;X2;X3;X4;X5

Graph Edges:
1. X1 --> X2
2. X1 o-> X5
3. X3 --> X2
4. X4 --> X3
5. X4 o-> X5
6. X5 --> X2
7. X5 --> X3



==== NOSTALL DEADLOCK: gated genuine-legal H0, NO legal single-edge deletion ====
  dag mask        : 29571
  latent set      : [4]  (latent nodes: [X5])
  spurious edges  : [X1 o-o X6, X3 o-o X6]  (k=2)
  outcome of deleting each spurious edge from H0:
    X1 o-o X6 : illegal -- genuine/acyclic -- Acyclicity violated: There is a directed cyclic path from X1 to itself in a MAG implied by this graph
    X3 o-o X6 : illegal -- genuine/acyclic -- Acyclicity violated: There is a directed cyclic path from X1 to itself in a MAG implied by this graph
  true DAG (all variables, latents included):
Graph Nodes:
X1;X2;X3;X4;(X5);X6

Graph Edges:
1. X1 --> X2
2. X1 --> X3
3. X2 --> X5
4. X2 --> X6
5. X3 --> X4
6. X4 --> X5
7. X4 --> X6
8. X5 --> X6


  true PAG G* (over observed):
Graph Nodes:
X1;X2;X3;X4;X6

Graph Edges:
1. X1 o-o X2
2. X1 o-o X3
3. X2 --> X6
4. X3 o-o X4
5. X4 --> X6


  H0 (G* + spurious, cold-reoriented):
Graph Nodes:
X1;X2;X3;X4;X6

Graph Edges:
1. X2 --> X1
2. X2 o-> X6
3. X3 --> X1
4. X4 --> X3
5. X4 o-> X6
6. X6 --> X1
7. X6 --> X3



==== NOSTALL DEADLOCK: gated genuine-legal H0, NO legal single-edge deletion ====
  dag mask        : 29571
  latent set      : [5]  (latent nodes: [X6])
  spurious edges  : [X1 o-o X5, X3 o-o X5]  (k=2)
  outcome of deleting each spurious edge from H0:
    X1 o-o X5 : illegal -- genuine/acyclic -- Acyclicity violated: There is a directed cyclic path from X1 to itself in a MAG implied by this graph
    X3 o-o X5 : illegal -- genuine/acyclic -- Acyclicity violated: There is a directed cyclic path from X1 to itself in a MAG implied by this graph
  true DAG (all variables, latents included):
Graph Nodes:
X1;X2;X3;X4;X5;(X6)

Graph Edges:
1. X1 --> X2
2. X1 --> X3
3. X2 --> X5
4. X2 --> X6
5. X3 --> X4
6. X4 --> X5
7. X4 --> X6
8. X5 --> X6


  true PAG G* (over observed):
Graph Nodes:
X1;X2;X3;X4;X5

Graph Edges:
1. X1 o-o X2
2. X1 o-o X3
3. X2 --> X5
4. X3 o-o X4
5. X4 --> X5


  H0 (G* + spurious, cold-reoriented):
Graph Nodes:
X1;X2;X3;X4;X5

Graph Edges:
1. X2 --> X1
2. X2 o-> X5
3. X3 --> X1
4. X4 --> X3
5. X4 o-> X5
6. X5 --> X1
7. X5 --> X3



==== NOSTALL DEADLOCK: gated genuine-legal H0, NO legal single-edge deletion ====
  dag mask        : 29587
  latent set      : [5]  (latent nodes: [X6])
  spurious edges  : [X1 o-o X5, X3 o-o X5]  (k=2)
  outcome of deleting each spurious edge from H0:
    X1 o-o X5 : illegal -- genuine/acyclic -- Acyclicity violated: There is a directed cyclic path from X1 to itself in a MAG implied by this graph
    X3 o-o X5 : illegal -- genuine/acyclic -- Acyclicity violated: There is a directed cyclic path from X1 to itself in a MAG implied by this graph
  true DAG (all variables, latents included):
Graph Nodes:
X1;X2;X3;X4;X5;(X6)

Graph Edges:
1. X1 --> X2
2. X1 --> X3
3. X1 --> X6
4. X2 --> X5
5. X2 --> X6
6. X3 --> X4
7. X4 --> X5
8. X4 --> X6
9. X5 --> X6


  true PAG G* (over observed):
Graph Nodes:
X1;X2;X3;X4;X5

Graph Edges:
1. X1 o-o X2
2. X1 o-o X3
3. X2 --> X5
4. X3 o-o X4
5. X4 --> X5


  H0 (G* + spurious, cold-reoriented):
Graph Nodes:
X1;X2;X3;X4;X5

Graph Edges:
1. X2 --> X1
2. X2 o-> X5
3. X3 --> X1
4. X4 --> X3
5. X4 o-> X5
6. X5 --> X1
7. X5 --> X3



==== NOSTALL DEADLOCK: gated genuine-legal H0, NO legal single-edge deletion ====
  dag mask        : 29733
  latent set      : [4]  (latent nodes: [X5])
  spurious edges  : [X1 o-o X6, X2 o-o X6]  (k=2)
  outcome of deleting each spurious edge from H0:
    X1 o-o X6 : illegal -- genuine/acyclic -- Acyclicity violated: There is a directed cyclic path from X1 to itself in a MAG implied by this graph
    X2 o-o X6 : illegal -- genuine/acyclic -- Acyclicity violated: There is a directed cyclic path from X1 to itself in a MAG implied by this graph
  true DAG (all variables, latents included):
Graph Nodes:
X1;X2;X3;X4;(X5);X6

Graph Edges:
1. X1 --> X2
2. X1 --> X4
3. X2 --> X3
4. X3 --> X5
5. X4 --> X5
6. X4 --> X6
7. X5 --> X6


  true PAG G* (over observed):
Graph Nodes:
X1;X2;X3;X4;X6

Graph Edges:
1. X1 o-o X2
2. X1 o-o X4
3. X2 o-o X3
4. X3 --> X6
5. X4 --> X6


  H0 (G* + spurious, cold-reoriented):
Graph Nodes:
X1;X2;X3;X4;X6

Graph Edges:
1. X1 --> X2
2. X3 --> X2
3. X3 o-> X6
4. X4 --> X1
5. X4 o-> X6
6. X6 --> X1
7. X6 --> X2



==== NOSTALL DEADLOCK: gated genuine-legal H0, NO legal single-edge deletion ====
  dag mask        : 29733
  latent set      : [5]  (latent nodes: [X6])
  spurious edges  : [X1 o-o X5, X2 o-o X5]  (k=2)
  outcome of deleting each spurious edge from H0:
    X1 o-o X5 : illegal -- genuine/acyclic -- Acyclicity violated: There is a directed cyclic path from X1 to itself in a MAG implied by this graph
    X2 o-o X5 : illegal -- genuine/acyclic -- Acyclicity violated: There is a directed cyclic path from X1 to itself in a MAG implied by this graph
  true DAG (all variables, latents included):
Graph Nodes:
X1;X2;X3;X4;X5;(X6)

Graph Edges:
1. X1 --> X2
2. X1 --> X4
3. X2 --> X3
4. X3 --> X5
5. X4 --> X5
6. X4 --> X6
7. X5 --> X6


  true PAG G* (over observed):
Graph Nodes:
X1;X2;X3;X4;X5

Graph Edges:
1. X1 o-o X2
2. X1 o-o X4
3. X2 o-o X3
4. X3 --> X5
5. X4 --> X5


  H0 (G* + spurious, cold-reoriented):
Graph Nodes:
X1;X2;X3;X4;X5

Graph Edges:
1. X1 --> X2
2. X3 --> X2
3. X3 o-> X5
4. X4 --> X1
5. X4 o-> X5
6. X5 --> X1
7. X5 --> X2



==== NOSTALL DEADLOCK: gated genuine-legal H0, NO legal single-edge deletion ====
  dag mask        : 29749
  latent set      : [5]  (latent nodes: [X6])
  spurious edges  : [X1 o-o X5, X2 o-o X5]  (k=2)
  outcome of deleting each spurious edge from H0:
    X1 o-o X5 : illegal -- genuine/acyclic -- Acyclicity violated: There is a directed cyclic path from X1 to itself in a MAG implied by this graph
    X2 o-o X5 : illegal -- genuine/acyclic -- Acyclicity violated: There is a directed cyclic path from X1 to itself in a MAG implied by this graph
  true DAG (all variables, latents included):
Graph Nodes:
X1;X2;X3;X4;X5;(X6)

Graph Edges:
1. X1 --> X2
2. X1 --> X4
3. X1 --> X6
4. X2 --> X3
5. X3 --> X5
6. X4 --> X5
7. X4 --> X6
8. X5 --> X6


  true PAG G* (over observed):
Graph Nodes:
X1;X2;X3;X4;X5

Graph Edges:
1. X1 o-o X2
2. X1 o-o X4
3. X2 o-o X3
4. X3 --> X5
5. X4 --> X5


  H0 (G* + spurious, cold-reoriented):
Graph Nodes:
X1;X2;X3;X4;X5

Graph Edges:
1. X1 --> X2
2. X3 --> X2
3. X3 o-> X5
4. X4 --> X1
5. X4 o-> X5
6. X5 --> X1
7. X5 --> X2



==== NOSTALL DEADLOCK: gated genuine-legal H0, NO legal single-edge deletion ====
  dag mask        : 29763
  latent set      : [4]  (latent nodes: [X5])
  spurious edges  : [X1 o-o X6, X2 o-o X6]  (k=2)
  outcome of deleting each spurious edge from H0:
    X1 o-o X6 : illegal -- genuine/acyclic -- Acyclicity violated: There is a directed cyclic path from X1 to itself in a MAG implied by this graph
    X2 o-o X6 : illegal -- genuine/acyclic -- Acyclicity violated: There is a directed cyclic path from X1 to itself in a MAG implied by this graph
  true DAG (all variables, latents included):
Graph Nodes:
X1;X2;X3;X4;(X5);X6

Graph Edges:
1. X1 --> X2
2. X1 --> X3
3. X2 --> X4
4. X3 --> X5
5. X4 --> X5
6. X4 --> X6
7. X5 --> X6


  true PAG G* (over observed):
Graph Nodes:
X1;X2;X3;X4;X6

Graph Edges:
1. X1 o-o X2
2. X1 o-o X3
3. X2 o-o X4
4. X3 --> X6
5. X4 --> X6


  H0 (G* + spurious, cold-reoriented):
Graph Nodes:
X1;X2;X3;X4;X6

Graph Edges:
1. X2 --> X1
2. X3 --> X1
3. X3 o-> X6
4. X4 --> X2
5. X4 o-> X6
6. X6 --> X1
7. X6 --> X2



==== NOSTALL DEADLOCK: gated genuine-legal H0, NO legal single-edge deletion ====
  dag mask        : 29763
  latent set      : [5]  (latent nodes: [X6])
  spurious edges  : [X1 o-o X5, X2 o-o X5]  (k=2)
  outcome of deleting each spurious edge from H0:
    X1 o-o X5 : illegal -- genuine/acyclic -- Acyclicity violated: There is a directed cyclic path from X1 to itself in a MAG implied by this graph
    X2 o-o X5 : illegal -- genuine/acyclic -- Acyclicity violated: There is a directed cyclic path from X1 to itself in a MAG implied by this graph
  true DAG (all variables, latents included):
Graph Nodes:
X1;X2;X3;X4;X5;(X6)

Graph Edges:
1. X1 --> X2
2. X1 --> X3
3. X2 --> X4
4. X3 --> X5
5. X4 --> X5
6. X4 --> X6
7. X5 --> X6


  true PAG G* (over observed):
Graph Nodes:
X1;X2;X3;X4;X5

Graph Edges:
1. X1 o-o X2
2. X1 o-o X3
3. X2 o-o X4
4. X3 --> X5
5. X4 --> X5


  H0 (G* + spurious, cold-reoriented):
Graph Nodes:
X1;X2;X3;X4;X5

Graph Edges:
1. X2 --> X1
2. X3 --> X1
3. X3 o-> X5
4. X4 --> X2
5. X4 o-> X5
6. X5 --> X1
7. X5 --> X2



==== NOSTALL DEADLOCK: gated genuine-legal H0, NO legal single-edge deletion ====
  dag mask        : 29779
  latent set      : [5]  (latent nodes: [X6])
  spurious edges  : [X1 o-o X5, X2 o-o X5]  (k=2)
  outcome of deleting each spurious edge from H0:
    X1 o-o X5 : illegal -- genuine/acyclic -- Acyclicity violated: There is a directed cyclic path from X1 to itself in a MAG implied by this graph
    X2 o-o X5 : illegal -- genuine/acyclic -- Acyclicity violated: There is a directed cyclic path from X1 to itself in a MAG implied by this graph
  true DAG (all variables, latents included):
Graph Nodes:
X1;X2;X3;X4;X5;(X6)

Graph Edges:
1. X1 --> X2
2. X1 --> X3
3. X1 --> X6
4. X2 --> X4
5. X3 --> X5
6. X4 --> X5
7. X4 --> X6
8. X5 --> X6


  true PAG G* (over observed):
Graph Nodes:
X1;X2;X3;X4;X5

Graph Edges:
1. X1 o-o X2
2. X1 o-o X3
3. X2 o-o X4
4. X3 --> X5
5. X4 --> X5


  H0 (G* + spurious, cold-reoriented):
Graph Nodes:
X1;X2;X3;X4;X5

Graph Edges:
1. X2 --> X1
2. X3 --> X1
3. X3 o-> X5
4. X4 --> X2
5. X4 o-> X5
6. X5 --> X1
7. X5 --> X2



==== NOSTALL DEADLOCK: gated genuine-legal H0, NO legal single-edge deletion ====
  dag mask        : 29989
  latent set      : [5]  (latent nodes: [X6])
  spurious edges  : [X1 o-o X5, X2 o-o X5]  (k=2)
  outcome of deleting each spurious edge from H0:
    X1 o-o X5 : illegal -- genuine/acyclic -- Acyclicity violated: There is a directed cyclic path from X1 to itself in a MAG implied by this graph
    X2 o-o X5 : illegal -- genuine/acyclic -- Acyclicity violated: There is a directed cyclic path from X1 to itself in a MAG implied by this graph
  true DAG (all variables, latents included):
Graph Nodes:
X1;X2;X3;X4;X5;(X6)

Graph Edges:
1. X1 --> X2
2. X1 --> X4
3. X2 --> X3
4. X2 --> X6
5. X3 --> X5
6. X4 --> X5
7. X4 --> X6
8. X5 --> X6


  true PAG G* (over observed):
Graph Nodes:
X1;X2;X3;X4;X5

Graph Edges:
1. X1 o-o X2
2. X1 o-o X4
3. X2 o-o X3
4. X3 --> X5
5. X4 --> X5


  H0 (G* + spurious, cold-reoriented):
Graph Nodes:
X1;X2;X3;X4;X5

Graph Edges:
1. X1 --> X2
2. X3 --> X2
3. X3 o-> X5
4. X4 --> X1
5. X4 o-> X5
6. X5 --> X1
7. X5 --> X2



==== NOSTALL DEADLOCK: gated genuine-legal H0, NO legal single-edge deletion ====
  dag mask        : 30005
  latent set      : [5]  (latent nodes: [X6])
  spurious edges  : [X1 o-o X5, X2 o-o X5]  (k=2)
  outcome of deleting each spurious edge from H0:
    X1 o-o X5 : illegal -- genuine/acyclic -- Acyclicity violated: There is a directed cyclic path from X1 to itself in a MAG implied by this graph
    X2 o-o X5 : illegal -- genuine/acyclic -- Acyclicity violated: There is a directed cyclic path from X1 to itself in a MAG implied by this graph
  true DAG (all variables, latents included):
Graph Nodes:
X1;X2;X3;X4;X5;(X6)

Graph Edges:
1. X1 --> X2
2. X1 --> X4
3. X1 --> X6
4. X2 --> X3
5. X2 --> X6
6. X3 --> X5
7. X4 --> X5
8. X4 --> X6
9. X5 --> X6


  true PAG G* (over observed):
Graph Nodes:
X1;X2;X3;X4;X5

Graph Edges:
1. X1 o-o X2
2. X1 o-o X4
3. X2 o-o X3
4. X3 --> X5
5. X4 --> X5


  H0 (G* + spurious, cold-reoriented):
Graph Nodes:
X1;X2;X3;X4;X5

Graph Edges:
1. X1 --> X2
2. X3 --> X2
3. X3 o-> X5
4. X4 --> X1
5. X4 o-> X5
6. X5 --> X1
7. X5 --> X2



==== NOSTALL DEADLOCK: gated genuine-legal H0, NO legal single-edge deletion ====
  dag mask        : 30019
  latent set      : [5]  (latent nodes: [X6])
  spurious edges  : [X1 o-o X5, X2 o-o X5]  (k=2)
  outcome of deleting each spurious edge from H0:
    X1 o-o X5 : illegal -- genuine/acyclic -- Acyclicity violated: There is a directed cyclic path from X1 to itself in a MAG implied by this graph
    X2 o-o X5 : illegal -- genuine/acyclic -- Acyclicity violated: There is a directed cyclic path from X1 to itself in a MAG implied by this graph
  true DAG (all variables, latents included):
Graph Nodes:
X1;X2;X3;X4;X5;(X6)

Graph Edges:
1. X1 --> X2
2. X1 --> X3
3. X2 --> X4
4. X2 --> X6
5. X3 --> X5
6. X4 --> X5
7. X4 --> X6
8. X5 --> X6


  true PAG G* (over observed):
Graph Nodes:
X1;X2;X3;X4;X5

Graph Edges:
1. X1 o-o X2
2. X1 o-o X3
3. X2 o-o X4
4. X3 --> X5
5. X4 --> X5


  H0 (G* + spurious, cold-reoriented):
Graph Nodes:
X1;X2;X3;X4;X5

Graph Edges:
1. X2 --> X1
2. X3 --> X1
3. X3 o-> X5
4. X4 --> X2
5. X4 o-> X5
6. X5 --> X1
7. X5 --> X2



==== NOSTALL DEADLOCK: gated genuine-legal H0, NO legal single-edge deletion ====
  dag mask        : 30035
  latent set      : [5]  (latent nodes: [X6])
  spurious edges  : [X1 o-o X5, X2 o-o X5]  (k=2)
  outcome of deleting each spurious edge from H0:
    X1 o-o X5 : illegal -- genuine/acyclic -- Acyclicity violated: There is a directed cyclic path from X1 to itself in a MAG implied by this graph
    X2 o-o X5 : illegal -- genuine/acyclic -- Acyclicity violated: There is a directed cyclic path from X1 to itself in a MAG implied by this graph
  true DAG (all variables, latents included):
Graph Nodes:
X1;X2;X3;X4;X5;(X6)

Graph Edges:
1. X1 --> X2
2. X1 --> X3
3. X1 --> X6
4. X2 --> X4
5. X2 --> X6
6. X3 --> X5
7. X4 --> X5
8. X4 --> X6
9. X5 --> X6


  true PAG G* (over observed):
Graph Nodes:
X1;X2;X3;X4;X5

Graph Edges:
1. X1 o-o X2
2. X1 o-o X3
3. X2 o-o X4
4. X3 --> X5
5. X4 --> X5


  H0 (G* + spurious, cold-reoriented):
Graph Nodes:
X1;X2;X3;X4;X5

Graph Edges:
1. X2 --> X1
2. X3 --> X1
3. X3 o-> X5
4. X4 --> X2
5. X4 o-> X5
6. X5 --> X1
7. X5 --> X2



==== NOSTALL DEADLOCK: gated genuine-legal H0, NO legal single-edge deletion ====
  dag mask        : 30757
  latent set      : [4]  (latent nodes: [X5])
  spurious edges  : [X1 o-o X6, X2 o-o X6]  (k=2)
  outcome of deleting each spurious edge from H0:
    X1 o-o X6 : illegal -- genuine/acyclic -- Acyclicity violated: There is a directed cyclic path from X1 to itself in a MAG implied by this graph
    X2 o-o X6 : illegal -- genuine/acyclic -- Acyclicity violated: There is a directed cyclic path from X1 to itself in a MAG implied by this graph
  true DAG (all variables, latents included):
Graph Nodes:
X1;X2;X3;X4;(X5);X6

Graph Edges:
1. X1 --> X2
2. X1 --> X4
3. X2 --> X3
4. X3 --> X6
5. X4 --> X5
6. X4 --> X6
7. X5 --> X6


  true PAG G* (over observed):
Graph Nodes:
X1;X2;X3;X4;X6

Graph Edges:
1. X1 o-o X2
2. X1 o-o X4
3. X2 o-o X3
4. X3 --> X6
5. X4 --> X6


  H0 (G* + spurious, cold-reoriented):
Graph Nodes:
X1;X2;X3;X4;X6

Graph Edges:
1. X1 --> X2
2. X3 --> X2
3. X3 o-> X6
4. X4 --> X1
5. X4 o-> X6
6. X6 --> X1
7. X6 --> X2



==== NOSTALL DEADLOCK: gated genuine-legal H0, NO legal single-edge deletion ====
  dag mask        : 30787
  latent set      : [4]  (latent nodes: [X5])
  spurious edges  : [X1 o-o X6, X2 o-o X6]  (k=2)
  outcome of deleting each spurious edge from H0:
    X1 o-o X6 : illegal -- genuine/acyclic -- Acyclicity violated: There is a directed cyclic path from X1 to itself in a MAG implied by this graph
    X2 o-o X6 : illegal -- genuine/acyclic -- Acyclicity violated: There is a directed cyclic path from X1 to itself in a MAG implied by this graph
  true DAG (all variables, latents included):
Graph Nodes:
X1;X2;X3;X4;(X5);X6

Graph Edges:
1. X1 --> X2
2. X1 --> X3
3. X2 --> X4
4. X3 --> X6
5. X4 --> X5
6. X4 --> X6
7. X5 --> X6


  true PAG G* (over observed):
Graph Nodes:
X1;X2;X3;X4;X6

Graph Edges:
1. X1 o-o X2
2. X1 o-o X3
3. X2 o-o X4
4. X3 --> X6
5. X4 --> X6


  H0 (G* + spurious, cold-reoriented):
Graph Nodes:
X1;X2;X3;X4;X6

Graph Edges:
1. X2 --> X1
2. X3 --> X1
3. X3 o-> X6
4. X4 --> X2
5. X4 o-> X6
6. X6 --> X1
7. X6 --> X2



==== NOSTALL DEADLOCK: gated genuine-legal H0, NO legal single-edge deletion ====
  dag mask        : 31266
  latent set      : [5]  (latent nodes: [X6])
  spurious edges  : [X1 o-o X5, X2 o-o X5]  (k=2)
  outcome of deleting each spurious edge from H0:
    X1 o-o X5 : illegal -- genuine/acyclic -- Acyclicity violated: There is a directed cyclic path from X2 to itself in a MAG implied by this graph
    X2 o-o X5 : illegal -- genuine/acyclic -- Acyclicity violated: There is a directed cyclic path from X1 to itself in a MAG implied by this graph
  true DAG (all variables, latents included):
Graph Nodes:
X1;X2;X3;X4;X5;(X6)

Graph Edges:
1. X1 --> X3
2. X2 --> X3
3. X3 --> X4
4. X3 --> X6
5. X4 --> X5
6. X4 --> X6
7. X5 --> X6


  true PAG G* (over observed):
Graph Nodes:
X1;X2;X3;X4;X5

Graph Edges:
1. X1 o-> X3
2. X2 o-> X3
3. X3 --> X4
4. X4 --> X5


  H0 (G* + spurious, cold-reoriented):
Graph Nodes:
X1;X2;X3;X4;X5

Graph Edges:
1. X1 o-> X3
2. X1 --> X5
3. X2 o-> X3
4. X2 --> X5
5. X3 --> X4
6. X4 --> X5



==== NOSTALL DEADLOCK: gated genuine-legal H0, NO legal single-edge deletion ====
  dag mask        : 31273
  latent set      : [5]  (latent nodes: [X6])
  spurious edges  : [X2 o-o X5, X3 o-o X5]  (k=2)
  outcome of deleting each spurious edge from H0:
    X2 o-o X5 : illegal -- genuine/acyclic -- Acyclicity violated: There is a directed cyclic path from X1 to itself in a MAG implied by this graph
    X3 o-o X5 : illegal -- genuine/acyclic -- Acyclicity violated: There is a directed cyclic path from X2 to itself in a MAG implied by this graph
  true DAG (all variables, latents included):
Graph Nodes:
X1;X2;X3;X4;X5;(X6)

Graph Edges:
1. X1 --> X2
2. X1 --> X5
3. X2 --> X3
4. X3 --> X4
5. X3 --> X6
6. X4 --> X5
7. X4 --> X6
8. X5 --> X6


  true PAG G* (over observed):
Graph Nodes:
X1;X2;X3;X4;X5

Graph Edges:
1. X1 o-o X2
2. X1 --> X5
3. X2 o-o X3
4. X3 o-o X4
5. X4 --> X5


  H0 (G* + spurious, cold-reoriented):
Graph Nodes:
X1;X2;X3;X4;X5

Graph Edges:
1. X1 --> X2
2. X1 o-> X5
3. X3 --> X2
4. X4 --> X3
5. X4 o-> X5
6. X5 --> X2
7. X5 --> X3



==== NOSTALL DEADLOCK: gated genuine-legal H0, NO legal single-edge deletion ====
  dag mask        : 31282
  latent set      : [5]  (latent nodes: [X6])
  spurious edges  : [X1 o-o X5, X2 o-o X5]  (k=2)
  outcome of deleting each spurious edge from H0:
    X1 o-o X5 : illegal -- genuine/acyclic -- Acyclicity violated: There is a directed cyclic path from X2 to itself in a MAG implied by this graph
    X2 o-o X5 : illegal -- genuine/acyclic -- Acyclicity violated: There is a directed cyclic path from X1 to itself in a MAG implied by this graph
  true DAG (all variables, latents included):
Graph Nodes:
X1;X2;X3;X4;X5;(X6)

Graph Edges:
1. X1 --> X3
2. X1 --> X6
3. X2 --> X3
4. X3 --> X4
5. X3 --> X6
6. X4 --> X5
7. X4 --> X6
8. X5 --> X6


  true PAG G* (over observed):
Graph Nodes:
X1;X2;X3;X4;X5

Graph Edges:
1. X1 o-> X3
2. X2 o-> X3
3. X3 --> X4
4. X4 --> X5


  H0 (G* + spurious, cold-reoriented):
Graph Nodes:
X1;X2;X3;X4;X5

Graph Edges:
1. X1 o-> X3
2. X1 --> X5
3. X2 o-> X3
4. X2 --> X5
5. X3 --> X4
6. X4 --> X5



==== NOSTALL DEADLOCK: gated genuine-legal H0, NO legal single-edge deletion ====
  dag mask        : 31289
  latent set      : [5]  (latent nodes: [X6])
  spurious edges  : [X2 o-o X5, X3 o-o X5]  (k=2)
  outcome of deleting each spurious edge from H0:
    X2 o-o X5 : illegal -- genuine/acyclic -- Acyclicity violated: There is a directed cyclic path from X1 to itself in a MAG implied by this graph
    X3 o-o X5 : illegal -- genuine/acyclic -- Acyclicity violated: There is a directed cyclic path from X2 to itself in a MAG implied by this graph
  true DAG (all variables, latents included):
Graph Nodes:
X1;X2;X3;X4;X5;(X6)

Graph Edges:
1. X1 --> X2
2. X1 --> X5
3. X1 --> X6
4. X2 --> X3
5. X3 --> X4
6. X3 --> X6
7. X4 --> X5
8. X4 --> X6
9. X5 --> X6


  true PAG G* (over observed):
Graph Nodes:
X1;X2;X3;X4;X5

Graph Edges:
1. X1 o-o X2
2. X1 --> X5
3. X2 o-o X3
4. X3 o-o X4
5. X4 --> X5


  H0 (G* + spurious, cold-reoriented):
Graph Nodes:
X1;X2;X3;X4;X5

Graph Edges:
1. X1 --> X2
2. X1 o-> X5
3. X3 --> X2
4. X4 --> X3
5. X4 o-> X5
6. X5 --> X2
7. X5 --> X3



==== NOSTALL DEADLOCK: gated genuine-legal H0, NO legal single-edge deletion ====
  dag mask        : 31363
  latent set      : [5]  (latent nodes: [X6])
  spurious edges  : [X1 o-o X5, X3 o-o X5]  (k=2)
  outcome of deleting each spurious edge from H0:
    X1 o-o X5 : illegal -- genuine/acyclic -- Acyclicity violated: There is a directed cyclic path from X1 to itself in a MAG implied by this graph
    X3 o-o X5 : illegal -- genuine/acyclic -- Acyclicity violated: There is a directed cyclic path from X1 to itself in a MAG implied by this graph
  true DAG (all variables, latents included):
Graph Nodes:
X1;X2;X3;X4;X5;(X6)

Graph Edges:
1. X1 --> X2
2. X1 --> X3
3. X2 --> X5
4. X3 --> X4
5. X3 --> X6
6. X4 --> X5
7. X4 --> X6
8. X5 --> X6


  true PAG G* (over observed):
Graph Nodes:
X1;X2;X3;X4;X5

Graph Edges:
1. X1 o-o X2
2. X1 o-o X3
3. X2 --> X5
4. X3 o-o X4
5. X4 --> X5


  H0 (G* + spurious, cold-reoriented):
Graph Nodes:
X1;X2;X3;X4;X5

Graph Edges:
1. X2 --> X1
2. X2 o-> X5
3. X3 --> X1
4. X4 --> X3
5. X4 o-> X5
6. X5 --> X1
7. X5 --> X3



==== NOSTALL DEADLOCK: gated genuine-legal H0, NO legal single-edge deletion ====
  dag mask        : 31379
  latent set      : [5]  (latent nodes: [X6])
  spurious edges  : [X1 o-o X5, X3 o-o X5]  (k=2)
  outcome of deleting each spurious edge from H0:
    X1 o-o X5 : illegal -- genuine/acyclic -- Acyclicity violated: There is a directed cyclic path from X1 to itself in a MAG implied by this graph
    X3 o-o X5 : illegal -- genuine/acyclic -- Acyclicity violated: There is a directed cyclic path from X1 to itself in a MAG implied by this graph
  true DAG (all variables, latents included):
Graph Nodes:
X1;X2;X3;X4;X5;(X6)

Graph Edges:
1. X1 --> X2
2. X1 --> X3
3. X1 --> X6
4. X2 --> X5
5. X3 --> X4
6. X3 --> X6
7. X4 --> X5
8. X4 --> X6
9. X5 --> X6


  true PAG G* (over observed):
Graph Nodes:
X1;X2;X3;X4;X5

Graph Edges:
1. X1 o-o X2
2. X1 o-o X3
3. X2 --> X5
4. X3 o-o X4
5. X4 --> X5


  H0 (G* + spurious, cold-reoriented):
Graph Nodes:
X1;X2;X3;X4;X5

Graph Edges:
1. X2 --> X1
2. X2 o-> X5
3. X3 --> X1
4. X4 --> X3
5. X4 o-> X5
6. X5 --> X1
7. X5 --> X3



==== NOSTALL DEADLOCK: gated genuine-legal H0, NO legal single-edge deletion ====
  dag mask        : 31522
  latent set      : [5]  (latent nodes: [X6])
  spurious edges  : [X1 o-o X5, X2 o-o X5]  (k=2)
  outcome of deleting each spurious edge from H0:
    X1 o-o X5 : illegal -- genuine/acyclic -- Acyclicity violated: There is a directed cyclic path from X2 to itself in a MAG implied by this graph
    X2 o-o X5 : illegal -- genuine/acyclic -- Acyclicity violated: There is a directed cyclic path from X1 to itself in a MAG implied by this graph
  true DAG (all variables, latents included):
Graph Nodes:
X1;X2;X3;X4;X5;(X6)

Graph Edges:
1. X1 --> X3
2. X2 --> X3
3. X2 --> X6
4. X3 --> X4
5. X3 --> X6
6. X4 --> X5
7. X4 --> X6
8. X5 --> X6


  true PAG G* (over observed):
Graph Nodes:
X1;X2;X3;X4;X5

Graph Edges:
1. X1 o-> X3
2. X2 o-> X3
3. X3 --> X4
4. X4 --> X5


  H0 (G* + spurious, cold-reoriented):
Graph Nodes:
X1;X2;X3;X4;X5

Graph Edges:
1. X1 o-> X3
2. X1 --> X5
3. X2 o-> X3
4. X2 --> X5
5. X3 --> X4
6. X4 --> X5



==== NOSTALL DEADLOCK: gated genuine-legal H0, NO legal single-edge deletion ====
  dag mask        : 31529
  latent set      : [5]  (latent nodes: [X6])
  spurious edges  : [X2 o-o X5, X3 o-o X5]  (k=2)
  outcome of deleting each spurious edge from H0:
    X2 o-o X5 : illegal -- genuine/acyclic -- Acyclicity violated: There is a directed cyclic path from X1 to itself in a MAG implied by this graph
    X3 o-o X5 : illegal -- genuine/acyclic -- Acyclicity violated: There is a directed cyclic path from X2 to itself in a MAG implied by this graph
  true DAG (all variables, latents included):
Graph Nodes:
X1;X2;X3;X4;X5;(X6)

Graph Edges:
1. X1 --> X2
2. X1 --> X5
3. X2 --> X3
4. X2 --> X6
5. X3 --> X4
6. X3 --> X6
7. X4 --> X5
8. X4 --> X6
9. X5 --> X6


  true PAG G* (over observed):
Graph Nodes:
X1;X2;X3;X4;X5

Graph Edges:
1. X1 o-o X2
2. X1 --> X5
3. X2 o-o X3
4. X3 o-o X4
5. X4 --> X5


  H0 (G* + spurious, cold-reoriented):
Graph Nodes:
X1;X2;X3;X4;X5

Graph Edges:
1. X1 --> X2
2. X1 o-> X5
3. X3 --> X2
4. X4 --> X3
5. X4 o-> X5
6. X5 --> X2
7. X5 --> X3



==== NOSTALL DEADLOCK: gated genuine-legal H0, NO legal single-edge deletion ====
  dag mask        : 31538
  latent set      : [5]  (latent nodes: [X6])
  spurious edges  : [X1 o-o X5, X2 o-o X5]  (k=2)
  outcome of deleting each spurious edge from H0:
    X1 o-o X5 : illegal -- genuine/acyclic -- Acyclicity violated: There is a directed cyclic path from X2 to itself in a MAG implied by this graph
    X2 o-o X5 : illegal -- genuine/acyclic -- Acyclicity violated: There is a directed cyclic path from X1 to itself in a MAG implied by this graph
  true DAG (all variables, latents included):
Graph Nodes:
X1;X2;X3;X4;X5;(X6)

Graph Edges:
1. X1 --> X3
2. X1 --> X6
3. X2 --> X3
4. X2 --> X6
5. X3 --> X4
6. X3 --> X6
7. X4 --> X5
8. X4 --> X6
9. X5 --> X6


  true PAG G* (over observed):
Graph Nodes:
X1;X2;X3;X4;X5

Graph Edges:
1. X1 o-> X3
2. X2 o-> X3
3. X3 --> X4
4. X4 --> X5


  H0 (G* + spurious, cold-reoriented):
Graph Nodes:
X1;X2;X3;X4;X5

Graph Edges:
1. X1 o-> X3
2. X1 --> X5
3. X2 o-> X3
4. X2 --> X5
5. X3 --> X4
6. X4 --> X5



==== NOSTALL DEADLOCK: gated genuine-legal H0, NO legal single-edge deletion ====
  dag mask        : 31545
  latent set      : [5]  (latent nodes: [X6])
  spurious edges  : [X2 o-o X5, X3 o-o X5]  (k=2)
  outcome of deleting each spurious edge from H0:
    X2 o-o X5 : illegal -- genuine/acyclic -- Acyclicity violated: There is a directed cyclic path from X1 to itself in a MAG implied by this graph
    X3 o-o X5 : illegal -- genuine/acyclic -- Acyclicity violated: There is a directed cyclic path from X2 to itself in a MAG implied by this graph
  true DAG (all variables, latents included):
Graph Nodes:
X1;X2;X3;X4;X5;(X6)

Graph Edges:
1. X1 --> X2
2. X1 --> X5
3. X1 --> X6
4. X2 --> X3
5. X2 --> X6
6. X3 --> X4
7. X3 --> X6
8. X4 --> X5
9. X4 --> X6
10. X5 --> X6


  true PAG G* (over observed):
Graph Nodes:
X1;X2;X3;X4;X5

Graph Edges:
1. X1 o-o X2
2. X1 --> X5
3. X2 o-o X3
4. X3 o-o X4
5. X4 --> X5


  H0 (G* + spurious, cold-reoriented):
Graph Nodes:
X1;X2;X3;X4;X5

Graph Edges:
1. X1 --> X2
2. X1 o-> X5
3. X3 --> X2
4. X4 --> X3
5. X4 o-> X5
6. X5 --> X2
7. X5 --> X3



==== NOSTALL DEADLOCK: gated genuine-legal H0, NO legal single-edge deletion ====
  dag mask        : 31619
  latent set      : [5]  (latent nodes: [X6])
  spurious edges  : [X1 o-o X5, X3 o-o X5]  (k=2)
  outcome of deleting each spurious edge from H0:
    X1 o-o X5 : illegal -- genuine/acyclic -- Acyclicity violated: There is a directed cyclic path from X1 to itself in a MAG implied by this graph
    X3 o-o X5 : illegal -- genuine/acyclic -- Acyclicity violated: There is a directed cyclic path from X1 to itself in a MAG implied by this graph
  true DAG (all variables, latents included):
Graph Nodes:
X1;X2;X3;X4;X5;(X6)

Graph Edges:
1. X1 --> X2
2. X1 --> X3
3. X2 --> X5
4. X2 --> X6
5. X3 --> X4
6. X3 --> X6
7. X4 --> X5
8. X4 --> X6
9. X5 --> X6


  true PAG G* (over observed):
Graph Nodes:
X1;X2;X3;X4;X5

Graph Edges:
1. X1 o-o X2
2. X1 o-o X3
3. X2 --> X5
4. X3 o-o X4
5. X4 --> X5


  H0 (G* + spurious, cold-reoriented):
Graph Nodes:
X1;X2;X3;X4;X5

Graph Edges:
1. X2 --> X1
2. X2 o-> X5
3. X3 --> X1
4. X4 --> X3
5. X4 o-> X5
6. X5 --> X1
7. X5 --> X3



==== NOSTALL DEADLOCK: gated genuine-legal H0, NO legal single-edge deletion ====
  dag mask        : 31635
  latent set      : [5]  (latent nodes: [X6])
  spurious edges  : [X1 o-o X5, X3 o-o X5]  (k=2)
  outcome of deleting each spurious edge from H0:
    X1 o-o X5 : illegal -- genuine/acyclic -- Acyclicity violated: There is a directed cyclic path from X1 to itself in a MAG implied by this graph
    X3 o-o X5 : illegal -- genuine/acyclic -- Acyclicity violated: There is a directed cyclic path from X1 to itself in a MAG implied by this graph
  true DAG (all variables, latents included):
Graph Nodes:
X1;X2;X3;X4;X5;(X6)

Graph Edges:
1. X1 --> X2
2. X1 --> X3
3. X1 --> X6
4. X2 --> X5
5. X2 --> X6
6. X3 --> X4
7. X3 --> X6
8. X4 --> X5
9. X4 --> X6
10. X5 --> X6


  true PAG G* (over observed):
Graph Nodes:
X1;X2;X3;X4;X5

Graph Edges:
1. X1 o-o X2
2. X1 o-o X3
3. X2 --> X5
4. X3 o-o X4
5. X4 --> X5


  H0 (G* + spurious, cold-reoriented):
Graph Nodes:
X1;X2;X3;X4;X5

Graph Edges:
1. X2 --> X1
2. X2 o-> X5
3. X3 --> X1
4. X4 --> X3
5. X4 o-> X5
6. X5 --> X1
7. X5 --> X3



==== NOSTALL DEADLOCK: gated genuine-legal H0, NO legal single-edge deletion ====
  dag mask        : 31781
  latent set      : [4]  (latent nodes: [X5])
  spurious edges  : [X1 o-o X6, X2 o-o X6]  (k=2)
  outcome of deleting each spurious edge from H0:
    X1 o-o X6 : illegal -- genuine/acyclic -- Acyclicity violated: There is a directed cyclic path from X1 to itself in a MAG implied by this graph
    X2 o-o X6 : illegal -- genuine/acyclic -- Acyclicity violated: There is a directed cyclic path from X1 to itself in a MAG implied by this graph
  true DAG (all variables, latents included):
Graph Nodes:
X1;X2;X3;X4;(X5);X6

Graph Edges:
1. X1 --> X2
2. X1 --> X4
3. X2 --> X3
4. X3 --> X5
5. X3 --> X6
6. X4 --> X5
7. X4 --> X6
8. X5 --> X6


  true PAG G* (over observed):
Graph Nodes:
X1;X2;X3;X4;X6

Graph Edges:
1. X1 o-o X2
2. X1 o-o X4
3. X2 o-o X3
4. X3 --> X6
5. X4 --> X6


  H0 (G* + spurious, cold-reoriented):
Graph Nodes:
X1;X2;X3;X4;X6

Graph Edges:
1. X1 --> X2
2. X3 --> X2
3. X3 o-> X6
4. X4 --> X1
5. X4 o-> X6
6. X6 --> X1
7. X6 --> X2



==== NOSTALL DEADLOCK: gated genuine-legal H0, NO legal single-edge deletion ====
  dag mask        : 31781
  latent set      : [5]  (latent nodes: [X6])
  spurious edges  : [X1 o-o X5, X2 o-o X5]  (k=2)
  outcome of deleting each spurious edge from H0:
    X1 o-o X5 : illegal -- genuine/acyclic -- Acyclicity violated: There is a directed cyclic path from X1 to itself in a MAG implied by this graph
    X2 o-o X5 : illegal -- genuine/acyclic -- Acyclicity violated: There is a directed cyclic path from X1 to itself in a MAG implied by this graph
  true DAG (all variables, latents included):
Graph Nodes:
X1;X2;X3;X4;X5;(X6)

Graph Edges:
1. X1 --> X2
2. X1 --> X4
3. X2 --> X3
4. X3 --> X5
5. X3 --> X6
6. X4 --> X5
7. X4 --> X6
8. X5 --> X6


  true PAG G* (over observed):
Graph Nodes:
X1;X2;X3;X4;X5

Graph Edges:
1. X1 o-o X2
2. X1 o-o X4
3. X2 o-o X3
4. X3 --> X5
5. X4 --> X5


  H0 (G* + spurious, cold-reoriented):
Graph Nodes:
X1;X2;X3;X4;X5

Graph Edges:
1. X1 --> X2
2. X3 --> X2
3. X3 o-> X5
4. X4 --> X1
5. X4 o-> X5
6. X5 --> X1
7. X5 --> X2



==== NOSTALL DEADLOCK: gated genuine-legal H0, NO legal single-edge deletion ====
  dag mask        : 31797
  latent set      : [5]  (latent nodes: [X6])
  spurious edges  : [X1 o-o X5, X2 o-o X5]  (k=2)
  outcome of deleting each spurious edge from H0:
    X1 o-o X5 : illegal -- genuine/acyclic -- Acyclicity violated: There is a directed cyclic path from X1 to itself in a MAG implied by this graph
    X2 o-o X5 : illegal -- genuine/acyclic -- Acyclicity violated: There is a directed cyclic path from X1 to itself in a MAG implied by this graph
  true DAG (all variables, latents included):
Graph Nodes:
X1;X2;X3;X4;X5;(X6)

Graph Edges:
1. X1 --> X2
2. X1 --> X4
3. X1 --> X6
4. X2 --> X3
5. X3 --> X5
6. X3 --> X6
7. X4 --> X5
8. X4 --> X6
9. X5 --> X6


  true PAG G* (over observed):
Graph Nodes:
X1;X2;X3;X4;X5

Graph Edges:
1. X1 o-o X2
2. X1 o-o X4
3. X2 o-o X3
4. X3 --> X5
5. X4 --> X5


  H0 (G* + spurious, cold-reoriented):
Graph Nodes:
X1;X2;X3;X4;X5

Graph Edges:
1. X1 --> X2
2. X3 --> X2
3. X3 o-> X5
4. X4 --> X1
5. X4 o-> X5
6. X5 --> X1
7. X5 --> X2



==== NOSTALL DEADLOCK: gated genuine-legal H0, NO legal single-edge deletion ====
  dag mask        : 31811
  latent set      : [4]  (latent nodes: [X5])
  spurious edges  : [X1 o-o X6, X2 o-o X6]  (k=2)
  outcome of deleting each spurious edge from H0:
    X1 o-o X6 : illegal -- genuine/acyclic -- Acyclicity violated: There is a directed cyclic path from X1 to itself in a MAG implied by this graph
    X2 o-o X6 : illegal -- genuine/acyclic -- Acyclicity violated: There is a directed cyclic path from X1 to itself in a MAG implied by this graph
  true DAG (all variables, latents included):
Graph Nodes:
X1;X2;X3;X4;(X5);X6

Graph Edges:
1. X1 --> X2
2. X1 --> X3
3. X2 --> X4
4. X3 --> X5
5. X3 --> X6
6. X4 --> X5
7. X4 --> X6
8. X5 --> X6


  true PAG G* (over observed):
Graph Nodes:
X1;X2;X3;X4;X6

Graph Edges:
1. X1 o-o X2
2. X1 o-o X3
3. X2 o-o X4
4. X3 --> X6
5. X4 --> X6


  H0 (G* + spurious, cold-reoriented):
Graph Nodes:
X1;X2;X3;X4;X6

Graph Edges:
1. X2 --> X1
2. X3 --> X1
3. X3 o-> X6
4. X4 --> X2
5. X4 o-> X6
6. X6 --> X1
7. X6 --> X2



==== NOSTALL DEADLOCK: gated genuine-legal H0, NO legal single-edge deletion ====
  dag mask        : 31811
  latent set      : [5]  (latent nodes: [X6])
  spurious edges  : [X1 o-o X5, X2 o-o X5]  (k=2)
  outcome of deleting each spurious edge from H0:
    X1 o-o X5 : illegal -- genuine/acyclic -- Acyclicity violated: There is a directed cyclic path from X1 to itself in a MAG implied by this graph
    X2 o-o X5 : illegal -- genuine/acyclic -- Acyclicity violated: There is a directed cyclic path from X1 to itself in a MAG implied by this graph
  true DAG (all variables, latents included):
Graph Nodes:
X1;X2;X3;X4;X5;(X6)

Graph Edges:
1. X1 --> X2
2. X1 --> X3
3. X2 --> X4
4. X3 --> X5
5. X3 --> X6
6. X4 --> X5
7. X4 --> X6
8. X5 --> X6


  true PAG G* (over observed):
Graph Nodes:
X1;X2;X3;X4;X5

Graph Edges:
1. X1 o-o X2
2. X1 o-o X3
3. X2 o-o X4
4. X3 --> X5
5. X4 --> X5


  H0 (G* + spurious, cold-reoriented):
Graph Nodes:
X1;X2;X3;X4;X5

Graph Edges:
1. X2 --> X1
2. X3 --> X1
3. X3 o-> X5
4. X4 --> X2
5. X4 o-> X5
6. X5 --> X1
7. X5 --> X2



==== NOSTALL DEADLOCK: gated genuine-legal H0, NO legal single-edge deletion ====
  dag mask        : 31827
  latent set      : [5]  (latent nodes: [X6])
  spurious edges  : [X1 o-o X5, X2 o-o X5]  (k=2)
  outcome of deleting each spurious edge from H0:
    X1 o-o X5 : illegal -- genuine/acyclic -- Acyclicity violated: There is a directed cyclic path from X1 to itself in a MAG implied by this graph
    X2 o-o X5 : illegal -- genuine/acyclic -- Acyclicity violated: There is a directed cyclic path from X1 to itself in a MAG implied by this graph
  true DAG (all variables, latents included):
Graph Nodes:
X1;X2;X3;X4;X5;(X6)

Graph Edges:
1. X1 --> X2
2. X1 --> X3
3. X1 --> X6
4. X2 --> X4
5. X3 --> X5
6. X3 --> X6
7. X4 --> X5
8. X4 --> X6
9. X5 --> X6


  true PAG G* (over observed):
Graph Nodes:
X1;X2;X3;X4;X5

Graph Edges:
1. X1 o-o X2
2. X1 o-o X3
3. X2 o-o X4
4. X3 --> X5
5. X4 --> X5


  H0 (G* + spurious, cold-reoriented):
Graph Nodes:
X1;X2;X3;X4;X5

Graph Edges:
1. X2 --> X1
2. X3 --> X1
3. X3 o-> X5
4. X4 --> X2
5. X4 o-> X5
6. X5 --> X1
7. X5 --> X2



==== NOSTALL DEADLOCK: gated genuine-legal H0, NO legal single-edge deletion ====
  dag mask        : 32037
  latent set      : [5]  (latent nodes: [X6])
  spurious edges  : [X1 o-o X5, X2 o-o X5]  (k=2)
  outcome of deleting each spurious edge from H0:
    X1 o-o X5 : illegal -- genuine/acyclic -- Acyclicity violated: There is a directed cyclic path from X1 to itself in a MAG implied by this graph
    X2 o-o X5 : illegal -- genuine/acyclic -- Acyclicity violated: There is a directed cyclic path from X1 to itself in a MAG implied by this graph
  true DAG (all variables, latents included):
Graph Nodes:
X1;X2;X3;X4;X5;(X6)

Graph Edges:
1. X1 --> X2
2. X1 --> X4
3. X2 --> X3
4. X2 --> X6
5. X3 --> X5
6. X3 --> X6
7. X4 --> X5
8. X4 --> X6
9. X5 --> X6


  true PAG G* (over observed):
Graph Nodes:
X1;X2;X3;X4;X5

Graph Edges:
1. X1 o-o X2
2. X1 o-o X4
3. X2 o-o X3
4. X3 --> X5
5. X4 --> X5


  H0 (G* + spurious, cold-reoriented):
Graph Nodes:
X1;X2;X3;X4;X5

Graph Edges:
1. X1 --> X2
2. X3 --> X2
3. X3 o-> X5
4. X4 --> X1
5. X4 o-> X5
6. X5 --> X1
7. X5 --> X2



==== NOSTALL DEADLOCK: gated genuine-legal H0, NO legal single-edge deletion ====
  dag mask        : 32053
  latent set      : [5]  (latent nodes: [X6])
  spurious edges  : [X1 o-o X5, X2 o-o X5]  (k=2)
  outcome of deleting each spurious edge from H0:
    X1 o-o X5 : illegal -- genuine/acyclic -- Acyclicity violated: There is a directed cyclic path from X1 to itself in a MAG implied by this graph
    X2 o-o X5 : illegal -- genuine/acyclic -- Acyclicity violated: There is a directed cyclic path from X1 to itself in a MAG implied by this graph
  true DAG (all variables, latents included):
Graph Nodes:
X1;X2;X3;X4;X5;(X6)

Graph Edges:
1. X1 --> X2
2. X1 --> X4
3. X1 --> X6
4. X2 --> X3
5. X2 --> X6
6. X3 --> X5
7. X3 --> X6
8. X4 --> X5
9. X4 --> X6
10. X5 --> X6


  true PAG G* (over observed):
Graph Nodes:
X1;X2;X3;X4;X5

Graph Edges:
1. X1 o-o X2
2. X1 o-o X4
3. X2 o-o X3
4. X3 --> X5
5. X4 --> X5


  H0 (G* + spurious, cold-reoriented):
Graph Nodes:
X1;X2;X3;X4;X5

Graph Edges:
1. X1 --> X2
2. X3 --> X2
3. X3 o-> X5
4. X4 --> X1
5. X4 o-> X5
6. X5 --> X1
7. X5 --> X2



==== NOSTALL DEADLOCK: gated genuine-legal H0, NO legal single-edge deletion ====
  dag mask        : 32067
  latent set      : [5]  (latent nodes: [X6])
  spurious edges  : [X1 o-o X5, X2 o-o X5]  (k=2)
  outcome of deleting each spurious edge from H0:
    X1 o-o X5 : illegal -- genuine/acyclic -- Acyclicity violated: There is a directed cyclic path from X1 to itself in a MAG implied by this graph
    X2 o-o X5 : illegal -- genuine/acyclic -- Acyclicity violated: There is a directed cyclic path from X1 to itself in a MAG implied by this graph
  true DAG (all variables, latents included):
Graph Nodes:
X1;X2;X3;X4;X5;(X6)

Graph Edges:
1. X1 --> X2
2. X1 --> X3
3. X2 --> X4
4. X2 --> X6
5. X3 --> X5
6. X3 --> X6
7. X4 --> X5
8. X4 --> X6
9. X5 --> X6


  true PAG G* (over observed):
Graph Nodes:
X1;X2;X3;X4;X5

Graph Edges:
1. X1 o-o X2
2. X1 o-o X3
3. X2 o-o X4
4. X3 --> X5
5. X4 --> X5


  H0 (G* + spurious, cold-reoriented):
Graph Nodes:
X1;X2;X3;X4;X5

Graph Edges:
1. X2 --> X1
2. X3 --> X1
3. X3 o-> X5
4. X4 --> X2
5. X4 o-> X5
6. X5 --> X1
7. X5 --> X2



==== NOSTALL DEADLOCK: gated genuine-legal H0, NO legal single-edge deletion ====
  dag mask        : 32083
  latent set      : [5]  (latent nodes: [X6])
  spurious edges  : [X1 o-o X5, X2 o-o X5]  (k=2)
  outcome of deleting each spurious edge from H0:
    X1 o-o X5 : illegal -- genuine/acyclic -- Acyclicity violated: There is a directed cyclic path from X1 to itself in a MAG implied by this graph
    X2 o-o X5 : illegal -- genuine/acyclic -- Acyclicity violated: There is a directed cyclic path from X1 to itself in a MAG implied by this graph
  true DAG (all variables, latents included):
Graph Nodes:
X1;X2;X3;X4;X5;(X6)

Graph Edges:
1. X1 --> X2
2. X1 --> X3
3. X1 --> X6
4. X2 --> X4
5. X2 --> X6
6. X3 --> X5
7. X3 --> X6
8. X4 --> X5
9. X4 --> X6
10. X5 --> X6


  true PAG G* (over observed):
Graph Nodes:
X1;X2;X3;X4;X5

Graph Edges:
1. X1 o-o X2
2. X1 o-o X3
3. X2 o-o X4
4. X3 --> X5
5. X4 --> X5


  H0 (G* + spurious, cold-reoriented):
Graph Nodes:
X1;X2;X3;X4;X5

Graph Edges:
1. X2 --> X1
2. X3 --> X1
3. X3 o-> X5
4. X4 --> X2
5. X4 o-> X5
6. X5 --> X1
7. X5 --> X2



